card_id,customer_id,card1,card2,card3,network,card5,card_type
C06075-K1,C06075,22563,399.0,150.0,american express,236.0,credit
C07096-K2,C07096,16104,111.0,150.0,mastercard,224.0,debit
C11919-K2,C11919,22374,500.0,185.0,mastercard,219.0,credit
C07867-K2,C07867,22006,225.0,150.0,mastercard,224.0,debit
C06743-K1,C06743,11109,225.0,150.0,mastercard,224.0,debit
C10193-K2,C10193,23517,414.0,143.0,visa,226.0,debit
C11923-K2,C11923,21363,545.0,185.0,visa,138.0,debit
C08925-K1,C08925,19410,314.0,150.0,mastercard,224.0,debit
C09301-K2,C09301,18358,481.0,150.0,mastercard,224.0,debit
C03218-K2,C03218,16435,321.0,150.0,visa,226.0,debit
C08945-K2,C08945,20806,321.0,150.0,visa,226.0,debit
C06598-K1,C06598,14147,545.0,185.0,visa,147.0,credit
C08662-K1,C08662,13199,512.0,150.0,visa,226.0,debit
C11709-K2,C11709,17830,567.0,150.0,mastercard,117.0,debit
C07648-K2,C07648,17784,361.0,150.0,visa,226.0,debit
C03575-K2,C03575,15916,361.0,150.0,visa,226.0,debit
C03847-K1,C03847,14534,390.0,150.0,mastercard,224.0,debit
C10234-K2,C10234,15908,111.0,150.0,visa,195.0,debit
C09711-K1,C09711,12010,383.0,150.0,visa,226.0,debit
C09339-K1,C09339,18454,321.0,150.0,visa,166.0,debit
C03622-K1,C03622,14796,302.0,150.0,visa,195.0,credit
C05704-K2,C05704,13610,170.0,150.0,visa,226.0,credit
C09947-K1,C09947,15469,514.0,150.0,mastercard,224.0,debit
C05283-K1,C05283,10660,276.0,150.0,visa,226.0,debit
C12942-K2,C12942,17736,264.0,150.0,visa,162.0,credit
C01109-K2,C01109,23029,111.0,150.0,visa,226.0,debit
C09363-K2,C09363,18494,111.0,150.0,visa,226.0,debit
C01525-K2,C01525,22351,440.0,185.0,visa,138.0,debit
C01909-K2,C01909,11371,512.0,150.0,visa,226.0,debit
C10906-K1,C10906,22432,553.0,150.0,visa,226.0,debit
C12593-K2,C12593,16493,111.0,150.0,visa,195.0,debit
C12961-K2,C12961,16482,321.0,150.0,visa,226.0,credit
C03363-K2,C03363,15663,455.0,150.0,mastercard,126.0,debit
C02354-K2,C02354,19248,490.0,150.0,visa,226.0,debit
C10745-K1,C10745,11841,298.0,150.0,visa,226.0,debit
C04108-K2,C04108,17011,514.0,150.0,mastercard,219.0,credit
C07870-K2,C07870,14350,572.0,150.0,mastercard,224.0,debit
C10333-K1,C10333,19600,111.0,150.0,mastercard,224.0,debit
C13171-K2,C13171,10114,545.0,185.0,visa,102.0,credit
C02231-K1,C02231,14089,327.0,150.0,discover,223.0,credit
C05362-K1,C05362,22755,111.0,150.0,mastercard,219.0,credit
C04960-K1,C04960,13611,388.0,150.0,visa,226.0,debit
C11000-K2,C11000,16535,514.0,150.0,mastercard,102.0,credit
C10679-K1,C10679,12570,263.0,150.0,visa,226.0,debit
C01953-K2,C01953,15887,479.0,150.0,visa,226.0,debit
C09221-K2,C09221,14718,318.0,150.0,visa,166.0,debit
C12758-K1,C12758,11453,555.0,150.0,visa,226.0,credit
C08924-K2,C08924,19392,304.0,146.0,visa,226.0,credit
C11625-K3,C11625,13191,215.0,150.0,mastercard,166.0,debit
C04105-K2,C04105,10533,174.0,150.0,visa,226.0,debit
C00750-K2,C00750,16300,327.0,150.0,discover,102.0,credit
C09486-K1,C09486,10517,150.0,150.0,visa,226.0,debit
C04597-K2,C04597,22904,375.0,185.0,mastercard,224.0,debit
C12517-K2,C12517,21703,490.0,150.0,visa,226.0,debit
C05854-K1,C05854,12833,600.0,150.0,visa,226.0,debit
C03230-K1,C03230,19707,225.0,150.0,mastercard,117.0,debit
C12136-K2,C12136,22941,321.0,150.0,visa,226.0,credit
C06872-K2,C06872,20698,555.0,147.0,mastercard,126.0,debit
C06248-K1,C06248,22862,310.0,150.0,mastercard,224.0,debit
C12094-K2,C12094,13556,215.0,150.0,visa,226.0,debit
C05312-K2,C05312,17519,,150.0,visa,166.0,debit
C08742-K1,C08742,15600,432.0,150.0,visa,226.0,debit
C09276-K1,C09276,18632,555.0,150.0,visa,226.0,debit
C12234-K2,C12234,12525,270.0,150.0,visa,166.0,debit
C08842-K2,C08842,10709,490.0,150.0,visa,226.0,debit
C07505-K1,C07505,13515,492.0,150.0,visa,226.0,debit
C13001-K1,C13001,21040,490.0,150.0,visa,226.0,debit
C08037-K1,C08037,11757,191.0,150.0,visa,226.0,debit
C09936-K1,C09936,17912,555.0,150.0,visa,226.0,debit
C00259-K1,C00259,15620,545.0,185.0,visa,226.0,credit
C12863-K1,C12863,14674,543.0,150.0,mastercard,224.0,debit
C08841-K1,C08841,17283,393.0,150.0,mastercard,117.0,debit
C02515-K2,C02515,23330,599.0,150.0,visa,166.0,debit
C08605-K1,C08605,12520,369.0,150.0,mastercard,224.0,debit
C09998-K1,C09998,14251,429.0,150.0,visa,226.0,debit
C05560-K2,C05560,12382,583.0,150.0,visa,195.0,credit
C01828-K2,C01828,22413,268.0,150.0,visa,166.0,debit
C09872-K1,C09872,22474,481.0,150.0,visa,226.0,credit
C09253-K1,C09253,23354,310.0,150.0,mastercard,224.0,debit
C08391-K2,C08391,13027,375.0,185.0,mastercard,224.0,debit
C01048-K2,C01048,20446,555.0,150.0,visa,166.0,debit
C03047-K2,C03047,23232,174.0,150.0,visa,226.0,debit
C00272-K1,C00272,18799,555.0,150.0,visa,226.0,debit
C06791-K1,C06791,20646,,150.0,visa,166.0,debit
C10656-K1,C10656,20080,555.0,150.0,mastercard,117.0,debit
C09405-K1,C09405,14447,111.0,150.0,mastercard,219.0,credit
C05622-K2,C05622,18228,571.0,150.0,visa,226.0,debit
C03277-K1,C03277,16376,181.0,150.0,visa,141.0,credit
C11464-K2,C11464,15326,111.0,150.0,visa,226.0,debit
C07212-K2,C07212,15876,514.0,150.0,visa,226.0,credit
C02250-K2,C02250,20397,514.0,150.0,mastercard,224.0,credit
C05689-K2,C05689,21174,269.0,150.0,mastercard,224.0,debit
C01154-K1,C01154,18031,529.0,150.0,visa,162.0,credit
C02331-K1,C02331,21097,433.0,150.0,visa,226.0,credit
C10755-K1,C10755,14761,170.0,150.0,visa,195.0,credit
C05078-K1,C05078,16144,417.0,150.0,visa,226.0,debit
C11227-K2,C11227,22902,100.0,150.0,visa,226.0,credit
C02342-K1,C02342,13321,453.0,150.0,visa,226.0,debit
C12907-K1,C12907,20787,194.0,150.0,mastercard,166.0,debit
C05996-K2,C05996,18478,266.0,185.0,mastercard,224.0,debit
C08027-K2,C08027,12346,452.0,150.0,mastercard,117.0,debit
C06055-K1,C06055,17443,420.0,150.0,mastercard,117.0,debit
C12682-K1,C12682,11561,561.0,150.0,mastercard,224.0,credit
C10270-K1,C10270,12537,555.0,150.0,visa,166.0,debit
C12598-K2,C12598,23089,111.0,150.0,visa,226.0,debit
C12982-K1,C12982,13095,490.0,150.0,visa,,credit
C06147-K2,C06147,11520,476.0,150.0,visa,166.0,debit
C13440-K2,C13440,22914,194.0,150.0,mastercard,202.0,debit
C03351-K2,C03351,12971,481.0,150.0,mastercard,102.0,credit
C12722-K1,C12722,15052,361.0,150.0,visa,226.0,credit
C04361-K2,C04361,20009,490.0,150.0,visa,195.0,debit
C00614-K2,C00614,18618,297.0,150.0,visa,166.0,debit
C10867-K2,C10867,22461,558.0,150.0,visa,226.0,debit
C10852-K1,C10852,22583,562.0,150.0,mastercard,102.0,credit
C06885-K1,C06885,20892,514.0,150.0,mastercard,224.0,debit
C06811-K1,C06811,14469,392.0,150.0,mastercard,117.0,debit
C09671-K1,C09671,12303,161.0,150.0,mastercard,219.0,credit
C07033-K1,C07033,10099,490.0,150.0,visa,226.0,debit
C03771-K1,C03771,16862,,150.0,visa,226.0,debit
C09165-K2,C09165,23024,111.0,150.0,mastercard,219.0,credit
C12084-K2,C12084,11753,203.0,150.0,visa,166.0,debit
C03851-K2,C03851,15928,111.0,150.0,mastercard,166.0,debit
C01333-K2,C01333,14332,512.0,150.0,visa,226.0,debit
C01521-K2,C01521,15986,296.0,185.0,visa,137.0,credit
C09750-K1,C09750,12884,136.0,150.0,mastercard,224.0,debit
C00844-K1,C00844,16199,481.0,150.0,visa,226.0,credit
C07220-K1,C07220,22782,142.0,185.0,visa,226.0,credit
C01563-K1,C01563,10553,555.0,150.0,visa,162.0,credit
C01954-K1,C01954,22709,527.0,150.0,mastercard,117.0,debit
C13449-K1,C13449,16362,455.0,150.0,mastercard,166.0,debit
C10955-K2,C10955,13688,404.0,150.0,mastercard,102.0,credit
C10516-K1,C10516,17805,471.0,150.0,mastercard,224.0,debit
C04582-K1,C04582,17185,555.0,150.0,visa,226.0,debit
C02134-K2,C02134,13600,152.0,150.0,visa,226.0,debit
C00331-K1,C00331,22984,476.0,150.0,visa,166.0,debit
C02608-K1,C02608,15835,111.0,150.0,visa,226.0,debit
C06403-K2,C06403,16488,170.0,150.0,visa,226.0,debit
C05196-K1,C05196,17968,555.0,150.0,visa,226.0,debit
C00969-K2,C00969,23224,246.0,150.0,visa,226.0,debit
C00732-K1,C00732,20540,343.0,150.0,visa,166.0,debit
C00094-K3,C00094,16429,445.0,150.0,mastercard,224.0,debit
C02902-K2,C02902,18167,490.0,150.0,visa,226.0,debit
C03412-K1,C03412,20714,562.0,150.0,visa,162.0,credit
C10239-K1,C10239,19725,144.0,150.0,mastercard,195.0,debit
C07058-K1,C07058,22289,555.0,150.0,visa,226.0,debit
C11883-K1,C11883,14243,399.0,150.0,american express,185.0,credit
C03474-K1,C03474,16511,174.0,150.0,visa,162.0,credit
C06403-K3,C06403,16488,476.0,150.0,visa,226.0,debit
C03649-K1,C03649,16212,353.0,150.0,mastercard,117.0,debit
C05958-K1,C05958,19195,562.0,150.0,mastercard,149.0,credit
C07803-K1,C07803,20506,512.0,150.0,mastercard,117.0,debit
C12124-K2,C12124,11638,321.0,150.0,visa,226.0,debit
C07523-K1,C07523,19549,550.0,150.0,visa,226.0,debit
C09184-K1,C09184,21598,225.0,150.0,mastercard,224.0,debit
C05128-K1,C05128,21222,111.0,150.0,visa,226.0,debit
C04034-K2,C04034,20270,177.0,185.0,mastercard,137.0,credit
C03556-K1,C03556,22121,,150.0,visa,166.0,debit
C08120-K1,C08120,14465,302.0,150.0,visa,226.0,debit
C05961-K1,C05961,16389,365.0,150.0,visa,226.0,debit
C05098-K1,C05098,12553,543.0,150.0,mastercard,224.0,debit
C10778-K1,C10778,17715,111.0,150.0,mastercard,224.0,credit
C05276-K2,C05276,12852,290.0,150.0,visa,226.0,debit
C11309-K1,C11309,21775,583.0,150.0,visa,226.0,credit
C05277-K1,C05277,17205,543.0,150.0,mastercard,224.0,debit
C10397-K1,C10397,11743,132.0,150.0,visa,226.0,debit
C04313-K1,C04313,12600,474.0,150.0,visa,226.0,credit
C11873-K2,C11873,13594,514.0,150.0,mastercard,224.0,debit
C10553-K1,C10553,12425,490.0,150.0,visa,195.0,debit
C05010-K1,C05010,10383,584.0,150.0,mastercard,102.0,credit
C11929-K2,C11929,18650,442.0,150.0,visa,226.0,debit
C08749-K1,C08749,10852,555.0,150.0,visa,226.0,debit
C06678-K1,C06678,12711,182.0,150.0,visa,226.0,debit
C13372-K1,C13372,17525,459.0,185.0,mastercard,224.0,credit
C09827-K2,C09827,15051,372.0,150.0,mastercard,117.0,debit
C05258-K2,C05258,10381,543.0,150.0,mastercard,224.0,debit
C01959-K1,C01959,12436,399.0,150.0,american express,236.0,credit
C03883-K1,C03883,18405,,,,,
C07227-K2,C07227,23292,178.0,150.0,mastercard,224.0,debit
C03858-K1,C03858,22451,555.0,150.0,visa,226.0,debit
C07504-K1,C07504,22533,532.0,150.0,mastercard,224.0,debit
C04707-K1,C04707,13285,555.0,150.0,visa,226.0,debit
C11917-K1,C11917,19842,310.0,150.0,mastercard,224.0,debit
C11468-K3,C11468,22748,174.0,150.0,mastercard,,credit
C07936-K2,C07936,23194,111.0,150.0,visa,226.0,debit
C00773-K2,C00773,20065,396.0,150.0,mastercard,224.0,debit
C01347-K2,C01347,13073,562.0,150.0,visa,226.0,credit
C11294-K2,C11294,17210,562.0,150.0,mastercard,219.0,credit
C10911-K1,C10911,11341,543.0,150.0,mastercard,224.0,debit
C02575-K2,C02575,21514,111.0,150.0,mastercard,195.0,debit
C11743-K2,C11743,15582,396.0,150.0,mastercard,224.0,debit
C09286-K2,C09286,12542,122.0,150.0,mastercard,126.0,debit
C12426-K1,C12426,15897,181.0,150.0,visa,226.0,debit
C04893-K1,C04893,15925,174.0,150.0,visa,166.0,debit
C12311-K2,C12311,12283,111.0,150.0,mastercard,224.0,debit
C07858-K2,C07858,15913,298.0,150.0,visa,226.0,debit
C04543-K2,C04543,22924,369.0,150.0,mastercard,117.0,debit
C12417-K1,C12417,10123,555.0,150.0,mastercard,117.0,debit
C00129-K2,C00129,15785,355.0,150.0,visa,166.0,debit
C01254-K1,C01254,11468,144.0,150.0,mastercard,224.0,debit
C08072-K1,C08072,11906,583.0,150.0,visa,226.0,credit
C04383-K1,C04383,21874,369.0,150.0,mastercard,224.0,debit
C04798-K2,C04798,12292,158.0,150.0,visa,226.0,debit
C09666-K2,C09666,20512,111.0,150.0,visa,226.0,debit
C04696-K1,C04696,20144,555.0,150.0,visa,226.0,credit
C08824-K1,C08824,19745,361.0,150.0,visa,226.0,debit
C09876-K1,C09876,20129,348.0,150.0,mastercard,224.0,credit
C05876-K2,C05876,12947,428.0,150.0,visa,166.0,debit
C07871-K1,C07871,18137,583.0,150.0,visa,226.0,credit
C12894-K1,C12894,15649,555.0,150.0,visa,195.0,debit
C04026-K1,C04026,22949,339.0,150.0,visa,226.0,debit
C01974-K1,C01974,11941,555.0,150.0,visa,226.0,debit
C04693-K1,C04693,16930,555.0,150.0,visa,226.0,debit
C10364-K1,C10364,15239,154.0,150.0,visa,226.0,debit
C09981-K2,C09981,19938,276.0,150.0,visa,226.0,debit
C08181-K1,C08181,12559,555.0,150.0,visa,226.0,debit
C12833-K1,C12833,23444,399.0,150.0,american express,198.0,credit
C05782-K2,C05782,20135,251.0,150.0,visa,226.0,debit
C10661-K1,C10661,10519,383.0,150.0,visa,226.0,debit
C07456-K2,C07456,19826,460.0,150.0,mastercard,224.0,debit
C08913-K2,C08913,15056,170.0,150.0,visa,226.0,credit
C09159-K1,C09159,17071,102.0,150.0,mastercard,117.0,debit
C12572-K1,C12572,15626,480.0,150.0,mastercard,224.0,debit
C11522-K2,C11522,15702,181.0,150.0,visa,226.0,credit
C11061-K1,C11061,15023,399.0,150.0,american express,223.0,credit
C03171-K1,C03171,18472,555.0,150.0,mastercard,117.0,debit
C10800-K1,C10800,20768,555.0,150.0,mastercard,117.0,debit
C10687-K1,C10687,12156,555.0,150.0,visa,226.0,credit
C02817-K1,C02817,16167,543.0,150.0,mastercard,224.0,debit
C03714-K1,C03714,17708,400.0,150.0,mastercard,224.0,debit
C07671-K2,C07671,22756,452.0,150.0,mastercard,117.0,debit
C08614-K1,C08614,19061,111.0,150.0,visa,226.0,debit
C12489-K1,C12489,20779,399.0,150.0,american express,236.0,credit
C11381-K2,C11381,12286,225.0,150.0,mastercard,224.0,debit
C01308-K1,C01308,15609,555.0,150.0,visa,226.0,debit
C00823-K1,C00823,15931,253.0,150.0,mastercard,224.0,debit
C00424-K1,C00424,10081,555.0,150.0,visa,226.0,debit
C09342-K1,C09342,14364,321.0,150.0,visa,226.0,debit
C13033-K1,C13033,11657,555.0,150.0,visa,226.0,debit
C12738-K1,C12738,20825,555.0,150.0,visa,226.0,debit
C02480-K1,C02480,20879,343.0,150.0,visa,226.0,credit
C03415-K1,C03415,20556,225.0,150.0,mastercard,219.0,credit
C08269-K1,C08269,21754,490.0,150.0,visa,226.0,debit
C12030-K2,C12030,18913,528.0,150.0,visa,226.0,credit
C12345-K1,C12345,19900,555.0,150.0,visa,226.0,debit
C11082-K1,C11082,23494,321.0,150.0,visa,226.0,credit
C04865-K1,C04865,10800,562.0,150.0,mastercard,219.0,credit
C03320-K1,C03320,11304,302.0,150.0,visa,226.0,debit
C08899-K1,C08899,15399,555.0,150.0,visa,226.0,debit
C02309-K2,C02309,16857,385.0,150.0,visa,226.0,debit
C02380-K1,C02380,20216,108.0,150.0,mastercard,117.0,debit
C11539-K2,C11539,18727,111.0,150.0,visa,162.0,credit
C12829-K1,C12829,13090,361.0,150.0,visa,226.0,credit
C03405-K2,C03405,20951,322.0,150.0,visa,195.0,debit
C01374-K2,C01374,10190,314.0,150.0,mastercard,224.0,debit
C06253-K1,C06253,15845,555.0,150.0,mastercard,224.0,debit
C04762-K1,C04762,20146,555.0,150.0,visa,226.0,debit
C07919-K2,C07919,21961,490.0,150.0,visa,226.0,debit
C10715-K2,C10715,17583,161.0,150.0,mastercard,117.0,debit
C06888-K1,C06888,20771,399.0,150.0,american express,150.0,credit
C06890-K1,C06890,20464,562.0,150.0,mastercard,102.0,credit
C05595-K2,C05595,18042,176.0,185.0,mastercard,224.0,debit
C00051-K1,C00051,18038,481.0,150.0,mastercard,102.0,credit
C02923-K1,C02923,22606,507.0,150.0,visa,226.0,credit
C12676-K1,C12676,13815,567.0,150.0,visa,228.0,credit
C08598-K1,C08598,15633,100.0,150.0,visa,226.0,credit
C01252-K1,C01252,13679,367.0,150.0,mastercard,224.0,credit
C05443-K1,C05443,12850,555.0,150.0,visa,226.0,debit
C07387-K1,C07387,16731,,150.0,visa,226.0,debit
C06481-K2,C06481,11732,535.0,150.0,visa,226.0,debit
C09584-K1,C09584,20629,555.0,150.0,visa,226.0,debit
C04478-K1,C04478,11395,555.0,150.0,mastercard,224.0,debit
C04834-K1,C04834,10401,111.0,150.0,mastercard,224.0,debit
C08635-K1,C08635,10513,357.0,150.0,visa,226.0,debit
C03488-K2,C03488,11653,415.0,185.0,mastercard,195.0,credit
C11005-K1,C11005,22554,111.0,150.0,visa,162.0,credit
C02764-K1,C02764,19146,512.0,150.0,visa,226.0,debit
C13259-K1,C13259,17326,111.0,150.0,visa,195.0,credit
C11059-K1,C11059,19317,262.0,150.0,visa,226.0,debit
C10585-K2,C10585,12228,,150.0,visa,226.0,credit
C05115-K2,C05115,23504,478.0,150.0,visa,226.0,credit
C13516-K2,C13516,11132,485.0,150.0,mastercard,229.0,debit
C03667-K1,C03667,18118,225.0,150.0,mastercard,117.0,debit
C04709-K2,C04709,10049,237.0,150.0,mastercard,224.0,debit
C11702-K1,C11702,10626,500.0,185.0,mastercard,224.0,credit
C01010-K1,C01010,22848,475.0,150.0,visa,226.0,debit
C12572-K2,C12572,15626,512.0,150.0,mastercard,224.0,debit
C09657-K2,C09657,12100,545.0,185.0,visa,226.0,credit
C13354-K2,C13354,22029,184.0,150.0,visa,226.0,debit
C07215-K1,C07215,11004,371.0,150.0,visa,226.0,credit
C06348-K1,C06348,13071,196.0,150.0,visa,226.0,debit
C01110-K1,C01110,17155,555.0,150.0,visa,226.0,debit
C01061-K1,C01061,16868,555.0,150.0,visa,226.0,debit
C09820-K2,C09820,18266,,150.0,visa,226.0,debit
C05171-K1,C05171,21122,533.0,150.0,mastercard,224.0,debit
C09420-K2,C09420,20395,111.0,150.0,visa,226.0,debit
C11583-K1,C11583,23455,553.0,150.0,visa,226.0,debit
C11906-K1,C11906,15367,462.0,150.0,visa,226.0,debit
C12652-K1,C12652,10651,555.0,150.0,visa,226.0,debit
C00059-K2,C00059,21826,332.0,150.0,visa,226.0,debit
C01286-K1,C01286,20116,399.0,150.0,american express,185.0,credit
C11852-K1,C11852,10642,170.0,150.0,mastercard,102.0,credit
C12981-K1,C12981,13540,512.0,150.0,visa,226.0,debit
C01048-K1,C01048,20446,476.0,150.0,visa,166.0,debit
C07335-K2,C07335,18385,350.0,150.0,visa,226.0,debit
C04062-K1,C04062,10076,532.0,150.0,mastercard,224.0,debit
C11176-K1,C11176,16401,555.0,150.0,visa,226.0,debit
C00089-K2,C00089,18634,531.0,150.0,mastercard,229.0,debit
C05448-K2,C05448,23286,302.0,150.0,visa,226.0,debit
C06327-K1,C06327,12616,399.0,150.0,american express,137.0,credit
C04525-K1,C04525,20268,555.0,150.0,visa,226.0,debit
C10320-K1,C10320,13514,321.0,150.0,visa,195.0,credit
C11768-K1,C11768,13924,555.0,150.0,mastercard,117.0,debit
C02566-K1,C02566,14042,555.0,117.0,american express,166.0,debit
C10900-K1,C10900,20674,225.0,150.0,mastercard,219.0,credit
C11701-K1,C11701,15132,555.0,150.0,mastercard,219.0,credit
C02646-K1,C02646,13664,181.0,150.0,visa,226.0,credit
C04764-K1,C04764,13086,399.0,150.0,american express,118.0,credit
C02930-K1,C02930,12076,517.0,150.0,mastercard,224.0,debit
C11468-K2,C11468,22748,174.0,150.0,mastercard,117.0,debit
C11216-K2,C11216,18725,516.0,150.0,mastercard,224.0,debit
C07149-K2,C07149,12848,174.0,150.0,visa,226.0,debit
C09354-K1,C09354,12652,500.0,185.0,mastercard,219.0,credit
C01248-K1,C01248,11231,555.0,150.0,visa,226.0,debit
C03651-K2,C03651,10639,517.0,150.0,mastercard,224.0,debit
C03722-K1,C03722,17006,555.0,150.0,mastercard,117.0,debit
C07741-K2,C07741,11672,122.0,150.0,mastercard,195.0,debit
C04701-K2,C04701,19212,390.0,150.0,mastercard,224.0,debit
C07997-K1,C07997,21812,170.0,150.0,visa,226.0,credit
C01942-K1,C01942,14626,369.0,150.0,mastercard,117.0,debit
C10006-K1,C10006,18995,310.0,150.0,mastercard,224.0,debit
C03204-K1,C03204,20860,555.0,213.0,mastercard,126.0,debit
C08695-K2,C08695,18909,555.0,150.0,visa,226.0,debit
C08775-K1,C08775,17142,399.0,150.0,american express,236.0,credit
C09191-K1,C09191,10426,555.0,150.0,visa,226.0,debit
C13053-K1,C13053,16755,555.0,150.0,mastercard,224.0,credit
C08542-K1,C08542,16205,158.0,150.0,visa,226.0,debit
C11687-K4,C11687,18152,564.0,150.0,visa,226.0,debit
C03839-K1,C03839,17665,396.0,150.0,mastercard,219.0,debit
C09087-K1,C09087,12334,555.0,150.0,visa,166.0,debit
C07276-K1,C07276,23349,444.0,150.0,visa,226.0,credit
C08321-K2,C08321,11668,454.0,150.0,visa,226.0,debit
C13346-K1,C13346,17038,555.0,150.0,mastercard,117.0,debit
C11494-K1,C11494,16171,243.0,150.0,visa,195.0,debit
C07889-K1,C07889,21391,257.0,150.0,visa,226.0,credit
C04408-K1,C04408,21393,555.0,150.0,visa,226.0,debit
C02346-K1,C02346,23041,454.0,150.0,visa,226.0,debit
C03411-K2,C03411,19473,325.0,150.0,visa,226.0,debit
C01337-K2,C01337,18242,543.0,150.0,mastercard,224.0,debit
C03556-K2,C03556,22121,555.0,150.0,visa,166.0,debit
C09650-K1,C09650,15935,399.0,150.0,american express,236.0,credit
C01988-K1,C01988,23069,321.0,150.0,visa,226.0,debit
C04118-K2,C04118,19233,194.0,150.0,mastercard,117.0,debit
C00195-K1,C00195,10856,555.0,150.0,visa,226.0,debit
C03670-K1,C03670,10242,555.0,150.0,visa,226.0,debit
C06845-K1,C06845,12832,358.0,150.0,visa,226.0,debit
C05318-K2,C05318,16026,127.0,150.0,mastercard,224.0,debit
C05164-K1,C05164,14483,268.0,150.0,visa,166.0,debit
C12097-K1,C12097,12588,495.0,150.0,mastercard,117.0,debit
C08597-K2,C08597,11904,514.0,150.0,mastercard,224.0,debit
C04112-K1,C04112,10127,399.0,150.0,american express,236.0,credit
C12003-K1,C12003,21563,555.0,150.0,visa,226.0,debit
C06658-K1,C06658,13334,514.0,150.0,mastercard,219.0,credit
C07906-K1,C07906,20006,302.0,150.0,visa,226.0,debit
C04285-K1,C04285,15053,321.0,150.0,visa,195.0,debit
C12542-K1,C12542,21789,532.0,150.0,mastercard,224.0,debit
C00409-K1,C00409,14046,347.0,150.0,visa,226.0,debit
C00101-K1,C00101,14535,225.0,150.0,mastercard,224.0,debit
C02456-K1,C02456,10112,500.0,185.0,mastercard,224.0,credit
C12060-K1,C12060,15176,465.0,150.0,visa,226.0,debit
C02094-K1,C02094,20510,111.0,150.0,visa,226.0,credit
C10915-K1,C10915,18638,543.0,150.0,mastercard,224.0,debit
C13542-K1,C13542,20021,555.0,150.0,mastercard,117.0,debit
C08622-K1,C08622,13977,555.0,150.0,visa,226.0,debit
C09261-K1,C09261,14301,127.0,150.0,mastercard,224.0,debit
C11441-K1,C11441,21499,555.0,150.0,visa,226.0,debit
C01735-K1,C01735,10185,321.0,150.0,visa,226.0,debit
C05129-K1,C05129,10326,369.0,150.0,mastercard,117.0,debit
C11257-K1,C11257,21545,555.0,150.0,visa,226.0,debit
C07076-K1,C07076,22752,514.0,150.0,mastercard,224.0,credit
C10760-K2,C10760,12153,545.0,185.0,visa,137.0,debit
C03787-K1,C03787,10104,555.0,150.0,visa,226.0,debit
C13337-K1,C13337,11898,321.0,150.0,visa,226.0,debit
C05011-K1,C05011,22345,490.0,150.0,visa,226.0,debit
C08422-K1,C08422,22590,369.0,150.0,mastercard,224.0,debit
C10752-K1,C10752,22251,555.0,150.0,visa,226.0,debit
C11533-K2,C11533,18239,411.0,150.0,visa,226.0,debit
C11662-K1,C11662,21344,399.0,150.0,american express,133.0,credit
C06552-K2,C06552,15682,288.0,150.0,visa,226.0,debit
C06800-K1,C06800,18895,555.0,150.0,visa,226.0,debit
C00642-K2,C00642,19203,464.0,150.0,visa,226.0,debit
C04352-K1,C04352,13505,481.0,150.0,mastercard,224.0,credit
C01706-K1,C01706,17595,555.0,150.0,mastercard,117.0,debit
C03532-K2,C03532,13422,146.0,150.0,mastercard,117.0,debit
C05120-K2,C05120,13222,555.0,150.0,visa,226.0,debit
C10873-K1,C10873,11452,174.0,150.0,visa,195.0,debit
C07847-K2,C07847,16743,490.0,150.0,visa,226.0,debit
C08460-K1,C08460,11996,543.0,150.0,mastercard,224.0,debit
C10386-K1,C10386,23400,192.0,150.0,mastercard,117.0,debit
C04157-K1,C04157,13209,399.0,150.0,american express,137.0,credit
C13328-K1,C13328,18090,321.0,150.0,visa,144.0,credit
C01855-K2,C01855,19122,514.0,150.0,mastercard,224.0,credit
C09064-K1,C09064,17423,327.0,150.0,discover,166.0,debit
C03201-K1,C03201,14675,555.0,137.0,visa,226.0,credit
C09274-K1,C09274,19507,343.0,150.0,visa,195.0,credit
C04248-K2,C04248,20671,202.0,185.0,mastercard,137.0,credit
C06388-K1,C06388,20315,555.0,150.0,visa,226.0,debit
C12321-K1,C12321,21150,399.0,150.0,american express,198.0,credit
C04548-K1,C04548,16035,555.0,150.0,visa,226.0,debit
C07336-K1,C07336,16763,490.0,150.0,visa,228.0,credit
C09608-K1,C09608,17857,555.0,150.0,visa,226.0,debit
C00509-K1,C00509,14504,490.0,150.0,visa,166.0,debit
C03299-K2,C03299,12793,284.0,150.0,visa,100.0,debit
C11319-K1,C11319,21082,399.0,150.0,american express,137.0,credit
C10946-K1,C10946,23192,,146.0,,224.0,debit
C07954-K1,C07954,12938,555.0,150.0,mastercard,224.0,debit
C00522-K1,C00522,15608,592.0,150.0,visa,226.0,debit
C03042-K1,C03042,15158,562.0,150.0,mastercard,219.0,credit
C12626-K2,C12626,19029,478.0,150.0,visa,226.0,credit
C05576-K1,C05576,18115,275.0,150.0,mastercard,224.0,debit
C11362-K2,C11362,15365,555.0,150.0,mastercard,224.0,debit
C13117-K1,C13117,19747,225.0,150.0,mastercard,117.0,debit
C06840-K3,C06840,12032,443.0,150.0,mastercard,137.0,debit
C02708-K1,C02708,22633,390.0,150.0,mastercard,224.0,debit
C05393-K1,C05393,13739,555.0,150.0,visa,226.0,debit
C13408-K1,C13408,13754,555.0,150.0,visa,226.0,debit
C01782-K2,C01782,12876,327.0,150.0,discover,194.0,credit
C08780-K1,C08780,13175,439.0,144.0,mastercard,219.0,credit
C00779-K1,C00779,21415,437.0,150.0,visa,226.0,debit
C09795-K2,C09795,22044,512.0,150.0,mastercard,117.0,debit
C06681-K1,C06681,13789,420.0,150.0,mastercard,224.0,debit
C10015-K1,C10015,10039,110.0,150.0,mastercard,224.0,credit
C03933-K1,C03933,17904,453.0,150.0,visa,226.0,debit
C11872-K1,C11872,16943,555.0,150.0,visa,226.0,debit
C00081-K2,C00081,10465,574.0,150.0,visa,226.0,debit
C12030-K1,C12030,18913,181.0,150.0,visa,226.0,credit
C03696-K1,C03696,14661,101.0,150.0,visa,226.0,debit
C11726-K1,C11726,20659,555.0,117.0,visa,226.0,debit
C10365-K1,C10365,13429,321.0,150.0,visa,226.0,debit
C12826-K2,C12826,13765,360.0,150.0,mastercard,166.0,debit
C08240-K1,C08240,15141,445.0,150.0,mastercard,229.0,debit
C01002-K1,C01002,15517,202.0,185.0,mastercard,137.0,credit
C05820-K1,C05820,20783,350.0,150.0,mastercard,224.0,debit
C03449-K1,C03449,23035,399.0,150.0,american express,137.0,credit
C09733-K1,C09733,19671,219.0,150.0,visa,226.0,debit
C07626-K2,C07626,13712,348.0,150.0,mastercard,102.0,credit
C02780-K2,C02780,19258,254.0,150.0,visa,226.0,debit
C06873-K1,C06873,16179,555.0,150.0,visa,226.0,debit
C06438-K1,C06438,23162,159.0,150.0,mastercard,117.0,debit
C04281-K1,C04281,13510,399.0,150.0,american express,132.0,credit
C10227-K1,C10227,19942,379.0,102.0,visa,138.0,debit
C01661-K1,C01661,21154,390.0,150.0,mastercard,224.0,debit
C00386-K1,C00386,16321,583.0,150.0,visa,226.0,credit
C03061-K2,C03061,16341,390.0,150.0,mastercard,224.0,debit
C06306-K1,C06306,19975,497.0,150.0,visa,195.0,debit
C00543-K1,C00543,22457,302.0,150.0,visa,226.0,credit
C08875-K1,C08875,21613,555.0,150.0,mastercard,224.0,debit
C02112-K1,C02112,12086,555.0,150.0,mastercard,117.0,debit
C13486-K2,C13486,10468,268.0,150.0,visa,166.0,debit
C03024-K1,C03024,20572,206.0,150.0,mastercard,126.0,debit
C00704-K1,C00704,11256,484.0,150.0,mastercard,224.0,credit
C11479-K1,C11479,20057,555.0,150.0,visa,226.0,debit
C09742-K2,C09742,22055,130.0,185.0,visa,195.0,credit
C10949-K1,C10949,13782,368.0,102.0,mastercard,224.0,debit
C09289-K1,C09289,16762,114.0,150.0,visa,226.0,debit
C11590-K1,C11590,18923,555.0,150.0,visa,226.0,credit
C10922-K2,C10922,20438,420.0,150.0,mastercard,224.0,debit
C01979-K1,C01979,22008,555.0,138.0,visa,226.0,debit
C10998-K1,C10998,22452,520.0,150.0,american express,143.0,credit
C13015-K2,C13015,18959,383.0,150.0,visa,226.0,debit
C09362-K1,C09362,15537,555.0,162.0,visa,226.0,debit
C00213-K1,C00213,18229,594.0,150.0,visa,195.0,debit
C05289-K2,C05289,18468,404.0,150.0,mastercard,102.0,credit
C06683-K1,C06683,15888,555.0,150.0,visa,226.0,debit
C04075-K1,C04075,23401,420.0,150.0,mastercard,224.0,debit
C13512-K1,C13512,23098,543.0,150.0,mastercard,117.0,debit
C07641-K1,C07641,13930,555.0,150.0,mastercard,117.0,debit
C11509-K2,C11509,17499,375.0,185.0,mastercard,224.0,debit
C12289-K1,C12289,14993,555.0,150.0,visa,226.0,debit
C01390-K1,C01390,13529,424.0,150.0,visa,226.0,debit
C12796-K2,C12796,18308,,150.0,discover,142.0,credit
C12841-K1,C12841,20131,369.0,150.0,mastercard,224.0,debit
C08447-K1,C08447,13094,555.0,150.0,visa,226.0,debit
C08719-K1,C08719,23225,352.0,117.0,mastercard,134.0,credit
C01119-K2,C01119,12040,360.0,150.0,visa,166.0,debit
C13516-K1,C13516,11132,485.0,150.0,mastercard,166.0,debit
C09365-K2,C09365,17801,111.0,150.0,mastercard,224.0,debit
C04025-K1,C04025,19849,321.0,150.0,visa,226.0,debit
C11489-K1,C11489,18541,555.0,150.0,visa,226.0,debit
C03085-K1,C03085,14731,383.0,150.0,visa,226.0,debit
C09791-K1,C09791,12697,273.0,185.0,mastercard,197.0,credit
C06220-K1,C06220,21105,562.0,150.0,visa,226.0,credit
C12712-K1,C12712,18814,555.0,150.0,visa,226.0,debit
C02740-K1,C02740,13742,148.0,150.0,visa,226.0,debit
C06190-K1,C06190,22819,170.0,150.0,visa,226.0,credit
C11543-K2,C11543,20026,453.0,150.0,visa,226.0,debit
C08219-K1,C08219,20990,343.0,150.0,visa,100.0,debit
C04083-K1,C04083,13902,555.0,102.0,visa,138.0,debit
C02962-K1,C02962,22511,396.0,150.0,mastercard,224.0,credit
C05542-K1,C05542,18559,555.0,150.0,visa,195.0,debit
C06940-K1,C06940,19682,103.0,185.0,visa,226.0,credit
C00067-K1,C00067,20290,143.0,150.0,visa,226.0,debit
C06644-K1,C06644,16155,275.0,150.0,mastercard,224.0,debit
C02198-K1,C02198,11498,360.0,150.0,visa,226.0,credit
C09902-K2,C09902,22369,111.0,150.0,mastercard,224.0,debit
C05969-K1,C05969,23369,321.0,150.0,visa,226.0,debit
C12852-K1,C12852,12036,143.0,150.0,visa,226.0,debit
C05327-K1,C05327,16448,383.0,150.0,visa,226.0,debit
C01296-K1,C01296,23311,543.0,150.0,mastercard,224.0,debit
C02398-K1,C02398,21892,325.0,150.0,visa,195.0,debit
C01618-K2,C01618,21807,199.0,150.0,mastercard,202.0,debit
C13227-K1,C13227,23289,354.0,143.0,visa,226.0,debit
C09710-K1,C09710,10592,399.0,150.0,american express,118.0,credit
C00854-K2,C00854,15058,170.0,150.0,mastercard,102.0,credit
C04288-K1,C04288,14008,543.0,150.0,mastercard,224.0,debit
C13054-K1,C13054,21020,446.0,150.0,visa,226.0,debit
C07987-K2,C07987,11539,583.0,150.0,visa,226.0,credit
C12166-K2,C12166,14670,490.0,150.0,visa,226.0,debit
C12426-K2,C12426,15897,528.0,150.0,visa,226.0,debit
C02855-K1,C02855,10890,458.0,150.0,visa,226.0,credit
C06224-K2,C06224,17503,583.0,150.0,visa,226.0,credit
C06031-K2,C06031,14518,360.0,150.0,mastercard,166.0,debit
C02897-K1,C02897,17981,490.0,150.0,visa,226.0,debit
C04030-K1,C04030,10567,147.0,150.0,visa,195.0,debit
C05996-K1,C05996,18478,266.0,185.0,mastercard,224.0,credit
C11045-K1,C11045,12744,,150.0,visa,166.0,debit
C02076-K1,C02076,21204,555.0,150.0,mastercard,117.0,debit
C09933-K2,C09933,15868,490.0,150.0,visa,226.0,debit
C03427-K2,C03427,14649,360.0,150.0,mastercard,166.0,debit
C01860-K1,C01860,12313,543.0,150.0,mastercard,224.0,debit
C05259-K1,C05259,19641,517.0,150.0,mastercard,224.0,debit
C10469-K1,C10469,13216,454.0,150.0,visa,226.0,debit
C10570-K1,C10570,18294,369.0,150.0,mastercard,224.0,debit
C11973-K1,C11973,12335,555.0,150.0,visa,226.0,credit
C11380-K1,C11380,19032,310.0,150.0,mastercard,224.0,debit
C01818-K1,C01818,17366,480.0,150.0,mastercard,171.0,debit
C03549-K1,C03549,18377,542.0,150.0,visa,226.0,debit
C11249-K1,C11249,18507,491.0,150.0,visa,226.0,debit
C04500-K2,C04500,11462,513.0,150.0,mastercard,224.0,debit
C01776-K1,C01776,13025,555.0,150.0,visa,226.0,debit
C05061-K1,C05061,16839,583.0,150.0,visa,226.0,credit
C12519-K1,C12519,18656,555.0,150.0,visa,226.0,debit
C10968-K1,C10968,17698,555.0,213.0,visa,226.0,credit
C10849-K1,C10849,17354,399.0,150.0,american express,236.0,credit
C02437-K1,C02437,17272,555.0,150.0,visa,226.0,debit
C05332-K2,C05332,16833,566.0,150.0,visa,226.0,credit
C05973-K1,C05973,15520,298.0,150.0,visa,226.0,debit
C04434-K1,C04434,11796,555.0,150.0,visa,226.0,debit
C09911-K1,C09911,15867,555.0,150.0,visa,226.0,debit
C13290-K1,C13290,16215,211.0,150.0,mastercard,224.0,credit
C00249-K1,C00249,13037,555.0,150.0,visa,226.0,debit
C13114-K1,C13114,11597,587.0,150.0,visa,226.0,debit
C08461-K1,C08461,14818,225.0,150.0,mastercard,224.0,debit
C10383-K3,C10383,11535,360.0,150.0,mastercard,166.0,debit
C04186-K1,C04186,11534,555.0,150.0,visa,226.0,debit
C07608-K1,C07608,23012,583.0,150.0,visa,226.0,credit
C00382-K1,C00382,20125,399.0,150.0,american express,150.0,credit
C09560-K1,C09560,15428,555.0,150.0,visa,226.0,debit
C02867-K1,C02867,23302,543.0,150.0,mastercard,224.0,debit
C08872-K1,C08872,20563,555.0,150.0,visa,226.0,debit
C10507-K2,C10507,16527,360.0,150.0,mastercard,166.0,debit
C04983-K1,C04983,10871,555.0,214.0,visa,147.0,credit
C03738-K2,C03738,23070,250.0,150.0,visa,226.0,debit
C05513-K2,C05513,12253,227.0,150.0,visa,226.0,debit
C07581-K1,C07581,12237,555.0,150.0,visa,226.0,debit
C06705-K1,C06705,21192,390.0,150.0,mastercard,224.0,debit
C10562-K2,C10562,12780,512.0,150.0,mastercard,117.0,debit
C08709-K1,C08709,13295,555.0,150.0,visa,226.0,debit
C06208-K1,C06208,12517,562.0,150.0,mastercard,197.0,credit
C00594-K1,C00594,17184,271.0,150.0,visa,226.0,credit
C09579-K2,C09579,14934,583.0,150.0,visa,226.0,credit
C02516-K1,C02516,18765,555.0,150.0,visa,226.0,credit
C01387-K1,C01387,11121,111.0,150.0,visa,226.0,debit
C11781-K1,C11781,14549,480.0,150.0,mastercard,117.0,debit
C10112-K1,C10112,11031,399.0,150.0,american express,146.0,credit
C01864-K1,C01864,20454,562.0,150.0,mastercard,197.0,credit
C09826-K1,C09826,18151,127.0,150.0,mastercard,224.0,debit
C11010-K1,C11010,18844,536.0,150.0,visa,226.0,debit
C10575-K1,C10575,16878,,150.0,visa,,credit
C10599-K1,C10599,14926,,150.0,visa,166.0,debit
C02231-K2,C02231,14089,327.0,150.0,discover,166.0,debit
C02321-K2,C02321,19338,566.0,150.0,visa,226.0,debit
C10326-K1,C10326,19917,555.0,150.0,visa,226.0,debit
C02765-K1,C02765,17538,360.0,150.0,mastercard,224.0,debit
C06331-K2,C06331,13978,260.0,150.0,visa,226.0,debit
C01509-K1,C01509,14944,555.0,150.0,visa,226.0,credit
C10927-K1,C10927,11844,490.0,150.0,mastercard,117.0,debit
C02132-K1,C02132,22577,583.0,150.0,visa,226.0,credit
C11545-K1,C11545,13084,352.0,117.0,mastercard,195.0,credit
C07845-K2,C07845,11929,413.0,150.0,visa,166.0,debit
C04957-K1,C04957,23222,151.0,150.0,visa,226.0,debit
C06631-K1,C06631,13176,,150.0,visa,166.0,debit
C05459-K2,C05459,22011,555.0,150.0,mastercard,117.0,debit
C08112-K4,C08112,17774,146.0,150.0,mastercard,102.0,credit
C09251-K1,C09251,11494,490.0,150.0,visa,226.0,debit
C01977-K1,C01977,10663,294.0,150.0,mastercard,117.0,debit
C04708-K1,C04708,12347,545.0,185.0,visa,226.0,credit
C08793-K1,C08793,10981,271.0,150.0,visa,195.0,debit
C00189-K1,C00189,20059,480.0,150.0,mastercard,100.0,debit
C05924-K1,C05924,17449,549.0,150.0,visa,226.0,credit
C00426-K2,C00426,23507,500.0,185.0,mastercard,102.0,credit
C00803-K1,C00803,20331,512.0,150.0,mastercard,117.0,debit
C05551-K2,C05551,20390,418.0,150.0,visa,226.0,debit
C00915-K2,C00915,17864,272.0,150.0,mastercard,224.0,debit
C09556-K1,C09556,17658,567.0,150.0,visa,166.0,debit
C11140-K2,C11140,11960,106.0,150.0,visa,226.0,debit
C08127-K1,C08127,11644,575.0,150.0,mastercard,117.0,debit
C12602-K1,C12602,17190,558.0,150.0,visa,226.0,credit
C01222-K1,C01222,18063,111.0,150.0,visa,226.0,debit
C12512-K1,C12512,11477,208.0,150.0,mastercard,219.0,debit
C09454-K1,C09454,19694,585.0,150.0,visa,226.0,debit
C03125-K2,C03125,15906,111.0,150.0,mastercard,224.0,debit
C08420-K1,C08420,19634,555.0,150.0,visa,226.0,debit
C10025-K1,C10025,21193,321.0,150.0,visa,226.0,debit
C07681-K1,C07681,16128,466.0,150.0,visa,226.0,debit
C10045-K1,C10045,15097,481.0,150.0,mastercard,197.0,credit
C13349-K2,C13349,10296,515.0,119.0,visa,226.0,credit
C03341-K2,C03341,12450,514.0,150.0,mastercard,224.0,debit
C05142-K1,C05142,13144,265.0,150.0,visa,226.0,debit
C08921-K1,C08921,13828,555.0,150.0,visa,226.0,debit
C04393-K1,C04393,22220,424.0,150.0,visa,226.0,debit
C08847-K1,C08847,16319,169.0,150.0,visa,226.0,debit
C08281-K2,C08281,21379,130.0,185.0,visa,226.0,credit
C10244-K1,C10244,11914,308.0,150.0,visa,226.0,debit
C11496-K2,C11496,19407,512.0,150.0,visa,226.0,debit
C07398-K1,C07398,21219,480.0,150.0,mastercard,224.0,debit
C11625-K2,C11625,13191,215.0,150.0,mastercard,229.0,debit
C12238-K1,C12238,22464,555.0,150.0,visa,226.0,debit
C01138-K2,C01138,12531,111.0,150.0,visa,226.0,debit
C02776-K1,C02776,21726,555.0,150.0,mastercard,102.0,credit
C02776-K2,C02776,21726,555.0,150.0,mastercard,224.0,credit
C09868-K1,C09868,13856,512.0,150.0,mastercard,219.0,credit
C03246-K1,C03246,14633,545.0,185.0,visa,137.0,credit
C01289-K1,C01289,10103,480.0,150.0,mastercard,224.0,debit
C13196-K2,C13196,14586,268.0,150.0,visa,166.0,debit
C11970-K1,C11970,10405,555.0,150.0,visa,226.0,debit
C04007-K1,C04007,21359,533.0,150.0,mastercard,224.0,debit
C02365-K1,C02365,13775,555.0,150.0,visa,226.0,debit
C10433-K1,C10433,18636,390.0,150.0,mastercard,224.0,debit
C03108-K1,C03108,12191,360.0,150.0,mastercard,229.0,debit
C04004-K1,C04004,11722,500.0,185.0,mastercard,102.0,credit
C03786-K1,C03786,23124,512.0,150.0,visa,166.0,debit
C01579-K1,C01579,22438,364.0,146.0,mastercard,166.0,debit
C01596-K2,C01596,22907,370.0,150.0,visa,166.0,debit
C07065-K1,C07065,19480,578.0,150.0,mastercard,,credit
C02525-K1,C02525,12678,555.0,150.0,visa,226.0,debit
C00978-K1,C00978,19077,500.0,185.0,mastercard,224.0,credit
C11788-K1,C11788,14493,141.0,185.0,visa,226.0,credit
C08288-K1,C08288,11075,359.0,150.0,visa,226.0,debit
C00395-K1,C00395,18970,399.0,150.0,american express,198.0,credit
C04746-K1,C04746,16204,555.0,150.0,mastercard,117.0,debit
C07644-K1,C07644,22242,555.0,150.0,visa,226.0,debit
C05753-K1,C05753,17523,562.0,150.0,mastercard,197.0,credit
C04406-K1,C04406,22411,170.0,150.0,mastercard,102.0,credit
C02502-K2,C02502,19787,161.0,150.0,mastercard,117.0,debit
C03967-K1,C03967,13888,584.0,150.0,mastercard,117.0,debit
C07508-K2,C07508,19950,500.0,185.0,mastercard,224.0,credit
C03862-K1,C03862,11063,480.0,150.0,mastercard,182.0,debit
C01036-K1,C01036,18574,555.0,150.0,mastercard,224.0,debit
C10176-K1,C10176,20905,555.0,150.0,visa,226.0,debit
C00849-K1,C00849,18140,111.0,150.0,visa,195.0,credit
C02280-K1,C02280,21838,399.0,150.0,american express,137.0,credit
C03910-K1,C03910,16591,555.0,150.0,visa,226.0,debit
C08466-K1,C08466,18901,404.0,150.0,visa,226.0,credit
C10924-K2,C10924,14551,258.0,150.0,visa,226.0,debit
C13456-K1,C13456,21503,489.0,150.0,mastercard,102.0,credit
C06947-K2,C06947,13432,111.0,150.0,visa,226.0,credit
C03867-K1,C03867,13388,555.0,150.0,visa,226.0,credit
C13413-K1,C13413,16866,555.0,223.0,visa,226.0,credit
C05932-K1,C05932,10294,390.0,150.0,mastercard,224.0,debit
C10164-K1,C10164,14603,231.0,150.0,mastercard,117.0,debit
C06194-K1,C06194,10733,,150.0,visa,166.0,debit
C11181-K1,C11181,17966,310.0,150.0,mastercard,224.0,debit
C05540-K2,C05540,22954,555.0,117.0,mastercard,166.0,debit
C02294-K1,C02294,10948,480.0,150.0,mastercard,117.0,debit
C03669-K1,C03669,23310,390.0,150.0,mastercard,117.0,debit
C05808-K1,C05808,20573,399.0,150.0,american express,102.0,credit
C12397-K1,C12397,17511,298.0,150.0,visa,226.0,debit
C03757-K1,C03757,22171,555.0,150.0,visa,226.0,debit
C04305-K1,C04305,14261,345.0,150.0,mastercard,166.0,debit
C08494-K1,C08494,11090,399.0,150.0,american express,237.0,credit
C07868-K1,C07868,17647,555.0,150.0,visa,226.0,debit
C04016-K1,C04016,20519,555.0,150.0,visa,226.0,debit
C02673-K2,C02673,19692,143.0,150.0,visa,226.0,debit
C04346-K2,C04346,20121,417.0,150.0,visa,226.0,debit
C02285-K2,C02285,12317,298.0,150.0,visa,226.0,debit
C12352-K2,C12352,20601,171.0,150.0,mastercard,224.0,debit
C06879-K1,C06879,23395,225.0,150.0,mastercard,117.0,debit
C09885-K1,C09885,10447,555.0,150.0,visa,226.0,debit
C11298-K3,C11298,17353,554.0,150.0,visa,137.0,credit
C02133-K1,C02133,10881,559.0,150.0,visa,166.0,debit
C08555-K1,C08555,10538,532.0,150.0,mastercard,224.0,debit
C13007-K1,C13007,12255,215.0,150.0,visa,226.0,debit
C06022-K2,C06022,17104,543.0,150.0,mastercard,224.0,debit
C06040-K1,C06040,17878,350.0,150.0,visa,226.0,debit
C13517-K1,C13517,16750,,150.0,visa,166.0,debit
C10325-K1,C10325,15535,555.0,150.0,visa,226.0,debit
C02914-K2,C02914,18558,555.0,203.0,mastercard,224.0,credit
C06198-K1,C06198,12268,373.0,150.0,visa,226.0,debit
C07386-K1,C07386,21100,111.0,150.0,mastercard,224.0,debit
C05736-K1,C05736,20724,177.0,185.0,mastercard,137.0,credit
C09795-K1,C09795,22044,480.0,150.0,mastercard,117.0,debit
C05859-K1,C05859,16903,554.0,150.0,mastercard,224.0,debit
C06173-K1,C06173,14227,543.0,150.0,mastercard,224.0,debit
C00723-K2,C00723,17927,555.0,150.0,visa,226.0,debit
C05786-K2,C05786,12350,111.0,150.0,visa,226.0,debit
C02576-K1,C02576,21349,399.0,150.0,american express,185.0,credit
C08397-K1,C08397,22945,555.0,150.0,mastercard,224.0,debit
C06059-K2,C06059,13617,565.0,150.0,visa,226.0,debit
C12666-K1,C12666,10842,,150.0,visa,226.0,debit
C04575-K2,C04575,22077,555.0,150.0,visa,226.0,debit
C10222-K1,C10222,16717,555.0,150.0,visa,226.0,debit
C02102-K1,C02102,18434,555.0,150.0,visa,226.0,debit
C07730-K1,C07730,17309,555.0,150.0,visa,226.0,debit
C12655-K1,C12655,18319,395.0,150.0,visa,226.0,debit
C06818-K1,C06818,12701,111.0,150.0,visa,166.0,debit
C05574-K1,C05574,14611,555.0,150.0,visa,226.0,debit
C06494-K2,C06494,16109,513.0,150.0,visa,166.0,debit
C03539-K1,C03539,11622,562.0,150.0,mastercard,219.0,credit
C09700-K1,C09700,19714,555.0,150.0,visa,226.0,debit
C11014-K1,C11014,12521,133.0,150.0,visa,226.0,debit
C09938-K1,C09938,19184,555.0,150.0,visa,226.0,debit
C11297-K1,C11297,12999,310.0,150.0,mastercard,224.0,debit
C04078-K1,C04078,18762,225.0,150.0,mastercard,224.0,debit
C09529-K1,C09529,22127,583.0,150.0,visa,226.0,credit
C03184-K1,C03184,13252,180.0,150.0,mastercard,224.0,debit
C05610-K1,C05610,16814,555.0,150.0,visa,166.0,debit
C02999-K2,C02999,13579,417.0,150.0,visa,226.0,debit
C03813-K1,C03813,20188,354.0,143.0,visa,226.0,debit
C03941-K1,C03941,10178,555.0,150.0,visa,226.0,debit
C07619-K1,C07619,16382,555.0,150.0,visa,226.0,debit
C02030-K1,C02030,20525,555.0,150.0,visa,226.0,debit
C12730-K1,C12730,14288,399.0,150.0,american express,131.0,credit
C09823-K1,C09823,14174,333.0,150.0,visa,226.0,debit
C04436-K1,C04436,21646,514.0,150.0,mastercard,195.0,debit
C02701-K1,C02701,16657,310.0,150.0,mastercard,224.0,debit
C12223-K1,C12223,10181,435.0,150.0,visa,226.0,debit
C02200-K1,C02200,13538,444.0,150.0,visa,226.0,debit
C08217-K2,C08217,18327,225.0,150.0,mastercard,195.0,debit
C06942-K2,C06942,23511,595.0,150.0,mastercard,224.0,debit
C13360-K1,C13360,18669,543.0,150.0,mastercard,224.0,debit
C05290-K2,C05290,12668,570.0,150.0,visa,226.0,debit
C06130-K1,C06130,14749,529.0,150.0,visa,162.0,credit
C06532-K2,C06532,22016,514.0,150.0,mastercard,224.0,debit
C12638-K1,C12638,13872,268.0,150.0,visa,166.0,debit
C08482-K1,C08482,13080,501.0,150.0,visa,226.0,debit
C13067-K1,C13067,13711,110.0,150.0,mastercard,102.0,credit
C12211-K2,C12211,15422,361.0,150.0,visa,195.0,debit
C03608-K1,C03608,22076,299.0,150.0,visa,226.0,debit
C03348-K1,C03348,10864,170.0,150.0,visa,195.0,credit
C01559-K1,C01559,17555,555.0,150.0,visa,226.0,debit
C08297-K1,C08297,21368,216.0,150.0,visa,226.0,credit
C12119-K1,C12119,21470,555.0,150.0,visa,226.0,debit
C03633-K1,C03633,10938,532.0,150.0,mastercard,224.0,debit
C05467-K1,C05467,15178,174.0,150.0,visa,226.0,debit
C04278-K1,C04278,13820,111.0,150.0,visa,226.0,debit
C03060-K1,C03060,20736,472.0,150.0,visa,166.0,debit
C04072-K2,C04072,12702,225.0,150.0,mastercard,126.0,debit
C12036-K2,C12036,22770,111.0,150.0,visa,226.0,debit
C00113-K1,C00113,20137,543.0,150.0,mastercard,224.0,debit
C12320-K1,C12320,18120,399.0,150.0,american express,137.0,credit
C05999-K1,C05999,18335,111.0,150.0,visa,226.0,debit
C09491-K1,C09491,18511,250.0,150.0,visa,226.0,debit
C03441-K3,C03441,15852,586.0,150.0,mastercard,224.0,credit
C02567-K1,C02567,14035,420.0,150.0,mastercard,117.0,debit
C09495-K1,C09495,18784,555.0,150.0,visa,226.0,debit
C10861-K1,C10861,11128,555.0,150.0,american express,199.0,debit
C12889-K1,C12889,18158,220.0,150.0,visa,226.0,debit
C05359-K1,C05359,19276,555.0,150.0,visa,226.0,debit
C11495-K1,C11495,20837,486.0,143.0,mastercard,224.0,debit
C04861-K2,C04861,22156,484.0,150.0,mastercard,224.0,credit
C04759-K1,C04759,14967,399.0,150.0,american express,150.0,credit
C04974-K2,C04974,13360,360.0,150.0,mastercard,166.0,debit
C03388-K1,C03388,17957,480.0,150.0,mastercard,117.0,debit
C01603-K1,C01603,15302,543.0,150.0,mastercard,117.0,debit
C07750-K2,C07750,14562,113.0,150.0,visa,226.0,debit
C04860-K1,C04860,17149,529.0,150.0,visa,162.0,credit
C02978-K1,C02978,19210,,150.0,visa,166.0,debit
C01126-K1,C01126,16372,268.0,150.0,visa,166.0,debit
C02071-K1,C02071,22444,527.0,150.0,visa,226.0,debit
C00415-K1,C00415,11425,321.0,150.0,visa,226.0,debit
C11995-K1,C11995,22344,399.0,150.0,american express,150.0,credit
C07462-K1,C07462,19231,389.0,150.0,visa,226.0,debit
C08374-K1,C08374,10117,583.0,150.0,mastercard,102.0,credit
C04296-K1,C04296,17859,111.0,150.0,visa,226.0,debit
C00924-K1,C00924,17989,555.0,150.0,visa,226.0,debit
C08214-K1,C08214,21266,555.0,150.0,visa,226.0,debit
C04421-K1,C04421,12299,555.0,150.0,visa,226.0,debit
C06556-K1,C06556,15415,555.0,150.0,mastercard,117.0,debit
C06434-K1,C06434,19822,555.0,150.0,mastercard,117.0,debit
C12947-K1,C12947,14102,555.0,150.0,visa,226.0,debit
C01357-K1,C01357,16831,543.0,150.0,mastercard,117.0,debit
C12831-K1,C12831,14485,467.0,150.0,visa,226.0,debit
C00527-K1,C00527,10167,512.0,150.0,visa,226.0,debit
C02389-K1,C02389,14857,555.0,133.0,mastercard,219.0,credit
C00285-K1,C00285,12124,555.0,150.0,visa,226.0,credit
C03108-K2,C03108,12191,360.0,150.0,mastercard,166.0,debit
C08087-K1,C08087,19620,500.0,185.0,mastercard,224.0,credit
C06855-K1,C06855,14517,177.0,185.0,mastercard,102.0,credit
C05738-K1,C05738,10061,555.0,119.0,visa,226.0,credit
C05673-K1,C05673,17848,390.0,150.0,mastercard,224.0,debit
C07594-K1,C07594,16394,277.0,144.0,visa,137.0,credit
C13468-K1,C13468,13253,543.0,150.0,mastercard,224.0,debit
C13410-K1,C13410,19810,512.0,150.0,visa,195.0,debit
C06840-K2,C06840,12032,443.0,150.0,mastercard,137.0,credit
C06870-K1,C06870,18643,555.0,150.0,visa,226.0,debit
C00232-K3,C00232,21426,173.0,150.0,visa,166.0,debit
C12957-K1,C12957,12339,555.0,150.0,visa,226.0,debit
C13340-K1,C13340,17156,,150.0,visa,166.0,debit
C10974-K1,C10974,22790,543.0,150.0,mastercard,117.0,debit
C06599-K1,C06599,21281,555.0,150.0,visa,226.0,debit
C06426-K1,C06426,17785,532.0,150.0,mastercard,224.0,debit
C06578-K1,C06578,19665,,150.0,visa,226.0,debit
C04096-K2,C04096,17625,295.0,150.0,visa,226.0,debit
C01695-K2,C01695,14371,589.0,150.0,visa,226.0,debit
C06582-K2,C06582,21145,170.0,150.0,mastercard,117.0,debit
C03441-K2,C03441,15852,443.0,150.0,mastercard,224.0,debit
C11965-K1,C11965,12023,119.0,150.0,visa,195.0,credit
C05135-K2,C05135,16452,555.0,150.0,visa,226.0,debit
C09641-K1,C09641,18598,302.0,150.0,visa,226.0,debit
C03511-K1,C03511,21184,302.0,150.0,visa,226.0,debit
C06014-K1,C06014,14677,489.0,150.0,mastercard,219.0,debit
C11941-K1,C11941,15222,122.0,150.0,mastercard,166.0,debit
C10725-K1,C10725,11138,555.0,150.0,visa,226.0,debit
C05846-K1,C05846,21624,555.0,150.0,visa,226.0,debit
C01486-K1,C01486,22795,399.0,150.0,american express,133.0,credit
C13334-K1,C13334,20611,555.0,150.0,mastercard,117.0,debit
C06218-K1,C06218,22440,298.0,150.0,visa,226.0,debit
C09581-K1,C09581,18588,555.0,150.0,visa,226.0,debit
C02015-K1,C02015,11428,532.0,150.0,mastercard,224.0,debit
C02024-K1,C02024,18646,555.0,150.0,visa,226.0,debit
C01096-K1,C01096,12402,390.0,150.0,mastercard,102.0,credit
C08646-K2,C08646,12263,532.0,150.0,mastercard,223.0,debit
C04265-K1,C04265,22635,399.0,150.0,american express,185.0,credit
C02044-K2,C02044,19955,111.0,150.0,visa,226.0,debit
C06549-K1,C06549,19440,390.0,150.0,mastercard,224.0,debit
C00941-K1,C00941,15236,555.0,150.0,mastercard,117.0,debit
C09496-K1,C09496,16466,555.0,150.0,visa,226.0,debit
C05083-K1,C05083,22111,143.0,150.0,visa,226.0,debit
C02873-K1,C02873,22549,555.0,150.0,visa,226.0,debit
C01694-K1,C01694,15135,280.0,150.0,mastercard,117.0,debit
C10100-K1,C10100,11998,555.0,150.0,visa,226.0,debit
C03066-K1,C03066,11470,170.0,150.0,visa,195.0,credit
C00560-K1,C00560,16879,510.0,150.0,mastercard,117.0,debit
C13151-K1,C13151,22088,399.0,150.0,american express,150.0,credit
C07123-K1,C07123,11711,420.0,150.0,mastercard,224.0,debit
C09445-K1,C09445,16303,360.0,150.0,visa,166.0,debit
C09855-K2,C09855,21338,315.0,150.0,visa,226.0,debit
C08577-K1,C08577,13698,225.0,150.0,mastercard,224.0,debit
C04545-K1,C04545,14767,418.0,150.0,visa,226.0,credit
C03353-K1,C03353,19897,555.0,150.0,visa,226.0,debit
C02604-K2,C02604,22700,343.0,150.0,mastercard,229.0,debit
C08478-K1,C08478,17451,390.0,150.0,mastercard,224.0,debit
C10383-K2,C10383,11535,360.0,150.0,mastercard,126.0,debit
C08384-K1,C08384,21662,275.0,150.0,mastercard,224.0,debit
C12925-K1,C12925,22653,360.0,150.0,mastercard,126.0,debit
C01892-K1,C01892,13693,555.0,150.0,visa,226.0,debit
C05182-K1,C05182,12064,555.0,150.0,visa,226.0,debit
C12634-K1,C12634,20073,111.0,150.0,visa,226.0,debit
C13196-K1,C13196,14586,268.0,150.0,visa,126.0,debit
C02070-K1,C02070,11867,555.0,150.0,mastercard,117.0,debit
C03656-K2,C03656,18355,514.0,150.0,mastercard,224.0,debit
C03263-K1,C03263,12461,555.0,150.0,american express,,credit
C13219-K1,C13219,18314,441.0,150.0,visa,226.0,credit
C00557-K1,C00557,19249,170.0,150.0,visa,226.0,credit
C11109-K1,C11109,17122,555.0,150.0,mastercard,117.0,debit
C11806-K1,C11806,10345,487.0,150.0,visa,226.0,credit
C08968-K1,C08968,15893,275.0,150.0,mastercard,224.0,debit
C13138-K1,C13138,17163,393.0,150.0,mastercard,195.0,debit
C11332-K1,C11332,21633,583.0,150.0,mastercard,195.0,credit
C13153-K1,C13153,18381,399.0,150.0,american express,236.0,credit
C08147-K2,C08147,20562,548.0,150.0,visa,226.0,credit
C01574-K1,C01574,11845,520.0,150.0,american express,190.0,credit
C06909-K1,C06909,20622,383.0,150.0,visa,226.0,debit
C12991-K1,C12991,21875,594.0,150.0,visa,226.0,debit
C00911-K1,C00911,14067,373.0,150.0,visa,226.0,debit
C01349-K2,C01349,17029,127.0,150.0,mastercard,224.0,debit
C05519-K2,C05519,15031,505.0,150.0,visa,226.0,debit
C03368-K1,C03368,14937,308.0,150.0,visa,226.0,debit
C10647-K1,C10647,21031,555.0,150.0,mastercard,117.0,debit
C04492-K1,C04492,12210,555.0,150.0,visa,166.0,debit
C02171-K1,C02171,21988,111.0,150.0,visa,226.0,debit
C13382-K1,C13382,12557,555.0,150.0,visa,226.0,debit
C08985-K1,C08985,22081,305.0,106.0,mastercard,224.0,credit
C05694-K1,C05694,15933,399.0,150.0,american express,198.0,credit
C07736-K1,C07736,11837,581.0,150.0,visa,226.0,debit
C04885-K1,C04885,22100,194.0,150.0,mastercard,166.0,debit
C06559-K1,C06559,11180,,150.0,visa,166.0,debit
C00724-K1,C00724,12134,555.0,150.0,visa,226.0,debit
C08426-K1,C08426,15695,555.0,146.0,mastercard,190.0,credit
C09683-K1,C09683,16565,399.0,150.0,american express,150.0,credit
C12201-K1,C12201,17291,555.0,150.0,visa,226.0,debit
C01289-K2,C01289,10103,512.0,150.0,mastercard,224.0,debit
C07299-K2,C07299,23459,111.0,150.0,mastercard,224.0,debit
C05872-K1,C05872,18553,390.0,150.0,mastercard,224.0,debit
C08549-K1,C08549,10960,555.0,150.0,visa,226.0,debit
C02065-K1,C02065,17920,174.0,150.0,visa,195.0,debit
C13390-K1,C13390,20405,127.0,150.0,mastercard,117.0,debit
C09283-K1,C09283,11223,542.0,150.0,visa,226.0,credit
C02165-K1,C02165,21996,555.0,150.0,visa,226.0,debit
C05428-K1,C05428,22802,310.0,150.0,mastercard,224.0,debit
C11656-K1,C11656,15129,555.0,150.0,visa,226.0,debit
C05453-K2,C05453,15223,582.0,150.0,mastercard,224.0,debit
C12431-K1,C12431,18298,555.0,150.0,visa,226.0,debit
C03185-K1,C03185,22455,399.0,150.0,american express,198.0,credit
C11642-K1,C11642,20610,238.0,185.0,visa,102.0,credit
C07134-K2,C07134,10224,170.0,150.0,mastercard,102.0,credit
C11158-K1,C11158,21902,244.0,150.0,visa,226.0,debit
C01365-K2,C01365,18852,512.0,150.0,mastercard,117.0,debit
C01179-K1,C01179,20153,369.0,150.0,mastercard,224.0,debit
C06215-K1,C06215,19118,214.0,150.0,visa,226.0,debit
C09137-K1,C09137,12478,302.0,150.0,visa,226.0,debit
C06954-K1,C06954,18326,555.0,150.0,visa,226.0,debit
C08148-K1,C08148,15066,555.0,150.0,visa,226.0,debit
C10289-K1,C10289,11530,555.0,150.0,visa,226.0,debit
C12694-K1,C12694,14528,555.0,150.0,visa,226.0,credit
C10065-K1,C10065,22783,225.0,150.0,mastercard,117.0,debit
C12586-K1,C12586,11039,338.0,150.0,visa,226.0,debit
C00068-K1,C00068,14129,555.0,150.0,visa,138.0,debit
C11914-K1,C11914,13317,360.0,150.0,visa,226.0,debit
C06161-K1,C06161,23133,555.0,150.0,visa,226.0,debit
C11547-K1,C11547,17117,368.0,100.0,visa,226.0,credit
C00090-K1,C00090,16189,183.0,150.0,visa,226.0,debit
C03504-K1,C03504,22619,399.0,150.0,american express,236.0,credit
C01869-K1,C01869,13413,298.0,150.0,visa,226.0,debit
C00650-K1,C00650,13578,555.0,150.0,visa,226.0,debit
C04038-K2,C04038,20163,310.0,150.0,mastercard,224.0,debit
C06320-K1,C06320,17435,418.0,150.0,visa,226.0,debit
C04571-K2,C04571,12193,321.0,150.0,visa,195.0,debit
C07228-K1,C07228,12740,555.0,150.0,mastercard,117.0,debit
C12999-K2,C12999,16068,543.0,150.0,mastercard,224.0,debit
C00674-K1,C00674,17667,555.0,150.0,mastercard,117.0,debit
C05587-K1,C05587,15047,555.0,150.0,visa,226.0,credit
C00364-K1,C00364,23541,555.0,150.0,visa,226.0,debit
C08477-K3,C08477,12333,110.0,150.0,visa,138.0,debit
C08936-K1,C08936,12785,302.0,150.0,visa,226.0,debit
C07908-K1,C07908,16780,555.0,150.0,visa,226.0,debit
C12041-K1,C12041,19625,310.0,150.0,mastercard,224.0,debit
C04683-K1,C04683,21157,298.0,150.0,visa,226.0,debit
C00414-K1,C00414,11625,555.0,150.0,visa,226.0,debit
C09939-K1,C09939,20475,500.0,185.0,mastercard,197.0,credit
C08414-K1,C08414,18267,225.0,150.0,mastercard,117.0,debit
C13005-K1,C13005,11007,399.0,150.0,american express,102.0,credit
C11258-K1,C11258,22943,399.0,150.0,american express,198.0,credit
C08839-K2,C08839,19792,555.0,150.0,mastercard,117.0,debit
C07687-K1,C07687,16086,399.0,150.0,american express,137.0,credit
C02196-K1,C02196,11624,555.0,150.0,visa,226.0,debit
C06197-K4,C06197,20206,321.0,150.0,visa,226.0,debit
C10322-K1,C10322,14156,555.0,150.0,visa,226.0,debit
C07130-K1,C07130,15526,127.0,150.0,mastercard,117.0,debit
C00892-K1,C00892,15822,412.0,150.0,visa,226.0,debit
C05566-K1,C05566,15213,555.0,150.0,visa,226.0,debit
C01492-K1,C01492,15723,115.0,150.0,visa,226.0,debit
C01657-K1,C01657,17245,555.0,150.0,visa,226.0,debit
C02907-K1,C02907,17602,170.0,150.0,mastercard,102.0,credit
C11915-K1,C11915,12396,229.0,150.0,visa,226.0,debit
C07978-K1,C07978,22001,555.0,150.0,visa,226.0,debit
C08972-K2,C08972,18223,562.0,150.0,mastercard,197.0,debit
C12936-K1,C12936,15982,481.0,150.0,mastercard,219.0,credit
C12802-K1,C12802,19158,543.0,150.0,mastercard,224.0,debit
C11041-K1,C11041,13362,206.0,150.0,visa,166.0,debit
C12569-K1,C12569,22268,399.0,150.0,american express,146.0,credit
C00865-K1,C00865,19958,512.0,150.0,visa,226.0,credit
C11891-K1,C11891,18586,177.0,185.0,mastercard,195.0,credit
C06624-K1,C06624,12099,555.0,150.0,visa,226.0,debit
C01965-K1,C01965,13659,225.0,150.0,mastercard,224.0,debit
C05332-K1,C05332,16833,566.0,150.0,visa,162.0,credit
C02127-K2,C02127,19546,555.0,150.0,mastercard,117.0,debit
C04661-K1,C04661,22135,194.0,150.0,mastercard,166.0,debit
C05118-K1,C05118,18957,321.0,150.0,visa,226.0,debit
C13343-K2,C13343,15516,342.0,150.0,visa,226.0,debit
C02826-K1,C02826,22441,555.0,150.0,visa,226.0,debit
C05346-K1,C05346,13000,555.0,150.0,visa,226.0,debit
C06590-K1,C06590,13261,126.0,150.0,visa,166.0,debit
C03464-K1,C03464,22713,147.0,150.0,visa,226.0,debit
C06078-K1,C06078,21458,321.0,150.0,visa,226.0,debit
C10569-K2,C10569,12246,143.0,150.0,visa,195.0,debit
C13513-K1,C13513,17544,170.0,150.0,mastercard,102.0,credit
C02945-K1,C02945,16617,409.0,150.0,visa,226.0,debit
C08917-K1,C08917,13450,399.0,150.0,american express,236.0,credit
C01461-K1,C01461,16357,250.0,150.0,visa,226.0,debit
C01590-K1,C01590,13691,517.0,150.0,mastercard,224.0,debit
C10992-K1,C10992,16770,543.0,150.0,mastercard,117.0,debit
C08823-K1,C08823,17108,199.0,150.0,mastercard,219.0,credit
C12642-K1,C12642,19088,555.0,150.0,visa,226.0,debit
C05063-K1,C05063,14524,532.0,150.0,mastercard,224.0,debit
C00422-K1,C00422,11465,225.0,150.0,mastercard,224.0,debit
C13088-K1,C13088,22124,583.0,150.0,visa,226.0,credit
C00197-K1,C00197,16667,174.0,150.0,visa,141.0,credit
C12208-K1,C12208,10254,346.0,150.0,mastercard,195.0,debit
C03389-K1,C03389,17953,361.0,150.0,visa,226.0,debit
C01372-K2,C01372,13894,554.0,150.0,mastercard,224.0,debit
C13061-K1,C13061,19220,553.0,150.0,visa,226.0,credit
C10020-K1,C10020,20868,362.0,150.0,visa,226.0,debit
C01310-K1,C01310,22768,555.0,150.0,visa,226.0,debit
C05020-K1,C05020,20886,555.0,150.0,visa,226.0,debit
C12128-K1,C12128,19504,310.0,150.0,mastercard,117.0,debit
C07093-K1,C07093,23540,411.0,150.0,visa,195.0,debit
C12007-K2,C12007,19817,111.0,150.0,mastercard,224.0,debit
C02565-K1,C02565,23227,555.0,150.0,visa,226.0,debit
C11485-K2,C11485,13038,445.0,150.0,mastercard,224.0,credit
C11132-K1,C11132,14392,127.0,150.0,mastercard,224.0,debit
C07728-K1,C07728,15647,225.0,150.0,mastercard,224.0,debit
C04898-K1,C04898,16332,439.0,144.0,mastercard,224.0,debit
C06350-K3,C06350,15917,555.0,150.0,mastercard,224.0,debit
C02513-K1,C02513,21482,544.0,150.0,mastercard,117.0,debit
C02114-K1,C02114,15126,271.0,150.0,visa,141.0,credit
C00739-K1,C00739,13190,275.0,150.0,mastercard,224.0,debit
C04392-K1,C04392,18313,390.0,150.0,mastercard,224.0,debit
C08375-K1,C08375,22290,111.0,150.0,mastercard,102.0,credit
C11640-K1,C11640,12310,555.0,150.0,visa,226.0,debit
C10769-K1,C10769,17007,111.0,150.0,mastercard,224.0,debit
C03752-K1,C03752,16367,225.0,150.0,mastercard,224.0,debit
C13027-K1,C13027,14274,543.0,150.0,mastercard,117.0,debit
C11884-K1,C11884,19145,555.0,150.0,visa,226.0,debit
C03194-K1,C03194,21944,583.0,150.0,mastercard,195.0,credit
C01638-K1,C01638,19116,555.0,135.0,mastercard,,credit
C12044-K1,C12044,12066,555.0,119.0,mastercard,137.0,credit
C13009-K2,C13009,18947,174.0,150.0,mastercard,195.0,debit
C02968-K1,C02968,10739,455.0,150.0,mastercard,224.0,debit
C02989-K1,C02989,11763,383.0,150.0,visa,226.0,debit
C04425-K1,C04425,12617,555.0,150.0,visa,226.0,debit
C02149-K1,C02149,10376,555.0,150.0,visa,226.0,credit
C11080-K1,C11080,13093,143.0,150.0,visa,226.0,debit
C09196-K1,C09196,10136,583.0,150.0,visa,226.0,credit
C06237-K1,C06237,11418,534.0,150.0,visa,226.0,debit
C11595-K1,C11595,18175,500.0,185.0,mastercard,224.0,credit
C05692-K1,C05692,20996,111.0,150.0,mastercard,117.0,debit
C09873-K1,C09873,23282,168.0,144.0,visa,147.0,credit
C02719-K1,C02719,13607,543.0,150.0,mastercard,224.0,debit
C11117-K2,C11117,19744,,150.0,visa,226.0,debit
C11765-K1,C11765,14759,555.0,150.0,visa,226.0,debit
C05029-K1,C05029,16663,385.0,150.0,visa,226.0,debit
C04414-K1,C04414,19503,553.0,150.0,american express,131.0,credit
C06467-K1,C06467,16330,492.0,150.0,visa,226.0,credit
C11584-K1,C11584,16558,555.0,150.0,visa,226.0,debit
C10279-K1,C10279,13993,555.0,153.0,mastercard,224.0,debit
C09741-K1,C09741,11538,519.0,150.0,mastercard,117.0,debit
C06872-K1,C06872,20698,555.0,147.0,mastercard,166.0,debit
C00449-K1,C00449,15538,555.0,150.0,visa,226.0,debit
C12667-K1,C12667,19542,514.0,150.0,mastercard,224.0,debit
C00938-K1,C00938,23419,271.0,150.0,visa,226.0,debit
C12932-K2,C12932,14202,360.0,150.0,mastercard,229.0,debit
C11615-K1,C11615,14672,555.0,150.0,visa,226.0,debit
C02053-K1,C02053,17157,555.0,150.0,visa,226.0,credit
C10685-K1,C10685,20732,390.0,150.0,mastercard,224.0,debit
C05748-K1,C05748,21369,555.0,150.0,visa,226.0,credit
C00045-K1,C00045,21537,545.0,185.0,visa,226.0,credit
C11275-K1,C11275,19185,555.0,150.0,visa,226.0,credit
C01361-K1,C01361,11525,555.0,137.0,visa,162.0,credit
C08703-K1,C08703,18724,390.0,150.0,mastercard,224.0,debit
C09227-K1,C09227,19733,255.0,150.0,visa,226.0,debit
C09685-K1,C09685,10962,225.0,150.0,mastercard,224.0,debit
C05008-K1,C05008,21802,555.0,150.0,visa,226.0,debit
C12225-K2,C12225,19015,226.0,150.0,mastercard,102.0,credit
C01859-K1,C01859,10187,285.0,150.0,visa,226.0,debit
C02055-K1,C02055,22923,399.0,150.0,american express,118.0,credit
C13032-K2,C13032,12969,320.0,150.0,mastercard,224.0,credit
C12111-K1,C12111,18740,111.0,150.0,visa,226.0,debit
C08744-K1,C08744,10360,555.0,150.0,visa,226.0,credit
C09125-K1,C09125,17567,555.0,150.0,visa,226.0,credit
C02079-K1,C02079,18391,111.0,150.0,visa,195.0,credit
C08918-K2,C08918,22404,111.0,150.0,visa,162.0,credit
C10334-K2,C10334,15171,512.0,150.0,mastercard,224.0,debit
C04729-K1,C04729,16661,583.0,150.0,visa,226.0,credit
C13517-K2,C13517,16750,512.0,150.0,visa,166.0,debit
C12696-K1,C12696,12424,555.0,150.0,mastercard,117.0,debit
C03842-K1,C03842,17444,390.0,150.0,mastercard,117.0,debit
C02217-K1,C02217,20987,390.0,150.0,mastercard,224.0,debit
C08528-K1,C08528,15774,174.0,150.0,visa,226.0,debit
C06772-K1,C06772,18549,369.0,150.0,mastercard,224.0,debit
C11859-K1,C11859,22570,341.0,185.0,visa,195.0,credit
C08730-K1,C08730,12560,321.0,150.0,visa,226.0,debit
C06764-K2,C06764,13651,225.0,150.0,visa,166.0,debit
C10203-K1,C10203,19528,555.0,150.0,visa,226.0,debit
C10905-K1,C10905,23534,399.0,150.0,american express,132.0,credit
C09270-K1,C09270,17868,555.0,150.0,visa,226.0,debit
C05116-K1,C05116,10539,514.0,150.0,mastercard,224.0,debit
C00384-K1,C00384,12102,555.0,150.0,visa,226.0,debit
C07742-K1,C07742,23112,543.0,150.0,mastercard,224.0,debit
C11809-K1,C11809,11215,555.0,150.0,visa,226.0,debit
C09078-K1,C09078,23469,321.0,150.0,visa,226.0,debit
C10175-K1,C10175,11633,514.0,143.0,visa,162.0,credit
C05766-K1,C05766,18116,194.0,150.0,mastercard,166.0,debit
C04358-K1,C04358,17373,343.0,150.0,visa,195.0,credit
C13528-K1,C13528,15565,555.0,150.0,visa,226.0,debit
C02247-K1,C02247,19801,555.0,162.0,mastercard,195.0,credit
C11073-K1,C11073,13458,555.0,150.0,visa,226.0,debit
C10037-K1,C10037,16549,174.0,150.0,visa,226.0,debit
C04274-K1,C04274,21645,532.0,150.0,mastercard,224.0,debit
C06437-K1,C06437,12014,553.0,150.0,visa,226.0,debit
C12770-K1,C12770,21707,555.0,150.0,visa,226.0,debit
C00584-K1,C00584,11548,555.0,150.0,visa,226.0,credit
C13499-K1,C13499,14259,533.0,150.0,mastercard,219.0,credit
C09836-K1,C09836,16230,543.0,150.0,mastercard,224.0,debit
C04801-K1,C04801,19953,467.0,150.0,visa,226.0,debit
C13430-K1,C13430,15595,543.0,150.0,mastercard,224.0,debit
C03558-K1,C03558,15651,161.0,150.0,mastercard,195.0,debit
C12132-K2,C12132,16951,360.0,150.0,mastercard,126.0,debit
C12838-K1,C12838,16453,555.0,150.0,visa,226.0,debit
C12454-K1,C12454,10337,399.0,150.0,american express,198.0,credit
C00983-K1,C00983,14634,100.0,150.0,mastercard,102.0,credit
C03451-K1,C03451,14294,170.0,150.0,visa,226.0,credit
C03783-K2,C03783,17355,122.0,150.0,mastercard,126.0,debit
C03255-K1,C03255,11749,532.0,150.0,mastercard,224.0,debit
C11666-K1,C11666,17105,321.0,150.0,visa,226.0,debit
C03917-K1,C03917,20414,302.0,150.0,visa,226.0,debit
C12233-K1,C12233,16605,226.0,150.0,mastercard,190.0,credit
C11968-K1,C11968,18807,225.0,150.0,mastercard,117.0,debit
C03146-K1,C03146,23075,399.0,150.0,american express,150.0,credit
C01897-K1,C01897,18551,555.0,150.0,visa,226.0,debit
C00897-K1,C00897,15963,390.0,150.0,mastercard,224.0,debit
C00535-K1,C00535,22793,543.0,150.0,mastercard,224.0,debit
C00712-K1,C00712,21498,216.0,150.0,mastercard,219.0,credit
C02562-K1,C02562,19871,127.0,150.0,mastercard,224.0,debit
C06976-K1,C06976,12336,111.0,150.0,visa,195.0,debit
C00301-K2,C00301,19678,512.0,150.0,mastercard,224.0,debit
C07909-K1,C07909,19022,552.0,150.0,visa,226.0,debit
C07988-K1,C07988,12219,360.0,143.0,mastercard,126.0,debit
C11644-K1,C11644,19161,321.0,150.0,visa,226.0,debit
C01122-K1,C01122,20941,414.0,143.0,mastercard,232.0,credit
C07547-K1,C07547,22470,216.0,150.0,visa,226.0,credit
C00659-K1,C00659,21585,111.0,150.0,visa,195.0,debit
C02782-K2,C02782,12976,408.0,185.0,visa,226.0,debit
C06538-K2,C06538,19232,555.0,150.0,visa,166.0,debit
C10884-K1,C10884,12906,467.0,150.0,visa,226.0,debit
C12778-K1,C12778,14291,364.0,146.0,mastercard,224.0,credit
C08045-K1,C08045,16716,555.0,150.0,visa,226.0,debit
C04879-K1,C04879,23413,390.0,150.0,mastercard,224.0,debit
C08537-K1,C08537,21650,228.0,106.0,visa,137.0,credit
C10902-K1,C10902,18371,390.0,150.0,mastercard,117.0,debit
C06039-K1,C06039,15279,555.0,150.0,visa,226.0,debit
C10385-K1,C10385,16400,555.0,138.0,visa,166.0,debit
C06929-K1,C06929,10463,555.0,150.0,visa,226.0,credit
C12523-K1,C12523,21075,381.0,150.0,mastercard,117.0,debit
C12307-K1,C12307,12937,271.0,150.0,visa,226.0,credit
C04755-K1,C04755,10590,555.0,150.0,visa,226.0,debit
C12276-K1,C12276,19085,555.0,150.0,visa,226.0,debit
C11298-K2,C11298,17353,554.0,150.0,visa,226.0,debit
C10474-K1,C10474,22959,555.0,150.0,visa,195.0,debit
C09623-K2,C09623,16415,127.0,150.0,mastercard,224.0,debit
C10756-K1,C10756,11955,399.0,150.0,american express,146.0,credit
C12680-K1,C12680,13338,405.0,185.0,visa,137.0,credit
C09573-K1,C09573,17999,514.0,150.0,mastercard,102.0,credit
C02320-K2,C02320,14856,490.0,150.0,visa,166.0,debit
C07646-K2,C07646,17080,360.0,150.0,mastercard,166.0,debit
C07244-K1,C07244,17589,555.0,150.0,visa,226.0,debit
C11215-K1,C11215,19841,420.0,150.0,mastercard,224.0,debit
C04058-K1,C04058,15789,555.0,146.0,visa,226.0,credit
C03312-K1,C03312,21984,555.0,150.0,visa,226.0,debit
C06962-K2,C06962,16301,453.0,150.0,visa,226.0,debit
C12396-K2,C12396,18781,555.0,117.0,visa,226.0,debit
C10467-K1,C10467,12275,555.0,213.0,visa,166.0,debit
C10130-K1,C10130,17680,555.0,150.0,visa,226.0,debit
C12966-K1,C12966,21538,266.0,185.0,mastercard,224.0,credit
C11445-K2,C11445,21993,360.0,150.0,visa,226.0,debit
C09582-K1,C09582,10488,206.0,150.0,mastercard,166.0,debit
C00826-K1,C00826,22710,569.0,117.0,visa,226.0,credit
C03316-K2,C03316,13786,193.0,150.0,visa,226.0,debit
C09241-K2,C09241,11324,321.0,150.0,visa,226.0,debit
C11363-K1,C11363,20150,555.0,150.0,visa,226.0,credit
C01926-K1,C01926,13276,390.0,150.0,mastercard,224.0,debit
C01671-K1,C01671,16222,310.0,150.0,mastercard,224.0,debit
C06373-K1,C06373,17947,100.0,150.0,mastercard,224.0,credit
C05625-K2,C05625,13545,111.0,150.0,visa,166.0,debit
C02479-K2,C02479,12226,111.0,150.0,mastercard,117.0,debit
C03711-K2,C03711,15040,360.0,150.0,visa,166.0,debit
C02858-K1,C02858,14255,555.0,150.0,visa,195.0,debit
C12690-K2,C12690,16237,417.0,150.0,visa,226.0,debit
C01755-K2,C01755,10769,174.0,150.0,visa,226.0,credit
C12305-K1,C12305,19150,399.0,150.0,american express,150.0,credit
C09398-K1,C09398,18874,555.0,150.0,visa,226.0,debit
C11907-K1,C11907,12241,360.0,150.0,visa,100.0,debit
C02573-K2,C02573,23394,268.0,150.0,visa,166.0,debit
C04282-K1,C04282,22525,487.0,150.0,visa,226.0,debit
C01995-K1,C01995,10616,399.0,150.0,american express,118.0,credit
C11670-K2,C11670,15343,,150.0,visa,226.0,debit
C07918-K1,C07918,10991,390.0,150.0,mastercard,224.0,debit
C06835-K2,C06835,13228,111.0,150.0,visa,226.0,debit
C10936-K1,C10936,15927,287.0,150.0,mastercard,102.0,credit
C11844-K2,C11844,10792,103.0,185.0,visa,137.0,credit
C13397-K1,C13397,13568,543.0,150.0,mastercard,224.0,debit
C03880-K1,C03880,11274,309.0,150.0,visa,226.0,debit
C10127-K2,C10127,18135,174.0,150.0,visa,226.0,debit
C00834-K2,C00834,12053,555.0,150.0,visa,226.0,debit
C10933-K1,C10933,13300,111.0,150.0,visa,226.0,credit
C10218-K1,C10218,12445,399.0,150.0,american express,150.0,credit
C08943-K2,C08943,11266,174.0,150.0,visa,183.0,debit
C02000-K2,C02000,16800,269.0,150.0,mastercard,224.0,debit
C10310-K1,C10310,16957,555.0,150.0,visa,226.0,debit
C11945-K2,C11945,15846,268.0,150.0,visa,166.0,debit
C10757-K2,C10757,11646,134.0,150.0,visa,226.0,credit
C09219-K1,C09219,17761,555.0,150.0,mastercard,140.0,debit
C12656-K1,C12656,12737,555.0,150.0,visa,100.0,debit
C00513-K1,C00513,23485,353.0,150.0,mastercard,117.0,debit
C02709-K1,C02709,12412,111.0,150.0,visa,226.0,debit
C03397-K1,C03397,10695,545.0,185.0,visa,226.0,credit
C01595-K1,C01595,11581,369.0,150.0,mastercard,117.0,debit
C00106-K1,C00106,17101,555.0,150.0,visa,226.0,debit
C12471-K1,C12471,14803,,150.0,visa,195.0,debit
C08443-K1,C08443,12340,555.0,150.0,visa,226.0,debit
C00092-K1,C00092,22321,225.0,150.0,mastercard,224.0,debit
C09530-K1,C09530,19036,543.0,150.0,mastercard,224.0,debit
C00768-K2,C00768,14644,215.0,150.0,visa,226.0,debit
C03551-K4,C03551,10286,555.0,150.0,visa,226.0,debit
C03457-K1,C03457,10585,310.0,150.0,mastercard,224.0,debit
C03486-K2,C03486,21109,543.0,150.0,mastercard,224.0,debit
C05031-K2,C05031,23208,296.0,185.0,visa,138.0,debit
C11777-K1,C11777,13195,555.0,150.0,visa,226.0,debit
C06485-K1,C06485,18821,480.0,150.0,mastercard,117.0,debit
C09422-K1,C09422,20737,555.0,150.0,visa,226.0,credit
C07074-K2,C07074,15038,555.0,150.0,mastercard,224.0,debit
C12061-K2,C12061,19690,111.0,150.0,visa,226.0,debit
C05540-K1,C05540,22954,555.0,117.0,mastercard,126.0,debit
C01818-K2,C01818,17366,512.0,150.0,mastercard,166.0,debit
C02330-K1,C02330,11658,316.0,150.0,visa,226.0,debit
C02809-K2,C02809,22640,346.0,150.0,mastercard,224.0,debit
C11453-K1,C11453,23522,555.0,210.0,mastercard,137.0,debit
C00348-K1,C00348,21803,430.0,150.0,mastercard,224.0,debit
C01589-K1,C01589,22738,555.0,102.0,visa,226.0,credit
C07800-K1,C07800,15761,381.0,150.0,visa,226.0,debit
C11429-K1,C11429,17701,256.0,150.0,visa,226.0,debit
C01280-K1,C01280,17082,121.0,150.0,visa,226.0,debit
C12745-K1,C12745,12020,472.0,150.0,visa,166.0,debit
C06554-K1,C06554,20200,555.0,150.0,visa,166.0,debit
C10223-K2,C10223,10888,254.0,150.0,visa,226.0,debit
C06708-K2,C06708,21568,226.0,150.0,mastercard,102.0,credit
C11846-K2,C11846,16988,361.0,150.0,visa,226.0,debit
C08575-K1,C08575,23521,321.0,150.0,visa,226.0,debit
C13233-K1,C13233,23479,555.0,150.0,visa,226.0,debit
C02717-K1,C02717,10272,399.0,150.0,american express,146.0,credit
C00273-K1,C00273,18499,514.0,150.0,mastercard,219.0,credit
C05791-K2,C05791,16609,111.0,150.0,visa,195.0,debit
C08183-K1,C08183,21801,554.0,150.0,mastercard,224.0,debit
C11203-K1,C11203,18764,321.0,150.0,visa,226.0,debit
C09869-K1,C09869,14092,230.0,150.0,mastercard,224.0,debit
C05476-K1,C05476,15496,555.0,150.0,visa,226.0,debit
C02891-K1,C02891,16563,225.0,150.0,mastercard,117.0,debit
C08765-K1,C08765,10560,555.0,150.0,visa,226.0,debit
C04369-K1,C04369,15671,555.0,150.0,visa,226.0,debit
C11558-K2,C11558,18340,490.0,150.0,visa,226.0,debit
C06350-K2,C06350,15917,555.0,150.0,mastercard,195.0,debit
C11871-K1,C11871,17579,555.0,150.0,visa,226.0,debit
C08733-K1,C08733,18973,555.0,150.0,visa,226.0,debit
C02545-K2,C02545,11509,459.0,185.0,mastercard,224.0,credit
C09604-K1,C09604,23042,555.0,150.0,visa,226.0,debit
C01301-K1,C01301,16937,225.0,150.0,mastercard,117.0,debit
C02020-K1,C02020,17260,310.0,150.0,mastercard,224.0,debit
C08902-K2,C08902,21972,555.0,143.0,mastercard,224.0,debit
C11818-K2,C11818,17399,534.0,150.0,visa,226.0,debit
C05751-K1,C05751,18642,,150.0,visa,,credit
C12245-K2,C12245,18812,225.0,150.0,mastercard,117.0,debit
C08989-K2,C08989,12767,528.0,150.0,visa,226.0,credit
C08675-K1,C08675,13633,399.0,150.0,american express,185.0,credit
C07729-K1,C07729,15588,361.0,150.0,visa,226.0,credit
C04775-K1,C04775,15420,118.0,185.0,visa,226.0,credit
C04262-K1,C04262,22119,555.0,150.0,visa,226.0,credit
C00294-K2,C00294,11260,103.0,185.0,visa,226.0,debit
C08877-K1,C08877,23364,543.0,150.0,mastercard,117.0,debit
C07811-K1,C07811,22204,555.0,150.0,visa,226.0,credit
C03999-K1,C03999,22813,111.0,150.0,mastercard,102.0,credit
C08796-K2,C08796,11177,524.0,150.0,visa,226.0,debit
C08602-K1,C08602,16526,555.0,150.0,visa,226.0,debit
C13407-K1,C13407,21245,408.0,185.0,mastercard,102.0,debit
C06279-K1,C06279,22938,439.0,144.0,mastercard,224.0,credit
C06630-K2,C06630,19691,500.0,185.0,mastercard,137.0,credit
C07006-K1,C07006,17551,359.0,150.0,visa,226.0,credit
C08032-K1,C08032,13351,555.0,150.0,visa,226.0,debit
C05935-K2,C05935,15248,225.0,150.0,mastercard,117.0,debit
C11444-K1,C11444,13314,142.0,185.0,mastercard,224.0,debit
C13303-K1,C13303,10449,555.0,144.0,visa,226.0,debit
C06655-K1,C06655,14438,555.0,150.0,mastercard,117.0,debit
C01941-K1,C01941,10062,555.0,150.0,visa,226.0,debit
C04788-K1,C04788,14073,543.0,150.0,mastercard,224.0,debit
C05307-K2,C05307,20655,142.0,185.0,visa,138.0,debit
C03161-K1,C03161,12144,321.0,150.0,visa,226.0,debit
C00895-K1,C00895,20678,503.0,150.0,visa,226.0,debit
C12407-K1,C12407,15945,170.0,150.0,mastercard,195.0,debit
C01436-K1,C01436,20511,379.0,102.0,visa,138.0,debit
C07762-K2,C07762,10169,209.0,150.0,mastercard,224.0,debit
C10424-K1,C10424,22762,,150.0,visa,166.0,debit
C08438-K1,C08438,20973,416.0,150.0,visa,226.0,debit
C01659-K1,C01659,10772,567.0,150.0,visa,226.0,credit
C08637-K2,C08637,18278,496.0,150.0,mastercard,224.0,debit
C05739-K2,C05739,13281,490.0,150.0,visa,195.0,debit
C03141-K1,C03141,11529,321.0,150.0,visa,226.0,debit
C00218-K1,C00218,19740,225.0,150.0,mastercard,224.0,debit
C05385-K2,C05385,15997,321.0,150.0,visa,100.0,debit
C07337-K1,C07337,17497,390.0,150.0,mastercard,195.0,debit
C00728-K2,C00728,12948,111.0,150.0,visa,226.0,debit
C02355-K1,C02355,13482,216.0,150.0,visa,226.0,credit
C12322-K2,C12322,17930,555.0,150.0,mastercard,117.0,debit
C01922-K2,C01922,17118,458.0,150.0,visa,226.0,debit
C10023-K1,C10023,12431,110.0,150.0,visa,226.0,credit
C03708-K2,C03708,17537,404.0,150.0,mastercard,102.0,credit
C09900-K1,C09900,11580,555.0,150.0,visa,226.0,debit
C12946-K1,C12946,21780,360.0,150.0,visa,166.0,debit
C09992-K1,C09992,10146,,150.0,visa,166.0,debit
C07275-K1,C07275,10202,555.0,150.0,visa,226.0,debit
C04785-K1,C04785,11042,555.0,150.0,visa,226.0,debit
C07986-K1,C07986,12787,389.0,150.0,visa,226.0,debit
C00502-K1,C00502,22328,555.0,150.0,mastercard,166.0,debit
C12137-K1,C12137,17076,399.0,150.0,american express,198.0,credit
C13369-K1,C13369,19159,555.0,150.0,mastercard,102.0,credit
C08909-K2,C08909,23489,530.0,150.0,visa,226.0,debit
C08510-K1,C08510,20561,249.0,150.0,visa,226.0,credit
C02219-K2,C02219,10025,555.0,150.0,visa,226.0,debit
C04716-K1,C04716,11549,555.0,150.0,visa,226.0,debit
C05263-K2,C05263,14331,111.0,150.0,visa,166.0,debit
C08489-K2,C08489,18182,170.0,150.0,visa,226.0,credit
C13060-K1,C13060,18050,399.0,150.0,american express,102.0,credit
C05469-K1,C05469,20134,275.0,150.0,mastercard,224.0,debit
C09680-K2,C09680,13016,529.0,150.0,visa,226.0,credit
C06430-K2,C06430,17043,555.0,150.0,mastercard,166.0,debit
C08008-K1,C08008,12223,356.0,150.0,mastercard,224.0,debit
C11138-K1,C11138,11235,399.0,150.0,american express,146.0,credit
C06479-K1,C06479,10702,555.0,150.0,visa,226.0,debit
C10907-K1,C10907,12375,310.0,150.0,mastercard,195.0,debit
C00281-K1,C00281,19017,225.0,150.0,mastercard,117.0,debit
C10773-K1,C10773,12561,555.0,150.0,mastercard,224.0,debit
C03271-K1,C03271,21113,399.0,150.0,american express,118.0,credit
C11031-K2,C11031,10963,490.0,150.0,visa,166.0,debit
C08456-K1,C08456,15570,154.0,150.0,visa,226.0,credit
C13268-K1,C13268,15072,555.0,150.0,visa,226.0,debit
C03394-K2,C03394,11049,345.0,150.0,mastercard,224.0,debit
C09908-K1,C09908,14795,399.0,150.0,american express,185.0,credit
C03274-K1,C03274,22383,434.0,150.0,visa,226.0,debit
C05976-K1,C05976,17752,555.0,191.0,visa,102.0,credit
C01665-K1,C01665,20466,555.0,150.0,visa,226.0,debit
C10139-K1,C10139,10816,271.0,150.0,visa,226.0,debit
C12585-K1,C12585,22426,215.0,150.0,visa,226.0,credit
C04569-K1,C04569,20600,366.0,162.0,mastercard,137.0,credit
C01481-K1,C01481,14723,302.0,150.0,visa,226.0,debit
C07171-K2,C07171,12434,174.0,150.0,visa,226.0,debit
C00621-K2,C00621,11667,268.0,150.0,visa,166.0,debit
C11546-K1,C11546,16533,555.0,150.0,visa,226.0,debit
C00452-K2,C00452,22224,236.0,150.0,visa,226.0,debit
C12226-K2,C12226,13409,506.0,150.0,visa,226.0,debit
C01422-K1,C01422,14159,111.0,150.0,visa,226.0,debit
C10360-K1,C10360,19302,399.0,150.0,american express,146.0,credit
C11660-K1,C11660,15987,216.0,150.0,visa,226.0,credit
C00667-K1,C00667,22347,520.0,150.0,american express,190.0,credit
C02803-K1,C02803,17543,543.0,150.0,mastercard,224.0,debit
C00223-K1,C00223,23285,111.0,150.0,mastercard,224.0,debit
C06664-K1,C06664,16384,420.0,150.0,mastercard,224.0,debit
C12180-K1,C12180,19466,268.0,150.0,mastercard,166.0,debit
C01653-K1,C01653,10611,555.0,150.0,visa,226.0,debit
C03278-K2,C03278,18442,404.0,150.0,mastercard,102.0,credit
C01719-K1,C01719,16107,308.0,150.0,visa,226.0,debit
C02018-K2,C02018,18609,145.0,150.0,visa,226.0,debit
C09883-K1,C09883,23032,490.0,150.0,visa,226.0,debit
C02499-K1,C02499,18064,361.0,150.0,visa,226.0,debit
C07725-K1,C07725,17175,597.0,150.0,visa,226.0,credit
C04844-K1,C04844,16290,562.0,150.0,mastercard,219.0,credit
C12312-K1,C12312,22841,520.0,150.0,american express,190.0,credit
C02656-K1,C02656,14614,111.0,150.0,visa,195.0,debit
C02393-K2,C02393,18593,111.0,150.0,visa,226.0,debit
C12990-K1,C12990,17344,513.0,150.0,mastercard,166.0,debit
C02014-K3,C02014,14623,398.0,150.0,mastercard,117.0,debit
C09586-K2,C09586,10771,567.0,150.0,mastercard,219.0,credit
C08698-K1,C08698,21291,512.0,150.0,mastercard,117.0,debit
C05007-K1,C05007,20790,555.0,150.0,visa,226.0,debit
C08914-K1,C08914,19807,126.0,150.0,visa,226.0,credit
C03601-K1,C03601,16286,555.0,150.0,visa,226.0,debit
C08620-K1,C08620,15250,555.0,150.0,visa,226.0,debit
C03699-K1,C03699,14622,343.0,150.0,visa,226.0,credit
C07311-K1,C07311,14432,111.0,150.0,visa,162.0,credit
C10058-K1,C10058,20557,420.0,150.0,mastercard,224.0,debit
C07073-K1,C07073,17845,555.0,150.0,visa,226.0,debit
C08947-K2,C08947,11630,194.0,150.0,mastercard,166.0,debit
C12439-K1,C12439,19829,551.0,150.0,visa,226.0,debit
C08142-K1,C08142,20702,555.0,150.0,visa,166.0,debit
C03851-K3,C03851,15928,111.0,150.0,mastercard,202.0,debit
C05887-K2,C05887,15425,512.0,150.0,mastercard,117.0,debit
C08551-K1,C08551,23167,321.0,150.0,visa,226.0,debit
C04481-K1,C04481,17388,555.0,162.0,visa,226.0,debit
C03069-K1,C03069,14777,555.0,150.0,visa,226.0,debit
C06898-K2,C06898,16475,194.0,150.0,mastercard,202.0,debit
C13333-K1,C13333,11789,111.0,150.0,visa,226.0,debit
C07714-K1,C07714,17729,275.0,150.0,mastercard,224.0,debit
C03685-K2,C03685,15394,490.0,150.0,visa,226.0,debit
C10308-K1,C10308,22409,481.0,150.0,mastercard,102.0,credit
C12505-K1,C12505,12736,480.0,150.0,mastercard,117.0,debit
C13058-K2,C13058,15632,321.0,150.0,visa,226.0,credit
C07822-K1,C07822,14838,555.0,150.0,visa,226.0,credit
C01761-K1,C01761,11400,555.0,188.0,visa,137.0,credit
C06193-K1,C06193,19940,554.0,150.0,mastercard,102.0,credit
C12171-K1,C12171,17524,321.0,150.0,visa,226.0,debit
C06205-K2,C06205,20066,555.0,102.0,mastercard,195.0,debit
C04185-K2,C04185,13370,369.0,150.0,mastercard,117.0,debit
C01365-K1,C01365,18852,480.0,150.0,mastercard,117.0,debit
C06268-K1,C06268,17721,555.0,150.0,visa,226.0,debit
C02488-K1,C02488,12792,369.0,150.0,mastercard,224.0,debit
C08247-K1,C08247,21657,420.0,150.0,mastercard,224.0,debit
C01471-K1,C01471,21791,100.0,150.0,visa,166.0,debit
C03550-K1,C03550,12138,478.0,150.0,visa,166.0,debit
C05285-K1,C05285,10496,181.0,150.0,visa,226.0,credit
C08083-K1,C08083,11608,181.0,150.0,visa,195.0,credit
C10035-K2,C10035,22863,167.0,150.0,visa,226.0,debit
C10404-K1,C10404,15513,555.0,150.0,visa,226.0,credit
C01849-K1,C01849,13318,555.0,150.0,mastercard,224.0,debit
C02245-K2,C02245,20195,111.0,150.0,visa,226.0,debit
C08820-K1,C08820,21000,555.0,148.0,mastercard,166.0,debit
C08547-K1,C08547,10120,554.0,150.0,visa,226.0,debit
C11867-K1,C11867,10995,321.0,150.0,visa,226.0,debit
C00873-K1,C00873,13196,555.0,150.0,visa,226.0,debit
C11019-K2,C11019,10822,514.0,150.0,mastercard,224.0,debit
C06971-K1,C06971,18374,420.0,150.0,mastercard,195.0,debit
C00204-K1,C00204,12686,225.0,150.0,mastercard,224.0,debit
C07307-K1,C07307,20922,225.0,150.0,mastercard,224.0,debit
C13034-K1,C13034,22408,481.0,150.0,mastercard,102.0,credit
C09969-K1,C09969,18704,310.0,150.0,mastercard,224.0,debit
C03089-K1,C03089,16853,480.0,150.0,mastercard,102.0,credit
C10029-K1,C10029,13174,555.0,150.0,visa,226.0,debit
C09249-K1,C09249,22778,579.0,150.0,visa,226.0,debit
C00533-K1,C00533,17167,534.0,150.0,visa,195.0,debit
C09891-K1,C09891,12394,555.0,150.0,visa,226.0,debit
C02533-K2,C02533,23348,225.0,150.0,mastercard,224.0,debit
C11370-K1,C11370,17099,420.0,150.0,mastercard,224.0,debit
C03308-K1,C03308,22267,555.0,150.0,visa,226.0,debit
C07162-K1,C07162,23390,225.0,150.0,mastercard,203.0,credit
C08316-K1,C08316,21405,282.0,150.0,visa,226.0,debit
C09806-K1,C09806,17268,111.0,150.0,visa,226.0,debit
C12368-K1,C12368,22558,555.0,150.0,visa,226.0,debit
C00774-K1,C00774,12378,167.0,150.0,visa,226.0,credit
C11738-K1,C11738,22492,225.0,150.0,mastercard,224.0,debit
C03648-K1,C03648,14813,321.0,150.0,visa,195.0,credit
C06313-K1,C06313,14409,555.0,150.0,visa,226.0,debit
C07356-K1,C07356,15634,111.0,150.0,visa,144.0,credit
C12913-K1,C12913,13637,399.0,150.0,american express,150.0,credit
C03731-K1,C03731,19522,390.0,150.0,mastercard,117.0,debit
C05419-K1,C05419,20588,310.0,150.0,mastercard,117.0,debit
C04415-K1,C04415,10054,543.0,150.0,mastercard,224.0,debit
C00496-K1,C00496,12389,399.0,150.0,american express,223.0,credit
C08024-K1,C08024,16297,336.0,150.0,visa,226.0,credit
C03706-K1,C03706,10269,308.0,150.0,visa,226.0,debit
C10266-K1,C10266,20641,515.0,119.0,visa,102.0,credit
C03406-K2,C03406,19357,455.0,150.0,visa,166.0,debit
C04891-K1,C04891,11225,308.0,150.0,mastercard,117.0,debit
C09460-K1,C09460,17132,399.0,150.0,american express,146.0,credit
C06898-K1,C06898,16475,194.0,150.0,mastercard,166.0,debit
C00332-K2,C00332,18869,421.0,150.0,visa,226.0,debit
C03112-K1,C03112,19140,111.0,150.0,visa,226.0,debit
C04748-K2,C04748,16091,,150.0,visa,226.0,debit
C03291-K1,C03291,20318,555.0,144.0,visa,228.0,credit
C05314-K1,C05314,18664,555.0,150.0,visa,166.0,debit
C06905-K2,C06905,19081,555.0,150.0,visa,226.0,debit
C00181-K1,C00181,23038,384.0,150.0,visa,226.0,credit
C07194-K1,C07194,21898,514.0,150.0,mastercard,224.0,credit
C07517-K1,C07517,20403,555.0,150.0,visa,226.0,debit
C10786-K1,C10786,18884,127.0,150.0,mastercard,117.0,debit
C06426-K2,C06426,17785,555.0,150.0,mastercard,224.0,debit
C02371-K2,C02371,20469,310.0,150.0,mastercard,224.0,debit
C04990-K1,C04990,11744,274.0,185.0,visa,137.0,credit
C01553-K1,C01553,22208,543.0,150.0,mastercard,224.0,debit
C04134-K1,C04134,10098,225.0,150.0,mastercard,102.0,credit
C08403-K1,C08403,16953,543.0,150.0,mastercard,224.0,debit
C07948-K1,C07948,18935,369.0,150.0,mastercard,137.0,credit
C00749-K1,C00749,16094,111.0,150.0,visa,226.0,debit
C10396-K1,C10396,22416,399.0,150.0,american express,223.0,credit
C04830-K1,C04830,12179,399.0,150.0,american express,118.0,credit
C03330-K1,C03330,12096,225.0,150.0,mastercard,224.0,debit
C05631-K1,C05631,16022,308.0,150.0,visa,226.0,debit
C13381-K1,C13381,13585,555.0,150.0,visa,226.0,debit
C12900-K2,C12900,14895,310.0,150.0,mastercard,224.0,debit
C07141-K1,C07141,18623,143.0,150.0,visa,226.0,debit
C12209-K1,C12209,23355,302.0,150.0,visa,226.0,debit
C02616-K1,C02616,18086,555.0,150.0,visa,226.0,debit
C08260-K1,C08260,14999,426.0,150.0,visa,226.0,debit
C08108-K2,C08108,10886,553.0,150.0,discover,142.0,credit
C10032-K2,C10032,10156,,149.0,visa,137.0,credit
C04127-K1,C04127,14086,555.0,150.0,visa,226.0,debit
C09906-K1,C09906,22867,448.0,150.0,visa,226.0,debit
C10498-K1,C10498,15293,308.0,150.0,visa,195.0,debit
C01966-K1,C01966,20914,247.0,150.0,visa,226.0,credit
C07878-K1,C07878,13852,453.0,150.0,american express,131.0,credit
C10010-K1,C10010,20489,111.0,150.0,mastercard,102.0,credit
C08395-K1,C08395,23178,517.0,150.0,mastercard,224.0,debit
C09782-K1,C09782,14751,166.0,150.0,visa,226.0,credit
C02737-K1,C02737,18580,555.0,150.0,visa,226.0,credit
C08231-K1,C08231,22884,555.0,150.0,visa,226.0,debit
C08533-K1,C08533,15780,555.0,150.0,visa,226.0,debit
C05967-K1,C05967,11066,375.0,185.0,mastercard,224.0,debit
C01949-K1,C01949,21042,555.0,150.0,visa,226.0,credit
C02138-K1,C02138,11029,376.0,150.0,visa,226.0,debit
C09092-K1,C09092,11834,532.0,150.0,mastercard,224.0,debit
C10965-K1,C10965,23435,302.0,150.0,visa,226.0,debit
C05335-K1,C05335,17843,321.0,150.0,visa,226.0,debit
C04832-K1,C04832,22304,399.0,150.0,american express,185.0,credit
C03293-K1,C03293,19677,555.0,150.0,visa,226.0,credit
C06726-K1,C06726,15175,100.0,150.0,visa,195.0,debit
C00998-K1,C00998,12035,500.0,185.0,mastercard,190.0,credit
C02097-K1,C02097,15377,420.0,150.0,mastercard,224.0,debit
C09582-K2,C09582,10488,206.0,150.0,mastercard,126.0,debit
C11677-K2,C11677,10737,252.0,150.0,visa,226.0,debit
C12241-K1,C12241,17249,517.0,150.0,mastercard,224.0,debit
C10916-K1,C10916,19925,321.0,150.0,visa,226.0,debit
C11985-K1,C11985,18070,555.0,150.0,visa,226.0,debit
C05769-K1,C05769,18088,555.0,223.0,visa,226.0,debit
C11796-K1,C11796,20471,555.0,150.0,visa,226.0,debit
C11329-K1,C11329,14303,321.0,150.0,visa,226.0,credit
C01421-K1,C01421,22625,555.0,150.0,visa,226.0,credit
C03797-K1,C03797,23020,553.0,150.0,visa,195.0,debit
C13205-K1,C13205,13488,287.0,150.0,visa,166.0,debit
C00301-K1,C00301,19678,480.0,150.0,mastercard,224.0,debit
C08956-K1,C08956,10694,519.0,150.0,mastercard,117.0,debit
C12993-K1,C12993,15738,381.0,150.0,visa,226.0,debit
C09177-K1,C09177,12166,194.0,150.0,mastercard,166.0,debit
C04301-K1,C04301,18189,158.0,150.0,visa,226.0,debit
C00159-K1,C00159,17478,321.0,150.0,visa,226.0,debit
C08339-K1,C08339,19305,555.0,150.0,visa,226.0,debit
C04146-K1,C04146,18808,455.0,150.0,visa,195.0,debit
C08595-K1,C08595,16982,225.0,150.0,mastercard,224.0,debit
C11808-K1,C11808,18473,399.0,150.0,american express,118.0,credit
C05858-K1,C05858,16849,555.0,150.0,visa,226.0,debit
C08467-K1,C08467,12105,555.0,150.0,visa,226.0,debit
C09361-K1,C09361,19364,555.0,150.0,mastercard,117.0,debit
C12791-K1,C12791,23011,555.0,150.0,visa,226.0,debit
C12358-K1,C12358,10474,532.0,150.0,mastercard,224.0,debit
C06988-K1,C06988,16766,311.0,185.0,visa,102.0,debit
C04523-K1,C04523,13345,555.0,150.0,visa,195.0,debit
C03437-K1,C03437,12898,390.0,150.0,mastercard,224.0,debit
C03231-K2,C03231,10860,250.0,150.0,visa,226.0,credit
C12144-K2,C12144,21361,194.0,150.0,mastercard,166.0,debit
C03151-K2,C03151,13109,340.0,150.0,mastercard,117.0,debit
C07245-K1,C07245,18495,111.0,150.0,mastercard,137.0,credit
C11704-K1,C11704,22366,583.0,150.0,mastercard,219.0,credit
C08519-K1,C08519,18349,321.0,150.0,visa,226.0,debit
C00836-K1,C00836,10582,555.0,150.0,visa,226.0,debit
C11085-K1,C11085,10012,543.0,150.0,mastercard,224.0,debit
C00856-K1,C00856,19313,555.0,150.0,visa,226.0,debit
C00185-K1,C00185,12271,555.0,150.0,visa,226.0,debit
C07338-K1,C07338,10014,481.0,150.0,mastercard,219.0,credit
C04237-K1,C04237,13931,555.0,150.0,visa,226.0,debit
C08307-K1,C08307,12991,527.0,150.0,visa,226.0,debit
C12259-K1,C12259,14696,215.0,150.0,visa,166.0,debit
C10068-K1,C10068,16714,584.0,150.0,mastercard,219.0,debit
C00986-K1,C00986,12287,532.0,150.0,mastercard,224.0,debit
C12295-K2,C12295,22584,596.0,150.0,mastercard,224.0,debit
C10405-K1,C10405,11292,399.0,150.0,american express,198.0,credit
C13384-K1,C13384,17679,379.0,102.0,visa,226.0,credit
C05664-K1,C05664,18942,555.0,119.0,visa,226.0,credit
C11069-K1,C11069,10522,555.0,150.0,visa,226.0,debit
C12249-K2,C12249,14162,278.0,150.0,visa,226.0,debit
C09493-K1,C09493,13816,111.0,150.0,mastercard,224.0,debit
C09200-K1,C09200,12245,363.0,150.0,visa,226.0,debit
C03505-K1,C03505,12300,383.0,150.0,visa,226.0,debit
C07645-K1,C07645,12332,473.0,150.0,mastercard,224.0,debit
C10121-K1,C10121,11199,321.0,150.0,visa,226.0,debit
C07472-K1,C07472,17508,380.0,150.0,visa,226.0,debit
C06500-K1,C06500,15153,555.0,150.0,visa,141.0,credit
C08166-K2,C08166,15042,555.0,150.0,mastercard,224.0,debit
C11557-K1,C11557,22541,543.0,150.0,mastercard,224.0,debit
C09727-K1,C09727,17461,555.0,150.0,visa,226.0,debit
C10643-K1,C10643,17570,310.0,150.0,mastercard,224.0,debit
C05746-K1,C05746,14157,555.0,150.0,visa,226.0,debit
C02207-K1,C02207,20949,399.0,150.0,american express,198.0,credit
C08503-K1,C08503,16524,399.0,150.0,american express,198.0,credit
C01987-K1,C01987,18463,399.0,150.0,american express,236.0,credit
C00782-K1,C00782,22005,374.0,150.0,visa,226.0,debit
C13487-K1,C13487,13250,555.0,150.0,mastercard,117.0,debit
C07855-K1,C07855,17178,176.0,185.0,mastercard,137.0,credit
C11855-K1,C11855,20545,399.0,150.0,american express,102.0,credit
C02430-K1,C02430,18760,554.0,150.0,visa,226.0,debit
C04632-K1,C04632,10664,514.0,150.0,mastercard,224.0,debit
C13045-K1,C13045,19431,399.0,150.0,american express,146.0,credit
C07148-K1,C07148,19972,539.0,150.0,mastercard,117.0,debit
C06550-K1,C06550,21395,555.0,150.0,mastercard,224.0,debit
C08857-K1,C08857,21356,153.0,150.0,visa,162.0,credit
C09828-K1,C09828,20686,555.0,150.0,visa,226.0,debit
C07196-K2,C07196,11171,111.0,150.0,visa,226.0,credit
C11165-K1,C11165,11088,225.0,150.0,mastercard,117.0,debit
C01163-K2,C01163,19164,420.0,150.0,mastercard,224.0,debit
C05506-K1,C05506,16871,555.0,150.0,visa,226.0,debit
C10167-K1,C10167,20366,555.0,150.0,visa,226.0,credit
C13247-K1,C13247,15673,555.0,150.0,visa,226.0,debit
C09396-K1,C09396,10713,555.0,150.0,visa,226.0,debit
C01529-K1,C01529,21562,348.0,150.0,visa,226.0,credit
C08454-K1,C08454,10035,439.0,150.0,mastercard,203.0,credit
C10253-K1,C10253,18186,360.0,150.0,mastercard,126.0,debit
C10052-K1,C10052,16397,383.0,150.0,visa,226.0,debit
C12109-K1,C12109,15269,390.0,150.0,mastercard,224.0,debit
C06958-K1,C06958,14028,555.0,150.0,visa,226.0,debit
C02569-K1,C02569,12031,555.0,150.0,visa,226.0,credit
C08934-K1,C08934,21434,543.0,150.0,mastercard,224.0,debit
C05747-K1,C05747,18939,177.0,185.0,mastercard,197.0,credit
C08977-K1,C08977,10339,555.0,150.0,visa,226.0,debit
C07203-K3,C07203,22129,,150.0,mastercard,223.0,debit
C04400-K1,C04400,22019,502.0,150.0,visa,226.0,credit
C05380-K1,C05380,22421,555.0,150.0,visa,226.0,credit
C00307-K1,C00307,16813,555.0,150.0,visa,226.0,credit
C12189-K1,C12189,19587,555.0,150.0,visa,226.0,debit
C08236-K1,C08236,16160,310.0,150.0,mastercard,224.0,debit
C01032-K1,C01032,18693,555.0,150.0,visa,226.0,debit
C09622-K1,C09622,14013,111.0,150.0,visa,166.0,debit
C07282-K1,C07282,10637,321.0,150.0,visa,226.0,debit
C08305-K1,C08305,19699,164.0,150.0,visa,226.0,debit
C07510-K1,C07510,18333,583.0,150.0,mastercard,224.0,credit
C12677-K1,C12677,12355,222.0,150.0,visa,226.0,credit
C13359-K2,C13359,22968,111.0,150.0,visa,166.0,debit
C03206-K1,C03206,10393,555.0,135.0,mastercard,224.0,debit
C06267-K1,C06267,11478,543.0,150.0,mastercard,117.0,debit
C08075-K1,C08075,12187,279.0,150.0,visa,226.0,debit
C00406-K1,C00406,14054,555.0,150.0,visa,226.0,credit
C04267-K2,C04267,12127,,150.0,visa,226.0,debit
C09170-K1,C09170,21124,111.0,150.0,visa,226.0,debit
C08299-K1,C08299,13026,216.0,150.0,visa,226.0,credit
C07628-K1,C07628,15048,273.0,185.0,mastercard,137.0,credit
C12797-K1,C12797,12513,490.0,150.0,visa,226.0,debit
C00635-K1,C00635,12909,555.0,150.0,visa,226.0,debit
C06096-K1,C06096,18124,399.0,150.0,american express,198.0,credit
C04407-K1,C04407,16426,555.0,150.0,visa,226.0,debit
C04515-K1,C04515,17852,111.0,150.0,mastercard,224.0,debit
C05767-K1,C05767,21190,555.0,150.0,visa,226.0,debit
C12952-K1,C12952,12512,555.0,150.0,visa,226.0,debit
C03666-K1,C03666,18756,302.0,150.0,visa,226.0,debit
C10349-K1,C10349,16775,111.0,150.0,visa,141.0,credit
C02552-K1,C02552,22317,225.0,150.0,mastercard,117.0,debit
C04676-K2,C04676,18683,127.0,150.0,mastercard,224.0,debit
C01710-K1,C01710,15525,390.0,150.0,mastercard,224.0,debit
C10957-K2,C10957,11241,459.0,185.0,visa,226.0,credit
C01448-K1,C01448,11449,555.0,150.0,visa,226.0,debit
C08607-K1,C08607,16497,,150.0,visa,226.0,debit
C13380-K1,C13380,18274,218.0,150.0,mastercard,195.0,debit
C08646-K1,C08646,12263,532.0,150.0,mastercard,,debit
C02145-K2,C02145,12728,555.0,150.0,visa,226.0,credit
C12750-K1,C12750,10145,490.0,150.0,visa,226.0,debit
C04060-K1,C04060,18543,399.0,150.0,american express,137.0,credit
C01981-K1,C01981,14164,384.0,150.0,mastercard,117.0,debit
C09076-K1,C09076,15848,111.0,150.0,visa,226.0,credit
C01744-K2,C01744,13947,170.0,150.0,mastercard,102.0,credit
C04085-K1,C04085,22906,450.0,150.0,visa,226.0,debit
C10309-K1,C10309,11718,555.0,150.0,visa,226.0,debit
C13076-K1,C13076,17188,399.0,150.0,american express,118.0,credit
C09177-K2,C09177,12166,194.0,150.0,mastercard,202.0,debit
C01826-K1,C01826,19394,514.0,150.0,mastercard,224.0,debit
C07339-K1,C07339,14773,197.0,150.0,visa,226.0,debit
C03089-K2,C03089,16853,512.0,150.0,mastercard,102.0,credit
C05801-K1,C05801,21200,475.0,150.0,visa,195.0,debit
C03024-K2,C03024,20572,206.0,150.0,mastercard,166.0,debit
C03506-K1,C03506,10209,543.0,150.0,mastercard,224.0,debit
C07109-K2,C07109,12799,555.0,150.0,visa,226.0,debit
C03409-K1,C03409,11307,111.0,150.0,visa,195.0,debit
C03925-K1,C03925,16133,512.0,150.0,visa,226.0,credit
C00050-K1,C00050,18770,485.0,150.0,mastercard,126.0,debit
C01230-K1,C01230,18647,321.0,150.0,visa,226.0,debit
C07354-K2,C07354,10510,360.0,150.0,visa,166.0,debit
C04549-K1,C04549,17772,555.0,150.0,visa,226.0,debit
C06605-K1,C06605,19615,321.0,150.0,visa,226.0,credit
C08823-K2,C08823,17108,445.0,150.0,mastercard,219.0,credit
C08047-K1,C08047,10650,553.0,150.0,american express,131.0,credit
C01972-K1,C01972,23139,399.0,150.0,american express,132.0,credit
C07591-K1,C07591,23379,490.0,150.0,visa,166.0,debit
C13068-K1,C13068,13825,555.0,150.0,visa,226.0,debit
C11173-K1,C11173,15309,330.0,150.0,visa,166.0,debit
C07319-K2,C07319,11659,200.0,150.0,visa,226.0,debit
C09174-K1,C09174,16256,567.0,150.0,mastercard,195.0,debit
C06143-K1,C06143,16804,369.0,150.0,mastercard,224.0,debit
C03843-K1,C03843,15918,399.0,150.0,american express,102.0,credit
C01311-K1,C01311,19683,514.0,150.0,mastercard,224.0,credit
C11287-K1,C11287,21761,,150.0,visa,226.0,debit
C05145-K1,C05145,12681,555.0,150.0,visa,226.0,debit
C11374-K2,C11374,11820,194.0,150.0,mastercard,202.0,debit
C03119-K1,C03119,12727,555.0,150.0,visa,226.0,debit
C08228-K1,C08228,23513,225.0,150.0,mastercard,224.0,debit
C09568-K1,C09568,21977,337.0,150.0,visa,226.0,debit
C00567-K1,C00567,21616,543.0,150.0,mastercard,224.0,debit
C07989-K1,C07989,23092,553.0,150.0,visa,226.0,credit
C13326-K1,C13326,11113,555.0,150.0,mastercard,224.0,debit
C11513-K1,C11513,15423,216.0,150.0,visa,195.0,credit
C00653-K1,C00653,20467,543.0,150.0,mastercard,224.0,debit
C06704-K2,C06704,11515,512.0,150.0,mastercard,117.0,debit
C01902-K1,C01902,11372,555.0,150.0,visa,226.0,debit
C02986-K2,C02986,15409,555.0,146.0,mastercard,166.0,debit
C05729-K1,C05729,20355,321.0,150.0,visa,226.0,debit
C09368-K1,C09368,15080,555.0,150.0,mastercard,117.0,debit
C08888-K1,C08888,18585,505.0,150.0,visa,226.0,debit
C06992-K1,C06992,13561,172.0,150.0,visa,226.0,credit
C09306-K1,C09306,19794,555.0,150.0,visa,226.0,debit
C02578-K1,C02578,14971,555.0,150.0,visa,226.0,debit
C08926-K1,C08926,22157,127.0,150.0,mastercard,224.0,debit
C09129-K1,C09129,15675,369.0,150.0,mastercard,224.0,credit
C02477-K1,C02477,17730,216.0,150.0,mastercard,224.0,credit
C05300-K1,C05300,19239,310.0,150.0,mastercard,224.0,debit
C09986-K1,C09986,16351,555.0,150.0,visa,226.0,debit
C09197-K1,C09197,22963,480.0,150.0,mastercard,224.0,debit
C05107-K2,C05107,18003,555.0,150.0,visa,226.0,debit
C11534-K1,C11534,18674,555.0,150.0,visa,226.0,debit
C01682-K2,C01682,11857,369.0,150.0,mastercard,224.0,debit
C09468-K2,C09468,23367,170.0,150.0,mastercard,197.0,credit
C07990-K1,C07990,14798,266.0,185.0,mastercard,197.0,credit
C07300-K1,C07300,20348,369.0,150.0,mastercard,224.0,debit
C11964-K1,C11964,15926,555.0,150.0,visa,226.0,debit
C07502-K1,C07502,17419,555.0,150.0,visa,226.0,debit
C10406-K1,C10406,11727,196.0,150.0,visa,226.0,credit
C09013-K1,C09013,13584,555.0,150.0,visa,226.0,debit
C02425-K1,C02425,20358,555.0,150.0,visa,226.0,debit
C12885-K1,C12885,21052,555.0,150.0,visa,226.0,debit
C07747-K1,C07747,12646,310.0,150.0,mastercard,224.0,debit
C04665-K1,C04665,16629,379.0,102.0,visa,226.0,credit
C07380-K1,C07380,23334,555.0,150.0,visa,226.0,debit
C13036-K1,C13036,13803,555.0,150.0,visa,226.0,debit
C03840-K2,C03840,18579,512.0,150.0,mastercard,224.0,debit
C11359-K1,C11359,10541,390.0,150.0,mastercard,224.0,debit
C00887-K1,C00887,11829,360.0,150.0,visa,166.0,debit
C06136-K1,C06136,21439,321.0,150.0,visa,226.0,debit
C09031-K1,C09031,21971,420.0,150.0,mastercard,224.0,debit
C01575-K1,C01575,16671,321.0,150.0,visa,226.0,debit
C05677-K1,C05677,18502,438.0,106.0,visa,226.0,debit
C06343-K1,C06343,11070,562.0,150.0,mastercard,219.0,credit
C07125-K1,C07125,16052,111.0,150.0,mastercard,224.0,debit
C05555-K1,C05555,17700,321.0,150.0,visa,226.0,debit
C00962-K2,C00962,22987,555.0,150.0,visa,226.0,debit
C02976-K1,C02976,17026,555.0,146.0,mastercard,224.0,credit
C03079-K1,C03079,15079,563.0,150.0,visa,226.0,debit
C12527-K1,C12527,14725,555.0,150.0,visa,226.0,debit
C09093-K1,C09093,12720,555.0,150.0,visa,226.0,debit
C07585-K1,C07585,18755,361.0,150.0,visa,226.0,debit
C04154-K1,C04154,17673,351.0,106.0,visa,226.0,debit
C05772-K1,C05772,11159,418.0,150.0,visa,226.0,debit
C10137-K2,C10137,12942,490.0,150.0,visa,195.0,debit
C10892-K3,C10892,16050,360.0,150.0,mastercard,229.0,debit
C11890-K1,C11890,14707,243.0,150.0,visa,226.0,debit
C12267-K2,C12267,16867,303.0,150.0,visa,226.0,debit
C05245-K2,C05245,23319,100.0,150.0,visa,226.0,debit
C12897-K1,C12897,17704,583.0,150.0,visa,226.0,credit
C10013-K2,C10013,17758,314.0,150.0,mastercard,224.0,debit
C12953-K1,C12953,20187,555.0,150.0,visa,226.0,credit
C00540-K2,C00540,23260,360.0,150.0,visa,166.0,debit
C13191-K1,C13191,20636,194.0,150.0,mastercard,166.0,debit
C03508-K1,C03508,15891,399.0,150.0,american express,223.0,credit
C10502-K1,C10502,20484,399.0,150.0,american express,132.0,credit
C00889-K2,C00889,21689,111.0,150.0,visa,226.0,debit
C01377-K1,C01377,11337,264.0,150.0,visa,226.0,debit
C06639-K1,C06639,18736,369.0,150.0,mastercard,224.0,debit
C05192-K2,C05192,15419,547.0,150.0,visa,226.0,debit
C04125-K2,C04125,21477,321.0,150.0,visa,226.0,debit
C10229-K1,C10229,17498,420.0,150.0,mastercard,224.0,debit
C04201-K1,C04201,18244,555.0,106.0,visa,137.0,debit
C11975-K1,C11975,17575,111.0,150.0,visa,226.0,debit
C10519-K1,C10519,20827,492.0,150.0,visa,226.0,debit
C01420-K1,C01420,21653,390.0,150.0,mastercard,224.0,debit
C10820-K1,C10820,18702,555.0,150.0,visa,226.0,debit
C04311-K1,C04311,18378,501.0,150.0,visa,226.0,credit
C07360-K1,C07360,18129,111.0,150.0,visa,226.0,debit
C07562-K2,C07562,11735,545.0,185.0,visa,137.0,credit
C07571-K1,C07571,19786,218.0,150.0,mastercard,117.0,debit
C01363-K1,C01363,19655,334.0,150.0,visa,226.0,debit
C07197-K1,C07197,15739,117.0,150.0,visa,226.0,debit
C09111-K1,C09111,16778,555.0,150.0,visa,226.0,debit
C01031-K1,C01031,21295,310.0,150.0,mastercard,117.0,debit
C01875-K1,C01875,23134,302.0,150.0,visa,226.0,debit
C04903-K1,C04903,17938,233.0,150.0,visa,226.0,debit
C03778-K1,C03778,15924,170.0,150.0,mastercard,195.0,credit
C05477-K1,C05477,17958,555.0,225.0,mastercard,224.0,credit
C02716-K2,C02716,18652,583.0,150.0,visa,226.0,credit
C04933-K1,C04933,15819,111.0,150.0,mastercard,102.0,credit
C04840-K2,C04840,10406,480.0,150.0,mastercard,219.0,credit
C08450-K2,C08450,10801,490.0,150.0,visa,226.0,debit
C00374-K1,C00374,22349,111.0,150.0,visa,226.0,debit
C11206-K1,C11206,13881,555.0,150.0,visa,226.0,debit
C09444-K1,C09444,21431,508.0,150.0,visa,226.0,debit
C06663-K2,C06663,19526,103.0,185.0,visa,138.0,debit
C13488-K1,C13488,15622,555.0,150.0,visa,166.0,debit
C00777-K1,C00777,18148,215.0,150.0,visa,195.0,debit
C11847-K2,C11847,21463,104.0,185.0,visa,137.0,credit
C10546-K1,C10546,19970,474.0,150.0,mastercard,195.0,debit
C01152-K1,C01152,17929,555.0,150.0,visa,226.0,debit
C01982-K2,C01982,19648,494.0,150.0,visa,226.0,credit
C00780-K1,C00780,16818,555.0,150.0,visa,226.0,debit
C11842-K1,C11842,19223,170.0,150.0,mastercard,102.0,credit
C07423-K1,C07423,13245,555.0,150.0,visa,226.0,debit
C01063-K2,C01063,11576,134.0,150.0,visa,226.0,credit
C01569-K1,C01569,19250,399.0,150.0,american express,137.0,credit
C00456-K1,C00456,16503,555.0,150.0,visa,226.0,debit
C02648-K1,C02648,12013,532.0,150.0,mastercard,224.0,debit
C13187-K1,C13187,20517,313.0,150.0,visa,226.0,debit
C03473-K1,C03473,21612,275.0,150.0,mastercard,224.0,debit
C11613-K1,C11613,14513,543.0,150.0,mastercard,224.0,debit
C11794-K1,C11794,13724,514.0,150.0,mastercard,224.0,debit
C04474-K1,C04474,10573,481.0,150.0,visa,226.0,credit
C03959-K1,C03959,23056,225.0,150.0,mastercard,195.0,debit
C06046-K1,C06046,19947,343.0,150.0,visa,166.0,debit
C03969-K1,C03969,23356,310.0,150.0,mastercard,224.0,debit
C06906-K1,C06906,16110,266.0,185.0,mastercard,102.0,credit
C12933-K1,C12933,15746,225.0,150.0,mastercard,224.0,debit
C07856-K1,C07856,21943,555.0,150.0,visa,226.0,credit
C13445-K1,C13445,17229,555.0,150.0,mastercard,126.0,debit
C05381-K2,C05381,22900,408.0,185.0,mastercard,224.0,debit
C11597-K2,C11597,16182,204.0,185.0,visa,226.0,credit
C07355-K1,C07355,12861,242.0,150.0,visa,166.0,debit
C07795-K1,C07795,11386,555.0,150.0,visa,226.0,debit
C09624-K1,C09624,12857,555.0,119.0,visa,137.0,credit
C11874-K1,C11874,15450,321.0,150.0,visa,226.0,debit
C12954-K1,C12954,20997,555.0,119.0,visa,226.0,credit
C05081-K1,C05081,20287,555.0,185.0,visa,226.0,credit
C10041-K1,C10041,11779,480.0,150.0,mastercard,166.0,debit
C09692-K1,C09692,15123,555.0,150.0,mastercard,117.0,debit
C00942-K2,C00942,22120,567.0,150.0,mastercard,117.0,debit
C03977-K2,C03977,14173,514.0,150.0,mastercard,224.0,debit
C06121-K2,C06121,12786,476.0,150.0,visa,166.0,debit
C00128-K1,C00128,14149,225.0,150.0,mastercard,195.0,debit
C08471-K1,C08471,19465,555.0,150.0,visa,226.0,debit
C13220-K1,C13220,20515,399.0,150.0,american express,150.0,credit
C08453-K1,C08453,17836,555.0,150.0,visa,226.0,credit
C06677-K1,C06677,21907,399.0,150.0,american express,137.0,credit
C11805-K1,C11805,13283,555.0,150.0,visa,226.0,debit
C12987-K1,C12987,15946,266.0,185.0,mastercard,137.0,credit
C03080-K2,C03080,22950,498.0,150.0,mastercard,117.0,debit
C09149-K1,C09149,14121,387.0,150.0,visa,226.0,credit
C12703-K1,C12703,14888,532.0,150.0,mastercard,224.0,debit
C12740-K1,C12740,13130,589.0,150.0,visa,226.0,credit
C10835-K2,C10835,21418,111.0,150.0,visa,226.0,debit
C08477-K1,C08477,12333,110.0,150.0,visa,226.0,credit
C12835-K2,C12835,23382,276.0,150.0,visa,226.0,debit
C01493-K2,C01493,11924,272.0,150.0,visa,177.0,debit
C00194-K1,C00194,12298,543.0,150.0,mastercard,224.0,debit
C04895-K1,C04895,14794,555.0,150.0,visa,226.0,debit
C11898-K1,C11898,12515,321.0,150.0,visa,226.0,debit
C06744-K2,C06744,19430,204.0,185.0,visa,138.0,debit
C04152-K1,C04152,12892,555.0,150.0,visa,226.0,debit
C05636-K2,C05636,14763,194.0,150.0,visa,166.0,debit
C11769-K1,C11769,20913,555.0,150.0,mastercard,224.0,debit
C11418-K1,C11418,14271,555.0,150.0,visa,226.0,debit
C00238-K1,C00238,16369,555.0,150.0,visa,226.0,debit
C03945-K1,C03945,17055,555.0,150.0,visa,226.0,debit
C00952-K1,C00952,15810,321.0,150.0,visa,195.0,debit
C00306-K1,C00306,23246,321.0,150.0,visa,226.0,debit
C00726-K1,C00726,13629,390.0,150.0,mastercard,117.0,debit
C06443-K1,C06443,23315,100.0,150.0,visa,226.0,credit
C00855-K1,C00855,13738,555.0,150.0,visa,226.0,debit
C05185-K1,C05185,15257,543.0,150.0,mastercard,224.0,debit
C06799-K1,C06799,11563,555.0,210.0,mastercard,224.0,debit
C02921-K1,C02921,16955,194.0,150.0,mastercard,202.0,debit
C10292-K1,C10292,13193,555.0,150.0,visa,226.0,debit
C12564-K1,C12564,18697,555.0,150.0,visa,226.0,debit
C08860-K1,C08860,17783,514.0,150.0,mastercard,129.0,credit
C12628-K2,C12628,16597,555.0,150.0,mastercard,117.0,debit
C01253-K1,C01253,16890,555.0,150.0,visa,226.0,credit
C06045-K1,C06045,21815,555.0,150.0,visa,226.0,debit
C05690-K1,C05690,14051,562.0,150.0,mastercard,102.0,credit
C01996-K2,C01996,12505,360.0,150.0,visa,166.0,debit
C02851-K2,C02851,18160,555.0,185.0,visa,226.0,credit
C05423-K1,C05423,21126,341.0,185.0,visa,226.0,credit
C04488-K1,C04488,13694,399.0,150.0,american express,137.0,credit
C11831-K1,C11831,22296,555.0,131.0,mastercard,224.0,credit
C07962-K2,C07962,19215,509.0,150.0,visa,226.0,debit
C13492-K1,C13492,15944,,150.0,american express,,credit
C12102-K1,C12102,19355,250.0,150.0,visa,226.0,debit
C11400-K1,C11400,18718,350.0,150.0,visa,226.0,debit
C05979-K2,C05979,21282,532.0,150.0,mastercard,223.0,debit
C02084-K2,C02084,16313,556.0,150.0,mastercard,224.0,debit
C00994-K1,C00994,11533,555.0,150.0,visa,226.0,debit
C11266-K1,C11266,20498,534.0,150.0,mastercard,224.0,debit
C02167-K2,C02167,19927,157.0,150.0,visa,226.0,debit
C00801-K1,C00801,17392,555.0,150.0,visa,226.0,debit
C03078-K1,C03078,14932,555.0,150.0,visa,226.0,debit
C06884-K1,C06884,14240,480.0,150.0,mastercard,117.0,debit
C03913-K1,C03913,17463,316.0,150.0,visa,226.0,credit
C01236-K1,C01236,14120,555.0,150.0,visa,226.0,debit
C00466-K1,C00466,19963,177.0,185.0,mastercard,137.0,credit
C10799-K1,C10799,10973,128.0,150.0,visa,226.0,debit
C12418-K1,C12418,20591,123.0,144.0,visa,226.0,credit
C06067-K2,C06067,10111,111.0,150.0,mastercard,224.0,debit
C00488-K1,C00488,14621,382.0,150.0,visa,226.0,debit
C06339-K1,C06339,19187,418.0,150.0,mastercard,203.0,credit
C07925-K1,C07925,20763,155.0,150.0,visa,226.0,credit
C05504-K1,C05504,20524,105.0,150.0,visa,226.0,debit
C11913-K1,C11913,23093,,150.0,visa,226.0,debit
C09792-K1,C09792,20823,555.0,100.0,visa,226.0,credit
C09553-K1,C09553,13543,540.0,106.0,visa,226.0,credit
C05257-K1,C05257,11611,555.0,150.0,visa,226.0,debit
C07622-K1,C07622,13081,543.0,150.0,mastercard,117.0,debit
C00820-K1,C00820,10689,489.0,150.0,mastercard,224.0,debit
C07023-K1,C07023,10079,127.0,150.0,mastercard,117.0,debit
C05725-K1,C05725,15938,399.0,150.0,american express,185.0,credit
C11355-K1,C11355,12805,321.0,150.0,visa,226.0,debit
C07185-K2,C07185,15478,548.0,150.0,visa,226.0,debit
C10953-K1,C10953,17697,489.0,150.0,mastercard,102.0,credit
C02657-K1,C02657,21985,555.0,150.0,visa,226.0,debit
C10016-K2,C10016,10777,174.0,150.0,visa,226.0,debit
C11143-K1,C11143,12778,404.0,150.0,mastercard,102.0,credit
C11092-K2,C11092,20829,111.0,150.0,visa,226.0,debit
C13433-K1,C13433,21280,514.0,150.0,mastercard,224.0,debit
C12496-K1,C12496,23268,492.0,150.0,visa,226.0,debit
C02119-K1,C02119,17875,555.0,150.0,visa,226.0,debit
C03733-K1,C03733,19360,399.0,150.0,american express,150.0,credit
C03477-K1,C03477,12410,294.0,150.0,visa,226.0,debit
C07667-K1,C07667,21822,555.0,150.0,visa,226.0,debit
C09471-K2,C09471,15065,393.0,150.0,mastercard,117.0,debit
C12039-K2,C12039,18927,122.0,150.0,mastercard,166.0,debit
C01011-K1,C01011,15688,555.0,143.0,mastercard,102.0,credit
C04995-K1,C04995,22613,555.0,150.0,visa,226.0,debit
C09400-K1,C09400,22418,163.0,150.0,mastercard,224.0,debit
C08876-K1,C08876,13884,572.0,150.0,visa,226.0,credit
C02214-K2,C02214,21786,391.0,150.0,visa,166.0,debit
C03640-K1,C03640,15264,555.0,150.0,visa,226.0,debit
C03730-K1,C03730,10596,346.0,150.0,mastercard,219.0,debit
C12520-K1,C12520,11959,420.0,150.0,mastercard,224.0,debit
C01182-K1,C01182,12814,507.0,150.0,visa,226.0,debit
C00483-K1,C00483,20039,323.0,150.0,visa,226.0,debit
C12405-K1,C12405,13128,532.0,150.0,mastercard,224.0,debit
C12098-K1,C12098,13807,352.0,117.0,visa,226.0,debit
C10390-K1,C10390,13536,583.0,150.0,mastercard,224.0,credit
C12068-K1,C12068,22117,555.0,150.0,visa,226.0,debit
C02189-K2,C02189,20819,329.0,150.0,visa,226.0,debit
C04044-K1,C04044,19230,225.0,150.0,mastercard,224.0,debit
C12727-K2,C12727,16624,555.0,150.0,visa,226.0,debit
C07007-K1,C07007,11795,143.0,150.0,visa,226.0,debit
C01740-K1,C01740,14163,352.0,117.0,mastercard,195.0,credit
C01188-K1,C01188,23028,460.0,150.0,mastercard,224.0,debit
C08222-K1,C08222,18751,562.0,150.0,mastercard,197.0,credit
C10046-K1,C10046,19533,555.0,150.0,visa,226.0,debit
C05547-K1,C05547,14909,555.0,150.0,visa,226.0,debit
C01143-K1,C01143,13210,555.0,150.0,visa,226.0,debit
C08557-K1,C08557,15725,490.0,150.0,mastercard,190.0,credit
C02662-K1,C02662,12534,111.0,150.0,mastercard,102.0,credit
C06821-K1,C06821,13463,194.0,150.0,mastercard,166.0,debit
C08541-K1,C08541,10051,110.0,150.0,mastercard,224.0,credit
C13038-K1,C13038,19919,399.0,150.0,american express,236.0,credit
C00450-K1,C00450,17089,583.0,150.0,visa,226.0,credit
C00577-K1,C00577,16686,555.0,150.0,visa,226.0,debit
C01634-K1,C01634,19306,350.0,150.0,visa,141.0,credit
C08563-K2,C08563,14256,268.0,150.0,visa,166.0,debit
C05199-K1,C05199,21380,555.0,150.0,visa,226.0,debit
C03019-K2,C03019,19672,327.0,150.0,discover,,credit
C10554-K1,C10554,18157,555.0,150.0,visa,226.0,debit
C00835-K1,C00835,12978,399.0,150.0,american express,132.0,credit
C05058-K1,C05058,17885,269.0,150.0,mastercard,195.0,debit
C09195-K1,C09195,19171,555.0,150.0,visa,226.0,debit
C04921-K2,C04921,16612,481.0,150.0,mastercard,102.0,credit
C02828-K2,C02828,16658,555.0,150.0,visa,226.0,debit
C06642-K1,C06642,10600,555.0,150.0,mastercard,166.0,debit
C00683-K1,C00683,23403,555.0,150.0,visa,226.0,debit
C06768-K1,C06768,19213,320.0,150.0,mastercard,117.0,debit
C07957-K1,C07957,15877,560.0,150.0,visa,226.0,credit
C12990-K2,C12990,17344,513.0,150.0,mastercard,229.0,debit
C01635-K1,C01635,19136,543.0,150.0,mastercard,224.0,debit
C11047-K1,C11047,10418,555.0,150.0,visa,226.0,debit
C07583-K1,C07583,18233,555.0,150.0,visa,166.0,debit
C05231-K1,C05231,11293,555.0,150.0,visa,226.0,debit
C06299-K1,C06299,13236,404.0,150.0,mastercard,102.0,credit
C03470-K1,C03470,13903,406.0,117.0,mastercard,166.0,debit
C13287-K1,C13287,20631,271.0,150.0,visa,195.0,debit
C06963-K2,C06963,16135,281.0,150.0,visa,226.0,credit
C12923-K1,C12923,20816,,102.0,visa,226.0,credit
C06740-K1,C06740,18232,366.0,162.0,visa,166.0,debit
C04717-K1,C04717,17194,294.0,150.0,visa,226.0,credit
C07522-K1,C07522,21828,555.0,150.0,visa,226.0,debit
C07223-K1,C07223,19886,399.0,150.0,american express,118.0,credit
C04660-K1,C04660,20952,128.0,150.0,visa,144.0,credit
C11673-K1,C11673,12363,237.0,150.0,mastercard,224.0,debit
C06084-K2,C06084,22980,111.0,150.0,mastercard,224.0,debit
C07733-K1,C07733,13887,287.0,150.0,mastercard,117.0,debit
C07037-K1,C07037,13502,555.0,150.0,visa,226.0,debit
C07103-K1,C07103,16757,168.0,144.0,visa,226.0,credit
C05714-K2,C05714,20450,555.0,150.0,visa,226.0,debit
C10476-K1,C10476,13208,567.0,150.0,mastercard,102.0,credit
C02476-K1,C02476,13965,383.0,150.0,visa,226.0,debit
C02481-K2,C02481,19315,,150.0,visa,226.0,debit
C07297-K2,C07297,13729,455.0,150.0,mastercard,166.0,debit
C04089-K1,C04089,22326,337.0,150.0,visa,226.0,credit
C10316-K1,C10316,23449,310.0,150.0,mastercard,224.0,debit
C09417-K1,C09417,20169,555.0,150.0,visa,226.0,debit
C07781-K2,C07781,23547,467.0,150.0,visa,226.0,debit
C06536-K1,C06536,17240,390.0,150.0,mastercard,224.0,debit
C10541-K1,C10541,13358,111.0,150.0,visa,226.0,debit
C02190-K1,C02190,20271,194.0,150.0,visa,166.0,debit
C06221-K1,C06221,18147,181.0,150.0,visa,228.0,credit
C01599-K1,C01599,16446,215.0,150.0,visa,226.0,credit
C08949-K1,C08949,11144,127.0,150.0,mastercard,224.0,debit
C00990-K1,C00990,20085,577.0,150.0,mastercard,219.0,credit
C02249-K1,C02249,12265,555.0,150.0,visa,226.0,debit
C10827-K1,C10827,16463,422.0,150.0,visa,195.0,debit
C09026-K1,C09026,23483,298.0,150.0,visa,195.0,debit
C01984-K1,C01984,19666,555.0,206.0,mastercard,137.0,credit
C07831-K1,C07831,10064,555.0,150.0,visa,226.0,debit
C05062-K2,C05062,17976,555.0,150.0,visa,226.0,debit
C03487-K1,C03487,11329,532.0,150.0,mastercard,224.0,debit
C12984-K2,C12984,19557,555.0,150.0,visa,226.0,debit
C02775-K1,C02775,12987,555.0,150.0,visa,226.0,debit
C09687-K1,C09687,16016,399.0,150.0,american express,102.0,credit
C00727-K1,C00727,11965,555.0,150.0,visa,226.0,debit
C00546-K1,C00546,13722,310.0,150.0,mastercard,224.0,debit
C06006-K1,C06006,21156,327.0,150.0,discover,,credit
C00175-K1,C00175,16736,369.0,150.0,mastercard,224.0,debit
C02824-K2,C02824,10929,555.0,150.0,visa,226.0,debit
C00571-K1,C00571,10220,298.0,150.0,visa,226.0,debit
C04264-K1,C04264,22212,216.0,150.0,visa,226.0,debit
C08831-K1,C08831,12791,481.0,150.0,mastercard,102.0,credit
C13126-K1,C13126,15321,399.0,150.0,american express,132.0,credit
C11882-K1,C11882,19353,161.0,150.0,visa,226.0,credit
C02676-K1,C02676,21711,543.0,150.0,mastercard,224.0,debit
C07216-K1,C07216,12655,170.0,150.0,mastercard,102.0,credit
C08483-K1,C08483,16255,494.0,150.0,mastercard,102.0,credit
C12763-K1,C12763,19005,321.0,150.0,visa,226.0,debit
C06009-K1,C06009,12095,555.0,150.0,visa,226.0,debit
C07761-K1,C07761,20264,408.0,185.0,mastercard,224.0,debit
C02705-K1,C02705,18722,555.0,150.0,visa,226.0,debit
C11651-K1,C11651,14703,463.0,194.0,visa,226.0,debit
C00599-K2,C00599,13287,555.0,150.0,visa,226.0,debit
C12887-K1,C12887,13663,499.0,150.0,visa,226.0,debit
C05766-K2,C05766,18116,194.0,150.0,mastercard,202.0,debit
C01654-K1,C01654,13910,225.0,150.0,mastercard,219.0,debit
C09029-K1,C09029,20368,321.0,150.0,visa,226.0,debit
C12103-K1,C12103,15211,525.0,150.0,visa,226.0,debit
C01026-K1,C01026,15718,159.0,150.0,mastercard,219.0,credit
C03814-K1,C03814,21668,170.0,150.0,mastercard,102.0,credit
C12753-K1,C12753,13434,555.0,150.0,mastercard,224.0,debit
C04526-K1,C04526,16860,399.0,150.0,american express,131.0,credit
C02170-K1,C02170,22958,341.0,185.0,visa,226.0,credit
C11951-K1,C11951,10891,562.0,150.0,mastercard,197.0,credit
C04249-K1,C04249,11067,555.0,150.0,visa,226.0,debit
C06514-K1,C06514,19091,521.0,150.0,visa,226.0,debit
C05053-K1,C05053,15013,555.0,150.0,visa,226.0,debit
C10772-K1,C10772,17433,555.0,150.0,visa,226.0,credit
C08570-K1,C08570,16823,369.0,150.0,mastercard,224.0,debit
C01304-K1,C01304,23429,310.0,150.0,mastercard,195.0,debit
C02512-K1,C02512,23065,111.0,150.0,mastercard,197.0,credit
C07480-K1,C07480,20824,399.0,150.0,american express,185.0,credit
C05238-K1,C05238,14388,555.0,150.0,visa,226.0,debit
C02583-K1,C02583,21675,390.0,150.0,mastercard,224.0,debit
C12547-K1,C12547,17154,111.0,150.0,mastercard,195.0,debit
C00701-K1,C00701,22434,555.0,150.0,visa,226.0,debit
C04211-K1,C04211,11273,369.0,150.0,mastercard,224.0,debit
C04263-K1,C04263,11150,555.0,150.0,visa,226.0,debit
C00369-K1,C00369,18540,555.0,150.0,visa,226.0,debit
C05004-K1,C05004,14075,543.0,150.0,mastercard,224.0,debit
C12857-K1,C12857,19010,,150.0,visa,166.0,debit
C12395-K4,C12395,14953,493.0,150.0,mastercard,224.0,debit
C05818-K1,C05818,15032,555.0,150.0,visa,226.0,debit
C02038-K2,C02038,10674,512.0,150.0,mastercard,224.0,debit
C09298-K1,C09298,12935,339.0,150.0,visa,226.0,credit
C03579-K1,C03579,21549,298.0,150.0,visa,226.0,debit
C00752-K1,C00752,19105,555.0,150.0,visa,226.0,debit
C12865-K1,C12865,20761,174.0,150.0,visa,195.0,credit
C08179-K1,C08179,18748,399.0,150.0,american express,137.0,credit
C07689-K1,C07689,21534,555.0,150.0,visa,226.0,debit
C12992-K1,C12992,16523,399.0,150.0,american express,118.0,credit
C04413-K1,C04413,22014,596.0,150.0,visa,166.0,debit
C03315-K2,C03315,17782,191.0,150.0,mastercard,102.0,debit
C11425-K1,C11425,20165,555.0,150.0,mastercard,224.0,debit
C04283-K1,C04283,17880,455.0,150.0,mastercard,224.0,debit
C06968-K1,C06968,21777,108.0,150.0,mastercard,117.0,debit
C07004-K1,C07004,11574,111.0,150.0,visa,226.0,debit
C04316-K1,C04316,14829,555.0,150.0,visa,226.0,credit
C06170-K1,C06170,21085,555.0,150.0,visa,226.0,debit
C01047-K1,C01047,12803,555.0,150.0,american express,215.0,debit
C01332-K1,C01332,15672,583.0,150.0,mastercard,224.0,credit
C11620-K1,C11620,21765,555.0,150.0,visa,226.0,debit
C02439-K1,C02439,14959,555.0,150.0,visa,226.0,debit
C08095-K1,C08095,20023,383.0,150.0,visa,195.0,debit
C08825-K1,C08825,23218,111.0,150.0,mastercard,102.0,credit
C11560-K1,C11560,17605,555.0,150.0,mastercard,195.0,debit
C10382-K1,C10382,13163,555.0,150.0,visa,226.0,debit
C12370-K1,C12370,11238,545.0,185.0,visa,138.0,debit
C07854-K1,C07854,16569,555.0,214.0,visa,102.0,credit
C13111-K1,C13111,14257,555.0,185.0,mastercard,195.0,credit
C08173-K1,C08173,13457,555.0,150.0,visa,226.0,debit
C08520-K1,C08520,19147,555.0,117.0,visa,226.0,debit
C05705-K1,C05705,18106,555.0,150.0,visa,226.0,debit
C11771-K1,C11771,18629,543.0,150.0,mastercard,224.0,debit
C08707-K1,C08707,20404,575.0,150.0,mastercard,224.0,debit
C06311-K1,C06311,19238,543.0,150.0,mastercard,224.0,debit
C00276-K1,C00276,20538,555.0,150.0,visa,166.0,debit
C02921-K2,C02921,16955,194.0,150.0,mastercard,166.0,debit
C04574-K1,C04574,17460,555.0,150.0,visa,226.0,debit
C07345-K1,C07345,20597,555.0,150.0,visa,226.0,debit
C11233-K1,C11233,18603,543.0,150.0,mastercard,224.0,debit
C10295-K1,C10295,17372,399.0,150.0,american express,119.0,credit
C03561-K1,C03561,20637,,150.0,visa,226.0,debit
C02949-K1,C02949,21678,549.0,150.0,visa,226.0,debit
C04255-K1,C04255,14954,555.0,150.0,visa,226.0,debit
C03715-K1,C03715,12359,555.0,150.0,mastercard,224.0,debit
C02881-K1,C02881,19614,123.0,144.0,visa,147.0,credit
C03701-K1,C03701,14639,517.0,150.0,mastercard,224.0,debit
C05003-K1,C05003,17022,310.0,150.0,mastercard,224.0,debit
C07327-K1,C07327,12343,555.0,150.0,visa,226.0,debit
C08102-K1,C08102,15646,399.0,150.0,american express,133.0,credit
C04261-K1,C04261,20251,555.0,150.0,visa,226.0,debit
C10356-K1,C10356,11475,555.0,150.0,visa,226.0,debit
C02037-K1,C02037,11265,555.0,150.0,visa,226.0,credit
C00040-K1,C00040,19058,555.0,150.0,visa,226.0,debit
C12232-K1,C12232,15956,555.0,150.0,visa,226.0,credit
C10008-K2,C10008,17664,199.0,150.0,mastercard,202.0,debit
C08808-K1,C08808,11700,555.0,150.0,mastercard,117.0,debit
C11032-K2,C11032,23043,553.0,150.0,discover,142.0,credit
C03620-K1,C03620,20239,555.0,150.0,visa,226.0,debit
C04222-K1,C04222,10783,555.0,150.0,visa,226.0,debit
C02182-K1,C02182,18537,225.0,150.0,mastercard,224.0,debit
C06064-K1,C06064,17769,567.0,150.0,visa,226.0,debit
C06858-K1,C06858,16151,235.0,150.0,mastercard,224.0,debit
C10568-K1,C10568,17691,543.0,150.0,mastercard,224.0,debit
C08169-K1,C08169,13077,225.0,150.0,mastercard,224.0,debit
C08865-K1,C08865,14262,,150.0,visa,226.0,credit
C07802-K1,C07802,11555,555.0,150.0,visa,226.0,debit
C10886-K1,C10886,22385,555.0,150.0,visa,226.0,debit
C12592-K1,C12592,18504,194.0,150.0,mastercard,203.0,credit
C03213-K1,C03213,10060,399.0,150.0,american express,118.0,credit
C04196-K2,C04196,12840,583.0,150.0,visa,226.0,credit
C11239-K1,C11239,19573,555.0,150.0,mastercard,117.0,debit
C08209-K2,C08209,22798,360.0,150.0,mastercard,166.0,debit
C11760-K1,C11760,14070,364.0,146.0,mastercard,224.0,credit
C05683-K2,C05683,19435,512.0,150.0,mastercard,117.0,debit
C02226-K1,C02226,14546,555.0,150.0,visa,226.0,debit
C09490-K2,C09490,11413,532.0,150.0,mastercard,224.0,debit
C09521-K2,C09521,21468,248.0,150.0,mastercard,166.0,debit
C06903-K1,C06903,12493,127.0,150.0,mastercard,224.0,debit
C08951-K1,C08951,23272,555.0,150.0,visa,226.0,debit
C03972-K1,C03972,22405,321.0,150.0,visa,226.0,debit
C07817-K1,C07817,13925,555.0,106.0,visa,226.0,debit
C03302-K1,C03302,19718,497.0,150.0,visa,226.0,debit
C07264-K1,C07264,14645,543.0,150.0,mastercard,224.0,debit
C00005-K2,C00005,17978,555.0,162.0,visa,226.0,credit
C01678-K1,C01678,10932,598.0,150.0,mastercard,224.0,debit
C10303-K1,C10303,10471,285.0,150.0,visa,226.0,debit
C07901-K1,C07901,15207,264.0,150.0,visa,226.0,credit
C05548-K1,C05548,12656,399.0,150.0,american express,118.0,credit
C10457-K1,C10457,11091,555.0,150.0,visa,226.0,debit
C10324-K1,C10324,23073,268.0,150.0,visa,100.0,debit
C08671-K1,C08671,18566,555.0,150.0,visa,226.0,debit
C08317-K1,C08317,13215,555.0,150.0,visa,226.0,debit
C02695-K1,C02695,18768,399.0,150.0,american express,150.0,credit
C05509-K3,C05509,19569,,150.0,visa,226.0,credit
C09097-K1,C09097,20776,555.0,150.0,visa,226.0,debit
C09612-K1,C09612,17559,181.0,150.0,visa,228.0,credit
C11797-K1,C11797,15706,555.0,150.0,visa,226.0,credit
C04651-K1,C04651,19487,518.0,150.0,visa,226.0,debit
C01480-K1,C01480,18984,321.0,150.0,visa,226.0,debit
C10518-K1,C10518,11482,568.0,150.0,visa,226.0,debit
C03153-K1,C03153,13692,520.0,150.0,american express,190.0,credit
C08474-K1,C08474,19404,583.0,150.0,mastercard,219.0,credit
C11843-K1,C11843,16646,503.0,150.0,visa,226.0,credit
C04193-K1,C04193,18595,555.0,150.0,visa,226.0,debit
C02609-K1,C02609,22917,298.0,150.0,visa,226.0,debit
C07038-K1,C07038,11616,390.0,150.0,mastercard,224.0,debit
C04084-K1,C04084,12224,127.0,150.0,mastercard,224.0,debit
C11107-K1,C11107,12968,555.0,150.0,visa,226.0,debit
C06542-K1,C06542,16000,399.0,150.0,american express,131.0,credit
C13479-K1,C13479,11403,,150.0,visa,226.0,credit
C06964-K1,C06964,11203,217.0,150.0,visa,226.0,debit
C08684-K2,C08684,16688,512.0,150.0,mastercard,224.0,debit
C02849-K1,C02849,21655,,150.0,visa,195.0,debit
C02877-K1,C02877,15545,321.0,150.0,visa,226.0,debit
C12292-K1,C12292,15800,527.0,150.0,visa,226.0,debit
C13018-K1,C13018,21531,555.0,150.0,mastercard,117.0,debit
C00454-K1,C00454,14344,399.0,150.0,american express,185.0,credit
C08017-K1,C08017,17888,143.0,150.0,visa,226.0,debit
C09816-K1,C09816,18871,399.0,150.0,american express,236.0,credit
C12561-K1,C12561,17125,555.0,150.0,visa,226.0,debit
C10007-K1,C10007,12556,553.0,150.0,visa,166.0,debit
C09655-K1,C09655,16436,555.0,150.0,mastercard,224.0,credit
C02841-K1,C02841,18027,555.0,150.0,visa,226.0,debit
C10930-K2,C10930,10950,474.0,150.0,mastercard,117.0,debit
C00788-K1,C00788,23146,545.0,185.0,visa,137.0,debit
C06927-K2,C06927,23287,532.0,150.0,mastercard,137.0,credit
C07203-K1,C07203,22129,,150.0,mastercard,,credit
C10654-K1,C10654,16440,111.0,150.0,visa,226.0,debit
C04501-K1,C04501,16158,555.0,150.0,visa,226.0,debit
C10993-K1,C10993,19756,534.0,150.0,mastercard,224.0,debit
C06342-K1,C06342,20431,,150.0,visa,226.0,debit
C08449-K2,C08449,22939,,150.0,visa,226.0,debit
C08569-K2,C08569,11104,253.0,150.0,mastercard,224.0,debit
C03295-K2,C03295,15955,267.0,150.0,mastercard,117.0,debit
C06851-K1,C06851,19597,410.0,150.0,visa,226.0,debit
C05760-K1,C05760,11205,555.0,150.0,visa,226.0,debit
C09615-K1,C09615,11892,501.0,150.0,visa,226.0,credit
C09377-K1,C09377,20970,321.0,150.0,visa,226.0,debit
C11952-K1,C11952,22277,375.0,185.0,mastercard,224.0,debit
C12959-K1,C12959,13767,555.0,150.0,visa,226.0,debit
C05235-K1,C05235,21116,321.0,150.0,visa,226.0,debit
C12045-K2,C12045,21158,317.0,150.0,visa,226.0,debit
C06134-K1,C06134,21922,480.0,150.0,mastercard,117.0,debit
C10299-K1,C10299,21384,555.0,150.0,visa,226.0,debit
C00192-K1,C00192,12114,399.0,150.0,american express,213.0,credit
C13403-K2,C13403,19409,477.0,150.0,mastercard,117.0,debit
C02537-K1,C02537,18033,555.0,150.0,visa,226.0,debit
C11339-K1,C11339,23392,567.0,150.0,mastercard,219.0,debit
C08180-K1,C08180,21385,555.0,150.0,visa,226.0,debit
C02559-K1,C02559,21241,555.0,150.0,visa,226.0,debit
C04499-K2,C04499,11309,302.0,150.0,visa,226.0,debit
C04294-K1,C04294,12712,502.0,150.0,visa,226.0,debit
C05733-K1,C05733,14663,555.0,150.0,visa,226.0,debit
C09380-K1,C09380,16420,543.0,150.0,mastercard,117.0,debit
C13535-K1,C13535,12653,543.0,150.0,mastercard,224.0,debit
C06376-K1,C06376,17514,555.0,150.0,visa,226.0,debit
C06140-K1,C06140,20747,575.0,150.0,visa,226.0,debit
C03334-K2,C03334,19252,512.0,150.0,mastercard,224.0,debit
C07295-K1,C07295,18320,549.0,150.0,visa,226.0,credit
C11958-K1,C11958,21513,225.0,150.0,mastercard,117.0,debit
C09245-K1,C09245,17106,555.0,150.0,visa,226.0,debit
C02784-K1,C02784,18150,175.0,150.0,visa,226.0,debit
C04391-K1,C04391,13913,525.0,150.0,visa,226.0,credit
C10264-K1,C10264,20580,555.0,150.0,visa,162.0,credit
C04518-K1,C04518,20008,555.0,150.0,visa,226.0,debit
C04965-K2,C04965,21452,490.0,150.0,visa,226.0,debit
C11655-K1,C11655,22276,479.0,150.0,visa,195.0,debit
C02958-K1,C02958,12800,555.0,150.0,visa,226.0,debit
C04320-K1,C04320,19225,554.0,150.0,mastercard,224.0,debit
C13291-K1,C13291,11052,555.0,150.0,visa,226.0,debit
C12425-K1,C12425,10566,420.0,150.0,mastercard,224.0,debit
C11049-K1,C11049,22279,275.0,150.0,mastercard,224.0,debit
C01656-K1,C01656,17887,555.0,185.0,mastercard,224.0,debit
C11889-K2,C11889,16403,111.0,150.0,mastercard,224.0,debit
C09691-K1,C09691,17030,221.0,150.0,visa,226.0,debit
C02756-K1,C02756,22576,555.0,150.0,visa,226.0,debit
C02883-K2,C02883,11523,272.0,150.0,mastercard,224.0,debit
C03853-K1,C03853,15427,369.0,150.0,mastercard,224.0,debit
C08665-K1,C08665,18676,555.0,150.0,visa,226.0,credit
C12301-K1,C12301,14459,556.0,150.0,mastercard,224.0,debit
C00057-K2,C00057,15385,555.0,150.0,visa,226.0,debit
C10859-K1,C10859,10774,555.0,150.0,visa,226.0,debit
C01507-K1,C01507,19498,555.0,150.0,visa,226.0,debit
C05594-K2,C05594,12498,306.0,150.0,visa,226.0,debit
C03136-K1,C03136,16891,423.0,150.0,visa,226.0,debit
C00473-K1,C00473,12504,417.0,150.0,visa,195.0,debit
C00660-K1,C00660,15148,543.0,150.0,mastercard,224.0,debit
C07841-K1,C07841,12357,512.0,150.0,visa,166.0,debit
C05530-K2,C05530,17169,111.0,150.0,visa,226.0,debit
C03323-K1,C03323,15262,285.0,150.0,visa,226.0,debit
C04684-K1,C04684,17084,390.0,150.0,mastercard,224.0,debit
C03273-K1,C03273,12943,111.0,150.0,visa,226.0,debit
C05841-K1,C05841,21574,127.0,150.0,mastercard,224.0,debit
C07297-K1,C07297,13729,455.0,150.0,mastercard,126.0,debit
C06823-K1,C06823,21481,555.0,150.0,visa,226.0,debit
C01040-K2,C01040,15004,158.0,150.0,visa,226.0,debit
C01856-K1,C01856,16913,555.0,150.0,visa,226.0,credit
C00956-K1,C00956,14053,476.0,150.0,visa,166.0,debit
C10126-K1,C10126,10102,555.0,150.0,visa,226.0,debit
C01938-K1,C01938,16643,533.0,150.0,mastercard,203.0,credit
C12614-K1,C12614,15721,555.0,150.0,visa,226.0,debit
C07518-K2,C07518,10546,583.0,150.0,visa,226.0,credit
C05097-K2,C05097,19281,360.0,150.0,visa,166.0,debit
C01990-K1,C01990,11671,225.0,150.0,mastercard,102.0,credit
C06883-K1,C06883,20855,555.0,150.0,visa,226.0,debit
C06758-K1,C06758,16513,555.0,188.0,visa,137.0,credit
C03040-K2,C03040,15507,583.0,150.0,visa,226.0,credit
C05845-K1,C05845,14033,555.0,150.0,visa,226.0,debit
C08256-K2,C08256,20853,170.0,150.0,mastercard,224.0,debit
C06657-K1,C06657,13640,512.0,150.0,visa,226.0,debit
C02420-K1,C02420,10804,490.0,150.0,visa,226.0,credit
C08962-K2,C08962,19468,408.0,185.0,mastercard,224.0,debit
C13147-K1,C13147,18215,545.0,185.0,visa,195.0,credit
C12672-K1,C12672,21226,265.0,150.0,visa,226.0,debit
C07432-K1,C07432,18644,250.0,150.0,visa,226.0,debit
C07699-K1,C07699,16378,543.0,150.0,mastercard,224.0,debit
C02193-K1,C02193,13513,215.0,150.0,visa,226.0,debit
C03087-K2,C03087,19371,321.0,150.0,visa,226.0,credit
C02181-K2,C02181,10363,311.0,185.0,visa,102.0,credit
C12980-K1,C12980,15318,310.0,150.0,mastercard,224.0,debit
C02147-K2,C02147,13864,500.0,185.0,mastercard,224.0,credit
C09601-K1,C09601,14322,111.0,150.0,visa,195.0,debit
C07686-K1,C07686,21232,176.0,185.0,mastercard,224.0,credit
C12028-K2,C12028,18605,324.0,185.0,visa,226.0,credit
C04776-K1,C04776,13392,478.0,150.0,visa,226.0,credit
C03065-K1,C03065,21493,399.0,150.0,american express,223.0,credit
C05153-K2,C05153,11312,586.0,150.0,mastercard,224.0,credit
C08433-K1,C08433,18220,268.0,150.0,visa,166.0,debit
C02360-K1,C02360,16502,399.0,150.0,american express,185.0,credit
C03719-K1,C03719,18172,555.0,150.0,visa,226.0,debit
C09800-K2,C09800,12563,321.0,150.0,visa,226.0,debit
C05191-K1,C05191,19216,310.0,150.0,mastercard,224.0,debit
C09211-K1,C09211,21716,412.0,150.0,visa,226.0,credit
C13014-K1,C13014,16441,555.0,150.0,visa,226.0,debit
C00329-K2,C00329,13169,111.0,150.0,visa,226.0,debit
C01104-K2,C01104,13791,321.0,150.0,visa,226.0,credit
C04794-K1,C04794,11362,555.0,150.0,visa,226.0,debit
C01155-K2,C01155,21788,553.0,150.0,visa,226.0,credit
C02174-K1,C02174,12865,555.0,150.0,visa,226.0,debit
C10344-K2,C10344,15910,206.0,150.0,mastercard,166.0,debit
C09575-K1,C09575,19406,555.0,150.0,visa,226.0,debit
C08285-K2,C08285,14778,233.0,150.0,visa,162.0,credit
C11936-K1,C11936,22850,520.0,150.0,american express,190.0,credit
C01701-K1,C01701,18325,555.0,150.0,visa,226.0,debit
C10869-K1,C10869,12447,543.0,150.0,mastercard,224.0,debit
C01871-K1,C01871,16544,555.0,150.0,visa,226.0,debit
C08722-K1,C08722,18408,322.0,150.0,visa,226.0,credit
C10923-K1,C10923,15081,555.0,148.0,mastercard,102.0,credit
C03444-K1,C03444,20497,555.0,150.0,visa,226.0,debit
C04530-K1,C04530,15404,310.0,150.0,mastercard,117.0,debit
C09265-K1,C09265,14536,316.0,150.0,visa,226.0,debit
C02197-K1,C02197,13101,332.0,150.0,visa,195.0,debit
C12785-K2,C12785,23063,199.0,150.0,mastercard,224.0,debit
C01487-K1,C01487,22617,555.0,150.0,visa,226.0,debit
C09437-K1,C09437,19021,369.0,150.0,mastercard,224.0,debit
C04241-K1,C04241,19619,122.0,150.0,mastercard,126.0,debit
C00235-K2,C00235,22607,215.0,150.0,visa,226.0,debit
C10459-K1,C10459,19080,399.0,150.0,american express,132.0,credit
C10019-K1,C10019,14709,555.0,150.0,visa,226.0,debit
C12815-K1,C12815,22431,399.0,150.0,american express,185.0,credit
C03598-K2,C03598,12097,490.0,150.0,visa,226.0,debit
C13493-K1,C13493,20712,135.0,150.0,visa,226.0,credit
C07396-K1,C07396,23166,555.0,150.0,visa,226.0,credit
C12207-K1,C12207,19333,399.0,150.0,american express,146.0,credit
C08013-K1,C08013,16966,555.0,147.0,visa,226.0,credit
C08863-K1,C08863,17042,555.0,150.0,visa,226.0,debit
C02653-K1,C02653,18872,555.0,150.0,visa,226.0,debit
C03785-K1,C03785,18345,555.0,150.0,visa,226.0,debit
C10812-K2,C10812,15741,512.0,150.0,mastercard,117.0,debit
C04984-K2,C04984,22333,111.0,150.0,mastercard,224.0,debit
C04670-K1,C04670,20960,543.0,150.0,mastercard,117.0,debit
C01721-K2,C01721,20490,199.0,150.0,mastercard,224.0,debit
C10717-K1,C10717,22436,399.0,150.0,american express,236.0,credit
C10014-K1,C10014,17671,555.0,214.0,mastercard,137.0,credit
C08565-K1,C08565,13495,399.0,150.0,american express,137.0,credit
C01773-K1,C01773,22422,127.0,150.0,mastercard,224.0,debit
C05345-K1,C05345,13198,344.0,150.0,mastercard,224.0,debit
C03580-K1,C03580,19862,555.0,150.0,visa,226.0,debit
C04095-K1,C04095,13648,390.0,150.0,mastercard,224.0,debit
C10440-K1,C10440,16648,532.0,150.0,mastercard,224.0,debit
C01050-K1,C01050,19309,555.0,150.0,visa,226.0,credit
C10361-K2,C10361,10142,543.0,150.0,mastercard,117.0,debit
C10380-K1,C10380,19524,420.0,150.0,mastercard,224.0,debit
C01772-K1,C01772,14793,555.0,150.0,visa,226.0,debit
C09394-K1,C09394,10617,399.0,150.0,american express,198.0,credit
C04306-K1,C04306,16370,210.0,150.0,visa,226.0,debit
C13402-K1,C13402,14729,386.0,150.0,visa,226.0,debit
C00545-K1,C00545,14991,109.0,150.0,mastercard,224.0,debit
C03264-K1,C03264,14495,583.0,150.0,visa,226.0,credit
C06276-K1,C06276,19189,399.0,150.0,american express,133.0,credit
C04150-K1,C04150,21197,399.0,150.0,american express,102.0,credit
C05470-K1,C05470,19337,555.0,150.0,visa,226.0,credit
C06360-K1,C06360,20895,225.0,150.0,mastercard,117.0,debit
C11378-K1,C11378,11464,369.0,150.0,mastercard,224.0,debit
C01983-K1,C01983,11676,321.0,150.0,visa,226.0,credit
C08834-K1,C08834,15847,588.0,150.0,visa,226.0,debit
C07612-K1,C07612,17847,583.0,150.0,visa,226.0,credit
C07743-K2,C07743,10602,449.0,150.0,visa,166.0,debit
C12265-K2,C12265,10010,116.0,150.0,visa,226.0,debit
C11091-K1,C11091,20695,321.0,150.0,visa,226.0,debit
C01533-K1,C01533,13518,555.0,150.0,visa,226.0,debit
C08995-K1,C08995,11008,481.0,150.0,mastercard,195.0,debit
C12372-K1,C12372,20329,343.0,150.0,visa,166.0,debit
C11807-K1,C11807,21506,176.0,185.0,mastercard,102.0,credit
C10601-K1,C10601,11424,225.0,150.0,mastercard,219.0,credit
C06464-K1,C06464,12548,177.0,185.0,mastercard,224.0,credit
C11062-K1,C11062,15765,425.0,150.0,mastercard,224.0,debit
C01323-K1,C01323,13132,481.0,150.0,visa,226.0,credit
C11638-K1,C11638,16443,555.0,150.0,visa,226.0,debit
C11916-K1,C11916,17195,204.0,185.0,visa,138.0,debit
C06874-K1,C06874,11872,399.0,150.0,american express,198.0,credit
C12975-K2,C12975,16353,172.0,150.0,visa,226.0,debit
C06026-K2,C06026,16925,170.0,150.0,visa,195.0,credit
C03318-K1,C03318,23491,468.0,150.0,visa,166.0,debit
C11095-K1,C11095,21218,239.0,150.0,mastercard,102.0,credit
C01407-K1,C01407,11693,555.0,150.0,visa,195.0,debit
C07558-K2,C07558,21171,555.0,150.0,visa,226.0,debit
C01058-K1,C01058,20225,555.0,150.0,visa,195.0,debit
C11823-K1,C11823,11393,555.0,150.0,visa,194.0,credit
C00973-K1,C00973,18401,,163.0,visa,228.0,credit
C09467-K1,C09467,17674,555.0,150.0,visa,226.0,debit
C05718-K1,C05718,22472,369.0,150.0,mastercard,224.0,debit
C12040-K1,C12040,10797,236.0,150.0,visa,195.0,debit
C09916-K1,C09916,13296,381.0,150.0,visa,226.0,debit
C03955-K1,C03955,22227,555.0,106.0,visa,226.0,debit
C10577-K1,C10577,21629,399.0,150.0,american express,132.0,credit
C09387-K1,C09387,10868,399.0,150.0,american express,223.0,credit
C05735-K1,C05735,14166,360.0,150.0,visa,166.0,debit
C08895-K1,C08895,12928,555.0,150.0,visa,226.0,debit
C04770-K1,C04770,17960,234.0,150.0,visa,226.0,credit
C00547-K1,C00547,12176,555.0,150.0,visa,226.0,debit
C02008-K1,C02008,11627,174.0,150.0,visa,226.0,debit
C11164-K1,C11164,21600,399.0,150.0,american express,150.0,credit
C10826-K1,C10826,22090,480.0,150.0,mastercard,219.0,credit
C00601-K1,C00601,10420,,150.0,visa,166.0,debit
C09061-K1,C09061,22481,555.0,213.0,mastercard,166.0,debit
C05215-K1,C05215,23474,543.0,150.0,mastercard,224.0,debit
C10899-K1,C10899,21565,504.0,150.0,visa,226.0,debit
C00542-K1,C00542,10907,583.0,150.0,visa,226.0,credit
C10837-K2,C10837,15921,296.0,185.0,visa,226.0,credit
C03634-K1,C03634,23305,,150.0,visa,226.0,credit
C07766-K1,C07766,10327,321.0,150.0,visa,226.0,debit
C01673-K2,C01673,19554,122.0,150.0,mastercard,166.0,debit
C08507-K1,C08507,23203,555.0,150.0,visa,226.0,debit
C11853-K1,C11853,14809,481.0,150.0,mastercard,102.0,credit
C01673-K1,C01673,19554,122.0,150.0,mastercard,126.0,debit
C11674-K1,C11674,17014,390.0,150.0,mastercard,224.0,debit
C03676-K2,C03676,22791,205.0,150.0,visa,166.0,debit
C12622-K1,C12622,13858,555.0,150.0,visa,226.0,debit
C07981-K1,C07981,22103,296.0,185.0,visa,102.0,credit
C02982-K1,C02982,22360,555.0,102.0,mastercard,224.0,debit
C10559-K1,C10559,20031,422.0,150.0,visa,226.0,debit
C11516-K1,C11516,10211,555.0,150.0,visa,226.0,debit
C03611-K2,C03611,15191,111.0,150.0,mastercard,224.0,debit
C03594-K1,C03594,12133,369.0,150.0,mastercard,224.0,debit
C03595-K1,C03595,17323,310.0,150.0,mastercard,224.0,debit
C06650-K2,C06650,22350,257.0,150.0,visa,226.0,debit
C02887-K1,C02887,19297,555.0,150.0,visa,226.0,debit
C00510-K1,C00510,14160,555.0,147.0,mastercard,134.0,credit
C08445-K1,C08445,13052,555.0,150.0,visa,226.0,credit
C00925-K1,C00925,14241,310.0,150.0,mastercard,224.0,debit
C01116-K2,C01116,10288,215.0,150.0,visa,226.0,debit
C08741-K1,C08741,16127,,150.0,visa,166.0,debit
C00037-K1,C00037,17510,321.0,150.0,visa,226.0,debit
C08866-K1,C08866,11666,399.0,150.0,american express,185.0,credit
C06604-K1,C06604,22201,555.0,129.0,mastercard,224.0,credit
C01615-K1,C01615,21440,454.0,150.0,visa,226.0,debit
C05108-K1,C05108,23202,419.0,150.0,visa,226.0,debit
C10350-K1,C10350,18903,490.0,150.0,visa,166.0,debit
C07437-K1,C07437,16568,111.0,150.0,visa,226.0,debit
C09549-K1,C09549,21587,275.0,150.0,mastercard,224.0,debit
C04244-K1,C04244,17250,286.0,150.0,visa,226.0,debit
C09458-K1,C09458,21329,399.0,150.0,american express,223.0,credit
C02050-K1,C02050,23077,321.0,150.0,visa,226.0,debit
C11186-K1,C11186,18312,300.0,150.0,visa,226.0,credit
C09049-K1,C09049,14280,555.0,150.0,visa,226.0,debit
C07614-K2,C07614,23253,174.0,150.0,visa,226.0,debit
C01326-K2,C01326,13654,162.0,150.0,visa,226.0,debit
C12011-K1,C12011,11448,245.0,150.0,visa,226.0,debit
C10327-K1,C10327,17044,555.0,150.0,visa,226.0,debit
C08012-K1,C08012,18791,216.0,150.0,mastercard,102.0,credit
C06024-K1,C06024,16512,111.0,150.0,visa,226.0,debit
C02903-K1,C02903,15899,310.0,150.0,mastercard,224.0,debit
C10932-K1,C10932,14091,555.0,135.0,visa,226.0,debit
C00556-K1,C00556,13420,225.0,150.0,mastercard,224.0,debit
C07745-K1,C07745,14867,555.0,150.0,visa,226.0,debit
C02753-K1,C02753,23096,562.0,150.0,visa,226.0,credit
C08807-K1,C08807,10238,264.0,150.0,visa,226.0,credit
C11238-K1,C11238,14448,225.0,150.0,mastercard,117.0,debit
C04705-K1,C04705,15698,420.0,150.0,mastercard,224.0,debit
C10044-K1,C10044,13278,555.0,150.0,visa,226.0,debit
C13044-K1,C13044,18441,555.0,150.0,visa,226.0,debit
C11944-K1,C11944,14267,479.0,150.0,visa,226.0,debit
C06068-K1,C06068,18866,331.0,150.0,visa,226.0,debit
C02006-K1,C02006,18503,443.0,150.0,mastercard,224.0,debit
C11265-K1,C11265,18850,360.0,150.0,visa,166.0,debit
C06358-K1,C06358,18512,206.0,150.0,mastercard,166.0,debit
C06995-K1,C06995,14574,399.0,150.0,american express,198.0,credit
C04046-K2,C04046,20873,490.0,150.0,visa,226.0,debit
C10737-K1,C10737,18271,192.0,150.0,visa,226.0,debit
C00961-K1,C00961,13603,555.0,150.0,visa,226.0,debit
C00967-K1,C00967,17459,399.0,150.0,american express,137.0,credit
C01840-K1,C01840,17516,555.0,150.0,visa,226.0,debit
C00810-K1,C00810,13590,369.0,150.0,mastercard,224.0,debit
C02458-K1,C02458,11591,239.0,150.0,mastercard,224.0,debit
C04671-K1,C04671,10906,555.0,150.0,visa,226.0,debit
C07969-K1,C07969,21722,399.0,150.0,american express,148.0,credit
C11730-K1,C11730,12975,555.0,150.0,mastercard,224.0,debit
C08623-K2,C08623,19739,470.0,150.0,mastercard,137.0,credit
C00806-K1,C00806,20109,555.0,150.0,visa,226.0,debit
C12513-K1,C12513,16072,480.0,150.0,mastercard,117.0,debit
C05553-K1,C05553,22137,555.0,150.0,visa,226.0,debit
C11759-K1,C11759,13811,555.0,150.0,visa,226.0,debit
C03331-K2,C03331,15971,300.0,150.0,visa,166.0,debit
C05833-K1,C05833,11806,298.0,150.0,visa,226.0,debit
C12382-K1,C12382,21139,242.0,150.0,visa,166.0,debit
C05979-K1,C05979,21282,532.0,150.0,mastercard,,debit
C12910-K1,C12910,12119,,150.0,visa,226.0,debit
C05435-K1,C05435,19920,215.0,150.0,mastercard,126.0,debit
C04928-K1,C04928,16666,399.0,150.0,american express,185.0,credit
C06429-K1,C06429,21959,555.0,150.0,visa,226.0,credit
C11247-K1,C11247,14431,122.0,150.0,mastercard,100.0,debit
C04732-K1,C04732,13979,480.0,150.0,mastercard,117.0,debit
C11536-K1,C11536,14598,111.0,150.0,visa,226.0,credit
C12403-K1,C12403,21407,298.0,150.0,visa,226.0,debit
C12408-K1,C12408,11447,333.0,150.0,visa,195.0,debit
C03893-K1,C03893,10264,225.0,150.0,mastercard,224.0,debit
C13269-K2,C13269,20155,198.0,150.0,visa,226.0,debit
C01145-K1,C01145,17530,555.0,150.0,mastercard,102.0,credit
C11714-K1,C11714,21794,390.0,150.0,mastercard,224.0,debit
C00241-K1,C00241,19960,555.0,150.0,visa,226.0,debit
C01571-K1,C01571,12611,225.0,150.0,mastercard,224.0,debit
C06840-K1,C06840,12032,586.0,150.0,mastercard,137.0,credit
C10986-K2,C10986,15290,431.0,150.0,visa,166.0,debit
C12641-K2,C12641,16969,511.0,150.0,visa,226.0,debit
C05905-K1,C05905,13008,258.0,150.0,visa,226.0,credit
C03531-K1,C03531,19644,564.0,150.0,visa,226.0,credit
C02842-K1,C02842,14116,555.0,150.0,visa,226.0,debit
C03005-K1,C03005,17145,592.0,150.0,visa,226.0,debit
C03324-K1,C03324,13220,479.0,150.0,visa,226.0,credit
C01846-K1,C01846,13313,405.0,185.0,visa,147.0,credit
C13332-K1,C13332,21667,555.0,150.0,visa,226.0,credit
C05378-K2,C05378,21559,455.0,150.0,mastercard,126.0,debit
C07086-K1,C07086,15904,555.0,150.0,visa,226.0,debit
C00909-K1,C00909,14631,390.0,150.0,mastercard,224.0,debit
C08746-K2,C08746,12993,514.0,150.0,mastercard,195.0,credit
C02014-K2,C02014,14623,398.0,150.0,mastercard,,debit
C10399-K1,C10399,22346,555.0,150.0,visa,226.0,debit
C00871-K1,C00871,11560,490.0,150.0,visa,226.0,credit
C03283-K1,C03283,19583,377.0,150.0,visa,226.0,debit
C08476-K1,C08476,21183,310.0,150.0,mastercard,224.0,debit
C07864-K1,C07864,18067,301.0,150.0,mastercard,224.0,debit
C07278-K1,C07278,22894,111.0,150.0,mastercard,224.0,credit
C02830-K1,C02830,19069,520.0,150.0,american express,190.0,credit
C01056-K1,C01056,16883,583.0,150.0,visa,226.0,credit
C08333-K1,C08333,22142,472.0,150.0,visa,166.0,debit
C01370-K1,C01370,17228,393.0,150.0,mastercard,117.0,debit
C09965-K1,C09965,18269,555.0,150.0,visa,226.0,credit
C06919-K1,C06919,21615,399.0,150.0,american express,236.0,credit
C08587-K1,C08587,20552,111.0,150.0,mastercard,102.0,credit
C02848-K1,C02848,22106,399.0,150.0,american express,102.0,credit
C09975-K2,C09975,22766,224.0,106.0,mastercard,224.0,debit
C07160-K1,C07160,11934,399.0,150.0,american express,223.0,credit
C06303-K1,C06303,14201,593.0,150.0,visa,226.0,debit
C09084-K1,C09084,12598,,150.0,visa,226.0,debit
C02388-K1,C02388,12473,360.0,150.0,visa,226.0,debit
C09676-K1,C09676,13407,555.0,150.0,visa,226.0,debit
C06409-K1,C06409,21683,210.0,150.0,visa,226.0,credit
C08451-K2,C08451,20218,394.0,150.0,visa,226.0,debit
C10162-K1,C10162,13254,302.0,150.0,visa,226.0,debit
C05949-K1,C05949,10166,555.0,150.0,visa,226.0,debit
C00162-K1,C00162,20088,555.0,150.0,visa,226.0,debit
C12748-K2,C12748,22508,127.0,150.0,mastercard,224.0,debit
C01467-K1,C01467,23121,532.0,150.0,mastercard,224.0,debit
C03285-K2,C03285,15118,160.0,150.0,visa,226.0,debit
C04604-K1,C04604,18142,240.0,150.0,visa,226.0,debit
C03992-K2,C03992,18363,583.0,150.0,visa,226.0,credit
C12192-K1,C12192,16705,549.0,150.0,visa,226.0,credit
C03498-K1,C03498,14550,555.0,150.0,visa,226.0,debit
C09329-K1,C09329,14969,543.0,150.0,mastercard,224.0,debit
C06088-K1,C06088,21732,,150.0,visa,226.0,debit
C11172-K1,C11172,22182,555.0,150.0,visa,226.0,debit
C06139-K2,C06139,13424,571.0,150.0,visa,226.0,debit
C10962-K1,C10962,17325,111.0,150.0,visa,195.0,debit
C01258-K1,C01258,14899,532.0,150.0,mastercard,224.0,debit
C06274-K1,C06274,20632,555.0,150.0,visa,226.0,debit
C08947-K1,C08947,11630,194.0,150.0,mastercard,202.0,debit
C12349-K1,C12349,20445,555.0,150.0,visa,226.0,debit
C10422-K2,C10422,19144,537.0,150.0,mastercard,224.0,debit
C13103-K1,C13103,22598,532.0,150.0,mastercard,224.0,debit
C10626-K1,C10626,11247,555.0,150.0,mastercard,117.0,debit
C08223-K1,C08223,15919,555.0,150.0,visa,226.0,credit
C10611-K2,C10611,16838,583.0,150.0,visa,226.0,credit
C07062-K1,C07062,16309,461.0,150.0,visa,226.0,debit
C04205-K1,C04205,10042,555.0,150.0,visa,226.0,debit
C08984-K1,C08984,17566,555.0,150.0,visa,226.0,credit
C03902-K1,C03902,12717,555.0,150.0,visa,226.0,debit
C11691-K1,C11691,10260,,150.0,visa,166.0,debit
C02483-K1,C02483,18564,,150.0,american express,,credit
C08712-K1,C08712,11243,310.0,150.0,mastercard,224.0,debit
C01627-K1,C01627,23371,514.0,150.0,mastercard,224.0,credit
C03639-K2,C03639,18203,129.0,150.0,visa,226.0,debit
C00361-K1,C00361,19781,583.0,150.0,visa,195.0,credit
C03095-K2,C03095,14742,500.0,185.0,mastercard,137.0,credit
C11029-K1,C11029,20000,321.0,150.0,visa,226.0,debit
C04117-K2,C04117,14354,474.0,150.0,mastercard,224.0,debit
C04068-K1,C04068,20894,454.0,150.0,visa,226.0,debit
C01053-K1,C01053,18769,555.0,150.0,visa,226.0,debit
C07416-K1,C07416,18771,390.0,150.0,mastercard,117.0,debit
C07424-K1,C07424,11406,555.0,144.0,american express,198.0,credit
C05986-K4,C05986,14655,455.0,150.0,mastercard,126.0,debit
C08197-K1,C08197,21779,555.0,150.0,visa,226.0,debit
C09344-K1,C09344,17065,476.0,150.0,visa,166.0,debit
C06821-K2,C06821,13463,194.0,150.0,mastercard,202.0,debit
C02910-K1,C02910,12043,310.0,150.0,mastercard,117.0,debit
C03305-K1,C03305,20972,520.0,150.0,american express,190.0,credit
C02352-K1,C02352,14942,555.0,150.0,visa,226.0,debit
C03316-K1,C03316,13786,,150.0,visa,226.0,debit
C00173-K1,C00173,19973,555.0,146.0,visa,166.0,debit
C09839-K1,C09839,13391,111.0,150.0,visa,195.0,credit
C01789-K1,C01789,14982,543.0,150.0,mastercard,224.0,debit
C05309-K1,C05309,14736,528.0,150.0,visa,226.0,credit
C05415-K1,C05415,23228,555.0,150.0,visa,226.0,debit
C01340-K1,C01340,23066,310.0,150.0,mastercard,224.0,debit
C03362-K1,C03362,16599,555.0,150.0,visa,166.0,debit
C07445-K1,C07445,13186,503.0,150.0,visa,226.0,debit
C10843-K1,C10843,15100,573.0,143.0,mastercard,224.0,debit
C00995-K1,C00995,13669,214.0,150.0,visa,195.0,debit
C12167-K1,C12167,21182,216.0,150.0,visa,226.0,credit
C01259-K2,C01259,13994,360.0,150.0,mastercard,166.0,debit
C08540-K1,C08540,14430,555.0,150.0,visa,226.0,debit
C05096-K1,C05096,16302,143.0,150.0,visa,226.0,debit
C05629-K1,C05629,20504,555.0,150.0,visa,226.0,credit
C09717-K1,C09717,21297,126.0,150.0,visa,166.0,debit
C08902-K1,C08902,21972,555.0,143.0,mastercard,202.0,debit
C07232-K1,C07232,20472,360.0,150.0,visa,166.0,debit
C06499-K1,C06499,18044,111.0,150.0,visa,166.0,debit
C05634-K1,C05634,21163,390.0,150.0,mastercard,224.0,debit
C09120-K1,C09120,11537,241.0,150.0,visa,226.0,credit
C05292-K1,C05292,23021,371.0,150.0,visa,226.0,credit
C05402-K2,C05402,18746,512.0,150.0,mastercard,224.0,debit
C09296-K1,C09296,20607,168.0,144.0,visa,226.0,credit
C07612-K2,C07612,17847,583.0,150.0,visa,226.0,debit
C12356-K2,C12356,13441,170.0,150.0,mastercard,102.0,credit
C06340-K1,C06340,13966,555.0,150.0,visa,226.0,debit
C11413-K1,C11413,20455,170.0,150.0,mastercard,219.0,credit
C09000-K1,C09000,22725,555.0,150.0,visa,226.0,debit
C05079-K2,C05079,13235,112.0,150.0,mastercard,117.0,debit
C10529-K1,C10529,11213,342.0,150.0,visa,226.0,debit
C05981-K2,C05981,19437,553.0,150.0,visa,226.0,debit
C11504-K1,C11504,20529,480.0,150.0,mastercard,224.0,debit
C08922-K1,C08922,14172,216.0,150.0,visa,226.0,credit
C11931-K1,C11931,12267,512.0,150.0,mastercard,117.0,debit
C04024-K2,C04024,12361,210.0,150.0,visa,226.0,credit
C00754-K2,C00754,12072,300.0,150.0,mastercard,224.0,credit
C11035-K1,C11035,20429,555.0,150.0,visa,226.0,debit
C07872-K2,C07872,20400,481.0,150.0,mastercard,117.0,debit
C03344-K1,C03344,21721,543.0,150.0,mastercard,,debit
C08347-K1,C08347,12659,399.0,150.0,american express,146.0,credit
C10157-K1,C10157,21111,555.0,150.0,visa,226.0,debit
C02487-K1,C02487,17546,188.0,150.0,visa,195.0,debit
C04473-K1,C04473,16518,310.0,150.0,mastercard,224.0,debit
C11194-K2,C11194,10979,555.0,150.0,visa,226.0,debit
C02336-K1,C02336,20684,234.0,150.0,visa,226.0,debit
C04932-K1,C04932,17303,555.0,150.0,visa,226.0,debit
C03589-K2,C03589,15068,384.0,150.0,visa,226.0,debit
C09988-K1,C09988,11242,228.0,106.0,visa,226.0,debit
C04348-K1,C04348,22883,111.0,150.0,mastercard,219.0,credit
C07586-K1,C07586,14114,291.0,150.0,visa,226.0,debit
C09954-K1,C09954,18831,165.0,150.0,mastercard,224.0,debit
C09810-K1,C09810,17790,555.0,150.0,visa,226.0,debit
C07172-K1,C07172,15454,555.0,150.0,visa,226.0,debit
C03344-K2,C03344,21721,543.0,150.0,mastercard,223.0,debit
C06908-K1,C06908,18204,555.0,150.0,visa,226.0,debit
C13206-K1,C13206,16261,595.0,150.0,mastercard,156.0,debit
C05498-K1,C05498,13428,555.0,150.0,visa,226.0,debit
C00573-K1,C00573,18048,555.0,146.0,mastercard,190.0,credit
C02742-K2,C02742,18734,596.0,150.0,mastercard,229.0,debit
C12577-K1,C12577,23404,399.0,150.0,american express,223.0,credit
C08070-K1,C08070,13758,399.0,150.0,american express,223.0,credit
C12654-K1,C12654,16821,555.0,150.0,visa,226.0,credit
C08376-K1,C08376,21701,322.0,150.0,american express,131.0,credit
C00202-K1,C00202,15776,555.0,150.0,visa,226.0,debit
C00152-K1,C00152,19893,123.0,144.0,visa,226.0,credit
C10665-K1,C10665,20846,555.0,144.0,american express,190.0,debit
C04732-K2,C04732,13979,512.0,150.0,mastercard,117.0,debit
C10451-K1,C10451,11296,555.0,150.0,visa,226.0,credit
C08359-K1,C08359,22158,555.0,150.0,visa,226.0,debit
C00107-K2,C00107,15729,568.0,150.0,visa,226.0,debit
C09771-K1,C09771,12837,225.0,150.0,mastercard,102.0,credit
C04905-K1,C04905,17734,225.0,150.0,mastercard,117.0,debit
C04164-K1,C04164,18982,225.0,150.0,mastercard,224.0,debit
C03856-K1,C03856,10680,562.0,150.0,mastercard,197.0,credit
C09870-K1,C09870,13320,555.0,150.0,visa,226.0,debit
C10098-K1,C10098,16837,240.0,150.0,visa,226.0,debit
C06044-K1,C06044,12527,302.0,150.0,visa,226.0,debit
C12132-K3,C12132,16951,360.0,150.0,mastercard,166.0,debit
C00210-K1,C00210,15228,436.0,150.0,visa,162.0,credit
C04551-K1,C04551,17129,548.0,150.0,visa,195.0,debit
C06694-K1,C06694,17810,555.0,150.0,mastercard,117.0,debit
C04438-K2,C04438,19696,555.0,119.0,visa,137.0,credit
C13541-K2,C13541,10690,555.0,150.0,mastercard,166.0,debit
C10504-K1,C10504,15527,225.0,150.0,mastercard,224.0,debit
C01562-K1,C01562,13034,583.0,150.0,visa,226.0,credit
C08337-K1,C08337,21088,575.0,150.0,visa,226.0,debit
C02407-K1,C02407,20319,390.0,150.0,mastercard,224.0,debit
C06264-K1,C06264,18685,555.0,150.0,visa,226.0,debit
C11003-K2,C11003,16571,283.0,150.0,mastercard,224.0,debit
C09995-K1,C09995,14100,201.0,150.0,visa,226.0,debit
C06780-K1,C06780,15590,480.0,150.0,mastercard,117.0,debit
C03725-K1,C03725,13282,555.0,150.0,visa,226.0,debit
C12989-K1,C12989,22769,555.0,150.0,visa,226.0,debit
C03240-K1,C03240,19217,390.0,150.0,mastercard,224.0,debit
C03321-K1,C03321,10799,399.0,150.0,american express,146.0,credit
C08363-K1,C08363,20838,478.0,150.0,visa,195.0,credit
C02917-K1,C02917,20531,555.0,150.0,visa,226.0,debit
C01812-K1,C01812,15770,264.0,150.0,visa,226.0,credit
C09218-K1,C09218,14702,555.0,214.0,visa,162.0,credit
C07928-K1,C07928,10726,501.0,150.0,visa,226.0,credit
C03238-K1,C03238,20312,516.0,150.0,mastercard,195.0,debit
C12525-K1,C12525,13359,307.0,150.0,visa,226.0,debit
C09696-K1,C09696,22263,555.0,150.0,visa,226.0,debit
C08616-K1,C08616,21912,555.0,150.0,mastercard,224.0,debit
C11523-K1,C11523,18867,555.0,150.0,visa,226.0,debit
C07022-K1,C07022,22454,555.0,150.0,visa,226.0,debit
C06113-K1,C06113,23193,310.0,150.0,mastercard,224.0,debit
C06671-K1,C06671,20587,399.0,150.0,american express,236.0,credit
C12063-K1,C12063,21423,585.0,150.0,visa,226.0,credit
C13092-K1,C13092,10110,555.0,150.0,visa,226.0,debit
C06934-K1,C06934,12587,500.0,185.0,mastercard,224.0,credit
C11127-K1,C11127,22406,512.0,150.0,mastercard,195.0,debit
C08314-K2,C08314,23332,276.0,150.0,visa,226.0,debit
C03688-K1,C03688,23097,310.0,150.0,mastercard,117.0,debit
C03103-K1,C03103,15029,555.0,153.0,mastercard,102.0,credit
C08190-K2,C08190,20483,111.0,150.0,visa,226.0,credit
C12604-K1,C12604,10780,321.0,150.0,visa,226.0,debit
C10925-K1,C10925,22032,555.0,150.0,visa,226.0,debit
C05002-K1,C05002,19575,555.0,150.0,visa,226.0,debit
C03193-K1,C03193,16684,555.0,150.0,mastercard,117.0,debit
C03740-K1,C03740,10634,369.0,150.0,mastercard,224.0,debit
C04507-K1,C04507,12650,512.0,150.0,visa,226.0,debit
C11353-K1,C11353,14477,390.0,150.0,mastercard,117.0,debit
C04828-K2,C04828,22843,122.0,150.0,mastercard,126.0,debit
C05896-K1,C05896,17686,555.0,150.0,visa,226.0,debit
C05244-K1,C05244,14855,399.0,150.0,american express,118.0,credit
C09358-K1,C09358,11095,181.0,150.0,visa,226.0,credit
C12786-K1,C12786,17001,555.0,102.0,visa,166.0,debit
C00147-K1,C00147,16194,275.0,150.0,mastercard,224.0,debit
C08578-K1,C08578,13299,441.0,150.0,visa,226.0,debit
C07834-K1,C07834,10810,555.0,150.0,visa,226.0,debit
C10062-K1,C10062,17621,517.0,150.0,mastercard,224.0,debit
C12629-K1,C12629,21404,555.0,150.0,visa,226.0,debit
C09719-K1,C09719,18332,399.0,150.0,american express,150.0,credit
C03693-K1,C03693,11103,555.0,150.0,visa,226.0,debit
C05659-K1,C05659,10766,151.0,150.0,visa,226.0,debit
C05214-K1,C05214,20807,543.0,150.0,mastercard,224.0,debit
C01209-K2,C01209,23353,122.0,150.0,mastercard,166.0,debit
C13266-K1,C13266,18698,555.0,150.0,visa,226.0,debit
C09285-K2,C09285,17755,555.0,150.0,visa,226.0,debit
C05127-K1,C05127,15366,545.0,185.0,visa,195.0,credit
C03019-K3,C03019,19672,327.0,150.0,discover,223.0,credit
C07039-K1,C07039,14826,583.0,150.0,visa,226.0,credit
C00501-K1,C00501,11602,310.0,150.0,mastercard,224.0,debit
C04529-K1,C04529,19529,555.0,150.0,mastercard,195.0,credit
C02345-K1,C02345,22974,555.0,150.0,mastercard,195.0,debit
C10414-K1,C10414,22358,555.0,150.0,visa,226.0,debit
C11653-K1,C11653,20850,253.0,150.0,mastercard,195.0,debit
C10075-K1,C10075,11322,225.0,150.0,mastercard,117.0,debit
C05970-K1,C05970,15621,555.0,150.0,visa,226.0,credit
C08205-K1,C08205,17900,310.0,150.0,mastercard,224.0,debit
C04573-K1,C04573,21968,408.0,185.0,mastercard,102.0,debit
C08111-K1,C08111,17897,303.0,150.0,visa,195.0,debit
C07002-K1,C07002,18247,555.0,213.0,mastercard,166.0,debit
C03121-K1,C03121,18238,520.0,150.0,american express,190.0,credit
C11959-K2,C11959,21110,514.0,150.0,mastercard,129.0,credit
C06105-K1,C06105,15642,555.0,150.0,visa,195.0,debit
C01014-K1,C01014,11945,555.0,150.0,visa,226.0,debit
C11866-K2,C11866,11376,555.0,185.0,mastercard,166.0,debit
C03358-K1,C03358,19717,575.0,150.0,visa,226.0,debit
C00631-K1,C00631,10656,555.0,150.0,mastercard,102.0,credit
C04145-K1,C04145,21679,367.0,150.0,mastercard,195.0,credit
C06089-K1,C06089,23283,225.0,150.0,visa,226.0,debit
C05347-K2,C05347,13890,548.0,150.0,visa,226.0,credit
C01343-K1,C01343,18894,399.0,150.0,american express,237.0,credit
C05851-K1,C05851,15277,225.0,150.0,mastercard,117.0,debit
C10941-K1,C10941,11198,321.0,150.0,visa,195.0,debit
C09027-K1,C09027,16556,225.0,150.0,mastercard,224.0,debit
C10354-K1,C10354,13346,555.0,150.0,visa,226.0,debit
C01016-K1,C01016,15345,555.0,150.0,visa,226.0,debit
C03657-K1,C03657,17696,321.0,150.0,visa,226.0,debit
C11313-K1,C11313,11875,555.0,150.0,visa,226.0,debit
C10783-K1,C10783,11059,532.0,150.0,mastercard,224.0,debit
C05444-K1,C05444,20660,127.0,150.0,mastercard,224.0,debit
C06314-K1,C06314,10684,555.0,150.0,visa,226.0,debit
C09465-K2,C09465,12896,455.0,150.0,mastercard,166.0,debit
C01504-K1,C01504,10314,555.0,150.0,visa,226.0,debit
C08382-K1,C08382,16841,555.0,150.0,visa,195.0,debit
C00564-K1,C00564,10338,555.0,150.0,visa,226.0,debit
C03002-K2,C03002,14608,143.0,150.0,visa,226.0,debit
C00989-K1,C00989,12853,226.0,150.0,mastercard,195.0,credit
C06002-K1,C06002,11972,239.0,150.0,mastercard,224.0,debit
C12742-K1,C12742,17643,122.0,150.0,mastercard,126.0,debit
C01488-K3,C01488,17454,512.0,150.0,mastercard,117.0,debit
C07838-K2,C07838,14130,360.0,150.0,mastercard,166.0,debit
C05050-K1,C05050,15521,583.0,150.0,visa,226.0,credit
C10314-K1,C10314,11466,399.0,150.0,american express,150.0,credit
C05661-K1,C05661,17398,476.0,150.0,visa,166.0,debit
C08293-K1,C08293,20694,456.0,150.0,mastercard,117.0,debit
C06178-K1,C06178,22581,275.0,150.0,mastercard,224.0,debit
C10981-K1,C10981,10191,390.0,150.0,mastercard,224.0,debit
C10206-K1,C10206,15339,275.0,150.0,mastercard,224.0,debit
C08185-K1,C08185,13878,514.0,150.0,mastercard,195.0,debit
C12973-K2,C12973,15215,208.0,150.0,mastercard,117.0,debit
C09854-K1,C09854,16575,139.0,150.0,mastercard,117.0,debit
C04184-K1,C04184,18811,543.0,150.0,mastercard,224.0,debit
C12726-K1,C12726,15861,399.0,150.0,american express,213.0,credit
C00232-K2,C00232,21426,,150.0,visa,166.0,debit
C06539-K1,C06539,10057,555.0,220.0,visa,226.0,debit
C08106-K1,C08106,21429,545.0,185.0,visa,138.0,debit
C12162-K1,C12162,19910,225.0,150.0,mastercard,224.0,debit
C09148-K2,C09148,19308,555.0,150.0,visa,226.0,debit
C10434-K1,C10434,17379,258.0,150.0,visa,226.0,credit
C08143-K1,C08143,13829,514.0,150.0,mastercard,224.0,credit
C05249-K1,C05249,12480,,150.0,visa,,credit
C07201-K1,C07201,23406,517.0,150.0,mastercard,224.0,debit
C07816-K1,C07816,17356,555.0,150.0,visa,226.0,debit
C08410-K1,C08410,13142,321.0,150.0,visa,226.0,debit
C11927-K1,C11927,22715,543.0,150.0,mastercard,224.0,debit
C07107-K1,C07107,14050,383.0,150.0,visa,226.0,debit
C12620-K1,C12620,14019,520.0,150.0,american express,190.0,credit
C08856-K1,C08856,21286,555.0,150.0,visa,226.0,debit
C08999-K1,C08999,11298,321.0,150.0,visa,195.0,debit
C08463-K1,C08463,18131,321.0,150.0,visa,226.0,credit
C10893-K1,C10893,21685,555.0,119.0,mastercard,224.0,credit
C07794-K1,C07794,19820,140.0,150.0,visa,226.0,debit
C01255-K1,C01255,11656,399.0,150.0,american express,223.0,credit
C11722-K2,C11722,19932,555.0,150.0,visa,226.0,debit
C09257-K1,C09257,18877,555.0,150.0,visa,226.0,debit
C09080-K1,C09080,18915,265.0,150.0,visa,226.0,debit
C02433-K3,C02433,16828,360.0,150.0,mastercard,166.0,debit
C00534-K2,C00534,20831,543.0,150.0,mastercard,224.0,debit
C04386-K1,C04386,22564,545.0,185.0,visa,195.0,debit
C08759-K1,C08759,12619,556.0,150.0,mastercard,219.0,credit
C08496-K1,C08496,21636,520.0,150.0,american express,190.0,credit
C06756-K1,C06756,14825,189.0,150.0,visa,226.0,debit
C08691-K1,C08691,11719,111.0,150.0,mastercard,195.0,debit
C08845-K5,C08845,11928,,150.0,visa,,credit
C03645-K1,C03645,22879,211.0,150.0,mastercard,224.0,credit
C08380-K1,C08380,15501,268.0,150.0,visa,166.0,debit
C07965-K1,C07965,12974,169.0,150.0,visa,195.0,debit
C02312-K1,C02312,10101,555.0,141.0,mastercard,224.0,debit
C11596-K2,C11596,13866,433.0,150.0,visa,226.0,credit
C06036-K1,C06036,14123,540.0,106.0,visa,226.0,debit
C09141-K1,C09141,14237,361.0,150.0,visa,226.0,debit
C02714-K1,C02714,15364,516.0,150.0,mastercard,117.0,debit
C08527-K1,C08527,11196,543.0,150.0,mastercard,224.0,debit
C05814-K2,C05814,23527,327.0,150.0,discover,100.0,debit
C12165-K2,C12165,11760,555.0,150.0,visa,226.0,credit
C09390-K1,C09390,14935,349.0,117.0,visa,102.0,debit
C08491-K1,C08491,18515,555.0,146.0,visa,137.0,credit
C02541-K1,C02541,17826,543.0,150.0,mastercard,224.0,debit
C06205-K1,C06205,20066,555.0,102.0,mastercard,195.0,credit
C11926-K1,C11926,10161,555.0,150.0,visa,226.0,debit
C10720-K1,C10720,12967,543.0,150.0,mastercard,224.0,debit
C04514-K1,C04514,14760,310.0,150.0,mastercard,224.0,debit
C08174-K1,C08174,18047,188.0,150.0,visa,226.0,debit
C06008-K1,C06008,16613,543.0,150.0,mastercard,224.0,debit
C04626-K1,C04626,19311,100.0,150.0,visa,166.0,debit
C05449-K1,C05449,11828,236.0,150.0,visa,226.0,credit
C07237-K1,C07237,12151,555.0,150.0,visa,226.0,debit
C07828-K1,C07828,19864,555.0,150.0,visa,226.0,debit
C08509-K1,C08509,19374,390.0,150.0,mastercard,117.0,debit
C00864-K1,C00864,13983,555.0,150.0,visa,226.0,debit
C13447-K1,C13447,10023,141.0,185.0,visa,226.0,credit
C11791-K1,C11791,18518,390.0,150.0,mastercard,195.0,debit
C08839-K1,C08839,19792,555.0,150.0,mastercard,,debit
C01469-K1,C01469,12233,555.0,150.0,visa,226.0,debit
C10751-K2,C10751,20663,445.0,150.0,mastercard,195.0,debit
C04562-K1,C04562,15183,555.0,150.0,visa,226.0,debit
C03390-K1,C03390,12529,399.0,150.0,american express,132.0,credit
C10429-K1,C10429,21285,399.0,150.0,american express,133.0,credit
C04357-K1,C04357,11441,555.0,150.0,mastercard,195.0,debit
C11102-K2,C11102,11383,455.0,150.0,mastercard,166.0,debit
C00536-K1,C00536,13999,399.0,150.0,american express,137.0,credit
C07102-K1,C07102,14595,399.0,150.0,american express,150.0,credit
C00651-K1,C00651,20382,512.0,150.0,mastercard,224.0,debit
C11857-K1,C11857,19559,555.0,150.0,visa,226.0,debit
C08199-K1,C08199,23532,149.0,147.0,mastercard,195.0,credit
C12420-K1,C12420,10667,396.0,150.0,mastercard,224.0,credit
C09193-K1,C09193,21870,321.0,150.0,visa,226.0,debit
C05175-K1,C05175,14410,496.0,150.0,mastercard,102.0,credit
C06020-K1,C06020,21619,555.0,150.0,visa,226.0,debit
C05855-K1,C05855,21381,550.0,150.0,visa,195.0,debit
C13195-K1,C13195,18514,225.0,150.0,mastercard,117.0,debit
C09483-K1,C09483,16985,512.0,150.0,visa,166.0,debit
C10470-K1,C10470,17266,399.0,150.0,american express,137.0,credit
C06629-K1,C06629,21998,344.0,150.0,mastercard,137.0,credit
C05077-K2,C05077,14706,532.0,150.0,mastercard,224.0,debit
C04773-K2,C04773,23463,555.0,150.0,visa,226.0,debit
C03802-K1,C03802,15272,555.0,150.0,visa,226.0,debit
C11601-K1,C11601,21890,555.0,146.0,visa,226.0,credit
C02584-K1,C02584,13721,555.0,150.0,visa,226.0,debit
C08366-K2,C08366,17275,111.0,150.0,mastercard,224.0,credit
C11323-K1,C11323,21128,555.0,119.0,visa,226.0,credit
C01439-K1,C01439,19418,438.0,106.0,visa,137.0,debit
C06358-K2,C06358,18512,206.0,150.0,mastercard,229.0,debit
C07368-K1,C07368,12671,,150.0,visa,195.0,debit
C02870-K1,C02870,20890,555.0,150.0,visa,226.0,debit
C03694-K1,C03694,23197,555.0,146.0,mastercard,224.0,credit
C01410-K1,C01410,20717,390.0,150.0,mastercard,224.0,debit
C08465-K1,C08465,14270,399.0,150.0,american express,137.0,credit
C12888-K1,C12888,12174,555.0,150.0,visa,226.0,credit
C09704-K1,C09704,23257,555.0,150.0,visa,166.0,debit
C00815-K1,C00815,12145,152.0,150.0,visa,195.0,debit
C01501-K1,C01501,14860,555.0,133.0,american express,173.0,credit
C03067-K1,C03067,11628,161.0,150.0,visa,226.0,debit
C03789-K1,C03789,13813,212.0,150.0,visa,226.0,debit
C11159-K1,C11159,21950,181.0,150.0,visa,195.0,credit
C06326-K1,C06326,20413,369.0,150.0,mastercard,224.0,debit
C05509-K1,C05509,19569,404.0,150.0,visa,226.0,credit
C01242-K1,C01242,10534,555.0,150.0,visa,226.0,debit
C00583-K1,C00583,18344,545.0,185.0,visa,226.0,credit
C04811-K1,C04811,13802,177.0,185.0,mastercard,224.0,credit
C09917-K1,C09917,12523,222.0,150.0,visa,226.0,debit
C10395-K1,C10395,21601,543.0,150.0,mastercard,224.0,debit
C07347-K1,C07347,21253,555.0,102.0,mastercard,224.0,debit
C09187-K1,C09187,23313,399.0,150.0,american express,118.0,credit
C11787-K1,C11787,13335,500.0,185.0,mastercard,224.0,credit
C05049-K1,C05049,21324,555.0,150.0,visa,226.0,debit
C10040-K1,C10040,12677,500.0,185.0,mastercard,102.0,credit
C08023-K1,C08023,18235,555.0,150.0,visa,226.0,debit
C11628-K1,C11628,14975,225.0,150.0,mastercard,102.0,credit
C08564-K1,C08564,11902,555.0,150.0,visa,195.0,debit
C05404-K1,C05404,15335,555.0,150.0,visa,226.0,debit
C10520-K1,C10520,15370,399.0,150.0,american express,102.0,credit
C03436-K1,C03436,12775,,150.0,visa,166.0,debit
C06427-K1,C06427,21583,543.0,150.0,mastercard,224.0,debit
C13448-K1,C13448,14453,399.0,150.0,american express,137.0,credit
C08405-K1,C08405,12011,555.0,146.0,visa,226.0,credit
C10224-K1,C10224,22876,562.0,150.0,mastercard,219.0,credit
C00144-K1,C00144,21108,555.0,150.0,visa,226.0,debit
C10988-K1,C10988,11232,159.0,150.0,mastercard,102.0,credit
C11015-K1,C11015,20070,399.0,150.0,american express,185.0,credit
C11668-K2,C11668,17662,213.0,117.0,mastercard,126.0,debit
C11856-K1,C11856,10924,555.0,117.0,mastercard,166.0,debit
C08484-K1,C08484,19241,216.0,150.0,mastercard,224.0,credit
C01923-K1,C01923,13058,555.0,150.0,visa,226.0,credit
C04930-K1,C04930,14018,506.0,150.0,visa,226.0,debit
C13399-K2,C13399,18966,555.0,150.0,visa,226.0,debit
C09903-K1,C09903,12823,555.0,150.0,visa,226.0,debit
C01620-K1,C01620,12071,481.0,150.0,mastercard,102.0,credit
C09403-K1,C09403,22051,111.0,150.0,visa,195.0,credit
C09433-K1,C09433,19811,111.0,150.0,mastercard,141.0,credit
C06763-K1,C06763,12552,169.0,150.0,visa,226.0,credit
C11160-K1,C11160,12110,555.0,150.0,visa,226.0,credit
C03301-K1,C03301,12773,,133.0,visa,,credit
C02952-K1,C02952,14650,555.0,150.0,visa,226.0,debit
C06398-K1,C06398,17439,216.0,150.0,visa,195.0,credit
C01726-K1,C01726,16865,442.0,150.0,visa,226.0,credit
C11894-K1,C11894,12590,,150.0,visa,,credit
C03965-K1,C03965,21551,554.0,150.0,visa,226.0,credit
C05879-K1,C05879,10671,275.0,150.0,mastercard,224.0,debit
C12177-K1,C12177,21518,555.0,150.0,visa,226.0,debit
C05090-K1,C05090,11189,555.0,150.0,visa,226.0,credit
C06168-K1,C06168,22611,555.0,150.0,visa,226.0,debit
C10675-K1,C10675,18036,275.0,150.0,mastercard,224.0,debit
C05654-K1,C05654,21805,555.0,150.0,visa,226.0,debit
C07403-K1,C07403,10556,555.0,150.0,visa,226.0,debit
C07784-K1,C07784,20909,445.0,150.0,mastercard,102.0,credit
C07026-K1,C07026,15359,555.0,150.0,visa,226.0,credit
C10935-K1,C10935,16248,532.0,150.0,mastercard,224.0,debit
C09962-K1,C09962,22353,554.0,150.0,mastercard,224.0,credit
C04656-K2,C04656,11316,397.0,150.0,visa,226.0,debit
C10284-K1,C10284,17282,400.0,150.0,mastercard,195.0,debit
C11171-K1,C11171,16889,111.0,150.0,visa,226.0,debit
C02924-K1,C02924,16562,225.0,150.0,mastercard,117.0,debit
C05213-K1,C05213,17896,399.0,150.0,american express,236.0,credit
C04355-K1,C04355,21044,225.0,150.0,mastercard,224.0,debit
C03101-K1,C03101,22510,543.0,150.0,mastercard,224.0,debit
C09716-K2,C09716,13572,543.0,150.0,mastercard,224.0,debit
C07723-K1,C07723,16541,399.0,150.0,american express,146.0,credit
C06401-K1,C06401,19711,390.0,150.0,mastercard,224.0,debit
C07030-K1,C07030,13107,555.0,150.0,visa,226.0,debit
C04461-K1,C04461,20802,302.0,150.0,visa,226.0,credit
C02265-K1,C02265,22804,555.0,150.0,visa,226.0,debit
C06397-K1,C06397,13968,399.0,150.0,american express,198.0,credit
C12469-K1,C12469,11451,,150.0,visa,166.0,debit
C12029-K1,C12029,16119,555.0,150.0,visa,226.0,debit
C00338-K1,C00338,10555,390.0,150.0,mastercard,224.0,debit
C08991-K1,C08991,16852,555.0,146.0,mastercard,166.0,debit
C09840-K1,C09840,10540,399.0,150.0,american express,188.0,credit
C08517-K1,C08517,10043,555.0,150.0,visa,226.0,debit
C07296-K1,C07296,23103,469.0,203.0,mastercard,195.0,credit
C03513-K1,C03513,17138,583.0,150.0,visa,195.0,credit
C02598-K1,C02598,10033,555.0,150.0,visa,195.0,debit
C10138-K1,C10138,15911,410.0,150.0,visa,226.0,credit
C00741-K1,C00741,14799,321.0,150.0,visa,226.0,debit
C09527-K1,C09527,15532,399.0,150.0,american express,146.0,credit
C00877-K1,C00877,15225,399.0,150.0,american express,137.0,credit
C10621-K1,C10621,21059,555.0,150.0,mastercard,224.0,debit
C10999-K1,C10999,22871,399.0,150.0,american express,137.0,credit
C10372-K1,C10372,11021,399.0,150.0,american express,118.0,credit
C13155-K1,C13155,21795,399.0,150.0,american express,185.0,credit
C00438-K1,C00438,11736,555.0,150.0,visa,226.0,debit
C04272-K1,C04272,15824,310.0,150.0,mastercard,224.0,debit
C10759-K1,C10759,13576,127.0,150.0,mastercard,224.0,debit
C13429-K1,C13429,23264,442.0,150.0,visa,226.0,credit
C07938-K1,C07938,16243,369.0,150.0,mastercard,224.0,debit
C12955-K1,C12955,11702,555.0,150.0,mastercard,117.0,debit
C06212-K1,C06212,14728,321.0,150.0,visa,226.0,debit
C03070-K1,C03070,17418,555.0,117.0,american express,166.0,debit
C10633-K1,C10633,10329,399.0,150.0,american express,236.0,credit
C06134-K2,C06134,21922,512.0,150.0,mastercard,117.0,debit
C02291-K1,C02291,22232,554.0,150.0,visa,226.0,credit
C11360-K1,C11360,15497,555.0,150.0,mastercard,102.0,debit
C02363-K1,C02363,10872,367.0,150.0,mastercard,117.0,debit
C00840-K1,C00840,19162,,193.0,visa,,credit
C08306-K1,C08306,20214,100.0,150.0,visa,195.0,credit
C10389-K1,C10389,12094,225.0,150.0,mastercard,224.0,debit
C08016-K1,C08016,20795,555.0,150.0,visa,226.0,credit
C04533-K1,C04533,19773,111.0,150.0,mastercard,219.0,credit
C06028-K1,C06028,21054,390.0,150.0,mastercard,224.0,debit
C02916-K1,C02916,16164,273.0,185.0,mastercard,224.0,credit
C08163-K1,C08163,11790,555.0,150.0,visa,226.0,credit
C00245-K1,C00245,18552,555.0,150.0,visa,226.0,debit
C02177-K1,C02177,18993,418.0,150.0,visa,195.0,debit
C00034-K1,C00034,12685,555.0,150.0,visa,226.0,debit
C04719-K1,C04719,10840,399.0,150.0,american express,137.0,credit
C03303-K1,C03303,12029,399.0,150.0,american express,118.0,credit
C05589-K1,C05589,11125,555.0,150.0,visa,226.0,credit
C04142-K2,C04142,16747,555.0,150.0,visa,226.0,debit
C09663-K1,C09663,21641,514.0,150.0,mastercard,224.0,credit
C01006-K1,C01006,20316,555.0,150.0,visa,226.0,debit
C04260-K1,C04260,23055,310.0,150.0,mastercard,224.0,debit
C09628-K1,C09628,22948,572.0,150.0,mastercard,195.0,debit
C04516-K1,C04516,19138,345.0,150.0,mastercard,137.0,credit
C06986-K1,C06986,23107,555.0,102.0,visa,138.0,debit
C09440-K1,C09440,12691,555.0,213.0,mastercard,224.0,credit
C11340-K1,C11340,21294,336.0,150.0,visa,226.0,credit
C10610-K1,C10610,11741,555.0,150.0,visa,162.0,credit
C09401-K1,C09401,20932,124.0,150.0,visa,226.0,debit
C10880-K1,C10880,10620,555.0,142.0,visa,102.0,debit
C10004-K1,C10004,13120,512.0,150.0,mastercard,117.0,debit
C00342-K1,C00342,19994,517.0,150.0,mastercard,224.0,debit
C03025-K1,C03025,18589,399.0,150.0,american express,146.0,credit
C06746-K1,C06746,17339,310.0,150.0,mastercard,224.0,debit
C04528-K1,C04528,23084,402.0,150.0,visa,226.0,debit
C03986-K1,C03986,10658,111.0,150.0,visa,226.0,debit
C07848-K2,C07848,15122,591.0,150.0,visa,226.0,debit
C07051-K1,C07051,17741,372.0,150.0,mastercard,137.0,credit
C12777-K1,C12777,22057,399.0,150.0,american express,137.0,credit
C07840-K1,C07840,16112,,150.0,visa,166.0,debit
C02986-K1,C02986,15409,213.0,146.0,mastercard,166.0,debit
C08011-K1,C08011,15337,399.0,150.0,american express,236.0,credit
C01931-K1,C01931,18198,555.0,150.0,visa,226.0,credit
C09990-K1,C09990,18075,277.0,144.0,visa,195.0,credit
C03191-K1,C03191,10151,481.0,150.0,mastercard,102.0,credit
C07993-K1,C07993,13796,399.0,150.0,american express,185.0,credit
C06288-K1,C06288,19007,418.0,150.0,visa,195.0,debit
C00580-K1,C00580,22320,399.0,150.0,american express,118.0,credit
C07277-K1,C07277,20618,195.0,150.0,visa,226.0,debit
C08871-K1,C08871,12045,555.0,150.0,visa,226.0,debit
C03357-K1,C03357,11278,360.0,150.0,mastercard,126.0,debit
C01803-K1,C01803,10719,555.0,150.0,mastercard,166.0,debit
C10814-K2,C10814,11751,457.0,150.0,visa,226.0,debit
C08850-K1,C08850,10506,399.0,150.0,american express,150.0,credit
C01269-K1,C01269,11197,560.0,150.0,visa,226.0,debit
C12114-K1,C12114,18654,249.0,150.0,visa,195.0,debit
C03517-K1,C03517,20378,111.0,150.0,visa,226.0,debit
C11486-K1,C11486,21800,111.0,150.0,mastercard,224.0,credit
C09975-K1,C09975,22766,224.0,106.0,mastercard,224.0,credit
C03282-K1,C03282,23445,555.0,150.0,visa,226.0,credit
C01302-K1,C01302,15338,555.0,150.0,visa,226.0,debit
C11716-K1,C11716,20507,543.0,150.0,mastercard,224.0,debit
C06487-K1,C06487,21119,555.0,150.0,visa,226.0,debit
C09701-K2,C09701,12106,167.0,150.0,visa,226.0,debit
C12921-K1,C12921,11074,151.0,150.0,visa,226.0,debit
C01409-K1,C01409,18230,555.0,150.0,visa,226.0,debit
C12583-K1,C12583,18745,427.0,150.0,mastercard,117.0,debit
C09312-K2,C09312,11637,449.0,150.0,visa,226.0,debit
C12391-K1,C12391,10417,275.0,150.0,mastercard,224.0,debit
C11577-K1,C11577,12091,285.0,150.0,visa,226.0,debit
C12364-K1,C12364,14146,399.0,150.0,american express,137.0,credit
C09131-K1,C09131,19420,517.0,150.0,mastercard,224.0,debit
C11530-K1,C11530,23037,459.0,185.0,visa,226.0,credit
C02311-K1,C02311,19369,321.0,150.0,visa,226.0,debit
C03712-K1,C03712,14986,399.0,150.0,american express,223.0,credit
C05613-K1,C05613,11677,555.0,150.0,visa,226.0,debit
C10894-K1,C10894,13303,149.0,147.0,mastercard,219.0,credit
C01546-K1,C01546,23524,399.0,150.0,american express,132.0,credit
C05770-K1,C05770,23486,555.0,150.0,visa,226.0,debit
C06875-K2,C06875,19992,137.0,150.0,visa,226.0,debit
C12057-K1,C12057,23198,481.0,150.0,mastercard,224.0,debit
C09397-K1,C09397,12126,555.0,150.0,visa,226.0,debit
C03166-K1,C03166,12325,562.0,150.0,mastercard,102.0,credit
C07008-K1,C07008,10372,555.0,150.0,visa,226.0,debit
C13139-K1,C13139,20544,399.0,150.0,american express,236.0,credit
C05810-K1,C05810,16150,399.0,150.0,american express,137.0,credit
C12964-K1,C12964,23443,555.0,150.0,visa,226.0,debit
C10753-K1,C10753,15784,321.0,150.0,visa,226.0,debit
C02905-K1,C02905,14869,349.0,117.0,visa,226.0,debit
C09429-K1,C09429,13389,174.0,150.0,visa,195.0,debit
C13110-K1,C13110,10305,111.0,150.0,visa,195.0,debit
C00813-K1,C00813,16630,222.0,150.0,visa,195.0,credit
C07192-K1,C07192,22082,481.0,150.0,mastercard,102.0,credit
C06076-K1,C06076,20103,555.0,150.0,visa,226.0,debit
C01543-K1,C01543,16188,390.0,150.0,mastercard,224.0,debit
C09744-K1,C09744,23464,555.0,150.0,visa,226.0,debit
C09160-K1,C09160,19024,555.0,150.0,mastercard,224.0,debit
C04241-K2,C04241,19619,122.0,150.0,mastercard,166.0,debit
C12110-K1,C12110,16098,555.0,150.0,visa,226.0,credit
C08957-K1,C08957,20255,225.0,150.0,mastercard,117.0,debit
C05849-K1,C05849,14851,,150.0,visa,226.0,debit
C07152-K1,C07152,11417,555.0,150.0,visa,226.0,debit
C05831-K1,C05831,18393,555.0,150.0,visa,226.0,debit
C07944-K1,C07944,14171,512.0,150.0,visa,226.0,credit
C08978-K1,C08978,14471,555.0,150.0,mastercard,102.0,credit
C08752-K1,C08752,10186,420.0,150.0,mastercard,224.0,debit
C13319-K1,C13319,20559,420.0,150.0,mastercard,117.0,debit
C01925-K1,C01925,15740,555.0,150.0,visa,226.0,credit
C08140-K1,C08140,18197,562.0,150.0,mastercard,102.0,credit
C12230-K1,C12230,20842,390.0,150.0,mastercard,224.0,debit
C12020-K1,C12020,16364,480.0,150.0,mastercard,117.0,debit
C10624-K1,C10624,13703,401.0,150.0,visa,226.0,credit
C11962-K1,C11962,11819,381.0,150.0,mastercard,224.0,debit
C03043-K1,C03043,16625,399.0,150.0,american express,150.0,credit
C00368-K1,C00368,15830,543.0,150.0,mastercard,224.0,debit
C04655-K1,C04655,22692,103.0,185.0,visa,226.0,debit
C13451-K1,C13451,11491,111.0,150.0,mastercard,224.0,credit
C04269-K1,C04269,16788,390.0,150.0,mastercard,224.0,debit
C00231-K1,C00231,12289,544.0,150.0,visa,137.0,credit
C12925-K2,C12925,22653,360.0,150.0,mastercard,166.0,debit
C05088-K1,C05088,14090,170.0,150.0,mastercard,102.0,credit
C06265-K1,C06265,16380,555.0,119.0,visa,102.0,credit
C01594-K1,C01594,16947,555.0,150.0,visa,226.0,debit
C10205-K1,C10205,16554,151.0,150.0,visa,226.0,debit
C01391-K1,C01391,17903,436.0,150.0,visa,226.0,debit
C09851-K1,C09851,16181,555.0,146.0,mastercard,190.0,credit
C01201-K1,C01201,19066,225.0,150.0,mastercard,224.0,debit
C04726-K1,C04726,13638,111.0,150.0,visa,226.0,debit
C06114-K1,C06114,13119,555.0,150.0,visa,226.0,debit
C12842-K1,C12842,18091,399.0,150.0,american express,150.0,credit
C10667-K2,C10667,11679,140.0,150.0,visa,226.0,credit
C08381-K1,C08381,13490,321.0,150.0,visa,226.0,debit
C03205-K1,C03205,21691,543.0,150.0,mastercard,117.0,debit
C01041-K1,C01041,19172,190.0,150.0,mastercard,117.0,debit
C10740-K1,C10740,23050,555.0,150.0,visa,226.0,debit
C09171-K1,C09171,23164,583.0,150.0,visa,226.0,credit
C08632-K1,C08632,21469,399.0,150.0,american express,146.0,credit
C07180-K1,C07180,18168,181.0,150.0,visa,226.0,credit
C06021-K2,C06021,22165,555.0,150.0,mastercard,224.0,debit
C12733-K1,C12733,11724,555.0,150.0,visa,226.0,credit
C03382-K1,C03382,12381,555.0,150.0,visa,226.0,debit
C05698-K1,C05698,13307,321.0,150.0,visa,226.0,debit
C02266-K2,C02266,17608,289.0,185.0,visa,138.0,debit
C05655-K1,C05655,17174,555.0,150.0,visa,226.0,debit
C03762-K1,C03762,21210,225.0,150.0,mastercard,195.0,debit
C01245-K1,C01245,16061,555.0,150.0,visa,226.0,credit
C00313-K1,C00313,15885,525.0,150.0,visa,226.0,credit
C13210-K1,C13210,19804,480.0,150.0,mastercard,224.0,debit
C10683-K1,C10683,18321,541.0,150.0,mastercard,117.0,debit
C02019-K1,C02019,21177,490.0,150.0,visa,226.0,debit
C12104-K1,C12104,16213,111.0,150.0,mastercard,195.0,debit
C08039-K1,C08039,15644,555.0,150.0,visa,226.0,debit
C07768-K1,C07768,19089,555.0,150.0,visa,226.0,debit
C09267-K1,C09267,17687,480.0,150.0,mastercard,224.0,debit
C02305-K1,C02305,19328,555.0,150.0,visa,226.0,debit
C00060-K1,C00060,16087,399.0,150.0,american express,150.0,credit
C08107-K1,C08107,14501,225.0,150.0,mastercard,117.0,debit
C11734-K1,C11734,12636,555.0,150.0,visa,226.0,debit
C04290-K1,C04290,17659,343.0,150.0,visa,226.0,credit
C02152-K1,C02152,10399,432.0,150.0,visa,226.0,credit
C12449-K1,C12449,21873,310.0,150.0,mastercard,224.0,debit
C11183-K1,C11183,12628,555.0,195.0,mastercard,224.0,debit
C01757-K1,C01757,15829,166.0,150.0,visa,226.0,debit
C04697-K1,C04697,19319,520.0,150.0,american express,190.0,credit
C11918-K2,C11918,10431,241.0,150.0,visa,226.0,debit
C00416-K1,C00416,15996,131.0,150.0,visa,226.0,debit
C06295-K1,C06295,21035,399.0,150.0,american express,102.0,credit
C02069-K1,C02069,15195,555.0,150.0,visa,226.0,debit
C08133-K1,C08133,19004,399.0,150.0,american express,146.0,credit
C12689-K1,C12689,23057,,150.0,visa,,credit
C04317-K1,C04317,16530,216.0,150.0,visa,226.0,credit
C07106-K1,C07106,12747,199.0,150.0,mastercard,219.0,credit
C01816-K1,C01816,18789,555.0,150.0,visa,226.0,debit
C05860-K2,C05860,14827,554.0,150.0,visa,226.0,debit
C03168-K1,C03168,19673,555.0,208.0,visa,137.0,debit
C09375-K1,C09375,17183,399.0,150.0,american express,223.0,credit
C00611-K1,C00611,15060,480.0,150.0,mastercard,224.0,debit
C04568-K1,C04568,17288,111.0,150.0,visa,226.0,debit
C11953-K1,C11953,11526,399.0,150.0,american express,132.0,credit
C09952-K1,C09952,11798,555.0,150.0,visa,226.0,debit
C07257-K1,C07257,13819,555.0,150.0,visa,226.0,credit
C07422-K1,C07422,22880,555.0,150.0,visa,226.0,debit
C05224-K1,C05224,20940,,150.0,visa,226.0,debit
C05670-K1,C05670,22298,490.0,150.0,visa,226.0,debit
C07011-K1,C07011,22357,479.0,150.0,visa,226.0,debit
C11292-K1,C11292,17248,555.0,150.0,visa,226.0,credit
C12302-K1,C12302,13005,517.0,150.0,mastercard,224.0,debit
C04162-K1,C04162,13865,496.0,150.0,mastercard,102.0,credit
C10596-K1,C10596,19967,321.0,150.0,visa,226.0,debit
C09079-K1,C09079,14606,110.0,150.0,mastercard,137.0,credit
C06238-K1,C06238,20075,555.0,150.0,visa,226.0,debit
C06424-K2,C06424,11326,248.0,150.0,mastercard,166.0,debit
C10919-K1,C10919,14044,215.0,150.0,visa,226.0,debit
C11574-K1,C11574,16976,555.0,150.0,visa,226.0,debit
C09669-K1,C09669,14721,555.0,150.0,visa,166.0,debit
C11537-K1,C11537,14894,555.0,150.0,visa,226.0,debit
C01400-K1,C01400,10246,170.0,150.0,mastercard,102.0,credit
C08748-K1,C08748,21712,399.0,150.0,american express,102.0,credit
C04614-K1,C04614,22054,,150.0,visa,226.0,debit
C03234-K1,C03234,10644,555.0,150.0,visa,226.0,debit
C05761-K1,C05761,18103,480.0,150.0,mastercard,117.0,debit
C09863-K1,C09863,13044,399.0,150.0,american express,150.0,credit
C13284-K1,C13284,15742,555.0,150.0,visa,226.0,debit
C12884-K1,C12884,18954,360.0,150.0,visa,226.0,debit
C07164-K1,C07164,16656,583.0,150.0,visa,195.0,credit
C10411-K1,C10411,13057,420.0,150.0,mastercard,224.0,debit
C08504-K1,C08504,19638,310.0,150.0,mastercard,224.0,debit
C13540-K1,C13540,17834,532.0,150.0,mastercard,224.0,debit
C13521-K1,C13521,17574,481.0,150.0,mastercard,195.0,debit
C12261-K1,C12261,17069,420.0,150.0,mastercard,195.0,debit
C04424-K1,C04424,19086,399.0,150.0,american express,146.0,credit
C01099-K1,C01099,21307,555.0,150.0,visa,226.0,debit
C05713-K1,C05713,23380,127.0,150.0,mastercard,224.0,debit
C02783-K1,C02783,17750,399.0,150.0,american express,118.0,credit
C10369-K1,C10369,12002,555.0,150.0,visa,226.0,debit
C04440-K1,C04440,16748,480.0,150.0,mastercard,224.0,debit
C09356-K1,C09356,15676,390.0,150.0,mastercard,224.0,debit
C00429-K1,C00429,19762,555.0,150.0,visa,226.0,debit
C00658-K1,C00658,18255,555.0,150.0,visa,226.0,credit
C12310-K1,C12310,15169,316.0,150.0,visa,226.0,credit
C04397-K1,C04397,13418,555.0,150.0,visa,226.0,credit
C07735-K1,C07735,19260,583.0,150.0,visa,226.0,credit
C02040-K1,C02040,20164,555.0,150.0,visa,226.0,debit
C11008-K1,C11008,14505,512.0,150.0,mastercard,224.0,debit
C05124-K1,C05124,21299,436.0,150.0,visa,226.0,debit
C07474-K1,C07474,15601,,150.0,visa,226.0,debit
C04029-K1,C04029,18839,555.0,150.0,visa,226.0,debit
C06097-K1,C06097,13324,543.0,150.0,mastercard,224.0,debit
C04840-K1,C04840,10406,512.0,150.0,mastercard,219.0,credit
C01166-K1,C01166,14107,399.0,150.0,american express,236.0,credit
C04963-K1,C04963,11279,216.0,150.0,mastercard,102.0,credit
C09464-K1,C09464,23539,390.0,150.0,mastercard,224.0,debit
C11959-K3,C11959,21110,514.0,150.0,mastercard,195.0,credit
C01758-K1,C01758,11107,364.0,146.0,mastercard,224.0,credit
C01225-K1,C01225,14915,122.0,150.0,mastercard,126.0,debit
C10091-K1,C10091,22186,555.0,150.0,mastercard,117.0,debit
C03523-K1,C03523,17112,212.0,150.0,visa,226.0,credit
C06302-K1,C06302,11540,520.0,150.0,american express,190.0,credit
C01105-K1,C01105,20869,555.0,150.0,visa,226.0,debit
C05106-K1,C05106,12324,399.0,150.0,american express,146.0,credit
C07916-K1,C07916,21436,390.0,150.0,mastercard,224.0,debit
C13039-K1,C13039,23347,310.0,150.0,mastercard,224.0,debit
C09631-K1,C09631,13971,479.0,150.0,visa,166.0,debit
C03418-K1,C03418,15199,555.0,150.0,visa,226.0,debit
C12699-K1,C12699,14879,555.0,150.0,visa,226.0,debit
C02338-K1,C02338,17360,174.0,150.0,visa,195.0,debit
C03179-K1,C03179,15278,555.0,150.0,visa,226.0,debit
C13192-K1,C13192,14290,555.0,222.0,visa,226.0,credit
C08737-K1,C08737,16239,404.0,150.0,mastercard,102.0,credit
C10794-K1,C10794,22679,111.0,150.0,visa,226.0,debit
C08336-K1,C08336,10100,,150.0,visa,166.0,debit
C04889-K1,C04889,21664,225.0,150.0,mastercard,224.0,debit
C00458-K1,C00458,10682,500.0,185.0,mastercard,224.0,credit
C00842-K2,C00842,19072,321.0,150.0,visa,166.0,debit
C06329-K1,C06329,20025,555.0,100.0,mastercard,102.0,credit
C12949-K1,C12949,10691,555.0,150.0,visa,226.0,debit
C02003-K1,C02003,16856,529.0,150.0,visa,226.0,debit
C02626-K1,C02626,10210,555.0,150.0,visa,226.0,credit
C12494-K1,C12494,13012,562.0,150.0,mastercard,197.0,credit
C03533-K1,C03533,14790,259.0,150.0,mastercard,224.0,debit
C08739-K2,C08739,23152,122.0,143.0,mastercard,166.0,debit
C00180-K1,C00180,12533,520.0,150.0,american express,190.0,credit
C03317-K1,C03317,20297,216.0,150.0,visa,226.0,debit
C05497-K1,C05497,23191,399.0,150.0,american express,185.0,credit
C04242-K1,C04242,11985,543.0,150.0,mastercard,224.0,debit
C10220-K1,C10220,13533,555.0,119.0,visa,137.0,credit
C09786-K1,C09786,15429,555.0,150.0,visa,226.0,debit
C13293-K1,C13293,12516,404.0,150.0,visa,226.0,credit
C12388-K1,C12388,10911,555.0,150.0,visa,226.0,debit
C10375-K1,C10375,17926,310.0,150.0,mastercard,224.0,debit
C06930-K1,C06930,12254,216.0,150.0,visa,169.0,credit
C10821-K1,C10821,15839,340.0,150.0,mastercard,219.0,debit
C04576-K1,C04576,15062,216.0,150.0,mastercard,195.0,credit
C13026-K1,C13026,23279,555.0,150.0,visa,226.0,debit
C01545-K1,C01545,21474,390.0,150.0,mastercard,224.0,debit
C04948-K1,C04948,18154,583.0,150.0,visa,226.0,credit
C07821-K1,C07821,21028,555.0,150.0,visa,226.0,debit
C03181-K1,C03181,10147,379.0,102.0,visa,138.0,debit
C04847-K2,C04847,20295,555.0,150.0,visa,226.0,debit
C07078-K1,C07078,19819,235.0,150.0,visa,226.0,debit
C01887-K1,C01887,19594,555.0,150.0,visa,226.0,credit
C12509-K2,C12509,16114,161.0,150.0,mastercard,102.0,credit
C06296-K1,C06296,16430,532.0,150.0,mastercard,224.0,debit
C06984-K1,C06984,13333,555.0,150.0,visa,226.0,debit
C13081-K1,C13081,22083,481.0,150.0,mastercard,102.0,credit
C13364-K1,C13364,12831,296.0,185.0,visa,195.0,debit
C12115-K1,C12115,14684,514.0,150.0,mastercard,224.0,credit
C07204-K1,C07204,20249,500.0,185.0,mastercard,224.0,credit
C03946-K1,C03946,18218,369.0,150.0,mastercard,224.0,debit
C02959-K1,C02959,17594,399.0,150.0,american express,150.0,credit
C05268-K1,C05268,18879,408.0,185.0,mastercard,224.0,debit
C07429-K2,C07429,20569,555.0,150.0,mastercard,117.0,debit or credit
C03306-K1,C03306,15373,321.0,150.0,visa,226.0,debit
C04394-K1,C04394,17351,111.0,150.0,visa,226.0,debit
C01402-K1,C01402,10469,420.0,150.0,mastercard,224.0,debit
C10181-K1,C10181,19443,322.0,150.0,american express,131.0,credit
C03571-K1,C03571,15580,399.0,150.0,american express,118.0,credit
C08699-K1,C08699,20364,399.0,150.0,american express,102.0,credit
C11715-K1,C11715,19141,399.0,150.0,american express,185.0,credit
C07751-K1,C07751,15623,399.0,150.0,american express,198.0,credit
C04423-K1,C04423,14943,555.0,150.0,visa,226.0,debit
C05824-K1,C05824,14168,371.0,150.0,visa,226.0,credit
C04055-K1,C04055,16827,102.0,150.0,mastercard,195.0,debit
C07431-K1,C07431,12061,555.0,150.0,visa,226.0,debit
C01495-K1,C01495,10175,555.0,150.0,visa,226.0,debit
C03605-K1,C03605,22597,360.0,150.0,visa,226.0,debit
C09905-K2,C09905,14781,555.0,150.0,visa,226.0,debit
C05240-K1,C05240,16462,111.0,150.0,visa,195.0,debit
C08652-K1,C08652,10348,310.0,150.0,mastercard,224.0,debit
C02391-K1,C02391,13076,,185.0,visa,166.0,debit
C09146-K1,C09146,14848,111.0,150.0,visa,195.0,debit
C06343-K2,C06343,11070,562.0,150.0,mastercard,127.0,credit
C08887-K1,C08887,13580,555.0,150.0,visa,226.0,debit
C13306-K1,C13306,12625,390.0,150.0,mastercard,224.0,debit
C00637-K1,C00637,14921,284.0,150.0,visa,166.0,debit
C05253-K1,C05253,16198,567.0,150.0,mastercard,219.0,debit
C04124-K1,C04124,15854,555.0,150.0,visa,226.0,debit
C09207-K1,C09207,12409,270.0,150.0,visa,166.0,debit
C01459-K1,C01459,17489,360.0,150.0,visa,166.0,debit
C02879-K1,C02879,14564,302.0,150.0,visa,226.0,debit
C10547-K1,C10547,23440,310.0,150.0,mastercard,224.0,debit
C05103-K1,C05103,22266,555.0,146.0,mastercard,137.0,debit
C01718-K1,C01718,11092,555.0,150.0,visa,226.0,debit
C03346-K1,C03346,12250,555.0,150.0,visa,226.0,debit
C01549-K2,C01549,17969,174.0,150.0,mastercard,117.0,debit
C11419-K1,C11419,22393,555.0,150.0,visa,226.0,debit
C07552-K1,C07552,22329,555.0,150.0,visa,226.0,debit
C09104-K1,C09104,22733,529.0,150.0,visa,162.0,credit
C13249-K1,C13249,10276,536.0,150.0,visa,226.0,debit
C01317-K1,C01317,18104,111.0,150.0,mastercard,195.0,debit
C01604-K1,C01604,18594,390.0,150.0,mastercard,224.0,debit
C09292-K1,C09292,11272,,150.0,mastercard,,credit
C07560-K2,C07560,15294,328.0,150.0,mastercard,117.0,debit
C04446-K1,C04446,21995,404.0,150.0,mastercard,102.0,credit
C08300-K1,C08300,17829,275.0,150.0,mastercard,224.0,debit
C05650-K1,C05650,22892,310.0,150.0,mastercard,224.0,debit
C01544-K1,C01544,23320,577.0,150.0,mastercard,117.0,debit
C13152-K1,C13152,17135,383.0,150.0,visa,195.0,debit
C09116-K2,C09116,16790,555.0,150.0,mastercard,117.0,debit
C11443-K1,C11443,20901,553.0,150.0,visa,226.0,credit
C05152-K1,C05152,10486,555.0,150.0,visa,226.0,debit
C03198-K1,C03198,17327,555.0,150.0,visa,226.0,debit
C04172-K2,C04172,10779,216.0,150.0,visa,226.0,credit
C03593-K1,C03593,14509,399.0,150.0,american express,118.0,credit
C08448-K1,C08448,20690,555.0,150.0,visa,226.0,debit
C03908-K1,C03908,11801,555.0,150.0,visa,226.0,debit
C13401-K1,C13401,10410,512.0,150.0,mastercard,117.0,debit
C08334-K1,C08334,11660,298.0,150.0,visa,226.0,debit
C12258-K2,C12258,11598,405.0,185.0,visa,226.0,credit
C02667-K1,C02667,20943,264.0,150.0,visa,226.0,credit
C02889-K1,C02889,15936,583.0,150.0,visa,226.0,credit
C12840-K1,C12840,15807,555.0,150.0,visa,226.0,debit
C12762-K1,C12762,15821,555.0,150.0,visa,226.0,debit
C05219-K1,C05219,17630,399.0,150.0,american express,137.0,credit
C12006-K1,C12006,10803,555.0,150.0,visa,226.0,credit
C03326-K1,C03326,20626,540.0,106.0,visa,137.0,credit
C09713-K1,C09713,11269,321.0,150.0,visa,226.0,debit
C09494-K1,C09494,11375,323.0,150.0,visa,226.0,credit
C13041-K2,C13041,11033,268.0,150.0,visa,166.0,debit
C09391-K1,C09391,18343,555.0,194.0,mastercard,224.0,debit
C11861-K1,C11861,19681,111.0,150.0,mastercard,219.0,credit
C09056-K1,C09056,20639,555.0,150.0,visa,226.0,debit
C07650-K1,C07650,11327,,150.0,visa,162.0,credit
C05893-K1,C05893,14025,399.0,150.0,american express,137.0,credit
C06990-K1,C06990,23533,555.0,146.0,mastercard,190.0,credit
C05712-K1,C05712,23201,583.0,150.0,visa,226.0,credit
C12491-K1,C12491,22378,321.0,150.0,visa,226.0,debit
C08566-K1,C08566,16910,111.0,150.0,visa,195.0,debit
C05474-K1,C05474,13835,111.0,150.0,mastercard,224.0,debit
C11346-K1,C11346,16132,555.0,150.0,visa,226.0,debit
C12579-K1,C12579,12638,399.0,150.0,american express,137.0,credit
C13065-K1,C13065,10751,298.0,150.0,mastercard,137.0,credit
C06886-K1,C06886,20020,336.0,150.0,visa,226.0,credit
C03709-K1,C03709,12985,555.0,150.0,visa,226.0,debit
C06579-K1,C06579,13262,555.0,150.0,visa,226.0,debit
C11384-K1,C11384,16698,492.0,150.0,mastercard,117.0,debit
C05563-K1,C05563,12703,321.0,150.0,visa,226.0,debit
C13031-K1,C13031,17032,216.0,150.0,mastercard,102.0,credit
C10947-K1,C10947,14433,310.0,150.0,mastercard,224.0,debit
C02191-K1,C02191,15801,555.0,102.0,mastercard,102.0,debit
C09181-K1,C09181,16682,170.0,150.0,mastercard,102.0,credit
C12012-K1,C12012,19312,111.0,150.0,mastercard,224.0,debit
C06135-K1,C06135,10301,278.0,150.0,visa,226.0,debit
C12932-K1,C12932,14202,360.0,150.0,mastercard,166.0,debit
C10845-K1,C10845,12190,555.0,204.0,mastercard,224.0,credit
C11600-K1,C11600,14569,554.0,150.0,visa,226.0,debit
C07694-K1,C07694,12260,127.0,150.0,mastercard,117.0,debit
C04593-K1,C04593,16825,555.0,150.0,visa,226.0,debit
C13302-K1,C13302,22594,399.0,150.0,american express,236.0,credit
C09500-K1,C09500,13024,310.0,150.0,mastercard,224.0,debit
C07017-K1,C07017,20928,558.0,150.0,visa,226.0,credit
C02444-K1,C02444,17000,399.0,150.0,american express,146.0,credit
C13524-K1,C13524,20402,383.0,150.0,visa,226.0,debit
C11076-K1,C11076,20496,555.0,150.0,visa,226.0,debit
C07341-K1,C07341,12328,555.0,150.0,visa,226.0,debit
C08413-K1,C08413,20947,555.0,150.0,visa,226.0,debit
C11657-K2,C11657,15552,512.0,150.0,mastercard,117.0,debit
C05455-K1,C05455,11756,555.0,150.0,visa,226.0,debit
C01018-K1,C01018,18856,555.0,150.0,visa,226.0,debit
C06707-K1,C06707,22062,,,,,
C02187-K1,C02187,20926,555.0,150.0,visa,226.0,debit
C09684-K1,C09684,22911,111.0,150.0,mastercard,224.0,debit
C00216-K1,C00216,13430,321.0,150.0,visa,226.0,debit
C00357-K1,C00357,15369,555.0,150.0,visa,226.0,debit
C09964-K1,C09964,23131,369.0,150.0,mastercard,117.0,debit
C10990-K1,C10990,18058,364.0,146.0,mastercard,224.0,credit
C00929-K1,C00929,12137,548.0,150.0,visa,166.0,debit
C07439-K1,C07439,17136,483.0,150.0,mastercard,224.0,debit
C04207-K1,C04207,22375,555.0,150.0,visa,226.0,debit
C13388-K1,C13388,14009,141.0,185.0,visa,226.0,credit
C10352-K1,C10352,13355,111.0,150.0,visa,226.0,debit
C13500-K1,C13500,13192,399.0,150.0,american express,137.0,credit
C03251-K3,C03251,21073,445.0,150.0,mastercard,102.0,credit
C06131-K1,C06131,18591,349.0,117.0,visa,102.0,credit
C03443-K3,C03443,10701,488.0,117.0,mastercard,224.0,credit
C03510-K1,C03510,16759,170.0,150.0,mastercard,102.0,credit
C05802-K1,C05802,13788,532.0,150.0,mastercard,224.0,debit
C09949-K1,C09949,10341,555.0,150.0,visa,226.0,debit
C07481-K1,C07481,17539,555.0,150.0,visa,226.0,debit
C09521-K3,C09521,21468,248.0,150.0,mastercard,,credit
C08852-K1,C08852,20426,467.0,150.0,visa,226.0,debit
C02795-K1,C02795,10336,310.0,150.0,mastercard,224.0,debit
C03890-K1,C03890,17198,555.0,106.0,mastercard,224.0,credit
C03695-K1,C03695,12562,555.0,150.0,visa,226.0,credit
C13190-K2,C13190,18883,277.0,144.0,visa,226.0,credit
C12686-K1,C12686,16220,583.0,150.0,mastercard,212.0,credit
C07173-K2,C07173,12506,555.0,150.0,visa,226.0,debit
C11599-K1,C11599,10887,174.0,150.0,visa,195.0,debit
C04339-K1,C04339,19090,195.0,150.0,visa,226.0,credit
C01646-K1,C01646,22022,543.0,150.0,mastercard,224.0,debit
C00263-K1,C00263,19989,399.0,150.0,american express,236.0,credit
C12515-K1,C12515,10576,531.0,150.0,visa,226.0,debit
C03432-K2,C03432,15073,194.0,150.0,mastercard,202.0,debit
C11446-K1,C11446,17866,555.0,150.0,visa,226.0,debit
C03479-K1,C03479,14297,399.0,150.0,american express,119.0,credit
C09461-K1,C09461,16176,399.0,150.0,american express,236.0,credit
C00532-K1,C00532,19303,399.0,150.0,american express,198.0,credit
C01175-K1,C01175,20689,555.0,150.0,visa,226.0,debit
C10374-K1,C10374,19590,120.0,203.0,mastercard,224.0,credit
C10238-K1,C10238,10595,174.0,150.0,visa,166.0,debit
C08627-K1,C08627,15660,543.0,150.0,mastercard,224.0,debit
C03158-K1,C03158,14408,225.0,150.0,mastercard,224.0,debit
C11428-K1,C11428,12000,555.0,150.0,visa,226.0,debit
C10552-K2,C10552,16023,543.0,150.0,mastercard,224.0,debit
C10259-K1,C10259,22221,496.0,150.0,mastercard,219.0,credit
C09163-K1,C09163,15724,555.0,150.0,visa,226.0,credit
C09430-K2,C09430,19332,158.0,150.0,visa,226.0,debit
C08720-K1,C08720,11747,399.0,150.0,american express,207.0,credit
C09330-K1,C09330,18060,383.0,150.0,visa,226.0,credit
C02023-K1,C02023,22995,481.0,150.0,visa,162.0,credit
C03519-K1,C03519,10649,390.0,150.0,mastercard,224.0,debit
C12416-K1,C12416,18817,555.0,150.0,visa,226.0,debit
C12146-K1,C12146,12932,206.0,150.0,mastercard,166.0,debit
C02604-K1,C02604,22700,343.0,150.0,mastercard,166.0,debit
C01285-K1,C01285,23156,,150.0,visa,138.0,debit
C12009-K1,C12009,11721,543.0,150.0,mastercard,224.0,debit
C05683-K1,C05683,19435,480.0,150.0,mastercard,117.0,debit
C01135-K1,C01135,23114,277.0,144.0,visa,137.0,credit
C11101-K1,C11101,16673,555.0,144.0,mastercard,224.0,credit
C02154-K1,C02154,23034,383.0,150.0,visa,166.0,debit
C13503-K1,C13503,23433,480.0,150.0,mastercard,224.0,debit
C05343-K1,C05343,16555,555.0,150.0,visa,226.0,debit
C13011-K1,C13011,15185,543.0,150.0,mastercard,117.0,debit
C00906-K1,C00906,17244,555.0,150.0,visa,226.0,debit
C13052-K1,C13052,14289,555.0,150.0,mastercard,224.0,debit
C09966-K1,C09966,18143,555.0,150.0,visa,226.0,debit
C01458-K1,C01458,13743,555.0,150.0,visa,226.0,debit
C09022-K1,C09022,22367,305.0,106.0,mastercard,224.0,credit
C08010-K2,C08010,14841,222.0,150.0,visa,226.0,debit
C06784-K1,C06784,13879,555.0,150.0,visa,226.0,debit
C08854-K1,C08854,20005,555.0,150.0,mastercard,117.0,debit
C12776-K1,C12776,13777,343.0,150.0,visa,226.0,credit
C07082-K1,C07082,19780,399.0,150.0,american express,223.0,credit
C02394-K1,C02394,16703,520.0,150.0,american express,190.0,credit
C04077-K1,C04077,19926,399.0,150.0,american express,137.0,credit
C13230-K2,C13230,17675,532.0,150.0,mastercard,224.0,debit
C11663-K1,C11663,16454,396.0,150.0,mastercard,195.0,debit
C07727-K1,C07727,14226,555.0,150.0,visa,226.0,debit
C03381-K1,C03381,16069,414.0,143.0,visa,226.0,credit
C00767-K1,C00767,17789,555.0,213.0,mastercard,224.0,credit
C00622-K1,C00622,14716,,150.0,visa,,credit
C13070-K1,C13070,19287,542.0,150.0,visa,226.0,credit
C07346-K1,C07346,21536,206.0,150.0,visa,166.0,debit
C09600-K1,C09600,19307,360.0,150.0,mastercard,100.0,debit
C03675-K1,C03675,22753,302.0,150.0,visa,226.0,debit
C07473-K1,C07473,13615,556.0,150.0,mastercard,224.0,debit
C06200-K1,C06200,18578,514.0,150.0,mastercard,195.0,debit
C01820-K1,C01820,10204,555.0,150.0,visa,195.0,debit
C03448-K1,C03448,19760,512.0,150.0,mastercard,219.0,credit
C00756-K1,C00756,18210,111.0,150.0,mastercard,224.0,credit
C02387-K1,C02387,15216,595.0,150.0,mastercard,195.0,debit
C05161-K1,C05161,10158,399.0,150.0,american express,188.0,credit
C08885-K1,C08885,12801,111.0,150.0,mastercard,195.0,debit
C02045-K1,C02045,18833,555.0,150.0,visa,226.0,debit
C09442-K1,C09442,18554,399.0,150.0,american express,137.0,credit
C04170-K1,C04170,21903,399.0,150.0,american express,198.0,credit
C11129-K1,C11129,22482,543.0,150.0,mastercard,224.0,debit
C09769-K1,C09769,23186,239.0,150.0,mastercard,195.0,debit
C05284-K2,C05284,16995,555.0,150.0,visa,226.0,debit
C11459-K2,C11459,12922,512.0,150.0,mastercard,224.0,debit
C00649-K1,C00649,22026,399.0,150.0,american express,198.0,credit
C00214-K1,C00214,15174,480.0,150.0,mastercard,224.0,debit
C11562-K1,C11562,22447,346.0,150.0,mastercard,197.0,credit
C00845-K1,C00845,16664,555.0,150.0,visa,226.0,debit
C12141-K1,C12141,12115,555.0,150.0,visa,226.0,debit
C01005-K1,C01005,20492,236.0,150.0,visa,162.0,credit
C09929-K1,C09929,23053,555.0,150.0,visa,226.0,debit
C09431-K2,C09431,21589,,150.0,visa,226.0,debit
C01936-K2,C01936,22585,517.0,150.0,mastercard,224.0,debit
C00898-K1,C00898,16031,555.0,150.0,visa,226.0,debit
C11633-K2,C11633,16139,199.0,150.0,mastercard,102.0,credit
C08689-K1,C08689,10580,105.0,150.0,visa,226.0,credit
C07444-K1,C07444,16941,302.0,150.0,visa,226.0,debit
C01147-K1,C01147,16689,555.0,150.0,visa,226.0,debit
C09435-K1,C09435,13459,,150.0,visa,195.0,debit
C11996-K2,C11996,19176,555.0,150.0,mastercard,203.0,credit
C00280-K2,C00280,11234,390.0,150.0,mastercard,117.0,debit
C05367-K1,C05367,11315,555.0,146.0,visa,226.0,debit
C02987-K1,C02987,11942,399.0,150.0,american express,137.0,credit
C11792-K1,C11792,10094,181.0,150.0,visa,141.0,credit
C09679-K1,C09679,23528,417.0,150.0,visa,195.0,debit
C01169-K1,C01169,18398,537.0,150.0,visa,226.0,debit
C06372-K1,C06372,10988,127.0,150.0,mastercard,224.0,debit
C01035-K1,C01035,19776,399.0,150.0,american express,236.0,credit
C02863-K1,C02863,22772,321.0,150.0,visa,226.0,debit
C03943-K1,C03943,17536,555.0,150.0,mastercard,224.0,debit
C06635-K1,C06635,17584,555.0,150.0,visa,226.0,debit
C00733-K1,C00733,19491,310.0,150.0,mastercard,224.0,debit
C11168-K1,C11168,23017,399.0,150.0,american express,118.0,credit
C01426-K1,C01426,10629,399.0,150.0,american express,118.0,credit
C02239-K1,C02239,14708,,150.0,visa,166.0,debit
C11802-K1,C11802,13197,555.0,150.0,visa,226.0,debit
C09829-K1,C09829,10520,555.0,150.0,visa,226.0,debit
C04787-K1,C04787,20847,555.0,150.0,visa,226.0,debit
C05605-K1,C05605,12732,555.0,150.0,mastercard,117.0,debit
C11717-K1,C11717,12621,480.0,150.0,mastercard,224.0,debit
C09607-K1,C09607,12809,225.0,150.0,visa,226.0,debit
C12865-K2,C12865,20761,523.0,150.0,visa,195.0,credit
C03796-K1,C03796,15291,555.0,150.0,visa,226.0,credit
C12867-K1,C12867,21318,390.0,150.0,mastercard,224.0,debit
C04166-K1,C04166,23226,555.0,150.0,visa,226.0,debit
C00233-K1,C00233,14581,555.0,135.0,mastercard,224.0,credit
C09337-K1,C09337,15937,226.0,150.0,mastercard,203.0,credit
C01153-K1,C01153,19316,399.0,150.0,american express,137.0,credit
C05147-K1,C05147,21273,309.0,150.0,visa,226.0,credit
C02075-K1,C02075,18485,399.0,150.0,american express,185.0,credit
C00073-K2,C00073,17304,545.0,185.0,visa,138.0,debit
C10573-K1,C10573,13639,488.0,117.0,visa,226.0,debit
C12578-K1,C12578,23141,555.0,150.0,visa,226.0,debit
C10085-K1,C10085,20818,399.0,150.0,american express,223.0,credit
C06623-K1,C06623,22294,170.0,150.0,mastercard,135.0,credit
C00589-K1,C00589,10404,225.0,150.0,mastercard,117.0,debit
C02033-K1,C02033,12491,399.0,150.0,american express,198.0,credit
C09919-K1,C09919,17983,399.0,150.0,american express,119.0,credit
C11632-K1,C11632,17218,161.0,150.0,mastercard,195.0,credit
C12198-K1,C12198,14876,588.0,150.0,visa,226.0,credit
C11528-K1,C11528,15418,555.0,150.0,visa,226.0,debit
C12545-K1,C12545,12875,543.0,150.0,mastercard,224.0,debit
C02474-K2,C02474,21472,555.0,150.0,visa,226.0,debit
C10738-K1,C10738,19604,321.0,150.0,visa,226.0,debit
C00940-K1,C00940,22618,369.0,150.0,mastercard,224.0,debit
C05416-K1,C05416,18827,115.0,150.0,visa,226.0,debit
C06185-K1,C06185,13018,555.0,185.0,visa,195.0,debit
C03375-K1,C03375,13494,555.0,150.0,visa,226.0,debit
C12983-K1,C12983,14302,111.0,150.0,mastercard,129.0,credit
C13253-K2,C13253,21186,555.0,150.0,visa,226.0,debit
C13037-K1,C13037,22336,529.0,150.0,visa,226.0,credit
C00464-K1,C00464,20521,555.0,150.0,visa,226.0,credit
C01482-K1,C01482,17413,261.0,150.0,mastercard,102.0,credit
C05943-K1,C05943,22359,543.0,150.0,mastercard,224.0,debit
C01863-K1,C01863,14858,555.0,150.0,visa,226.0,debit
C01605-K1,C01605,10172,555.0,150.0,mastercard,117.0,debit
C10889-K1,C10889,16172,,150.0,visa,226.0,debit
C09880-K1,C09880,11723,420.0,150.0,mastercard,224.0,debit
C00479-K1,C00479,14507,,150.0,visa,226.0,debit
C02793-K1,C02793,19985,490.0,150.0,visa,226.0,debit
C01394-K1,C01394,22645,553.0,150.0,visa,226.0,debit
C07511-K1,C07511,16075,445.0,150.0,mastercard,195.0,credit
C06665-K2,C06665,10270,555.0,150.0,visa,226.0,debit
C09688-K1,C09688,13952,555.0,150.0,,,debit
C06407-K1,C06407,15330,532.0,150.0,mastercard,224.0,debit
C03990-K1,C03990,22159,555.0,150.0,visa,226.0,debit
C10401-K1,C10401,23365,555.0,150.0,mastercard,117.0,debit
C02590-K1,C02590,11185,555.0,150.0,visa,226.0,debit
C08304-K1,C08304,14400,399.0,150.0,american express,150.0,credit
C03459-K1,C03459,15781,584.0,150.0,mastercard,219.0,credit
C01034-K1,C01034,15101,555.0,150.0,visa,226.0,debit
C00198-K1,C00198,14861,383.0,150.0,visa,226.0,debit
C06354-K2,C06354,20342,321.0,150.0,mastercard,166.0,debit
C08383-K1,C08383,13206,399.0,150.0,american express,185.0,credit
C02738-K1,C02738,10700,555.0,150.0,visa,226.0,debit
C08303-K1,C08303,10789,420.0,150.0,mastercard,224.0,debit
C09502-K1,C09502,10743,399.0,150.0,american express,198.0,credit
C07757-K1,C07757,11473,321.0,150.0,visa,226.0,debit
C11103-K1,C11103,14265,364.0,146.0,mastercard,224.0,credit
C07961-K1,C07961,17376,543.0,150.0,mastercard,224.0,debit
C02472-K1,C02472,13875,399.0,150.0,american express,150.0,credit
C05435-K2,C05435,19920,215.0,150.0,mastercard,166.0,debit
C07513-K1,C07513,20756,555.0,150.0,mastercard,224.0,debit
C10465-K1,C10465,19201,555.0,150.0,visa,195.0,debit
C04356-K1,C04356,13998,399.0,150.0,american express,102.0,credit
C09007-K1,C09007,10569,441.0,150.0,visa,226.0,credit
C00797-K1,C00797,12405,346.0,150.0,mastercard,219.0,credit
C09299-K2,C09299,14717,111.0,150.0,visa,226.0,debit
C12877-K1,C12877,12021,390.0,150.0,mastercard,224.0,debit
C05797-K1,C05797,23421,399.0,150.0,american express,102.0,credit
C02087-K2,C02087,18991,555.0,150.0,visa,226.0,debit
C01898-K1,C01898,17618,,150.0,visa,226.0,credit
C05948-K1,C05948,15332,555.0,150.0,visa,226.0,debit
C02460-K2,C02460,13991,512.0,150.0,mastercard,100.0,debit
C07348-K1,C07348,21697,376.0,150.0,visa,195.0,debit
C11610-K1,C11610,11237,543.0,150.0,mastercard,224.0,debit
C04066-K1,C04066,16797,179.0,106.0,visa,226.0,debit
C05552-K1,C05552,13778,555.0,150.0,visa,226.0,debit
C13137-K1,C13137,17301,275.0,150.0,mastercard,117.0,debit
C04322-K1,C04322,18415,399.0,150.0,american express,223.0,credit
C09315-K1,C09315,16138,470.0,150.0,visa,226.0,credit
C04422-K1,C04422,20878,,150.0,visa,226.0,credit
C00477-K3,C00477,11861,555.0,150.0,visa,102.0,credit
C00731-K1,C00731,21057,111.0,150.0,mastercard,224.0,debit
C02131-K1,C02131,19909,399.0,150.0,american express,146.0,credit
C01581-K1,C01581,15466,368.0,102.0,mastercard,102.0,credit
C02628-K2,C02628,15929,122.0,150.0,mastercard,166.0,debit
C11307-K2,C11307,17791,215.0,150.0,mastercard,166.0,debit
C12022-K1,C12022,14435,225.0,150.0,mastercard,102.0,credit
C02222-K1,C02222,17363,277.0,144.0,visa,226.0,credit
C09290-K1,C09290,20638,589.0,150.0,visa,226.0,debit
C06275-K1,C06275,11706,555.0,150.0,visa,226.0,credit
C12772-K1,C12772,22506,302.0,150.0,visa,226.0,debit
C05297-K1,C05297,19710,554.0,150.0,visa,226.0,credit
C08455-K1,C08455,16371,555.0,150.0,visa,226.0,debit
C04366-K1,C04366,13981,299.0,150.0,visa,226.0,debit
C01733-K1,C01733,18482,555.0,131.0,mastercard,137.0,credit
C00904-K1,C00904,23040,366.0,162.0,mastercard,111.0,credit
C13140-K1,C13140,18936,479.0,150.0,visa,226.0,credit
C13021-K1,C13021,11252,543.0,150.0,mastercard,224.0,debit
C02811-K1,C02811,19863,555.0,150.0,visa,226.0,debit
C03804-K1,C03804,13958,,150.0,visa,162.0,credit
C12994-K1,C12994,13686,498.0,150.0,mastercard,219.0,credit
C01300-K2,C01300,20367,519.0,150.0,mastercard,117.0,debit
C11388-K1,C11388,14823,399.0,150.0,american express,198.0,credit
C06797-K1,C06797,21353,555.0,106.0,mastercard,137.0,debit
C02899-K1,C02899,15619,555.0,150.0,visa,162.0,credit
C07224-K1,C07224,13946,555.0,150.0,visa,226.0,debit
C03304-K1,C03304,17481,555.0,150.0,visa,226.0,debit
C10723-K1,C10723,22248,555.0,150.0,visa,226.0,debit
C00393-K1,C00393,16557,446.0,150.0,visa,226.0,credit
C10615-K1,C10615,20602,399.0,150.0,american express,146.0,credit
C10617-K1,C10617,17710,555.0,150.0,visa,226.0,debit
C01609-K1,C01609,11817,216.0,150.0,visa,226.0,credit
C12195-K1,C12195,19236,310.0,150.0,mastercard,195.0,debit
C07882-K1,C07882,18602,268.0,150.0,visa,226.0,credit
C04581-K1,C04581,17955,554.0,150.0,visa,226.0,credit
C06362-K1,C06362,13315,141.0,185.0,visa,137.0,credit
C07607-K2,C07607,22535,555.0,150.0,visa,226.0,debit
C01060-K1,C01060,17357,555.0,150.0,visa,226.0,debit
C13170-K1,C13170,12683,555.0,150.0,mastercard,224.0,debit
C01994-K1,C01994,15568,555.0,150.0,visa,226.0,debit
C05957-K2,C05957,14941,360.0,150.0,visa,166.0,debit
C09235-K2,C09235,13523,512.0,150.0,mastercard,224.0,debit
C01986-K1,C01986,11377,227.0,150.0,visa,195.0,debit
C01727-K2,C01727,12209,417.0,150.0,visa,226.0,debit
C05490-K1,C05490,13798,555.0,131.0,visa,226.0,credit
C10809-K1,C10809,17367,543.0,150.0,mastercard,224.0,debit
C06286-K1,C06286,12443,111.0,150.0,visa,226.0,debit
C08167-K1,C08167,12453,555.0,150.0,visa,226.0,debit
C01434-K1,C01434,18689,500.0,185.0,mastercard,224.0,credit
C06778-K1,C06778,16414,321.0,150.0,visa,226.0,debit
C02812-K2,C02812,12856,555.0,150.0,visa,226.0,debit
C00905-K1,C00905,18338,420.0,150.0,mastercard,224.0,debit
C03871-K1,C03871,13674,399.0,150.0,american express,198.0,credit
C09695-K1,C09695,22225,555.0,150.0,visa,226.0,debit
C11462-K1,C11462,12949,527.0,150.0,visa,226.0,debit
C10153-K1,C10153,19106,480.0,150.0,mastercard,224.0,debit
C11471-K1,C11471,17690,555.0,150.0,visa,226.0,debit
C12902-K2,C12902,11524,321.0,150.0,visa,226.0,debit
C04098-K1,C04098,19957,555.0,150.0,mastercard,117.0,debit
C08367-K1,C08367,12565,555.0,150.0,visa,226.0,debit
C09942-K1,C09942,18950,555.0,150.0,visa,226.0,credit
C10153-K2,C10153,19106,512.0,150.0,mastercard,224.0,debit
C10875-K1,C10875,20049,321.0,150.0,visa,226.0,debit
C04252-K1,C04252,15614,233.0,150.0,visa,226.0,debit
C04648-K1,C04648,20593,583.0,150.0,visa,226.0,credit
C00657-K1,C00657,16046,555.0,150.0,visa,226.0,debit
C00124-K1,C00124,14096,555.0,150.0,visa,226.0,credit
C01723-K1,C01723,14115,555.0,150.0,visa,226.0,debit
C09286-K1,C09286,12542,122.0,150.0,mastercard,166.0,debit
C06308-K1,C06308,22352,481.0,150.0,mastercard,135.0,credit
C05648-K1,C05648,19268,555.0,150.0,visa,226.0,debit
C04936-K1,C04936,13995,555.0,138.0,mastercard,224.0,credit
C04521-K1,C04521,18178,399.0,150.0,american express,133.0,credit
C04566-K1,C04566,13634,555.0,150.0,visa,226.0,debit
C11191-K1,C11191,12465,555.0,195.0,mastercard,224.0,debit
C04814-K1,C04814,16596,514.0,150.0,mastercard,224.0,credit
C10253-K2,C10253,18186,360.0,150.0,mastercard,166.0,debit
C05484-K1,C05484,15655,555.0,150.0,visa,226.0,debit
C04360-K1,C04360,17396,491.0,150.0,visa,226.0,debit
C10131-K1,C10131,18621,103.0,185.0,visa,195.0,debit
C13543-K1,C13543,21331,555.0,135.0,mastercard,,credit
C09606-K1,C09606,17604,399.0,150.0,american express,198.0,credit
C06341-K1,C06341,17295,555.0,150.0,visa,226.0,credit
C09725-K1,C09725,17569,543.0,150.0,mastercard,117.0,debit
C03036-K1,C03036,21850,555.0,150.0,visa,226.0,debit
C06108-K1,C06108,12027,532.0,150.0,mastercard,224.0,debit
C07551-K1,C07551,12048,555.0,150.0,visa,226.0,debit
C11192-K1,C11192,21799,555.0,150.0,visa,226.0,debit
C04796-K1,C04796,13284,399.0,150.0,american express,198.0,credit
C08993-K1,C08993,23027,174.0,150.0,visa,195.0,debit
C09757-K1,C09757,23418,307.0,150.0,visa,226.0,debit
C11131-K1,C11131,12244,399.0,150.0,american express,146.0,credit
C10892-K2,C10892,16050,360.0,150.0,mastercard,166.0,debit
C05221-K1,C05221,10121,275.0,150.0,mastercard,224.0,debit
C07560-K1,C07560,15294,328.0,150.0,mastercard,,debit
C11770-K1,C11770,11401,555.0,150.0,visa,226.0,credit
C09198-K1,C09198,16117,321.0,150.0,visa,226.0,debit
C10983-K1,C10983,20923,555.0,106.0,visa,226.0,debit
C07067-K1,C07067,12939,555.0,150.0,visa,226.0,debit
C12383-K1,C12383,10045,543.0,150.0,mastercard,224.0,debit
C00606-K1,C00606,22711,555.0,119.0,visa,226.0,credit
C01619-K1,C01619,18353,199.0,150.0,mastercard,102.0,credit
C05554-K1,C05554,12059,399.0,150.0,american express,236.0,credit
C07975-K1,C07975,13270,399.0,150.0,american express,146.0,credit
C05773-K1,C05773,10994,399.0,150.0,american express,133.0,credit
C03298-K1,C03298,22705,543.0,150.0,mastercard,224.0,debit
C11840-K1,C11840,11684,555.0,212.0,visa,226.0,credit
C08150-K1,C08150,21659,555.0,150.0,visa,226.0,credit
C02446-K1,C02446,14640,555.0,150.0,visa,226.0,debit
C03980-K1,C03980,20425,555.0,150.0,visa,226.0,debit
C11750-K1,C11750,10119,438.0,106.0,visa,226.0,debit
C02967-K1,C02967,14065,555.0,150.0,visa,226.0,debit
C05234-K1,C05234,17010,399.0,150.0,american express,198.0,credit
C02582-K1,C02582,11932,399.0,150.0,american express,236.0,credit
C09051-K2,C09051,11330,555.0,150.0,visa,226.0,debit
C07001-K1,C07001,21043,310.0,150.0,mastercard,224.0,debit
C09625-K1,C09625,10547,458.0,150.0,visa,226.0,debit
C01690-K1,C01690,10494,275.0,150.0,mastercard,224.0,debit
C03228-K1,C03228,18304,399.0,150.0,american express,223.0,credit
C00914-K1,C00914,14933,236.0,150.0,visa,226.0,credit
C00807-K1,C00807,17119,555.0,150.0,visa,226.0,debit
C12796-K1,C12796,18308,327.0,150.0,discover,142.0,credit
C08797-K1,C08797,18471,504.0,150.0,visa,226.0,debit
C00828-K1,C00828,11117,,150.0,visa,162.0,credit
C13183-K1,C13183,15440,480.0,150.0,mastercard,224.0,debit
C03964-K1,C03964,10577,555.0,150.0,mastercard,117.0,debit
C02188-K1,C02188,19836,399.0,150.0,american express,102.0,credit
C09151-K1,C09151,16989,335.0,150.0,visa,226.0,credit
C13124-K1,C13124,21225,555.0,150.0,american express,,credit
C03223-K1,C03223,10683,555.0,150.0,visa,226.0,debit
C06900-K1,C06900,13476,575.0,150.0,mastercard,224.0,debit
C06737-K1,C06737,10073,569.0,117.0,visa,226.0,debit
C10145-K1,C10145,18085,555.0,150.0,visa,226.0,debit
C13204-K1,C13204,22927,555.0,147.0,mastercard,219.0,credit
C09035-K1,C09035,18480,310.0,150.0,mastercard,117.0,debit
C12905-K1,C12905,22152,555.0,150.0,visa,226.0,credit
C05728-K1,C05728,23499,532.0,150.0,mastercard,224.0,debit
C12451-K1,C12451,17545,321.0,150.0,visa,226.0,debit
C04556-K2,C04556,17723,528.0,150.0,visa,226.0,credit
C10964-K1,C10964,11939,555.0,150.0,visa,226.0,debit
C13505-K1,C13505,17254,310.0,150.0,mastercard,195.0,debit
C10063-K1,C10063,21234,555.0,150.0,visa,226.0,debit
C10287-K1,C10287,10561,555.0,150.0,visa,226.0,debit
C10088-K2,C10088,21074,111.0,150.0,visa,228.0,credit
C07732-K1,C07732,23258,555.0,150.0,visa,226.0,credit
C09708-K1,C09708,13404,399.0,150.0,american express,118.0,credit
C01566-K1,C01566,13997,555.0,134.0,visa,195.0,credit
C05861-K1,C05861,20683,555.0,150.0,visa,226.0,debit
C08310-K1,C08310,11950,399.0,150.0,american express,137.0,credit
C04195-K1,C04195,17382,520.0,150.0,american express,190.0,credit
C02908-K1,C02908,13776,360.0,150.0,mastercard,126.0,debit
C07887-K2,C07887,21341,555.0,150.0,visa,226.0,debit
C02341-K1,C02341,21270,555.0,150.0,visa,226.0,debit
C13100-K1,C13100,18049,321.0,150.0,visa,226.0,debit
C09038-K1,C09038,15556,302.0,150.0,visa,226.0,debit
C10574-K1,C10574,10370,401.0,150.0,visa,226.0,debit
C11526-K1,C11526,17521,555.0,150.0,visa,226.0,debit
C01123-K1,C01123,21769,302.0,150.0,visa,226.0,debit
C07885-K2,C07885,16040,555.0,150.0,mastercard,166.0,debit
C09478-K1,C09478,17231,321.0,150.0,visa,226.0,debit
C11430-K1,C11430,10139,543.0,150.0,mastercard,224.0,debit
C03446-K1,C03446,16986,555.0,150.0,visa,226.0,debit
C01237-K1,C01237,19941,555.0,150.0,visa,226.0,debit
C05600-K1,C05600,22726,399.0,150.0,american express,118.0,credit
C13243-K1,C13243,15235,543.0,150.0,mastercard,224.0,debit
C02504-K1,C02504,22801,275.0,150.0,mastercard,195.0,debit
C00922-K1,C00922,21240,174.0,150.0,visa,195.0,debit
C03981-K1,C03981,11726,186.0,150.0,mastercard,224.0,debit
C04176-K1,C04176,17781,555.0,150.0,visa,226.0,debit
C01494-K1,C01494,23138,399.0,150.0,american express,137.0,credit
C10525-K1,C10525,20172,206.0,150.0,visa,166.0,debit
C09842-K1,C09842,16500,555.0,195.0,visa,226.0,debit
C01823-K1,C01823,19204,481.0,150.0,mastercard,224.0,credit
C00156-K2,C00156,20481,512.0,150.0,mastercard,224.0,debit
C01137-K1,C01137,16355,399.0,150.0,american express,102.0,credit
C05260-K1,C05260,13593,,150.0,visa,166.0,debit
C03123-K1,C03123,10090,555.0,150.0,visa,226.0,credit
C00430-K1,C00430,15226,310.0,150.0,mastercard,224.0,debit
C00851-K1,C00851,14849,390.0,150.0,mastercard,224.0,debit
C10531-K1,C10531,10013,555.0,150.0,visa,226.0,debit
C12001-K1,C12001,10581,181.0,150.0,visa,226.0,credit
C11440-K1,C11440,11100,555.0,197.0,visa,226.0,credit
C02042-K1,C02042,12293,555.0,150.0,visa,226.0,debit
C00787-K1,C00787,21208,343.0,150.0,visa,195.0,credit
C04395-K1,C04395,19084,126.0,150.0,visa,226.0,debit
C06111-K1,C06111,19988,434.0,150.0,visa,226.0,debit
C10187-K1,C10187,12024,390.0,150.0,mastercard,224.0,debit
C04795-K1,C04795,14233,514.0,150.0,mastercard,141.0,credit
C01777-K1,C01777,23171,302.0,150.0,visa,226.0,debit
C03821-K1,C03821,22428,555.0,150.0,visa,226.0,credit
C05347-K1,C05347,13890,548.0,150.0,visa,194.0,credit
C02818-K1,C02818,18102,555.0,131.0,visa,226.0,credit
C09202-K1,C09202,17374,555.0,150.0,visa,226.0,debit
C03881-K1,C03881,16767,174.0,150.0,visa,195.0,debit
C12291-K1,C12291,19111,532.0,150.0,mastercard,224.0,debit
C11232-K1,C11232,10499,225.0,150.0,mastercard,117.0,debit
C11865-K1,C11865,14324,481.0,150.0,visa,226.0,credit
C08815-K1,C08815,11201,138.0,200.0,visa,226.0,debit
C06794-K1,C06794,12764,555.0,150.0,visa,226.0,debit
C09106-K1,C09106,10773,555.0,150.0,mastercard,117.0,debit
C08638-K1,C08638,16888,555.0,150.0,visa,226.0,credit
C11624-K1,C11624,13390,555.0,150.0,visa,226.0,debit
C06149-K1,C06149,17322,555.0,150.0,visa,226.0,debit
C00410-K1,C00410,19809,512.0,150.0,visa,226.0,debit
C01881-K1,C01881,17171,454.0,150.0,visa,195.0,debit
C09583-K1,C09583,19094,399.0,150.0,american express,118.0,credit
C02751-K1,C02751,20721,555.0,150.0,visa,226.0,debit
C10879-K1,C10879,16577,141.0,185.0,visa,147.0,credit
C08161-K1,C08161,19170,555.0,150.0,visa,226.0,debit
C01547-K1,C01547,21897,517.0,150.0,mastercard,224.0,debit
C01070-K1,C01070,18174,555.0,150.0,visa,226.0,debit
C00353-K1,C00353,18898,134.0,150.0,american express,159.0,credit
C00460-K1,C00460,17067,127.0,150.0,mastercard,224.0,debit
C12066-K1,C12066,10382,302.0,150.0,visa,226.0,debit
C06402-K1,C06402,19833,555.0,150.0,mastercard,117.0,debit
C03484-K1,C03484,16064,399.0,150.0,american express,185.0,credit
C05233-K1,C05233,14952,532.0,150.0,mastercard,224.0,debit
C11026-K1,C11026,11703,501.0,150.0,mastercard,219.0,debit
C11198-K1,C11198,21852,555.0,150.0,visa,226.0,debit
C05410-K1,C05410,15638,390.0,150.0,mastercard,117.0,debit
C06469-K1,C06469,11239,555.0,150.0,visa,226.0,credit
C05868-K1,C05868,13354,520.0,150.0,american express,190.0,credit
C12448-K1,C12448,23115,399.0,150.0,american express,131.0,credit
C10132-K1,C10132,22890,555.0,144.0,mastercard,197.0,credit
C05372-K1,C05372,14404,555.0,150.0,mastercard,117.0,debit
C07159-K1,C07159,10212,555.0,150.0,visa,226.0,credit
C13143-K1,C13143,16945,555.0,150.0,visa,226.0,debit
C05402-K1,C05402,18746,480.0,150.0,mastercard,224.0,debit
C11541-K1,C11541,12995,399.0,150.0,american express,150.0,credit
C05680-K2,C05680,13379,224.0,106.0,mastercard,224.0,debit
C02718-K1,C02718,13496,555.0,150.0,visa,226.0,debit
C01030-K1,C01030,15984,555.0,150.0,visa,226.0,debit
C01464-K1,C01464,19051,321.0,150.0,visa,226.0,debit
C04885-K2,C04885,22100,194.0,150.0,mastercard,202.0,debit
C10171-K1,C10171,21965,555.0,150.0,visa,226.0,debit
C01144-K1,C01144,20752,555.0,150.0,visa,195.0,credit
C01403-K1,C01403,15775,555.0,150.0,visa,226.0,credit
C05556-K1,C05556,21427,555.0,150.0,visa,226.0,debit
C06103-K1,C06103,17051,555.0,150.0,visa,226.0,debit
C06210-K1,C06210,15679,396.0,150.0,mastercard,190.0,credit
C01197-K1,C01197,19551,310.0,150.0,mastercard,224.0,debit
C08559-K1,C08559,14419,555.0,150.0,visa,226.0,debit
C04940-K1,C04940,23402,321.0,150.0,visa,226.0,debit
C08679-K1,C08679,10369,216.0,150.0,visa,226.0,credit
C06712-K1,C06712,20800,543.0,150.0,mastercard,224.0,debit
C02315-K1,C02315,19341,379.0,102.0,visa,138.0,debit
C02560-K1,C02560,10271,399.0,150.0,american express,185.0,credit
C10113-K1,C10113,23386,,116.0,visa,226.0,debit
C05584-K1,C05584,18663,554.0,150.0,visa,226.0,credit
C03279-K1,C03279,23068,399.0,150.0,american express,198.0,credit
C10501-K1,C10501,21928,399.0,150.0,american express,223.0,credit
C05046-K1,C05046,16916,,150.0,visa,166.0,debit
C03872-K1,C03872,17091,490.0,150.0,mastercard,141.0,credit
C02377-K1,C02377,11578,111.0,150.0,mastercard,219.0,credit
C04804-K1,C04804,15615,555.0,150.0,visa,226.0,debit
C02101-K1,C02101,12551,555.0,147.0,mastercard,166.0,debit
C07281-K1,C07281,17222,555.0,150.0,visa,226.0,debit
C08998-K1,C08998,17936,,150.0,visa,226.0,debit
C09629-K1,C09629,22237,597.0,150.0,visa,226.0,debit
C09993-K1,C09993,21929,582.0,150.0,mastercard,195.0,debit
C12453-K1,C12453,19607,,150.0,visa,,credit
C09206-K2,C09206,16121,404.0,150.0,visa,226.0,credit
C07755-K1,C07755,13160,399.0,150.0,american express,146.0,credit
C12732-K1,C12732,20899,,150.0,visa,226.0,debit
C09712-K1,C09712,18753,390.0,150.0,mastercard,117.0,debit
C03538-K1,C03538,23149,314.0,150.0,mastercard,195.0,debit
C07352-K1,C07352,10480,555.0,150.0,visa,226.0,debit
C01383-K1,C01383,20944,583.0,150.0,visa,226.0,credit
C10862-K1,C10862,22140,555.0,150.0,visa,226.0,debit
C00267-K1,C00267,21394,555.0,150.0,visa,226.0,debit
C03885-K1,C03885,12733,548.0,150.0,visa,195.0,credit
C11508-K1,C11508,14304,480.0,150.0,mastercard,117.0,debit
C04160-K1,C04160,11568,583.0,150.0,visa,226.0,credit
C02438-K1,C02438,16539,555.0,150.0,visa,226.0,debit
C07782-K1,C07782,19378,399.0,150.0,american express,198.0,credit
C00796-K1,C00796,17227,170.0,150.0,visa,195.0,credit
C08776-K1,C08776,17346,399.0,150.0,american express,146.0,credit
C09997-K1,C09997,23484,118.0,185.0,visa,226.0,debit
C05264-K1,C05264,14356,420.0,150.0,mastercard,224.0,debit
C07676-K1,C07676,12471,555.0,150.0,visa,226.0,debit
C00860-K1,C00860,17871,115.0,150.0,visa,166.0,debit
C01760-K1,C01760,20673,555.0,150.0,visa,226.0,debit
C02073-K1,C02073,14099,172.0,150.0,visa,226.0,credit
C09347-K1,C09347,16028,292.0,150.0,visa,226.0,debit
C13270-K1,C13270,22466,399.0,150.0,american express,104.0,credit
C01548-K1,C01548,22085,555.0,150.0,visa,226.0,debit
C10716-K1,C10716,20925,275.0,150.0,mastercard,224.0,debit
C07459-K1,C07459,21026,513.0,150.0,mastercard,195.0,debit
C12002-K1,C12002,19685,399.0,150.0,american express,118.0,credit
C04540-K1,C04540,20885,108.0,150.0,mastercard,117.0,debit
C08817-K1,C08817,17881,532.0,150.0,mastercard,224.0,debit
C06446-K1,C06446,18351,555.0,150.0,visa,226.0,debit
C03018-K1,C03018,15715,399.0,150.0,american express,185.0,credit
C08830-K1,C08830,23161,399.0,150.0,american express,146.0,credit
C01460-K1,C01460,14681,555.0,150.0,visa,226.0,debit
C09665-K1,C09665,18626,399.0,150.0,american express,146.0,credit
C06116-K1,C06116,12172,555.0,150.0,visa,226.0,debit
C07225-K1,C07225,18356,555.0,150.0,visa,226.0,credit
C01472-K1,C01472,10349,399.0,150.0,american express,237.0,credit
C10736-K1,C10736,10223,555.0,150.0,visa,226.0,debit
C03991-K1,C03991,15745,555.0,150.0,visa,226.0,debit
C12861-K1,C12861,21016,555.0,150.0,visa,226.0,debit
C13489-K1,C13489,17914,532.0,150.0,mastercard,224.0,debit
C11932-K1,C11932,20269,161.0,150.0,visa,195.0,debit
C02850-K1,C02850,12822,494.0,150.0,visa,226.0,credit
C08760-K1,C08760,18280,555.0,150.0,visa,226.0,debit
C12774-K1,C12774,16282,361.0,150.0,visa,226.0,debit
C07717-K1,C07717,21162,514.0,150.0,mastercard,190.0,credit
C10966-K1,C10966,18534,207.0,150.0,visa,226.0,credit
C12184-K2,C12184,11981,480.0,150.0,mastercard,224.0,debit
C05611-K1,C05611,22003,216.0,150.0,visa,162.0,credit
C10971-K1,C10971,22822,399.0,150.0,american express,118.0,credit
C09672-K1,C09672,11263,520.0,150.0,american express,190.0,credit
C12940-K1,C12940,14498,555.0,150.0,visa,226.0,debit
C09063-K1,C09063,17933,111.0,150.0,visa,195.0,debit
C09338-K1,C09338,10228,192.0,150.0,visa,226.0,debit
C06389-K2,C06389,22808,528.0,150.0,visa,226.0,credit
C00539-K1,C00539,18341,514.0,150.0,mastercard,224.0,credit
C08348-K1,C08348,11133,583.0,150.0,visa,226.0,credit
C01131-K1,C01131,19591,442.0,150.0,visa,195.0,debit
C11879-K1,C11879,18587,190.0,150.0,mastercard,102.0,credit
C02460-K1,C02460,13991,480.0,150.0,mastercard,100.0,debit
C08239-K1,C08239,22513,555.0,102.0,mastercard,107.0,debit
C11008-K2,C11008,14505,480.0,150.0,mastercard,224.0,debit
C10444-K1,C10444,10387,,227.0,visa,226.0,debit
C03755-K1,C03755,15658,555.0,150.0,visa,226.0,debit
C01585-K1,C01585,16774,514.0,150.0,mastercard,219.0,credit
C08361-K1,C08361,23180,172.0,150.0,visa,226.0,credit
C02993-K1,C02993,17445,555.0,150.0,visa,195.0,debit
C07464-K1,C07464,15374,,150.0,visa,166.0,debit
C00164-K2,C00164,22964,555.0,150.0,visa,226.0,credit
C05986-K2,C05986,14655,455.0,150.0,mastercard,166.0,debit
C09830-K1,C09830,21023,555.0,150.0,visa,226.0,credit
C00019-K1,C00019,13022,555.0,150.0,mastercard,117.0,debit
C00716-K1,C00716,12180,369.0,150.0,mastercard,117.0,debit
C10734-K1,C10734,10632,153.0,150.0,visa,226.0,debit
C13398-K1,C13398,15703,543.0,150.0,mastercard,224.0,debit
C05822-K1,C05822,15360,555.0,150.0,visa,226.0,credit
C02840-K1,C02840,13566,555.0,213.0,mastercard,166.0,debit
C06424-K1,C06424,11326,248.0,150.0,mastercard,,credit
C06247-K1,C06247,14875,238.0,185.0,visa,102.0,credit
C11221-K2,C11221,20061,490.0,150.0,mastercard,202.0,debit
C09297-K1,C09297,17143,555.0,150.0,visa,226.0,debit
C12139-K1,C12139,17718,543.0,150.0,mastercard,117.0,debit
C08323-K1,C08323,12393,300.0,150.0,visa,226.0,credit
C13255-K1,C13255,20946,399.0,150.0,american express,185.0,credit
C01358-K1,C01358,17063,321.0,150.0,visa,226.0,debit
C10321-K1,C10321,19698,555.0,144.0,american express,190.0,credit
C12034-K1,C12034,15795,543.0,150.0,mastercard,224.0,debit
C08782-K1,C08782,16649,555.0,150.0,visa,226.0,debit
C02919-K1,C02919,17111,555.0,150.0,visa,226.0,debit
C06876-K1,C06876,21243,555.0,150.0,visa,226.0,debit
C09822-K1,C09822,17380,337.0,150.0,visa,226.0,credit
C04033-K1,C04033,17780,156.0,146.0,visa,,charge card
C05734-K1,C05734,19128,514.0,150.0,mastercard,166.0,debit
C11341-K1,C11341,10509,321.0,150.0,visa,226.0,debit
C00135-K1,C00135,18074,135.0,150.0,visa,226.0,debit
C10644-K1,C10644,12070,408.0,185.0,mastercard,195.0,debit
C02209-K1,C02209,21934,555.0,150.0,visa,226.0,debit
C02343-K1,C02343,10821,321.0,150.0,visa,226.0,debit
C13262-K1,C13262,14559,,150.0,visa,226.0,credit
C11157-K1,C11157,20758,555.0,150.0,visa,226.0,debit
C13244-K1,C13244,17860,555.0,150.0,visa,226.0,debit
C05369-K1,C05369,23086,480.0,150.0,mastercard,117.0,debit
C00244-K1,C00244,15313,555.0,150.0,visa,226.0,debit
C00857-K2,C00857,10159,555.0,150.0,visa,226.0,credit
C09924-K1,C09924,21211,480.0,150.0,mastercard,117.0,debit
C09514-K1,C09514,12583,555.0,185.0,visa,226.0,credit
C03914-K1,C03914,13189,310.0,150.0,mastercard,224.0,debit
C01890-K1,C01890,10082,459.0,185.0,visa,137.0,credit
C05439-K1,C05439,16457,555.0,185.0,mastercard,224.0,debit
C13370-K1,C13370,13272,168.0,144.0,visa,226.0,credit
C06465-K1,C06465,11986,555.0,134.0,visa,226.0,credit
C06244-K1,C06244,16547,399.0,150.0,american express,237.0,credit
C08152-K1,C08152,12067,294.0,150.0,mastercard,137.0,credit
C10149-K2,C10149,17223,590.0,150.0,mastercard,177.0,debit
C04343-K1,C04343,20643,555.0,150.0,visa,226.0,credit
C13272-K1,C13272,19045,425.0,150.0,mastercard,224.0,debit
C13315-K1,C13315,18043,111.0,150.0,visa,226.0,debit
C00538-K1,C00538,23229,555.0,150.0,visa,226.0,debit
C05684-K1,C05684,14158,481.0,150.0,mastercard,102.0,credit
C00008-K2,C00008,10583,111.0,150.0,mastercard,224.0,debit
C12243-K1,C12243,15214,555.0,150.0,visa,226.0,debit
C11940-K1,C11940,21403,232.0,150.0,visa,166.0,debit
C12150-K1,C12150,13927,399.0,150.0,american express,150.0,credit
C11617-K1,C11617,11800,555.0,150.0,visa,226.0,debit
C04601-K3,C04601,17164,305.0,106.0,mastercard,224.0,credit
C10183-K1,C10183,10809,555.0,150.0,visa,226.0,debit
C08343-K1,C08343,19447,555.0,197.0,visa,226.0,debit
C10840-K1,C10840,23385,399.0,150.0,american express,198.0,credit
C01801-K1,C01801,12015,556.0,150.0,mastercard,137.0,credit
C10781-K1,C10781,12423,555.0,100.0,visa,180.0,debit
C01352-K1,C01352,20927,555.0,150.0,visa,226.0,debit
C10334-K1,C10334,15171,480.0,150.0,mastercard,224.0,debit
C06922-K1,C06922,12398,399.0,150.0,american express,132.0,credit
C08684-K1,C08684,16688,480.0,150.0,mastercard,224.0,debit
C12348-K1,C12348,12755,399.0,150.0,american express,185.0,credit
C04131-K1,C04131,17987,490.0,150.0,mastercard,,credit
C09259-K1,C09259,12510,555.0,150.0,american express,,credit
C02068-K1,C02068,17889,555.0,150.0,visa,226.0,debit
C12632-K1,C12632,20687,350.0,150.0,visa,226.0,debit
C07106-K2,C07106,12747,445.0,150.0,mastercard,219.0,credit
C05624-K1,C05624,15043,399.0,150.0,american express,236.0,credit
C05331-K1,C05331,14541,513.0,150.0,visa,166.0,debit
C09674-K1,C09674,11510,555.0,119.0,visa,226.0,credit
C05351-K1,C05351,10130,462.0,150.0,visa,194.0,credit
C01241-K1,C01241,13382,310.0,150.0,mastercard,224.0,debit
C01689-K1,C01689,16328,555.0,150.0,visa,226.0,credit
C11148-K1,C11148,22309,512.0,150.0,mastercard,117.0,debit
C02218-K1,C02218,14653,225.0,150.0,mastercard,224.0,debit
C06070-K2,C06070,18633,404.0,150.0,mastercard,102.0,credit
C09179-K1,C09179,11078,555.0,150.0,visa,226.0,debit
C01709-K1,C01709,20975,555.0,150.0,visa,226.0,debit
C06368-K1,C06368,19732,555.0,150.0,visa,226.0,debit
C01059-K1,C01059,17775,555.0,150.0,visa,226.0,credit
C05026-K1,C05026,15405,555.0,150.0,visa,226.0,credit
C06309-K1,C06309,17264,555.0,150.0,visa,226.0,debit
C13182-K1,C13182,15430,555.0,200.0,mastercard,224.0,credit
C10177-K1,C10177,12699,520.0,150.0,american express,143.0,credit
C09399-K1,C09399,19639,390.0,150.0,mastercard,224.0,debit
C11386-K1,C11386,12664,555.0,150.0,visa,226.0,debit
C03634-K2,C03634,23305,185.0,150.0,visa,226.0,credit
C00800-K1,C00800,15011,555.0,150.0,visa,226.0,debit
C04866-K1,C04866,14380,269.0,150.0,mastercard,195.0,debit
C05621-K1,C05621,16481,555.0,150.0,visa,226.0,debit
C04668-K1,C04668,15443,555.0,150.0,visa,226.0,debit
C03661-K1,C03661,19956,225.0,150.0,mastercard,224.0,debit
C13057-K1,C13057,15465,321.0,150.0,visa,226.0,debit
C05355-K1,C05355,11227,555.0,150.0,mastercard,117.0,debit
C07703-K2,C07703,12958,300.0,150.0,visa,166.0,debit
C10168-K1,C10168,23001,319.0,150.0,visa,226.0,credit
C00436-K1,C00436,11429,399.0,150.0,american express,150.0,credit
C08371-K1,C08371,15716,555.0,150.0,visa,226.0,credit
C12458-K1,C12458,15371,562.0,150.0,mastercard,102.0,credit
C05048-K1,C05048,11471,131.0,150.0,visa,195.0,debit
C04852-K1,C04852,18176,321.0,150.0,visa,226.0,debit
C02353-K1,C02353,13357,555.0,150.0,visa,226.0,debit
C10871-K1,C10871,21704,399.0,150.0,american express,150.0,credit
C04952-K1,C04952,17754,517.0,150.0,mastercard,224.0,debit
C08159-K1,C08159,20974,555.0,150.0,visa,226.0,credit
C05790-K1,C05790,15750,399.0,150.0,american express,137.0,credit
C00451-K1,C00451,20468,111.0,150.0,visa,226.0,credit
C08389-K1,C08389,15766,336.0,150.0,visa,226.0,credit
C07561-K1,C07561,16325,399.0,150.0,american express,118.0,credit
C09533-K1,C09533,12644,489.0,150.0,mastercard,219.0,credit
C10402-K1,C10402,14464,399.0,150.0,american express,132.0,credit
C09203-K1,C09203,20147,390.0,150.0,mastercard,,credit
C02111-K1,C02111,22341,479.0,150.0,visa,226.0,credit
C09537-K1,C09537,21909,555.0,127.0,visa,180.0,debit
C00330-K1,C00330,13105,399.0,150.0,american express,185.0,credit
C09352-K1,C09352,20578,111.0,150.0,visa,226.0,debit
C04681-K1,C04681,10910,514.0,150.0,mastercard,224.0,debit
C04300-K1,C04300,22666,111.0,150.0,visa,195.0,debit
C09448-K1,C09448,14208,555.0,197.0,mastercard,102.0,credit
C00951-K1,C00951,15473,104.0,185.0,visa,226.0,credit
C11246-K1,C11246,21634,420.0,150.0,mastercard,224.0,debit
C02772-K1,C02772,16815,555.0,150.0,visa,226.0,debit
C00337-K1,C00337,22209,157.0,150.0,visa,226.0,credit
C11159-K2,C11159,21950,528.0,150.0,visa,195.0,credit
C11746-K1,C11746,14579,555.0,150.0,visa,226.0,credit
C01264-K1,C01264,13399,347.0,150.0,visa,195.0,debit
C13241-K1,C13241,16711,543.0,150.0,mastercard,224.0,debit
C02049-K1,C02049,14979,555.0,150.0,visa,226.0,debit
C00196-K1,C00196,17148,555.0,134.0,visa,137.0,credit
C12731-K1,C12731,18417,543.0,150.0,mastercard,224.0,debit
C00214-K2,C00214,15174,512.0,150.0,mastercard,224.0,debit
C08994-K1,C08994,21069,399.0,150.0,american express,118.0,credit
C03817-K1,C03817,15665,535.0,150.0,visa,195.0,debit
C00685-K1,C00685,22648,555.0,150.0,visa,226.0,debit
C02168-K1,C02168,21106,555.0,150.0,visa,226.0,debit
C03421-K1,C03421,10267,555.0,150.0,visa,195.0,debit
C10291-K1,C10291,18975,383.0,150.0,mastercard,224.0,credit
C12161-K1,C12161,23480,555.0,150.0,visa,226.0,debit
C03242-K1,C03242,16798,555.0,150.0,visa,226.0,debit
C05302-K1,C05302,10319,555.0,150.0,mastercard,102.0,credit
C10804-K1,C10804,23267,555.0,150.0,visa,226.0,debit
C07105-K1,C07105,18645,285.0,150.0,visa,226.0,debit
C02529-K1,C02529,15898,216.0,150.0,mastercard,219.0,credit
C05491-K1,C05491,20139,520.0,150.0,american express,190.0,credit
C10639-K1,C10639,17179,170.0,150.0,mastercard,224.0,debit
C05326-K1,C05326,18794,174.0,150.0,mastercard,,credit
C12568-K1,C12568,14496,555.0,146.0,visa,226.0,credit
C07575-K1,C07575,18390,555.0,150.0,visa,226.0,debit
C04557-K1,C04557,13873,399.0,150.0,american express,146.0,credit
C02595-K2,C02595,22828,310.0,150.0,mastercard,117.0,debit
C07495-K1,C07495,15744,543.0,150.0,mastercard,117.0,debit
C13178-K1,C13178,18149,353.0,150.0,mastercard,224.0,debit
C11364-K1,C11364,20276,,150.0,visa,226.0,credit
C13161-K1,C13161,14103,399.0,150.0,american express,188.0,credit
C04923-K1,C04923,11458,532.0,150.0,mastercard,224.0,debit
C00186-K1,C00186,22072,275.0,150.0,mastercard,224.0,debit
C02773-K1,C02773,14646,555.0,142.0,visa,102.0,credit
C07879-K1,C07879,12430,404.0,150.0,mastercard,195.0,credit
C02223-K1,C02223,20336,555.0,150.0,visa,226.0,debit
C00662-K1,C00662,15970,555.0,150.0,visa,226.0,debit
C12858-K1,C12858,15969,321.0,150.0,visa,226.0,debit
C03686-K1,C03686,10698,338.0,150.0,visa,226.0,credit
C09681-K1,C09681,23074,399.0,150.0,american express,150.0,credit
C04102-K1,C04102,22703,399.0,150.0,american express,132.0,credit
C06700-K1,C06700,22476,310.0,150.0,mastercard,224.0,debit
C04753-K1,C04753,22381,179.0,106.0,visa,226.0,debit
C01630-K1,C01630,21808,225.0,150.0,mastercard,195.0,debit
C05480-K1,C05480,21421,512.0,150.0,mastercard,224.0,debit
C00703-K1,C00703,12256,310.0,150.0,mastercard,224.0,debit
C10918-K1,C10918,14275,555.0,197.0,visa,226.0,debit
C06912-K1,C06912,20668,225.0,150.0,mastercard,117.0,debit
C00097-K1,C00097,21818,399.0,150.0,american express,133.0,credit
C06710-K1,C06710,19277,225.0,150.0,mastercard,117.0,debit
C05953-K1,C05953,14031,399.0,150.0,american express,146.0,credit
C00912-K1,C00912,17253,399.0,150.0,american express,150.0,credit
C02400-K1,C02400,12595,174.0,150.0,visa,195.0,credit
C06027-K1,C06027,21068,555.0,150.0,visa,226.0,debit
C06509-K1,C06509,22392,480.0,150.0,mastercard,224.0,debit
C07577-K1,C07577,23061,555.0,150.0,mastercard,224.0,debit
C12460-K1,C12460,15310,399.0,150.0,american express,198.0,credit
C03154-K2,C03154,18372,555.0,150.0,visa,226.0,credit
C10811-K1,C10811,19684,270.0,150.0,visa,166.0,debit
C07880-K1,C07880,13369,583.0,150.0,visa,226.0,credit
C02205-K1,C02205,16907,420.0,150.0,mastercard,224.0,debit
C11356-K1,C11356,14321,555.0,150.0,visa,195.0,debit
C00528-K1,C00528,16043,555.0,150.0,visa,226.0,debit
C06384-K1,C06384,17767,555.0,143.0,american express,187.0,credit
C08492-K1,C08492,17745,562.0,150.0,mastercard,195.0,credit
C01128-K2,C01128,15758,555.0,150.0,visa,226.0,debit
C07544-K1,C07544,10084,520.0,150.0,american express,190.0,credit
C02511-K1,C02511,17347,555.0,150.0,visa,226.0,debit
C02248-K1,C02248,18666,555.0,149.0,visa,102.0,credit
C08668-K1,C08668,15823,174.0,150.0,mastercard,224.0,credit
C06179-K1,C06179,11222,555.0,150.0,visa,226.0,debit
C02894-K1,C02894,18248,555.0,150.0,visa,226.0,debit
C07180-K2,C07180,18168,528.0,150.0,visa,226.0,credit
C00623-K1,C00623,14346,555.0,150.0,visa,226.0,credit
C05902-K1,C05902,12479,512.0,150.0,mastercard,219.0,credit
C00640-K1,C00640,15900,399.0,150.0,american express,146.0,credit
C13321-K1,C13321,14112,225.0,150.0,mastercard,117.0,debit
C07329-K1,C07329,21254,555.0,150.0,visa,226.0,credit
C09957-K1,C09957,22727,216.0,150.0,visa,195.0,debit
C04915-K1,C04915,21677,555.0,150.0,visa,226.0,credit
C00352-K1,C00352,13939,555.0,150.0,visa,226.0,debit
C06227-K1,C06227,13959,225.0,150.0,mastercard,224.0,debit
C08882-K1,C08882,18424,555.0,159.0,visa,226.0,credit
C11512-K1,C11512,13632,399.0,150.0,american express,132.0,credit
C11695-K1,C11695,17779,583.0,150.0,visa,226.0,credit
C11731-K1,C11731,15635,555.0,102.0,visa,138.0,debit
C00776-K1,C00776,13911,265.0,150.0,visa,226.0,debit
C11369-K1,C11369,13110,480.0,150.0,mastercard,117.0,debit
C10072-K1,C10072,21386,168.0,144.0,visa,137.0,credit
C07631-K1,C07631,14412,555.0,150.0,visa,226.0,debit
C03478-K1,C03478,17259,390.0,150.0,mastercard,224.0,debit
C01730-K1,C01730,22830,321.0,150.0,visa,226.0,credit
C05466-K1,C05466,14689,551.0,150.0,visa,226.0,credit
C00236-K1,C00236,19190,422.0,150.0,visa,195.0,credit
C09081-K1,C09081,14133,369.0,150.0,mastercard,224.0,debit
C08286-K1,C08286,10586,555.0,150.0,visa,226.0,debit
C02682-K1,C02682,14192,555.0,150.0,visa,226.0,debit
C02985-K1,C02985,17338,540.0,106.0,visa,226.0,debit
C06786-K1,C06786,15666,520.0,150.0,american express,190.0,credit
C00288-K1,C00288,12044,529.0,150.0,visa,162.0,credit
C00570-K1,C00570,22551,310.0,150.0,mastercard,117.0,debit
C00769-K1,C00769,19433,194.0,150.0,mastercard,182.0,debit
C01438-K1,C01438,12149,399.0,150.0,american express,146.0,credit
C02791-K1,C02791,13732,399.0,150.0,american express,137.0,credit
C03937-K1,C03937,13900,555.0,150.0,visa,226.0,debit
C11850-K1,C11850,10958,555.0,150.0,visa,226.0,debit
C03636-K1,C03636,15554,555.0,150.0,visa,226.0,debit
C11352-K1,C11352,17160,341.0,185.0,visa,195.0,credit
C10278-K1,C10278,15067,555.0,150.0,visa,226.0,debit
C00620-K1,C00620,16627,301.0,150.0,visa,226.0,credit
C05390-K1,C05390,13240,555.0,150.0,mastercard,126.0,debit
C12871-K1,C12871,11603,279.0,150.0,visa,226.0,credit
C06531-K1,C06531,14225,583.0,150.0,visa,226.0,credit
C03516-K1,C03516,15426,555.0,150.0,visa,226.0,credit
C08302-K1,C08302,23343,555.0,150.0,visa,226.0,credit
C05595-K1,C05595,18042,176.0,185.0,mastercard,224.0,credit
C11098-K1,C11098,20357,161.0,150.0,visa,226.0,debit
C05176-K1,C05176,12438,399.0,150.0,american express,146.0,credit
C06043-K1,C06043,19298,512.0,150.0,visa,226.0,debit
C01220-K1,C01220,18670,554.0,150.0,visa,226.0,credit
C01008-K1,C01008,20178,480.0,150.0,mastercard,224.0,debit
C11187-K1,C11187,21267,555.0,150.0,visa,226.0,debit
C10505-K1,C10505,22696,555.0,143.0,mastercard,137.0,credit
C08997-K1,C08997,10162,481.0,150.0,mastercard,195.0,credit
C12930-K1,C12930,21572,399.0,150.0,american express,213.0,credit
C08436-K1,C08436,18056,554.0,150.0,visa,226.0,debit
C02192-K1,C02192,17937,447.0,150.0,visa,226.0,debit
C06901-K1,C06901,22027,555.0,150.0,visa,226.0,debit
C04454-K1,C04454,20554,555.0,150.0,visa,226.0,credit
C10648-K1,C10648,12309,555.0,150.0,mastercard,224.0,debit
C06601-K1,C06601,21422,310.0,150.0,mastercard,224.0,debit
C12343-K1,C12343,13444,555.0,150.0,mastercard,224.0,debit
C09082-K1,C09082,23081,543.0,150.0,mastercard,224.0,debit
C09735-K1,C09735,14135,482.0,150.0,visa,226.0,debit
C12922-K1,C12922,18062,543.0,150.0,mastercard,224.0,debit
C03340-K1,C03340,10796,555.0,150.0,visa,226.0,debit
C11622-K1,C11622,19154,512.0,150.0,mastercard,117.0,debit
C12536-K1,C12536,10912,555.0,150.0,visa,226.0,debit
C01763-K1,C01763,14854,321.0,150.0,visa,226.0,debit
C05641-K1,C05641,12754,127.0,150.0,mastercard,117.0,debit
C08965-K1,C08965,21115,399.0,150.0,american express,198.0,credit
C12637-K1,C12637,16201,555.0,150.0,visa,226.0,debit
C04873-K1,C04873,19192,393.0,150.0,mastercard,219.0,credit
C05368-K1,C05368,21050,399.0,150.0,american express,150.0,credit
C06413-K2,C06413,13809,528.0,150.0,visa,226.0,credit
C05618-K1,C05618,15075,157.0,150.0,visa,226.0,credit
C09811-K1,C09811,11481,555.0,150.0,visa,226.0,debit
C08624-K1,C08624,17910,480.0,150.0,mastercard,224.0,debit
C04929-K1,C04929,20322,555.0,150.0,visa,226.0,debit
C04925-K1,C04925,19556,555.0,150.0,visa,226.0,debit
C05561-K1,C05561,13410,399.0,150.0,american express,102.0,credit
C03939-K1,C03939,13485,,150.0,visa,226.0,debit
C10890-K1,C10890,14727,360.0,150.0,visa,166.0,debit
C01877-K1,C01877,10601,555.0,150.0,visa,226.0,debit
C03050-K1,C03050,11920,399.0,150.0,american express,150.0,credit
C07298-K1,C07298,14719,399.0,150.0,american express,137.0,credit
C13318-K2,C13318,13996,512.0,150.0,mastercard,195.0,credit
C04954-K1,C04954,16405,369.0,150.0,mastercard,117.0,debit
C06548-K1,C06548,22031,555.0,150.0,visa,226.0,credit
C03148-K1,C03148,17334,555.0,150.0,visa,226.0,debit
C07924-K1,C07924,12458,562.0,150.0,mastercard,219.0,credit
C05146-K1,C05146,20143,470.0,150.0,mastercard,224.0,credit
C06079-K1,C06079,18961,399.0,150.0,american express,137.0,credit
C04381-K1,C04381,14060,302.0,150.0,visa,226.0,debit
C09673-K1,C09673,14436,543.0,150.0,mastercard,117.0,debit
C11474-K1,C11474,17110,555.0,150.0,visa,226.0,debit
C09660-K1,C09660,11811,514.0,150.0,mastercard,195.0,credit
C00982-K1,C00982,17786,321.0,150.0,visa,226.0,debit
C04451-K1,C04451,17954,577.0,150.0,visa,226.0,debit
C07414-K1,C07414,21372,555.0,150.0,visa,226.0,debit
C02358-K1,C02358,18695,555.0,147.0,visa,226.0,credit
C07020-K1,C07020,21301,399.0,150.0,american express,237.0,credit
C09304-K1,C09304,14862,555.0,150.0,visa,226.0,credit
C03838-K1,C03838,17482,399.0,150.0,american express,150.0,credit
C08263-K1,C08263,11543,321.0,150.0,visa,226.0,debit
C03612-K1,C03612,11009,555.0,150.0,visa,226.0,debit
C00141-K1,C00141,14229,399.0,150.0,american express,132.0,credit
C09693-K1,C09693,17542,399.0,150.0,american express,198.0,credit
C12231-K1,C12231,13269,555.0,150.0,visa,226.0,debit
C04547-K1,C04547,10946,399.0,150.0,american express,146.0,credit
C06777-K1,C06777,15187,310.0,150.0,mastercard,224.0,debit
C00853-K1,C00853,19178,555.0,150.0,visa,226.0,debit
C00112-K1,C00112,18490,555.0,150.0,visa,226.0,debit
C06322-K1,C06322,12229,225.0,150.0,mastercard,117.0,debit
C11728-K1,C11728,19165,420.0,150.0,mastercard,224.0,debit
C06183-K1,C06183,17533,555.0,150.0,visa,226.0,debit
C13317-K1,C13317,18023,480.0,150.0,mastercard,224.0,debit
C02859-K1,C02859,16233,555.0,150.0,visa,226.0,credit
C12121-K1,C12121,21979,555.0,150.0,visa,226.0,debit
C04017-K1,C04017,22621,555.0,150.0,visa,226.0,debit
C08558-K1,C08558,13628,399.0,150.0,american express,133.0,credit
C09358-K2,C09358,11095,528.0,150.0,visa,226.0,credit
C11450-K1,C11450,13870,555.0,150.0,visa,226.0,debit
C08663-K1,C08663,14144,555.0,150.0,visa,166.0,debit
C05392-K1,C05392,22179,399.0,150.0,american express,198.0,credit
C06591-K1,C06591,10436,420.0,150.0,mastercard,224.0,debit
C00859-K1,C00859,12186,501.0,150.0,mastercard,219.0,debit
C08906-K1,C08906,19596,451.0,150.0,visa,226.0,debit
C00156-K1,C00156,20481,480.0,150.0,mastercard,224.0,debit
C03133-K1,C03133,13921,555.0,150.0,visa,226.0,credit
C09729-K1,C09729,22502,399.0,150.0,american express,223.0,credit
C13254-K1,C13254,20645,555.0,185.0,mastercard,139.0,credit
C01748-K1,C01748,20241,492.0,150.0,visa,226.0,credit
C07116-K2,C07116,19937,560.0,150.0,visa,226.0,credit
C09446-K1,C09446,17804,272.0,150.0,mastercard,224.0,debit
C02786-K1,C02786,16042,555.0,150.0,visa,226.0,debit
C05814-K1,C05814,23527,,150.0,discover,100.0,debit
C00519-K1,C00519,19426,538.0,150.0,mastercard,117.0,debit
C07410-K1,C07410,14740,517.0,150.0,mastercard,224.0,debit
C02844-K1,C02844,21448,399.0,150.0,american express,223.0,credit
C01830-K1,C01830,16472,555.0,150.0,visa,226.0,debit
C01797-K1,C01797,13509,399.0,150.0,american express,236.0,credit
C03637-K1,C03637,14359,592.0,150.0,visa,226.0,credit
C11241-K1,C11241,12657,,150.0,mastercard,,credit
C00681-K1,C00681,18803,583.0,150.0,visa,226.0,credit
C08464-K1,C08464,20351,225.0,150.0,mastercard,224.0,debit
C05596-K2,C05596,10284,555.0,150.0,visa,226.0,credit
C07012-K1,C07012,19998,123.0,144.0,visa,226.0,credit
C12062-K1,C12062,22435,480.0,150.0,mastercard,182.0,debit
C06006-K2,C06006,21156,,150.0,discover,,credit
C12375-K1,C12375,21938,555.0,150.0,visa,226.0,debit
C12346-K1,C12346,22978,555.0,150.0,visa,166.0,debit
C06595-K1,C06595,11438,181.0,150.0,visa,162.0,credit
C06923-K2,C06923,17714,335.0,150.0,visa,226.0,credit
C13464-K1,C13464,19749,555.0,150.0,visa,226.0,debit
C10468-K1,C10468,16727,555.0,150.0,visa,226.0,debit
C10148-K1,C10148,16626,481.0,150.0,mastercard,224.0,credit
C04464-K1,C04464,22952,555.0,150.0,visa,226.0,debit
C09008-K1,C09008,14463,555.0,150.0,visa,226.0,credit
C03259-K1,C03259,14180,555.0,150.0,visa,226.0,credit
C01368-K1,C01368,11681,512.0,150.0,visa,226.0,debit
C02440-K2,C02440,16715,271.0,150.0,visa,226.0,debit
C05844-K1,C05844,14113,393.0,150.0,mastercard,219.0,credit
C05194-K1,C05194,16806,555.0,150.0,visa,226.0,debit
C08352-K1,C08352,10735,555.0,150.0,visa,226.0,debit
C10967-K3,C10967,15204,586.0,150.0,mastercard,102.0,credit
C05397-K1,C05397,10249,508.0,150.0,visa,226.0,debit
C01700-K1,C01700,10645,555.0,150.0,visa,226.0,debit
C10149-K1,C10149,17223,590.0,150.0,mastercard,166.0,debit
C02819-K1,C02819,22701,225.0,150.0,visa,226.0,credit
C06948-K1,C06948,18450,399.0,150.0,american express,150.0,credit
C09152-K1,C09152,20157,390.0,150.0,mastercard,224.0,debit
C12661-K1,C12661,11893,512.0,150.0,mastercard,117.0,debit
C00260-K1,C00260,12818,555.0,150.0,visa,226.0,debit
C01947-K1,C01947,11963,555.0,150.0,visa,226.0,credit
C08121-K1,C08121,22049,555.0,150.0,visa,226.0,debit
C10768-K1,C10768,22196,555.0,150.0,visa,226.0,credit
C02176-K1,C02176,20182,555.0,119.0,visa,226.0,debit
C08186-K1,C08186,15107,555.0,150.0,visa,226.0,debit
C00639-K1,C00639,19860,399.0,150.0,american express,185.0,credit
C07021-K1,C07021,16277,310.0,150.0,mastercard,224.0,debit
C12651-K1,C12651,13725,555.0,150.0,visa,226.0,credit
C01973-K1,C01973,17078,321.0,150.0,visa,226.0,debit
C09980-K1,C09980,12455,555.0,150.0,visa,226.0,credit
C04326-K1,C04326,14733,555.0,150.0,visa,226.0,debit
C03432-K1,C03432,15073,194.0,150.0,mastercard,166.0,debit
C05129-K2,C05129,10326,369.0,150.0,mastercard,137.0,debit
C04740-K1,C04740,16734,480.0,150.0,mastercard,117.0,debit
C09089-K2,C09089,19280,555.0,131.0,mastercard,166.0,debit
C12737-K1,C12737,13591,111.0,150.0,mastercard,224.0,debit
C01162-K1,C01162,10415,403.0,150.0,visa,226.0,debit
C07374-K1,C07374,15336,310.0,150.0,mastercard,224.0,debit
C01392-K1,C01392,11846,399.0,150.0,american express,102.0,credit
C13373-K1,C13373,20047,555.0,150.0,mastercard,224.0,debit
C10857-K1,C10857,18892,555.0,150.0,visa,226.0,debit
C06899-K1,C06899,14030,266.0,185.0,visa,226.0,credit
C12083-K1,C12083,21705,381.0,150.0,mastercard,102.0,credit
C02614-K1,C02614,20190,307.0,150.0,visa,226.0,debit
C11459-K1,C11459,12922,480.0,150.0,mastercard,224.0,debit
C11335-K1,C11335,23172,321.0,150.0,visa,226.0,debit
C13131-K1,C13131,14641,555.0,150.0,visa,226.0,debit
C03889-K1,C03889,21762,555.0,150.0,visa,226.0,debit
C05321-K1,C05321,14904,302.0,150.0,visa,226.0,debit
C06621-K1,C06621,20328,225.0,150.0,mastercard,195.0,debit
C10317-K1,C10317,13793,555.0,117.0,mastercard,224.0,credit
C10493-K1,C10493,15156,555.0,150.0,visa,226.0,debit
C13371-K1,C13371,15951,478.0,150.0,visa,166.0,debit
C01186-K1,C01186,15481,555.0,150.0,visa,226.0,debit
C11068-K1,C11068,16074,555.0,150.0,visa,226.0,debit
C13437-K1,C13437,14881,555.0,150.0,visa,226.0,debit
C00902-K1,C00902,21832,555.0,133.0,mastercard,224.0,credit
C12734-K1,C12734,19602,555.0,150.0,visa,226.0,credit
C04637-K1,C04637,18513,321.0,150.0,visa,226.0,debit
C01066-K1,C01066,11361,555.0,150.0,visa,226.0,debit
C11185-K2,C11185,18032,555.0,150.0,mastercard,117.0,debit or credit
C05039-K1,C05039,13618,555.0,150.0,american express,,credit
C10805-K1,C10805,19566,321.0,150.0,visa,195.0,debit
C10706-K1,C10706,16844,555.0,150.0,visa,226.0,debit
C01118-K1,C01118,15972,498.0,150.0,mastercard,102.0,credit
C09554-K1,C09554,15168,399.0,150.0,american express,198.0,credit
C05936-K1,C05936,18757,555.0,102.0,visa,138.0,debit
C12125-K1,C12125,14775,143.0,150.0,visa,226.0,debit
C11984-K1,C11984,16157,275.0,150.0,mastercard,224.0,debit
C10703-K1,C10703,13987,555.0,150.0,mastercard,137.0,credit
C08753-K1,C08753,15007,371.0,150.0,visa,226.0,credit
C01517-K1,C01517,18766,390.0,150.0,mastercard,224.0,debit
C07584-K1,C07584,16020,348.0,150.0,mastercard,135.0,credit
C01534-K1,C01534,13013,424.0,150.0,visa,195.0,debit
C11409-K1,C11409,11508,364.0,146.0,mastercard,137.0,credit
C12240-K1,C12240,17033,,150.0,visa,166.0,debit
C07886-K1,C07886,15351,555.0,150.0,visa,226.0,credit
C08080-K1,C08080,20494,555.0,150.0,visa,226.0,debit
C05723-K1,C05723,19197,555.0,150.0,visa,226.0,credit
C01711-K1,C01711,18788,225.0,150.0,mastercard,224.0,debit
C13428-K1,C13428,22779,390.0,150.0,mastercard,224.0,debit
C03247-K1,C03247,13982,555.0,150.0,visa,226.0,debit
C06073-K1,C06073,17411,555.0,150.0,visa,226.0,credit
C08099-K1,C08099,18009,225.0,150.0,mastercard,102.0,credit
C05342-K1,C05342,13980,399.0,150.0,american express,137.0,credit
C12280-K1,C12280,19848,512.0,150.0,mastercard,224.0,debit
C09057-K1,C09057,22712,532.0,150.0,mastercard,224.0,credit
C12247-K1,C12247,21201,310.0,150.0,mastercard,224.0,debit
C03557-K1,C03557,22325,143.0,150.0,visa,195.0,debit
C04669-K1,C04669,14497,275.0,150.0,mastercard,224.0,debit
C00663-K1,C00663,14666,555.0,150.0,visa,226.0,debit
C02747-K1,C02747,21948,399.0,150.0,american express,223.0,credit
C03254-K1,C03254,21983,225.0,150.0,mastercard,224.0,debit
C05812-K1,C05812,17386,555.0,150.0,visa,226.0,debit
C07637-K1,C07637,17402,555.0,150.0,visa,226.0,debit
C00974-K1,C00974,18782,399.0,150.0,american express,207.0,credit
C09088-K1,C09088,11384,555.0,150.0,visa,226.0,debit
C12532-K1,C12532,21214,562.0,150.0,mastercard,219.0,credit
C08751-K1,C08751,21706,399.0,150.0,american express,185.0,credit
C00804-K1,C00804,20098,555.0,150.0,visa,226.0,debit
C12824-K1,C12824,22399,555.0,150.0,visa,226.0,debit
C02864-K1,C02864,21617,555.0,150.0,visa,226.0,credit
C11256-K1,C11256,15352,399.0,150.0,american express,148.0,credit
C03803-K1,C03803,11683,111.0,150.0,mastercard,195.0,debit
C07974-K1,C07974,16037,555.0,150.0,visa,226.0,debit
C06820-K1,C06820,14587,127.0,150.0,mastercard,102.0,credit
C00901-K1,C00901,10692,543.0,150.0,mastercard,224.0,debit
C08726-K1,C08726,20419,225.0,150.0,mastercard,117.0,debit
C06122-K1,C06122,19474,158.0,150.0,visa,226.0,debit
C04650-K1,C04650,20543,399.0,150.0,american express,146.0,credit
C07615-K1,C07615,10215,562.0,150.0,mastercard,102.0,credit
C13246-K1,C13246,20247,479.0,150.0,visa,162.0,credit
C09804-K1,C09804,11564,268.0,150.0,visa,166.0,debit
C01538-K1,C01538,22573,216.0,150.0,visa,162.0,credit
C03638-K1,C03638,22687,225.0,150.0,mastercard,224.0,debit
C02597-K1,C02597,17622,562.0,150.0,mastercard,195.0,credit
C04258-K1,C04258,21471,514.0,150.0,mastercard,135.0,credit
C05975-K1,C05975,17316,555.0,150.0,visa,226.0,debit
C13526-K1,C13526,10030,,150.0,visa,,credit
C02547-K1,C02547,19898,555.0,150.0,visa,226.0,debit
C04234-K1,C04234,23436,127.0,150.0,mastercard,219.0,credit
C00149-K1,C00149,12862,520.0,150.0,american express,190.0,credit
C04701-K1,C04701,19212,390.0,150.0,mastercard,117.0,debit
C06935-K1,C06935,18778,555.0,150.0,visa,226.0,debit
C12581-K1,C12581,10535,555.0,150.0,visa,226.0,debit
C04359-K1,C04359,11933,,150.0,mastercard,224.0,credit
C08687-K1,C08687,10262,399.0,150.0,american express,188.0,credit
C10009-K2,C10009,22253,555.0,150.0,visa,226.0,debit
C04980-K1,C04980,10623,481.0,150.0,mastercard,102.0,credit
C06266-K1,C06266,13718,517.0,150.0,mastercard,224.0,debit
C07009-K1,C07009,14215,310.0,150.0,mastercard,224.0,debit
C08268-K1,C08268,17818,555.0,150.0,visa,226.0,debit
C08795-K1,C08795,13541,555.0,150.0,visa,226.0,credit
C13273-K1,C13273,15410,399.0,150.0,american express,133.0,credit
C02148-K1,C02148,21424,554.0,150.0,visa,226.0,debit
C11361-K1,C11361,17151,555.0,119.0,visa,137.0,credit
C01924-K1,C01924,22489,514.0,150.0,mastercard,224.0,credit
C10870-K1,C10870,18217,555.0,150.0,visa,226.0,credit
C03698-K1,C03698,19643,310.0,150.0,mastercard,224.0,debit
C09252-K1,C09252,19403,390.0,150.0,mastercard,224.0,debit
C09918-K1,C09918,16546,399.0,150.0,american express,195.0,credit
C06300-K2,C06300,11367,310.0,150.0,mastercard,224.0,debit
C07895-K1,C07895,17299,321.0,150.0,visa,226.0,debit
C08786-K1,C08786,13689,555.0,150.0,visa,226.0,debit
C11201-K1,C11201,18907,480.0,150.0,mastercard,219.0,credit
C00417-K1,C00417,11860,399.0,150.0,american express,223.0,credit
C02339-K1,C02339,18754,555.0,150.0,mastercard,195.0,debit
C00025-K1,C00025,11373,321.0,150.0,visa,226.0,debit
C11529-K1,C11529,16024,399.0,150.0,american express,150.0,credit
C11585-K1,C11585,17932,321.0,150.0,visa,226.0,debit
C05825-K2,C05825,22074,360.0,150.0,mastercard,166.0,debit
C02613-K1,C02613,13934,555.0,150.0,visa,226.0,credit
C12272-K1,C12272,20265,225.0,150.0,mastercard,117.0,debit
C06092-K1,C06092,16967,111.0,150.0,mastercard,129.0,credit
C06235-K1,C06235,14460,555.0,150.0,visa,226.0,credit
C05125-K1,C05125,14784,555.0,150.0,mastercard,117.0,debit
C10590-K1,C10590,12984,174.0,150.0,visa,144.0,credit
C10642-K1,C10642,18710,555.0,150.0,visa,226.0,debit
C09550-K1,C09550,21573,115.0,150.0,visa,166.0,debit
C09395-K1,C09395,11365,555.0,150.0,visa,226.0,debit
C07247-K1,C07247,11895,399.0,150.0,american express,198.0,credit
C08342-K1,C08342,20436,399.0,150.0,american express,185.0,credit
C11224-K1,C11224,20087,411.0,150.0,visa,226.0,credit
C06893-K1,C06893,12596,399.0,150.0,american express,146.0,credit
C02715-K1,C02715,22723,459.0,185.0,visa,226.0,credit
C03732-K1,C03732,18213,390.0,150.0,mastercard,224.0,debit
C11460-K1,C11460,22295,489.0,150.0,mastercard,214.0,credit
C09578-K1,C09578,19879,481.0,150.0,mastercard,224.0,debit
C07537-K1,C07537,23501,555.0,150.0,visa,226.0,debit
C10651-K2,C10651,12679,543.0,150.0,mastercard,224.0,debit
C09588-K1,C09588,14906,555.0,119.0,visa,226.0,credit
C00061-K1,C00061,21836,360.0,150.0,visa,166.0,debit
C00837-K1,C00837,14615,561.0,150.0,visa,226.0,credit
C11493-K2,C11493,17787,528.0,150.0,visa,226.0,credit
C02838-K1,C02838,19825,321.0,150.0,visa,226.0,debit
C11841-K1,C11841,12908,399.0,150.0,american express,236.0,credit
C07934-K1,C07934,17432,321.0,150.0,visa,141.0,credit
C03177-K1,C03177,23506,555.0,150.0,visa,226.0,credit
C13234-K1,C13234,13889,399.0,150.0,american express,146.0,credit
C02077-K1,C02077,20022,490.0,150.0,visa,195.0,debit
C08140-K2,C08140,18197,562.0,150.0,mastercard,195.0,credit
C07492-K1,C07492,12522,520.0,150.0,american express,190.0,credit
C08145-K1,C08145,19273,111.0,150.0,visa,226.0,debit
C07578-K1,C07578,19149,399.0,150.0,american express,133.0,credit
C12096-K1,C12096,19687,580.0,106.0,visa,226.0,debit
C07081-K1,C07081,22680,,150.0,visa,195.0,debit
C12665-K1,C12665,19279,174.0,150.0,visa,162.0,credit
C04502-K1,C04502,10041,396.0,150.0,mastercard,203.0,credit
C06390-K1,C06390,12019,555.0,150.0,visa,226.0,credit
C02423-K1,C02423,18687,543.0,150.0,mastercard,224.0,debit
C08177-K1,C08177,19766,583.0,150.0,visa,226.0,credit
C06257-K1,C06257,16085,517.0,150.0,mastercard,224.0,debit
C00150-K1,C00150,17192,399.0,150.0,american express,146.0,credit
C10123-K1,C10123,21084,555.0,150.0,visa,226.0,debit
C05360-K1,C05360,17650,399.0,150.0,american express,150.0,credit
C03360-K1,C03360,19130,407.0,185.0,visa,137.0,credit
C12692-K1,C12692,17740,555.0,150.0,visa,226.0,debit
C10179-K1,C10179,11149,399.0,150.0,american express,185.0,credit
C01578-K1,C01578,13937,399.0,150.0,american express,118.0,credit
C01999-K2,C01999,13839,110.0,150.0,mastercard,190.0,credit
C11821-K1,C11821,17893,555.0,188.0,visa,226.0,credit
C12488-K1,C12488,19783,275.0,150.0,mastercard,224.0,debit
C06731-K1,C06731,20595,459.0,185.0,mastercard,189.0,credit
C00692-K1,C00692,12550,520.0,150.0,american express,190.0,credit
C05902-K2,C05902,12479,480.0,150.0,mastercard,219.0,credit
C02510-K1,C02510,12380,321.0,150.0,visa,226.0,debit
C09188-K1,C09188,18964,111.0,150.0,visa,162.0,credit
C13298-K1,C13298,18252,520.0,150.0,american express,190.0,credit
C11657-K1,C11657,15552,480.0,150.0,mastercard,117.0,debit
C02454-K1,C02454,21258,555.0,150.0,visa,226.0,debit
C11270-K1,C11270,22840,490.0,150.0,visa,166.0,debit
C09647-K1,C09647,22557,265.0,150.0,visa,226.0,debit
C04999-K1,C04999,15890,520.0,150.0,american express,190.0,credit
C02681-K1,C02681,20984,161.0,150.0,visa,226.0,debit
C02434-K1,C02434,13134,555.0,142.0,visa,147.0,credit
C11830-K1,C11830,18113,480.0,150.0,mastercard,224.0,debit
C10245-K1,C10245,16180,383.0,150.0,visa,144.0,credit
C09785-K1,C09785,16386,399.0,150.0,american express,185.0,credit
C10777-K1,C10777,17956,390.0,150.0,mastercard,224.0,debit
C03668-K1,C03668,18283,399.0,150.0,american express,150.0,credit
C05514-K2,C05514,20079,206.0,150.0,mastercard,166.0,debit
C01791-K1,C01791,14057,321.0,150.0,visa,226.0,debit
C08368-K1,C08368,19784,555.0,150.0,visa,226.0,debit
C11698-K1,C11698,20321,555.0,150.0,visa,226.0,debit
C08086-K1,C08086,20149,367.0,150.0,mastercard,224.0,credit
C01161-K1,C01161,12065,275.0,150.0,mastercard,224.0,debit
C11683-K1,C11683,11946,554.0,150.0,visa,226.0,credit
C00304-K1,C00304,18403,555.0,150.0,visa,226.0,credit
C09767-K1,C09767,20924,253.0,150.0,visa,141.0,credit
C11482-K1,C11482,19855,467.0,150.0,visa,226.0,debit
C00805-K1,C00805,10430,399.0,150.0,american express,119.0,credit
C00212-K1,C00212,10133,555.0,150.0,visa,226.0,debit
C10550-K1,C10550,18854,381.0,150.0,visa,226.0,credit
C05942-K1,C05942,14844,177.0,185.0,mastercard,224.0,credit
C06471-K1,C06471,16399,555.0,150.0,visa,195.0,debit
C12510-K3,C12510,10255,348.0,150.0,visa,226.0,credit
C02725-K1,C02725,17753,555.0,150.0,visa,226.0,debit
C05676-K1,C05676,22566,158.0,150.0,visa,195.0,debit
C00587-K1,C00587,15147,555.0,150.0,visa,226.0,credit
C01072-K2,C01072,11209,586.0,150.0,mastercard,224.0,credit
C03169-K2,C03169,13761,,150.0,visa,226.0,credit
C07829-K1,C07829,10241,555.0,150.0,visa,226.0,debit
C13056-K1,C13056,17617,404.0,150.0,mastercard,102.0,credit
C12853-K1,C12853,16618,399.0,150.0,american express,236.0,credit
C09222-K1,C09222,19887,,150.0,visa,166.0,debit
C03356-K1,C03356,17576,555.0,150.0,visa,226.0,debit
C06597-K1,C06597,22539,555.0,150.0,visa,226.0,credit
C09059-K1,C09059,10718,390.0,150.0,mastercard,224.0,debit
C00785-K1,C00785,16534,555.0,150.0,visa,226.0,debit
C09295-K1,C09295,14554,275.0,150.0,mastercard,224.0,debit
C01780-K1,C01780,14376,399.0,150.0,american express,146.0,credit
C11385-K1,C11385,14865,111.0,150.0,visa,228.0,credit
C06928-K1,C06928,10132,268.0,150.0,visa,166.0,debit
C09862-K1,C09862,18842,555.0,150.0,visa,226.0,debit
C00048-K1,C00048,16271,555.0,197.0,mastercard,224.0,credit
C02639-K1,C02639,11246,266.0,185.0,visa,102.0,credit
C09112-K1,C09112,13851,399.0,150.0,american express,137.0,credit
C04224-K1,C04224,10787,321.0,150.0,visa,226.0,debit
C08452-K1,C08452,20644,555.0,150.0,visa,226.0,credit
C12796-K3,C12796,18308,327.0,150.0,discover,223.0,credit
C01077-K1,C01077,18082,543.0,150.0,mastercard,224.0,debit
C00161-K1,C00161,10902,399.0,150.0,american express,150.0,credit
C08980-K1,C08980,19488,555.0,150.0,visa,226.0,debit
C13109-K1,C13109,14668,583.0,150.0,visa,226.0,credit
C10152-K1,C10152,15151,310.0,150.0,mastercard,117.0,debit
C09941-K1,C09941,22538,555.0,150.0,mastercard,102.0,credit
C08203-K1,C08203,23331,555.0,150.0,mastercard,,credit
C03319-K1,C03319,10712,399.0,150.0,american express,137.0,credit
C11567-K1,C11567,13697,555.0,150.0,visa,226.0,credit
C06460-K1,C06460,20275,418.0,150.0,visa,226.0,credit
C06453-K1,C06453,20443,399.0,150.0,american express,236.0,credit
C03366-K1,C03366,20457,111.0,150.0,visa,166.0,debit
C10788-K1,C10788,18922,527.0,150.0,visa,226.0,debit
C07874-K1,C07874,16168,100.0,150.0,visa,166.0,debit
C02334-K1,C02334,11699,399.0,150.0,american express,137.0,credit
C01515-K1,C01515,17378,555.0,150.0,visa,226.0,debit
C08315-K1,C08315,17683,399.0,150.0,american express,213.0,credit
C06349-K1,C06349,12903,399.0,150.0,american express,150.0,credit
C08766-K1,C08766,17199,567.0,150.0,mastercard,203.0,credit
C05647-K1,C05647,17591,512.0,150.0,mastercard,102.0,credit
C13416-K1,C13416,16143,555.0,149.0,visa,137.0,credit
C01335-K1,C01335,10229,,150.0,visa,226.0,debit
C01375-K1,C01375,22973,543.0,150.0,mastercard,195.0,debit
C11920-K1,C11920,22951,555.0,150.0,visa,226.0,debit
C00264-K1,C00264,14831,399.0,150.0,american express,236.0,credit
C01582-K1,C01582,15832,216.0,150.0,mastercard,102.0,credit
C00932-K1,C00932,11647,478.0,150.0,visa,195.0,credit
C09359-K1,C09359,12385,224.0,106.0,mastercard,224.0,credit
C01712-K1,C01712,18568,555.0,162.0,visa,166.0,debit
C00266-K1,C00266,20693,555.0,150.0,visa,226.0,debit
C13094-K1,C13094,18937,555.0,147.0,visa,137.0,credit
C12723-K1,C12723,18721,555.0,150.0,visa,226.0,debit
C10779-K1,C10779,11388,310.0,150.0,mastercard,224.0,debit
C11458-K1,C11458,14667,161.0,150.0,mastercard,102.0,credit
C03374-K2,C03374,15166,583.0,150.0,visa,226.0,credit
C06042-K1,C06042,14132,518.0,150.0,visa,226.0,credit
C06361-K1,C06361,20296,399.0,150.0,american express,185.0,credit
C03877-K1,C03877,15653,225.0,150.0,mastercard,224.0,debit
C09002-K1,C09002,20891,361.0,150.0,visa,226.0,credit
C03460-K1,C03460,18236,225.0,150.0,mastercard,117.0,debit
C09513-K1,C09513,21776,555.0,150.0,visa,226.0,debit
C12958-K1,C12958,17862,555.0,150.0,visa,226.0,debit
C02032-K1,C02032,20246,399.0,150.0,american express,146.0,credit
C03210-K1,C03210,22501,170.0,150.0,mastercard,102.0,credit
C07859-K1,C07859,22929,555.0,150.0,visa,226.0,debit
C03864-K1,C03864,21588,321.0,150.0,visa,226.0,debit
C06824-K1,C06824,11612,369.0,150.0,mastercard,224.0,debit
C04967-K1,C04967,13953,555.0,150.0,visa,226.0,debit
C12317-K1,C12317,10578,369.0,150.0,mastercard,117.0,debit
C10242-K1,C10242,23031,555.0,117.0,visa,226.0,debit
C08674-K2,C08674,20111,555.0,150.0,visa,226.0,debit
C06174-K1,C06174,15267,555.0,144.0,american express,181.0,credit
C06524-K1,C06524,22284,555.0,150.0,visa,226.0,debit
C07842-K1,C07842,19042,399.0,150.0,american express,131.0,credit
C10660-K1,C10660,17349,500.0,185.0,mastercard,224.0,credit
C08837-K1,C08837,11522,555.0,150.0,visa,226.0,debit
C12605-K1,C12605,23184,543.0,150.0,mastercard,117.0,debit
C08125-K1,C08125,15108,369.0,150.0,mastercard,224.0,debit
C12846-K1,C12846,13148,399.0,150.0,american express,133.0,credit
C12780-K1,C12780,17406,555.0,150.0,visa,226.0,debit
C13098-K1,C13098,19539,555.0,150.0,visa,226.0,debit
C01176-K1,C01176,21627,321.0,150.0,visa,226.0,debit
C03156-K1,C03156,21728,555.0,150.0,visa,226.0,debit
C08680-K1,C08680,20243,555.0,150.0,visa,226.0,debit
C02523-K1,C02523,20350,555.0,150.0,visa,226.0,debit
C02164-K1,C02164,18622,555.0,150.0,visa,226.0,debit
C00765-K1,C00765,20590,555.0,150.0,visa,226.0,debit
C11121-K1,C11121,13260,275.0,150.0,mastercard,224.0,debit
C04747-K1,C04747,11068,480.0,150.0,mastercard,117.0,debit
C11912-K1,C11912,23211,399.0,150.0,american express,198.0,credit
C05460-K1,C05460,13843,555.0,150.0,visa,226.0,debit
C10705-K1,C10705,13684,555.0,150.0,visa,226.0,debit
C00654-K1,C00654,21093,555.0,150.0,visa,226.0,credit
C00633-K1,C00633,17757,555.0,150.0,visa,226.0,debit
C07104-K1,C07104,14128,555.0,150.0,mastercard,117.0,debit
C10572-K1,C10572,10412,383.0,150.0,visa,226.0,debit
C03012-K1,C03012,14169,369.0,150.0,mastercard,117.0,debit
C06319-K1,C06319,17350,,150.0,visa,226.0,debit
C00350-K1,C00350,13676,,150.0,visa,226.0,credit
C05267-K1,C05267,21229,181.0,150.0,visa,162.0,credit
C13251-K1,C13251,21373,555.0,150.0,visa,226.0,debit
C06932-K1,C06932,15260,543.0,150.0,mastercard,224.0,debit
C08430-K1,C08430,14312,555.0,150.0,visa,226.0,credit
C06696-K1,C06696,12475,225.0,150.0,mastercard,224.0,debit
C13514-K1,C13514,20488,,150.0,visa,226.0,credit
C03465-K1,C03465,15266,399.0,150.0,american express,146.0,credit
C12903-K1,C12903,15760,532.0,150.0,mastercard,195.0,debit
C13228-K1,C13228,20193,555.0,150.0,american express,199.0,debit
C08055-K1,C08055,12716,585.0,150.0,visa,226.0,credit
C06363-K1,C06363,16272,555.0,150.0,visa,226.0,credit
C07696-K1,C07696,14242,111.0,150.0,visa,195.0,debit
C12562-K1,C12562,14807,399.0,150.0,american express,118.0,credit
C05645-K1,C05645,14415,390.0,150.0,mastercard,117.0,debit
C08811-K1,C08811,18256,436.0,150.0,visa,226.0,credit
C08832-K1,C08832,10903,580.0,106.0,visa,226.0,credit
C06568-K1,C06568,13907,123.0,144.0,visa,195.0,credit
C04758-K1,C04758,14220,522.0,150.0,visa,226.0,debit
C01674-K1,C01674,11190,480.0,150.0,mastercard,195.0,debit
C12170-K1,C12170,21260,225.0,150.0,mastercard,224.0,debit
C01411-K1,C01411,15730,310.0,150.0,mastercard,224.0,debit
C01266-K1,C01266,22670,555.0,150.0,visa,226.0,debit
C05326-K2,C05326,18794,174.0,150.0,mastercard,117.0,debit
C06724-K1,C06724,10374,439.0,144.0,mastercard,195.0,credit
C01210-K1,C01210,11632,555.0,150.0,visa,226.0,credit
C02970-K1,C02970,16783,555.0,150.0,visa,226.0,debit
C07411-K2,C07411,19527,455.0,150.0,mastercard,166.0,debit
C11733-K1,C11733,20640,555.0,150.0,visa,226.0,debit
C08473-K1,C08473,11994,420.0,150.0,mastercard,224.0,debit
C05678-K1,C05678,18219,103.0,185.0,visa,102.0,credit
C13134-K1,C13134,10791,435.0,150.0,visa,226.0,credit
C11816-K1,C11816,18523,216.0,150.0,visa,226.0,credit
C01065-K1,C01065,15170,555.0,150.0,mastercard,117.0,debit
C02632-K2,C02632,15809,555.0,150.0,visa,226.0,debit
C03898-K1,C03898,16948,555.0,150.0,visa,226.0,debit
C04673-K1,C04673,14490,555.0,150.0,visa,226.0,credit
C03808-K1,C03808,23316,420.0,150.0,mastercard,224.0,debit
C12123-K1,C12123,17417,555.0,150.0,visa,226.0,debit
C04818-K1,C04818,11517,369.0,150.0,mastercard,224.0,debit
C01000-K1,C01000,21032,399.0,150.0,american express,185.0,credit
C00252-K1,C00252,22272,399.0,150.0,american express,185.0,credit
C01465-K1,C01465,13532,526.0,150.0,visa,226.0,debit
C05028-K1,C05028,17733,310.0,150.0,mastercard,117.0,debit
C02087-K1,C02087,18991,555.0,150.0,visa,195.0,debit
C08110-K1,C08110,16942,555.0,150.0,visa,226.0,debit
C03826-K1,C03826,18648,562.0,150.0,mastercard,102.0,credit
C01208-K1,C01208,16718,555.0,150.0,visa,226.0,debit
C09709-K1,C09709,17709,543.0,150.0,mastercard,224.0,debit
C02618-K2,C02618,16885,545.0,185.0,visa,226.0,credit
C11980-K1,C11980,14722,555.0,150.0,visa,226.0,debit
C10842-K1,C10842,14264,555.0,150.0,mastercard,224.0,debit
C10097-K1,C10097,19609,150.0,150.0,visa,195.0,debit
C10938-K1,C10938,15639,369.0,150.0,mastercard,224.0,debit
C08104-K1,C08104,17615,396.0,150.0,mastercard,195.0,credit
C11344-K1,C11344,16824,520.0,150.0,american express,190.0,credit
C02108-K1,C02108,21987,555.0,150.0,mastercard,102.0,credit
C06439-K1,C06439,10625,480.0,150.0,mastercard,117.0,debit
C11472-K1,C11472,14193,399.0,150.0,american express,236.0,credit
C08146-K1,C08146,17990,275.0,150.0,mastercard,204.0,debit
C07524-K1,C07524,19493,555.0,150.0,mastercard,117.0,debit
C10829-K1,C10829,10679,555.0,150.0,visa,226.0,debit
C02742-K1,C02742,18734,596.0,150.0,mastercard,166.0,debit
C05168-K1,C05168,18428,555.0,150.0,visa,226.0,debit
C08031-K1,C08031,11704,480.0,150.0,mastercard,224.0,debit
C01428-K1,C01428,17475,555.0,150.0,visa,226.0,debit
C01568-K1,C01568,17280,399.0,150.0,american express,223.0,credit
C03063-K1,C03063,15624,517.0,150.0,mastercard,195.0,debit
C09095-K1,C09095,20745,225.0,150.0,mastercard,224.0,debit
C00286-K1,C00286,19063,555.0,150.0,visa,226.0,debit
C12658-K1,C12658,19265,399.0,150.0,american express,118.0,credit
C05485-K1,C05485,19000,583.0,150.0,mastercard,219.0,credit
C01624-K1,C01624,18077,555.0,150.0,mastercard,117.0,debit
C12830-K1,C12830,19485,383.0,150.0,visa,226.0,debit
C03015-K2,C03015,13481,555.0,150.0,visa,226.0,debit
C11870-K1,C11870,16116,555.0,150.0,visa,226.0,debit
C01857-K1,C01857,19013,451.0,150.0,visa,226.0,debit
C10948-K1,C10948,22252,555.0,150.0,visa,226.0,credit
C05384-K1,C05384,20036,555.0,150.0,visa,226.0,credit
C12350-K1,C12350,12927,127.0,150.0,mastercard,102.0,credit
C07564-K1,C07564,22235,543.0,150.0,mastercard,224.0,debit
C01999-K3,C01999,13839,110.0,150.0,mastercard,224.0,credit
C03974-K1,C03974,11737,555.0,150.0,visa,226.0,debit
C04599-K1,C04599,16585,555.0,150.0,visa,226.0,debit
C08341-K1,C08341,22401,555.0,150.0,visa,226.0,debit
C08402-K1,C08402,13146,555.0,150.0,visa,226.0,debit
C06780-K2,C06780,15590,512.0,150.0,mastercard,117.0,debit
C07169-K1,C07169,16619,520.0,150.0,american express,190.0,credit
C06545-K1,C06545,12005,275.0,150.0,mastercard,224.0,debit
C12809-K1,C12809,10472,378.0,146.0,mastercard,224.0,debit
C02468-K1,C02468,19865,478.0,150.0,visa,226.0,credit
C10798-K1,C10798,12183,555.0,150.0,visa,226.0,debit
C08083-K2,C08083,11608,528.0,150.0,visa,195.0,credit
C10834-K1,C10834,19463,555.0,150.0,visa,226.0,credit
C06741-K1,C06741,19633,225.0,150.0,mastercard,224.0,debit
C08851-K1,C08851,17593,555.0,150.0,visa,100.0,debit
C03398-K1,C03398,14040,555.0,150.0,visa,226.0,credit
C07604-K1,C07604,14532,555.0,150.0,visa,226.0,debit
C13105-K1,C13105,20347,501.0,150.0,mastercard,219.0,debit
C03878-K1,C03878,12258,399.0,150.0,american express,236.0,credit
C03413-K1,C03413,21489,555.0,150.0,visa,226.0,credit
C05051-K1,C05051,10854,555.0,150.0,visa,226.0,credit
C13550-K1,C13550,20104,321.0,150.0,mastercard,203.0,credit
C12334-K1,C12334,22078,555.0,119.0,american express,224.0,credit
C12787-K1,C12787,13726,555.0,150.0,visa,226.0,credit
C05681-K1,C05681,22734,555.0,150.0,visa,226.0,debit
C12784-K1,C12784,20581,399.0,150.0,american express,223.0,credit
C03176-K1,C03176,20866,555.0,150.0,visa,226.0,debit
C11262-K1,C11262,13986,555.0,150.0,visa,226.0,debit
C13425-K1,C13425,20424,369.0,150.0,mastercard,224.0,debit
C10155-K1,C10155,15536,310.0,150.0,mastercard,224.0,debit
C04401-K1,C04401,12416,255.0,150.0,visa,226.0,credit
C13423-K1,C13423,18315,250.0,150.0,visa,226.0,debit
C05377-K1,C05377,17230,361.0,150.0,visa,141.0,credit
C09817-K1,C09817,14098,390.0,150.0,mastercard,195.0,debit
C05585-K1,C05585,12592,185.0,150.0,visa,226.0,debit
C01756-K1,C01756,17554,555.0,119.0,visa,226.0,credit
C02395-K1,C02395,19221,555.0,150.0,mastercard,117.0,debit
C12288-K1,C12288,13880,392.0,150.0,mastercard,224.0,debit
C04537-K1,C04537,11948,481.0,150.0,mastercard,224.0,credit
C13146-K1,C13146,17799,555.0,150.0,visa,226.0,credit
C08122-K1,C08122,11012,553.0,150.0,american express,131.0,credit
C06706-K1,C06706,11348,490.0,150.0,visa,166.0,debit
C05505-K1,C05505,15063,555.0,150.0,visa,226.0,debit
C08232-K1,C08232,21220,399.0,150.0,american express,150.0,credit
C03911-K1,C03911,22037,555.0,150.0,visa,226.0,credit
C10337-K1,C10337,15244,555.0,150.0,visa,226.0,debit
C07555-K1,C07555,15393,555.0,150.0,visa,226.0,debit
C13209-K1,C13209,12973,321.0,150.0,visa,226.0,debit
C02804-K1,C02804,17614,555.0,150.0,american express,,credit
C06005-K1,C06005,14093,399.0,150.0,american express,137.0,credit
C07265-K1,C07265,13574,399.0,150.0,american express,150.0,credit
C11013-K1,C11013,12893,410.0,150.0,visa,226.0,debit
C06998-K1,C06998,10922,555.0,150.0,visa,226.0,debit
C02038-K1,C02038,10674,480.0,150.0,mastercard,224.0,debit
C01895-K1,C01895,22261,390.0,150.0,mastercard,224.0,debit
C02922-K1,C02922,20586,492.0,150.0,mastercard,117.0,debit
C01998-K1,C01998,20661,225.0,150.0,mastercard,224.0,debit
C08723-K1,C08723,10889,546.0,147.0,mastercard,219.0,credit
C10513-K1,C10513,21217,381.0,150.0,visa,226.0,debit
C05131-K1,C05131,15489,399.0,150.0,american express,223.0,credit
C06640-K1,C06640,23002,555.0,150.0,visa,226.0,debit
C05064-K1,C05064,12368,160.0,150.0,visa,226.0,credit
C03099-K1,C03099,23221,399.0,150.0,american express,237.0,credit
C10258-K1,C10258,18583,170.0,150.0,visa,226.0,credit
C00359-K1,C00359,10189,399.0,150.0,american express,223.0,credit
C00847-K1,C00847,21507,554.0,150.0,visa,226.0,credit
C12825-K1,C12825,21161,482.0,150.0,visa,226.0,credit
C09841-K1,C09841,12672,480.0,150.0,mastercard,166.0,debit
C08611-K1,C08611,13814,143.0,150.0,visa,226.0,debit
C00050-K2,C00050,18770,485.0,150.0,mastercard,166.0,debit
C02279-K1,C02279,20608,514.0,150.0,mastercard,203.0,credit
C08135-K1,C08135,22002,399.0,150.0,american express,185.0,credit
C08499-K1,C08499,16105,562.0,150.0,visa,162.0,credit
C09090-K1,C09090,11259,555.0,150.0,visa,226.0,credit
C04876-K1,C04876,16047,555.0,150.0,visa,226.0,debit
C02929-K1,C02929,15389,555.0,150.0,visa,226.0,debit
C04307-K1,C04307,13106,399.0,150.0,american express,236.0,credit
C09548-K1,C09548,19676,555.0,150.0,visa,226.0,debit
C09415-K1,C09415,13497,390.0,150.0,mastercard,117.0,debit
C04667-K1,C04667,10153,555.0,150.0,visa,226.0,debit
C06978-K1,C06978,10444,399.0,150.0,american express,132.0,credit
C03093-K1,C03093,13658,399.0,150.0,american express,146.0,credit
C06391-K1,C06391,11888,277.0,144.0,visa,147.0,credit
C07947-K1,C07947,19856,543.0,150.0,mastercard,224.0,debit
C03096-K1,C03096,22814,399.0,150.0,american express,146.0,credit
C09610-K1,C09610,22093,555.0,150.0,visa,226.0,debit
C01344-K1,C01344,15451,490.0,150.0,visa,162.0,credit
C07167-K1,C07167,15288,305.0,106.0,mastercard,137.0,credit
C02692-K1,C02692,13395,275.0,150.0,mastercard,224.0,debit
C08225-K1,C08225,16211,555.0,150.0,visa,226.0,credit
C10571-K1,C10571,23173,399.0,150.0,american express,185.0,credit
C04181-K1,C04181,21238,399.0,150.0,american express,132.0,credit
C04190-K1,C04190,13125,555.0,150.0,visa,226.0,debit
C09212-K1,C09212,10841,494.0,150.0,visa,226.0,credit
C09825-K1,C09825,16059,555.0,141.0,mastercard,152.0,debit
C06127-K1,C06127,18443,555.0,150.0,mastercard,195.0,credit
C01452-K1,C01452,15325,555.0,150.0,visa,226.0,credit
C11629-K1,C11629,21978,399.0,150.0,american express,137.0,credit
C13355-K1,C13355,19348,395.0,150.0,visa,226.0,credit
C07678-K1,C07678,17204,252.0,150.0,visa,226.0,credit
C03438-K1,C03438,17778,555.0,150.0,visa,226.0,credit
C01288-K1,C01288,19835,553.0,150.0,american express,131.0,credit
C09291-K1,C09291,13340,490.0,150.0,visa,226.0,debit
C13267-K1,C13267,15421,438.0,106.0,visa,226.0,credit
C06682-K1,C06682,15787,399.0,150.0,american express,119.0,credit
C04563-K1,C04563,15124,225.0,150.0,mastercard,117.0,debit
C12001-K2,C12001,10581,528.0,150.0,visa,226.0,credit
C07572-K1,C07572,21345,310.0,150.0,mastercard,224.0,debit
C09598-K1,C09598,16793,555.0,106.0,visa,137.0,debit
C02140-K1,C02140,15712,399.0,150.0,american express,146.0,credit
C10250-K1,C10250,23262,360.0,150.0,visa,166.0,debit
C06535-K1,C06535,21595,302.0,150.0,visa,226.0,debit
C04572-K1,C04572,12858,321.0,150.0,visa,226.0,debit
C05136-K1,C05136,20371,369.0,150.0,mastercard,224.0,debit
C04455-K1,C04455,14632,216.0,150.0,visa,226.0,credit
C12660-K1,C12660,21713,555.0,150.0,visa,226.0,debit
C11190-K1,C11190,20995,399.0,150.0,american express,102.0,credit
C00742-K1,C00742,11885,420.0,150.0,mastercard,195.0,debit
C05867-K2,C05867,11420,194.0,150.0,mastercard,202.0,debit
C08972-K3,C08972,18223,562.0,150.0,mastercard,197.0,credit
C06955-K1,C06955,12820,555.0,150.0,visa,226.0,debit
C06969-K1,C06969,10738,277.0,144.0,visa,226.0,credit
C06853-K1,C06853,16379,302.0,150.0,visa,226.0,debit
C06392-K1,C06392,12874,480.0,150.0,mastercard,224.0,debit
C09262-K1,C09262,15194,399.0,150.0,american express,236.0,credit
C04679-K1,C04679,16769,268.0,150.0,visa,166.0,debit
C10338-K1,C10338,16460,555.0,150.0,visa,226.0,debit
C11001-K1,C11001,19948,399.0,150.0,american express,137.0,credit
C10210-K1,C10210,19814,543.0,150.0,mastercard,224.0,debit
C12760-K1,C12760,22335,555.0,150.0,visa,226.0,debit
C11540-K1,C11540,11952,555.0,150.0,visa,166.0,debit
C07443-K1,C07443,11605,555.0,150.0,visa,226.0,debit
C00626-K1,C00626,20434,321.0,150.0,visa,226.0,debit
C07416-K2,C07416,18771,390.0,150.0,mastercard,210.0,debit
C07166-K1,C07166,15912,514.0,150.0,mastercard,102.0,credit
C11754-K1,C11754,15932,381.0,150.0,mastercard,117.0,debit
C06324-K1,C06324,11048,555.0,150.0,visa,226.0,credit
C00088-K1,C00088,19163,581.0,150.0,visa,226.0,credit
C00310-K1,C00310,12231,399.0,150.0,american express,185.0,credit
C04754-K1,C04754,22184,399.0,150.0,american express,185.0,credit
C05383-K1,C05383,17694,555.0,150.0,mastercard,117.0,debit
C02424-K1,C02424,15482,555.0,150.0,visa,226.0,debit
C00474-K1,C00474,17130,225.0,150.0,mastercard,224.0,debit
C10163-K1,C10163,12579,360.0,150.0,visa,226.0,debit
C10576-K1,C10576,12731,555.0,150.0,visa,226.0,debit
C01336-K1,C01336,11807,123.0,144.0,visa,137.0,credit
C02789-K1,C02789,14362,520.0,150.0,american express,190.0,credit
C11637-K1,C11637,14327,520.0,150.0,american express,190.0,credit
C12354-K1,C12354,10333,,150.0,visa,226.0,debit
C01705-K1,C01705,22837,555.0,171.0,visa,166.0,debit
C00168-K3,C00168,21886,122.0,150.0,mastercard,166.0,debit
C00629-K1,C00629,20360,555.0,150.0,visa,226.0,debit
C06038-K1,C06038,11504,399.0,150.0,american express,137.0,credit
C06974-K1,C06974,11463,543.0,150.0,mastercard,224.0,debit
C08905-K1,C08905,22550,118.0,185.0,visa,226.0,debit
C04827-K1,C04827,11423,174.0,150.0,visa,226.0,debit
C08093-K1,C08093,16381,277.0,144.0,visa,137.0,credit
C13426-K1,C13426,15674,399.0,150.0,american express,150.0,credit
C00672-K1,C00672,19977,517.0,150.0,mastercard,224.0,debit
C05639-K1,C05639,16819,555.0,190.0,visa,162.0,credit
C04276-K2,C04276,20526,480.0,150.0,mastercard,117.0,debit
C10641-K1,C10641,15734,555.0,150.0,visa,226.0,debit
C02089-K1,C02089,17851,399.0,150.0,american express,133.0,credit
C07041-K1,C07041,19167,555.0,150.0,visa,226.0,debit
C11229-K1,C11229,13244,390.0,150.0,mastercard,224.0,debit
C00761-K1,C00761,20849,543.0,150.0,mastercard,224.0,debit
C07759-K1,C07759,10230,562.0,150.0,mastercard,219.0,credit
C12574-K1,C12574,14925,111.0,150.0,visa,226.0,credit
C08800-K1,C08800,17964,310.0,150.0,mastercard,224.0,debit
C00886-K1,C00886,10435,310.0,150.0,mastercard,224.0,debit
C00514-K1,C00514,17596,555.0,150.0,visa,226.0,debit
C06415-K2,C06415,10293,206.0,150.0,mastercard,166.0,debit
C00595-K1,C00595,17626,514.0,150.0,mastercard,224.0,credit
C06852-K1,C06852,17506,555.0,150.0,visa,226.0,debit
C10994-K1,C10994,21738,123.0,144.0,visa,226.0,debit
C05597-K1,C05597,12148,555.0,150.0,visa,226.0,credit
C03008-K1,C03008,11734,555.0,150.0,visa,226.0,debit
C07273-K1,C07273,12084,425.0,150.0,mastercard,195.0,debit
C09294-K1,C09294,12472,555.0,150.0,visa,144.0,credit
C13118-K1,C13118,10936,321.0,150.0,visa,226.0,debit
C12742-K2,C12742,17643,122.0,150.0,mastercard,166.0,debit
C10347-K1,C10347,20716,555.0,150.0,visa,226.0,debit
C13527-K1,C13527,18369,555.0,119.0,visa,137.0,credit
C11245-K1,C11245,15445,555.0,150.0,visa,226.0,debit
C04877-K1,C04877,22614,305.0,106.0,mastercard,219.0,credit
C10934-K1,C10934,14141,555.0,150.0,visa,226.0,debit
C03569-K1,C03569,12009,555.0,159.0,mastercard,224.0,debit
C05522-K1,C05522,22605,111.0,150.0,mastercard,195.0,debit
C11399-K1,C11399,12920,399.0,150.0,american express,146.0,credit
C08685-K1,C08685,18484,555.0,150.0,visa,226.0,credit
C08408-K1,C08408,19053,555.0,150.0,visa,226.0,debit
C09991-K1,C09991,14360,225.0,150.0,mastercard,117.0,debit
C06762-K1,C06762,18569,555.0,150.0,visa,226.0,credit
C07056-K1,C07056,15161,170.0,150.0,mastercard,102.0,credit
C13466-K1,C13466,20786,555.0,150.0,mastercard,117.0,debit
C10667-K1,C10667,11679,140.0,150.0,visa,194.0,credit
C02882-K1,C02882,15705,555.0,150.0,visa,226.0,debit
C04107-K1,C04107,12320,555.0,150.0,visa,226.0,debit
C05852-K1,C05852,17681,520.0,150.0,american express,190.0,credit
C10296-K1,C10296,19202,216.0,150.0,visa,226.0,credit
C05044-K1,C05044,13136,555.0,150.0,visa,226.0,debit
C06897-K1,C06897,11971,399.0,150.0,american express,146.0,credit
C12194-K1,C12194,22660,,150.0,visa,195.0,debit
C05741-K1,C05741,22694,555.0,150.0,mastercard,224.0,credit
C00713-K1,C00713,17982,216.0,150.0,mastercard,102.0,credit
C02092-K1,C02092,16422,555.0,150.0,visa,226.0,credit
C06025-K2,C06025,15487,111.0,150.0,mastercard,195.0,credit
C00578-K1,C00578,13454,321.0,150.0,visa,226.0,debit
C08475-K1,C08475,14034,543.0,150.0,mastercard,224.0,debit
C02734-K1,C02734,14443,555.0,150.0,visa,226.0,debit
C13362-K1,C13362,22810,399.0,150.0,american express,213.0,credit
C09824-K1,C09824,23352,207.0,150.0,visa,226.0,debit
C09155-K1,C09155,13749,583.0,150.0,visa,226.0,credit
C00477-K2,C00477,11861,555.0,150.0,visa,102.0,debit
C02399-K1,C02399,16375,399.0,150.0,american express,198.0,credit
C01342-K2,C01342,13769,326.0,150.0,visa,226.0,debit
C11477-K1,C11477,14746,555.0,150.0,visa,226.0,debit
C03912-K1,C03912,20536,555.0,150.0,visa,195.0,debit
C11643-K1,C11643,12440,555.0,150.0,visa,226.0,debit
C03493-K1,C03493,22012,480.0,150.0,mastercard,224.0,debit
C00498-K1,C00498,16359,360.0,150.0,visa,166.0,debit
C09045-K1,C09045,14776,321.0,150.0,visa,226.0,debit
C04161-K1,C04161,12428,555.0,150.0,visa,226.0,debit
C01148-K1,C01148,20119,399.0,150.0,american express,236.0,credit
C02767-K1,C02767,12272,,150.0,visa,226.0,credit
C13502-K1,C13502,16071,555.0,150.0,visa,226.0,debit
C10695-K1,C10695,19568,555.0,150.0,visa,226.0,debit
C05918-K1,C05918,10198,447.0,150.0,visa,226.0,debit
C11024-K1,C11024,10335,209.0,150.0,mastercard,102.0,credit
C00049-K1,C00049,20308,512.0,150.0,mastercard,224.0,debit
C03570-K1,C03570,17825,399.0,150.0,american express,223.0,credit
C02750-K2,C02750,17290,360.0,150.0,mastercard,166.0,debit
C06608-K1,C06608,10196,275.0,150.0,mastercard,224.0,debit
C05911-K1,C05911,19438,555.0,150.0,mastercard,224.0,debit
C00199-K1,C00199,10832,111.0,150.0,visa,195.0,debit
C05731-K1,C05731,16122,302.0,150.0,visa,226.0,debit
C00992-K1,C00992,15967,399.0,150.0,american express,236.0,credit
C07988-K2,C07988,12219,360.0,143.0,mastercard,166.0,debit
C12531-K1,C12531,16768,390.0,150.0,mastercard,195.0,debit
C04367-K1,C04367,10589,527.0,150.0,visa,226.0,debit
C04173-K1,C04173,13762,267.0,150.0,mastercard,219.0,credit
C10824-K1,C10824,12123,555.0,150.0,visa,226.0,debit
C11845-K1,C11845,16474,480.0,150.0,mastercard,117.0,debit
C13119-K1,C13119,20346,576.0,229.0,mastercard,134.0,credit
C10883-K1,C10883,16946,399.0,150.0,american express,236.0,credit
C12711-K1,C12711,18983,399.0,150.0,american express,137.0,credit
C02431-K1,C02431,11682,125.0,150.0,american express,,credit
C12594-K1,C12594,12212,399.0,150.0,american express,223.0,credit
C06053-K1,C06053,15561,399.0,150.0,american express,132.0,credit
C05495-K1,C05495,15826,555.0,150.0,visa,226.0,debit
C05075-K1,C05075,15261,555.0,217.0,mastercard,137.0,credit
C12285-K1,C12285,13570,310.0,150.0,mastercard,190.0,debit
C04497-K1,C04497,13467,,150.0,visa,226.0,debit
C12357-K1,C12357,12960,399.0,150.0,american express,150.0,credit
C10393-K1,C10393,15648,268.0,150.0,visa,166.0,debit
C05604-K2,C05604,11953,261.0,150.0,mastercard,117.0,debit
C11071-K1,C11071,20911,555.0,150.0,visa,226.0,debit
C06486-K1,C06486,17688,183.0,150.0,visa,226.0,credit
C06000-K1,C06000,20571,555.0,150.0,visa,226.0,debit
C11636-K1,C11636,15205,277.0,144.0,mastercard,197.0,credit
C04938-K1,C04938,10954,399.0,150.0,american express,207.0,credit
C12645-K1,C12645,21955,545.0,185.0,visa,102.0,credit
C02333-K2,C02333,13374,455.0,150.0,mastercard,166.0,debit
C12920-K1,C12920,14985,583.0,150.0,visa,226.0,credit
C02180-K1,C02180,22174,187.0,144.0,visa,226.0,credit
C11312-K1,C11312,17162,555.0,150.0,visa,226.0,debit
C02090-K1,C02090,15458,399.0,150.0,american express,146.0,credit
C06107-K1,C06107,14590,480.0,150.0,mastercard,117.0,debit
C02277-K1,C02277,22257,555.0,162.0,visa,102.0,credit
C09627-K1,C09627,15181,543.0,150.0,mastercard,224.0,debit
C00446-K1,C00446,23243,321.0,150.0,visa,226.0,debit
C03560-K1,C03560,16822,555.0,150.0,mastercard,224.0,debit
C10506-K1,C10506,15441,555.0,150.0,visa,166.0,debit
C02933-K1,C02933,16816,399.0,150.0,american express,146.0,credit
C07406-K1,C07406,15618,171.0,150.0,mastercard,102.0,credit
C10921-K1,C10921,15354,555.0,150.0,visa,226.0,credit
C13309-K1,C13309,20820,555.0,150.0,visa,226.0,debit
C04780-K1,C04780,20186,555.0,150.0,visa,226.0,credit
C08660-K1,C08660,11387,321.0,150.0,visa,226.0,debit
C03906-K1,C03906,13141,215.0,150.0,visa,195.0,credit
C03518-K1,C03518,16701,514.0,150.0,mastercard,166.0,debit
C02521-K1,C02521,22817,555.0,150.0,mastercard,224.0,debit
C04403-K1,C04403,22612,555.0,150.0,visa,226.0,debit
C09443-K1,C09443,17494,490.0,150.0,mastercard,203.0,credit
C02981-K1,C02981,16228,555.0,117.0,mastercard,195.0,credit
C03576-K1,C03576,10282,451.0,150.0,visa,226.0,debit
C07763-K1,C07763,18726,555.0,150.0,visa,226.0,debit
C11188-K1,C11188,23079,336.0,150.0,visa,226.0,credit
C08206-K2,C08206,12038,319.0,150.0,visa,226.0,debit
C06150-K2,C06150,19838,555.0,217.0,mastercard,224.0,debit
C13064-K1,C13064,13118,399.0,150.0,american express,150.0,credit
C07927-K1,C07927,13662,122.0,150.0,mastercard,166.0,debit
C05379-K1,C05379,22764,555.0,150.0,mastercard,102.0,credit
C01787-K1,C01787,15689,321.0,150.0,visa,195.0,debit
C13329-K1,C13329,21911,555.0,150.0,visa,195.0,debit
C08020-K1,C08020,13437,174.0,150.0,visa,226.0,debit
C03542-K1,C03542,15640,383.0,150.0,visa,226.0,debit
C01406-K1,C01406,11313,343.0,150.0,visa,166.0,debit
C04228-K1,C04228,16347,555.0,106.0,visa,226.0,credit
C09570-K1,C09570,10951,543.0,150.0,mastercard,224.0,debit
C04624-K1,C04624,18487,555.0,150.0,visa,226.0,debit
C09039-K1,C09039,19758,390.0,150.0,mastercard,224.0,debit
C03996-K1,C03996,21005,420.0,150.0,mastercard,224.0,debit
C08954-K1,C08954,10206,390.0,150.0,mastercard,224.0,debit
C01809-K1,C01809,17343,583.0,150.0,visa,226.0,credit
C02288-K1,C02288,17161,399.0,150.0,american express,198.0,credit
C07052-K1,C07052,20081,225.0,150.0,mastercard,195.0,debit
C03429-K1,C03429,14768,293.0,162.0,visa,102.0,credit
C03807-K1,C03807,18334,555.0,111.0,mastercard,190.0,credit
C12324-K1,C12324,16593,517.0,150.0,mastercard,224.0,debit
C12131-K1,C12131,10562,420.0,150.0,mastercard,224.0,debit
C11591-K1,C11591,21142,553.0,150.0,american express,131.0,credit
C11237-K1,C11237,17483,399.0,150.0,american express,150.0,credit
C01908-K1,C01908,22128,369.0,150.0,mastercard,224.0,debit
C01747-K1,C01747,22330,555.0,150.0,mastercard,219.0,debit
C07964-K1,C07964,11678,302.0,150.0,visa,226.0,debit
C12415-K2,C12415,11544,528.0,150.0,visa,226.0,credit
C10712-K1,C10712,21963,481.0,150.0,mastercard,137.0,credit
C07050-K1,C07050,12090,555.0,150.0,visa,226.0,credit
C10749-K1,C10749,15401,399.0,150.0,american express,236.0,credit
C05761-K2,C05761,18103,512.0,150.0,mastercard,117.0,debit
C11881-K1,C11881,10923,555.0,200.0,mastercard,224.0,debit
C02741-K1,C02741,15069,555.0,162.0,visa,226.0,debit
C04793-K1,C04793,12680,127.0,150.0,mastercard,117.0,debit
C04020-K1,C04020,13223,543.0,150.0,mastercard,224.0,debit
C05839-K1,C05839,12959,310.0,150.0,mastercard,224.0,debit
C11505-K1,C11505,14955,555.0,150.0,visa,226.0,credit
C11736-K1,C11736,19180,554.0,150.0,visa,226.0,debit
C10709-K1,C10709,17093,555.0,150.0,visa,226.0,debit
C07322-K1,C07322,19255,399.0,150.0,american express,223.0,credit
C10102-K1,C10102,21567,366.0,162.0,mastercard,166.0,debit
C03192-K1,C03192,11884,520.0,150.0,american express,190.0,credit
C09206-K4,C09206,16121,555.0,150.0,visa,226.0,credit
C06607-K1,C06607,22944,310.0,150.0,mastercard,117.0,debit
C09068-K1,C09068,15670,399.0,150.0,american express,146.0,credit
C00362-K1,C00362,19067,555.0,131.0,mastercard,224.0,credit
C01470-K1,C01470,18021,555.0,150.0,mastercard,224.0,credit
C08276-K1,C08276,21103,393.0,150.0,mastercard,117.0,debit
C13473-K1,C13473,19462,310.0,150.0,mastercard,224.0,debit
C11357-K1,C11357,21479,555.0,150.0,visa,226.0,debit
C00031-K1,C00031,20493,181.0,150.0,visa,162.0,credit
C04426-K1,C04426,14185,321.0,150.0,visa,226.0,debit
C08649-K1,C08649,11414,555.0,166.0,visa,226.0,debit
C01614-K1,C01614,14609,170.0,150.0,mastercard,102.0,credit
C05708-K1,C05708,12444,520.0,150.0,american express,190.0,credit
C13460-K1,C13460,14745,480.0,150.0,mastercard,224.0,debit
C06171-K1,C06171,22258,555.0,150.0,visa,226.0,debit
C10178-K1,C10178,10717,480.0,150.0,mastercard,117.0,debit
C07357-K1,C07357,10096,555.0,150.0,visa,226.0,debit
C12615-K1,C12615,21390,555.0,150.0,visa,195.0,debit
C12899-K1,C12899,16876,111.0,150.0,visa,226.0,credit
C10215-K1,C10215,14787,555.0,150.0,visa,226.0,debit
C01885-K1,C01885,12641,555.0,150.0,visa,226.0,debit
C03903-K1,C03903,11402,514.0,150.0,mastercard,166.0,debit
C03894-K1,C03894,13702,555.0,150.0,visa,226.0,debit
C06511-K1,C06511,16996,399.0,150.0,american express,150.0,credit
C08920-K1,C08920,10882,555.0,150.0,visa,226.0,debit
C03290-K1,C03290,20993,490.0,150.0,visa,162.0,credit
C02762-K1,C02762,16274,555.0,150.0,visa,226.0,debit
C02542-K1,C02542,22373,399.0,150.0,american express,236.0,credit
C02303-K1,C02303,16756,399.0,150.0,american express,185.0,credit
C08134-K1,C08134,16776,399.0,150.0,american express,223.0,credit
C01827-K1,C01827,17749,360.0,150.0,visa,226.0,debit
C04741-K1,C04741,11321,399.0,150.0,american express,137.0,credit
C03527-K1,C03527,12693,555.0,147.0,visa,226.0,credit
C04951-K1,C04951,10558,399.0,150.0,american express,236.0,credit
C08457-K1,C08457,18245,321.0,150.0,visa,226.0,debit
C09658-K1,C09658,21502,480.0,150.0,mastercard,102.0,credit
C10472-K1,C10472,17813,123.0,144.0,visa,102.0,credit
C12005-K1,C12005,16100,460.0,150.0,mastercard,224.0,debit
C01519-K1,C01519,20451,555.0,144.0,mastercard,224.0,credit
C02553-K1,C02553,16006,399.0,150.0,american express,198.0,credit
C12042-K1,C12042,14286,399.0,150.0,american express,198.0,credit
C06065-K1,C06065,18699,555.0,143.0,mastercard,224.0,credit
C01442-K1,C01442,19576,555.0,150.0,mastercard,224.0,debit
C12484-K1,C12484,15687,225.0,150.0,mastercard,219.0,credit
C12145-K1,C12145,22893,555.0,150.0,visa,226.0,debit
C07217-K1,C07217,19577,513.0,150.0,mastercard,102.0,credit
C10398-K1,C10398,20074,555.0,150.0,visa,226.0,debit
C03440-K1,C03440,13845,225.0,150.0,mastercard,224.0,debit
C06931-K1,C06931,12766,,150.0,visa,,credit
C06795-K1,C06795,17200,174.0,150.0,visa,195.0,debit
C02413-K1,C02413,21853,225.0,150.0,mastercard,224.0,debit
C07996-K1,C07996,20167,555.0,150.0,visa,226.0,debit
C10114-K1,C10114,23127,289.0,185.0,visa,226.0,credit
C02379-K1,C02379,20042,555.0,150.0,visa,226.0,debit
C08762-K1,C08762,21118,555.0,117.0,mastercard,224.0,credit
C00179-K1,C00179,20110,514.0,150.0,mastercard,224.0,debit
C07377-K1,C07377,15397,555.0,150.0,mastercard,166.0,debit
C07198-K1,C07198,17453,111.0,150.0,visa,195.0,debit
C03882-K1,C03882,16516,399.0,150.0,american express,104.0,credit
C01666-K1,C01666,22172,420.0,150.0,mastercard,224.0,debit
C05149-K1,C05149,11570,555.0,150.0,visa,226.0,debit
C06834-K1,C06834,13650,524.0,150.0,visa,226.0,debit
C02128-K1,C02128,21195,399.0,150.0,american express,137.0,credit
C04970-K1,C04970,21825,170.0,150.0,mastercard,102.0,credit
C11542-K1,C11542,13341,345.0,150.0,mastercard,219.0,credit
C12117-K1,C12117,13352,543.0,150.0,mastercard,224.0,debit
C10896-K1,C10896,20680,555.0,150.0,mastercard,224.0,credit
C09293-K1,C09293,13330,555.0,150.0,visa,226.0,debit
C12470-K2,C12470,16961,206.0,150.0,mastercard,166.0,debit
C10728-K1,C10728,10661,321.0,150.0,visa,226.0,debit
C05138-K1,C05138,20772,555.0,150.0,mastercard,224.0,debit
C04784-K1,C04784,23407,555.0,144.0,visa,102.0,credit
C02823-K1,C02823,12905,399.0,150.0,american express,150.0,credit
C02001-K1,C02001,12944,555.0,150.0,visa,226.0,debit
C05885-K1,C05885,18410,399.0,150.0,american express,207.0,credit
C02800-K1,C02800,10725,279.0,150.0,visa,226.0,credit
C13415-K1,C13415,20918,302.0,150.0,visa,226.0,debit
C05836-K1,C05836,19367,390.0,150.0,mastercard,224.0,debit
C13289-K1,C13289,15786,127.0,150.0,mastercard,224.0,debit
C07647-K1,C07647,16288,555.0,150.0,visa,194.0,credit
C03673-K1,C03673,17884,555.0,150.0,visa,141.0,credit
C10560-K1,C10560,21018,555.0,210.0,visa,137.0,credit
C07663-K1,C07663,10708,399.0,150.0,american express,185.0,credit
C02607-K1,C02607,19243,555.0,150.0,visa,226.0,credit
C13165-K1,C13165,10385,143.0,150.0,visa,195.0,debit
C00936-K1,C00936,17277,555.0,138.0,mastercard,102.0,credit
C01668-K1,C01668,14122,555.0,150.0,visa,226.0,credit
C10602-K1,C10602,20738,555.0,148.0,visa,226.0,credit
C08029-K1,C08029,18110,555.0,150.0,visa,226.0,debit
C00558-K1,C00558,22858,399.0,150.0,american express,236.0,credit
C07695-K1,C07695,20565,305.0,106.0,mastercard,224.0,credit
C04294-K2,C04294,12712,502.0,150.0,visa,,debit
C01068-K1,C01068,13462,363.0,150.0,visa,226.0,debit
C06396-K1,C06396,11887,555.0,150.0,visa,226.0,debit
C08198-K1,C08198,18207,399.0,150.0,american express,150.0,credit
C01852-K1,C01852,14582,343.0,150.0,visa,226.0,credit
C06270-K1,C06270,22623,399.0,150.0,american express,150.0,credit
C07458-K1,C07458,14924,321.0,150.0,visa,226.0,debit
C03187-K1,C03187,19878,360.0,150.0,visa,226.0,debit
C03443-K2,C03443,10701,488.0,117.0,mastercard,222.0,credit
C06841-K1,C06841,21640,302.0,150.0,visa,226.0,credit
C06316-K1,C06316,23245,555.0,150.0,visa,226.0,debit
C03354-K1,C03354,19904,225.0,150.0,mastercard,224.0,debit
C04259-K1,C04259,23328,225.0,150.0,mastercard,117.0,debit
C06404-K1,C06404,20007,390.0,150.0,mastercard,117.0,debit
C01397-K1,C01397,21367,555.0,150.0,visa,226.0,credit
C00863-K1,C00863,10290,399.0,150.0,american express,150.0,credit
C05409-K1,C05409,18139,225.0,150.0,mastercard,224.0,debit
C10989-K1,C10989,15855,555.0,150.0,visa,226.0,credit
C03241-K1,C03241,17152,555.0,150.0,visa,226.0,debit
C07208-K1,C07208,10236,517.0,150.0,mastercard,224.0,debit
C06035-K1,C06035,12836,555.0,119.0,visa,226.0,credit
C09487-K1,C09487,13442,555.0,150.0,mastercard,102.0,credit
C11740-K1,C11740,17669,480.0,150.0,mastercard,224.0,debit
C02110-K1,C02110,13180,555.0,150.0,mastercard,224.0,debit
C13177-K1,C13177,19492,555.0,150.0,mastercard,117.0,debit
C10812-K1,C10812,15741,480.0,150.0,mastercard,117.0,debit
C07286-K1,C07286,20314,555.0,150.0,visa,226.0,debit
C05781-K1,C05781,10641,555.0,150.0,visa,226.0,debit
C04035-K1,C04035,23108,555.0,150.0,visa,226.0,debit
C04081-K1,C04081,16993,555.0,150.0,visa,226.0,debit
C02419-K1,C02419,21313,103.0,185.0,visa,226.0,credit
C10419-K2,C10419,15242,360.0,150.0,mastercard,166.0,debit
C03084-K1,C03084,15707,555.0,150.0,visa,226.0,debit
C11488-K1,C11488,10069,555.0,150.0,mastercard,117.0,debit
C04917-K1,C04917,19800,555.0,150.0,visa,226.0,debit
C01647-K1,C01647,16432,481.0,150.0,mastercard,197.0,credit
C01792-K1,C01792,22610,399.0,150.0,american express,137.0,credit
C08822-K1,C08822,14245,480.0,150.0,mastercard,117.0,debit
C08498-K1,C08498,21715,225.0,150.0,mastercard,224.0,debit
C04076-K1,C04076,22806,399.0,150.0,american express,137.0,credit
C10027-K1,C10027,23265,399.0,150.0,american express,185.0,credit
C10103-K1,C10103,14480,553.0,150.0,visa,195.0,debit
C02581-K1,C02581,20857,555.0,150.0,visa,226.0,credit
C10480-K1,C10480,11573,555.0,150.0,visa,195.0,debit
C10466-K2,C10466,18828,321.0,150.0,visa,226.0,debit
C09232-K1,C09232,21382,555.0,105.0,visa,226.0,credit
C02588-K1,C02588,23270,555.0,150.0,visa,226.0,credit
C05571-K1,C05571,11342,555.0,150.0,visa,226.0,credit
C03841-K1,C03841,23478,555.0,195.0,mastercard,224.0,debit
C04862-K1,C04862,20703,399.0,150.0,american express,137.0,credit
C11097-K2,C11097,15952,499.0,150.0,mastercard,117.0,debit
C07701-K1,C07701,12741,310.0,150.0,mastercard,224.0,debit
C01628-K1,C01628,15530,555.0,150.0,visa,226.0,debit
C02965-K1,C02965,10311,390.0,150.0,mastercard,195.0,debit
C01564-K1,C01564,13204,111.0,150.0,visa,195.0,credit
C12298-K1,C12298,17759,555.0,150.0,visa,226.0,credit
C09520-K1,C09520,16960,555.0,150.0,visa,100.0,debit
C01367-K1,C01367,16333,399.0,150.0,american express,146.0,credit
C12662-K1,C12662,20555,543.0,150.0,mastercard,224.0,debit
C00725-K1,C00725,17123,399.0,150.0,american express,236.0,credit
C10169-K1,C10169,13626,555.0,150.0,visa,226.0,debit
C05913-K1,C05913,18289,199.0,150.0,mastercard,219.0,debit
C08700-K1,C08700,19219,369.0,150.0,mastercard,224.0,debit
C13485-K1,C13485,11962,399.0,150.0,american express,223.0,credit
C08894-K1,C08894,13972,399.0,150.0,american express,236.0,credit
C11219-K1,C11219,10715,555.0,146.0,mastercard,166.0,debit
C07700-K1,C07700,22665,154.0,150.0,visa,195.0,credit
C09670-K1,C09670,17358,127.0,150.0,mastercard,134.0,credit
C06518-K1,C06518,18678,302.0,150.0,visa,226.0,credit
C12440-K1,C12440,21433,185.0,150.0,visa,195.0,debit
C03792-K1,C03792,15589,399.0,150.0,american express,146.0,credit
C01963-K1,C01963,22256,555.0,150.0,mastercard,117.0,debit
C04470-K1,C04470,15464,543.0,150.0,mastercard,224.0,debit
C12557-K1,C12557,10143,555.0,150.0,visa,226.0,credit
C09105-K1,C09105,13152,517.0,150.0,mastercard,224.0,debit
C06083-K1,C06083,17019,555.0,150.0,visa,226.0,debit
C07421-K1,C07421,16654,580.0,106.0,visa,102.0,credit
C09451-K1,C09451,15438,555.0,150.0,visa,226.0,debit
C01322-K1,C01322,23465,390.0,150.0,mastercard,224.0,debit
C06627-K1,C06627,20198,555.0,150.0,visa,226.0,debit
C10766-K1,C10766,10251,555.0,150.0,american express,106.0,credit
C01932-K2,C01932,11750,555.0,150.0,visa,226.0,credit
C02961-K1,C02961,23210,555.0,131.0,visa,226.0,credit
C11694-K1,C11694,22517,555.0,150.0,visa,226.0,debit
C04628-K1,C04628,17332,555.0,150.0,visa,226.0,debit
C02194-K1,C02194,17177,321.0,150.0,visa,226.0,debit
C07358-K1,C07358,11208,555.0,150.0,visa,226.0,credit
C06120-K1,C06120,15584,,150.0,visa,226.0,debit
C07383-K1,C07383,16850,,150.0,visa,226.0,debit
C05092-K1,C05092,16826,399.0,150.0,american express,118.0,credit
C04825-K1,C04825,12549,555.0,150.0,visa,226.0,debit
C12186-K1,C12186,20356,368.0,102.0,mastercard,224.0,debit
C12832-K1,C12832,16036,555.0,150.0,visa,226.0,debit
C08735-K1,C08735,10500,555.0,150.0,visa,226.0,credit
C07468-K1,C07468,12257,305.0,106.0,mastercard,224.0,credit
C09246-K1,C09246,18988,176.0,185.0,mastercard,224.0,credit
C08257-K1,C08257,10795,501.0,150.0,visa,226.0,debit
C05971-K1,C05971,10491,268.0,150.0,visa,226.0,debit
C10969-K1,C10969,13608,555.0,177.0,visa,137.0,credit
C13446-K1,C13446,12413,555.0,150.0,visa,226.0,debit
C01062-K1,C01062,13736,555.0,134.0,visa,226.0,credit
C11250-K1,C11250,21501,140.0,150.0,visa,226.0,credit
C05170-K1,C05170,13153,225.0,150.0,mastercard,224.0,debit
C12217-K1,C12217,22293,202.0,185.0,mastercard,224.0,credit
C07182-K1,C07182,19905,310.0,150.0,mastercard,224.0,debit
C13125-K1,C13125,22888,399.0,150.0,american express,198.0,credit
C03232-K1,C03232,14884,555.0,117.0,mastercard,195.0,credit
C08770-K2,C08770,20476,310.0,150.0,mastercard,223.0,debit
C05304-K1,C05304,13157,399.0,150.0,american express,185.0,credit
C04904-K1,C04904,18508,555.0,150.0,visa,226.0,debit
C10865-K1,C10865,13063,555.0,134.0,mastercard,224.0,credit
C08128-K1,C08128,15077,555.0,150.0,visa,226.0,debit
C08493-K1,C08493,11717,555.0,150.0,visa,226.0,debit
C12793-K1,C12793,10723,310.0,150.0,mastercard,224.0,debit
C07238-K1,C07238,16887,558.0,150.0,visa,226.0,credit
C00069-K1,C00069,18195,,150.0,visa,166.0,debit
C00189-K2,C00189,20059,512.0,150.0,mastercard,100.0,debit
C08360-K1,C08360,15691,171.0,150.0,mastercard,102.0,credit
C07935-K1,C07935,14732,514.0,150.0,mastercard,224.0,debit
C00188-K1,C00188,18863,555.0,144.0,mastercard,137.0,credit
C01681-K1,C01681,18911,369.0,150.0,mastercard,117.0,debit
C11274-K1,C11274,16153,543.0,150.0,mastercard,224.0,debit
C13149-K1,C13149,15778,520.0,150.0,american express,190.0,credit
C04277-K1,C04277,12904,399.0,150.0,american express,213.0,credit
C03926-K1,C03926,23384,174.0,150.0,visa,195.0,debit
C10855-K1,C10855,16782,399.0,150.0,american express,150.0,credit
C10885-K1,C10885,14610,555.0,146.0,visa,226.0,credit
C09185-K1,C09185,22528,399.0,150.0,american express,150.0,credit
C06305-K1,C06305,15894,127.0,150.0,mastercard,224.0,debit
C10603-K1,C10603,18387,555.0,150.0,visa,226.0,debit
C12304-K1,C12304,19888,555.0,150.0,visa,226.0,debit
C08312-K1,C08312,11412,555.0,150.0,visa,226.0,debit
C00405-K1,C00405,19320,176.0,185.0,visa,226.0,debit
C10251-K1,C10251,20535,555.0,144.0,mastercard,102.0,credit
C05157-K1,C05157,17400,105.0,150.0,visa,166.0,debit
C09539-K1,C09539,13349,420.0,150.0,mastercard,224.0,debit
C09546-K1,C09546,14111,216.0,150.0,mastercard,219.0,credit
C02702-K2,C02702,20359,545.0,185.0,visa,195.0,credit
C11423-K1,C11423,17096,555.0,150.0,visa,226.0,debit
C04527-K1,C04527,21756,225.0,150.0,mastercard,117.0,debit
C10693-K1,C10693,14038,555.0,150.0,visa,226.0,debit
C07804-K1,C07804,19653,310.0,150.0,mastercard,195.0,debit
C02117-K1,C02117,10970,555.0,150.0,visa,226.0,debit
C00686-K1,C00686,20621,399.0,150.0,american express,223.0,credit
C04073-K1,C04073,13877,390.0,150.0,mastercard,224.0,debit
C07209-K1,C07209,23216,302.0,150.0,visa,195.0,debit
C10379-K1,C10379,11436,399.0,150.0,american express,236.0,credit
C09164-K1,C09164,11521,555.0,150.0,visa,226.0,debit
C00997-K1,C00997,21867,399.0,150.0,american express,118.0,credit
C03979-K1,C03979,18876,555.0,150.0,visa,166.0,debit
C00468-K1,C00468,15692,555.0,150.0,visa,226.0,debit
C11960-K1,C11960,19589,555.0,117.0,mastercard,224.0,credit
C08034-K1,C08034,19560,422.0,150.0,visa,226.0,credit
C09077-K1,C09077,10727,373.0,150.0,visa,195.0,debit
C00254-K1,C00254,23277,216.0,150.0,mastercard,102.0,credit
C03892-K1,C03892,15607,404.0,150.0,mastercard,102.0,credit
C02579-K1,C02579,18179,555.0,150.0,visa,226.0,debit
C05408-K1,C05408,20513,555.0,150.0,mastercard,137.0,credit
C00485-K1,C00485,21038,555.0,118.0,mastercard,224.0,debit
C10984-K2,C10984,12315,555.0,150.0,mastercard,117.0,debit
C01020-K1,C01020,23122,225.0,150.0,mastercard,102.0,credit
C05015-K1,C05015,10526,321.0,150.0,visa,226.0,debit
C13043-K1,C13043,21462,151.0,150.0,visa,226.0,credit
C08666-K1,C08666,23488,577.0,150.0,mastercard,102.0,credit
C06576-K1,C06576,18225,300.0,150.0,visa,228.0,credit
C10273-K1,C10273,22442,399.0,150.0,american express,133.0,credit
C02319-K1,C02319,23389,,150.0,visa,226.0,debit
C05279-K1,C05279,19327,,150.0,visa,162.0,credit
C09369-K1,C09369,12951,555.0,150.0,visa,226.0,debit
C02173-K1,C02173,22247,555.0,150.0,visa,226.0,credit
C13470-K2,C13470,16089,345.0,150.0,mastercard,166.0,debit
C05193-K1,C05193,14474,310.0,150.0,mastercard,224.0,debit
C12016-K1,C12016,12902,390.0,150.0,mastercard,224.0,debit
C02732-K1,C02732,23039,321.0,150.0,visa,226.0,debit
C06124-K1,C06124,19193,399.0,150.0,american express,236.0,credit
C03756-K1,C03756,10231,555.0,150.0,visa,226.0,credit
C05811-K1,C05811,19129,343.0,150.0,visa,226.0,credit
C08358-K1,C08358,11572,555.0,150.0,visa,226.0,credit
C10439-K1,C10439,11956,216.0,150.0,mastercard,219.0,credit
C08799-K1,C08799,22552,555.0,150.0,visa,226.0,debit
C06751-K2,C06751,19033,225.0,150.0,mastercard,224.0,debit
C13046-K1,C13046,17637,399.0,150.0,american express,137.0,credit
C10087-K1,C10087,16413,555.0,150.0,visa,226.0,debit
C08211-K1,C08211,20440,390.0,150.0,mastercard,224.0,debit
C02971-K1,C02971,10473,399.0,150.0,american express,137.0,credit
C01204-K1,C01204,14334,555.0,150.0,visa,226.0,debit
C11833-K2,C11833,12008,369.0,150.0,mastercard,224.0,debit
C10929-K1,C10929,12568,438.0,106.0,visa,226.0,debit
C05487-K1,C05487,22873,399.0,150.0,american express,198.0,credit
C10561-K1,C10561,16480,399.0,150.0,american express,131.0,credit
C12640-K1,C12640,11303,555.0,150.0,visa,226.0,debit
C10378-K1,C10378,21406,555.0,150.0,visa,226.0,debit
C04610-K1,C04610,12756,,150.0,visa,102.0,debit
C06169-K1,C06169,20369,263.0,150.0,visa,226.0,credit
C12221-K1,C12221,22395,543.0,150.0,mastercard,224.0,debit
C05184-K1,C05184,13054,399.0,150.0,american express,198.0,credit
C06674-K1,C06674,11787,310.0,150.0,mastercard,224.0,debit
C07066-K1,C07066,19340,514.0,150.0,mastercard,224.0,debit
C10674-K1,C10674,13167,555.0,150.0,visa,226.0,debit
C00076-K1,C00076,18703,514.0,150.0,mastercard,197.0,credit
C04378-K1,C04378,20718,225.0,150.0,mastercard,224.0,debit
C05866-K1,C05866,22095,517.0,150.0,mastercard,224.0,debit
C01805-K1,C01805,19324,369.0,150.0,mastercard,224.0,debit
C03021-K1,C03021,19362,321.0,150.0,visa,226.0,debit
C08653-K1,C08653,19771,399.0,150.0,american express,146.0,credit
C13215-K1,C13215,21288,540.0,106.0,visa,166.0,debit
C01129-K1,C01129,13162,225.0,150.0,mastercard,117.0,debit
C08271-K1,C08271,20579,555.0,150.0,visa,195.0,debit
C06972-K1,C06972,18561,481.0,150.0,visa,195.0,credit
C04130-K1,C04130,18035,373.0,150.0,visa,226.0,credit
C09834-K1,C09834,20253,555.0,150.0,visa,226.0,debit
C11854-K1,C11854,21606,555.0,150.0,visa,226.0,debit
C02136-K1,C02136,17660,520.0,150.0,american express,190.0,credit
C10455-K1,C10455,10673,399.0,150.0,american express,213.0,credit
C01688-K1,C01688,14916,399.0,150.0,american express,137.0,credit
C07274-K1,C07274,13121,543.0,150.0,mastercard,224.0,debit
C01867-K1,C01867,21321,399.0,150.0,american express,150.0,credit
C02931-K1,C02931,22953,480.0,150.0,mastercard,224.0,debit
C08030-K1,C08030,11188,555.0,150.0,visa,195.0,debit
C03378-K1,C03378,11685,555.0,150.0,visa,226.0,debit
C06006-K3,C06006,21156,327.0,150.0,discover,223.0,credit
C05209-K1,C05209,23119,532.0,150.0,mastercard,224.0,debit
C13245-K1,C13245,13527,390.0,150.0,mastercard,195.0,debit
C13342-K1,C13342,11588,194.0,150.0,mastercard,166.0,debit
C00947-K1,C00947,10144,143.0,150.0,visa,226.0,debit
C06730-K1,C06730,13710,555.0,150.0,visa,226.0,debit
C04230-K1,C04230,23071,168.0,144.0,visa,226.0,credit
C06766-K1,C06766,16034,520.0,150.0,american express,190.0,credit
C03660-K1,C03660,15976,555.0,150.0,visa,226.0,debit
C10066-K1,C10066,16390,533.0,150.0,mastercard,224.0,credit
C04506-K1,C04506,14797,399.0,150.0,american express,132.0,credit
C05881-K1,C05881,20757,225.0,150.0,mastercard,117.0,debit
C03251-K2,C03251,21073,199.0,150.0,mastercard,102.0,credit
C09247-K1,C09247,15320,543.0,150.0,mastercard,224.0,debit
C05816-K1,C05816,23544,555.0,150.0,visa,226.0,credit
C01935-K1,C01935,13347,439.0,144.0,mastercard,197.0,credit
C04737-K1,C04737,17657,399.0,150.0,american express,236.0,credit
C11456-K1,C11456,13353,555.0,150.0,visa,226.0,debit
C06648-K1,C06648,21901,568.0,150.0,visa,195.0,debit
C07709-K1,C07709,10391,543.0,150.0,mastercard,224.0,debit
C07726-K1,C07726,16162,555.0,150.0,visa,226.0,credit
C02937-K1,C02937,21521,555.0,150.0,visa,226.0,debit
C10370-K1,C10370,14548,399.0,150.0,american express,185.0,credit
C02975-K1,C02975,20289,463.0,144.0,visa,226.0,credit
C02276-K1,C02276,12870,399.0,150.0,american express,137.0,credit
C11789-K1,C11789,17631,555.0,150.0,visa,226.0,debit
C05223-K1,C05223,10075,542.0,150.0,visa,195.0,debit
C13472-K1,C13472,13048,555.0,150.0,visa,226.0,credit
C07896-K1,C07896,13439,555.0,150.0,visa,226.0,credit
C11645-K1,C11645,18095,399.0,150.0,american express,223.0,credit
C07739-K1,C07739,10437,390.0,150.0,mastercard,224.0,debit
C11315-K1,C11315,14890,555.0,150.0,visa,226.0,debit
C04308-K1,C04308,22565,310.0,150.0,mastercard,224.0,debit
C09813-K1,C09813,14340,554.0,150.0,mastercard,137.0,credit
C02201-K1,C02201,10685,555.0,150.0,visa,226.0,debit
C02350-K1,C02350,12545,555.0,150.0,visa,226.0,credit
C10107-K1,C10107,14597,555.0,150.0,mastercard,224.0,debit
C11838-K1,C11838,19701,555.0,150.0,visa,226.0,debit
C07602-K1,C07602,19344,364.0,146.0,mastercard,137.0,credit
C09877-K1,C09877,19802,123.0,144.0,visa,102.0,credit
C07035-K1,C07035,14544,583.0,150.0,visa,195.0,credit
C11719-K1,C11719,11456,187.0,144.0,visa,195.0,credit
C08417-K1,C08417,11394,399.0,150.0,american express,137.0,credit
C03774-K1,C03774,13293,555.0,150.0,visa,226.0,debit
C11244-K1,C11244,10746,399.0,150.0,american express,185.0,credit
C04968-K1,C04968,15322,399.0,150.0,american express,119.0,credit
C00455-K1,C00455,13344,384.0,150.0,mastercard,195.0,debit
C12293-K1,C12293,11294,399.0,150.0,american express,150.0,credit
C11011-K1,C11011,21783,562.0,150.0,mastercard,102.0,credit
C09759-K1,C09759,21932,480.0,150.0,mastercard,117.0,debit
C05417-K1,C05417,12687,555.0,150.0,visa,226.0,credit
C00058-K1,C00058,15349,555.0,213.0,visa,200.0,debit
C13176-K1,C13176,19598,543.0,150.0,mastercard,117.0,debit
C04642-K1,C04642,18376,321.0,150.0,visa,226.0,debit
C12497-K1,C12497,11485,555.0,150.0,visa,226.0,debit
C02054-K1,C02054,16809,555.0,150.0,visa,226.0,debit
C05895-K1,C05895,10490,555.0,134.0,visa,226.0,credit
C10294-K1,C10294,12640,383.0,150.0,visa,226.0,credit
C12639-K1,C12639,22624,555.0,150.0,visa,226.0,credit
C13552-K1,C13552,18394,390.0,150.0,mastercard,117.0,debit
C04318-K1,C04318,17095,555.0,150.0,mastercard,224.0,debit
C11737-K1,C11737,14428,555.0,150.0,visa,226.0,debit
C01090-K1,C01090,15347,517.0,150.0,mastercard,224.0,debit
C11729-K1,C11729,19823,555.0,197.0,visa,102.0,credit
C07482-K1,C07482,17020,,150.0,visa,166.0,debit
C12704-K1,C12704,16345,369.0,150.0,mastercard,102.0,debit
C03253-K1,C03253,12735,399.0,150.0,american express,185.0,credit
C06199-K1,C06199,17517,555.0,166.0,visa,226.0,debit
C11490-K1,C11490,10968,562.0,150.0,mastercard,219.0,credit
C09501-K1,C09501,18948,222.0,150.0,visa,195.0,debit
C07940-K1,C07940,11130,475.0,150.0,visa,226.0,credit
C08056-K1,C08056,12331,580.0,106.0,visa,,credit
C02400-K2,C02400,12595,523.0,150.0,visa,195.0,credit
C03697-K1,C03697,12459,399.0,150.0,american express,185.0,credit
C12380-K1,C12380,10885,399.0,150.0,american express,132.0,credit
C11242-K1,C11242,18625,555.0,150.0,visa,226.0,debit
C02453-K1,C02453,14584,369.0,150.0,mastercard,224.0,debit
C04691-K1,C04691,16881,,150.0,visa,166.0,debit
C07340-K1,C07340,20709,555.0,150.0,mastercard,,credit
C10625-K1,C10625,12139,399.0,150.0,american express,132.0,credit
C05756-K1,C05756,19476,111.0,150.0,visa,228.0,credit
C02983-K1,C02983,12536,321.0,150.0,visa,226.0,debit
C11182-K1,C11182,18810,555.0,150.0,visa,166.0,debit
C12775-K1,C12775,11421,555.0,150.0,mastercard,224.0,credit
C03704-K1,C03704,12576,529.0,150.0,visa,226.0,debit
C12069-K1,C12069,16830,291.0,150.0,visa,226.0,credit
C08576-K1,C08576,15243,554.0,150.0,mastercard,224.0,debit
C06188-K1,C06188,23295,555.0,150.0,mastercard,137.0,credit
C00469-K1,C00469,12812,562.0,150.0,mastercard,195.0,credit
C08043-K1,C08043,13294,555.0,150.0,visa,195.0,debit
C13079-K1,C13079,14020,555.0,150.0,visa,226.0,credit
C08184-K1,C08184,14203,399.0,150.0,american express,213.0,credit
C04941-K1,C04941,18600,481.0,150.0,mastercard,102.0,credit
C08840-K1,C08840,15041,555.0,150.0,mastercard,224.0,debit
C13450-K1,C13450,18209,399.0,150.0,american express,146.0,credit
C09334-K1,C09334,20046,275.0,150.0,mastercard,224.0,debit
C10963-K1,C10963,17620,225.0,150.0,mastercard,117.0,debit
C07267-K1,C07267,21558,555.0,150.0,visa,226.0,debit
C04556-K1,C04556,17723,181.0,150.0,visa,226.0,credit
C08634-K2,C08634,22986,369.0,150.0,mastercard,224.0,debit
C06189-K1,C06189,20991,321.0,150.0,visa,226.0,debit
C11379-K1,C11379,21594,372.0,150.0,mastercard,195.0,debit
C02126-K1,C02126,15009,555.0,150.0,visa,226.0,debit
C08156-K1,C08156,21129,225.0,150.0,mastercard,224.0,debit
C09884-K1,C09884,17644,555.0,150.0,visa,226.0,credit
C05033-K1,C05033,21132,554.0,150.0,mastercard,137.0,credit
C10159-K1,C10159,11487,555.0,150.0,visa,226.0,debit
C07881-K1,C07881,16217,492.0,150.0,visa,226.0,debit
C09476-K1,C09476,20185,399.0,150.0,american express,198.0,credit
C05203-K1,C05203,23373,555.0,180.0,visa,195.0,credit
C11302-K1,C11302,10309,399.0,150.0,american express,137.0,credit
C02123-K1,C02123,21954,118.0,185.0,visa,137.0,credit
C09511-K1,C09511,12448,399.0,150.0,american express,146.0,credit
C03918-K1,C03918,13266,555.0,150.0,visa,226.0,credit
C07140-K1,C07140,23405,555.0,150.0,mastercard,224.0,debit
C00541-K1,C00541,14910,111.0,150.0,mastercard,224.0,credit
C05882-K1,C05882,10853,321.0,150.0,visa,226.0,debit
C12937-K1,C12937,21365,368.0,102.0,mastercard,102.0,debit
C03896-K1,C03896,22609,555.0,150.0,visa,226.0,debit
C00758-K1,C00758,14252,225.0,150.0,mastercard,117.0,debit
C03211-K2,C03211,10820,268.0,150.0,visa,177.0,debit
C00697-K1,C00697,22669,480.0,150.0,mastercard,117.0,debit
C09984-K1,C09984,15523,555.0,150.0,visa,226.0,debit
C10423-K1,C10423,18571,555.0,150.0,visa,226.0,credit
C01699-K1,C01699,13312,504.0,150.0,visa,166.0,debit
C11758-K1,C11758,13857,111.0,150.0,mastercard,197.0,credit
C02554-K1,C02554,17046,399.0,150.0,american express,102.0,credit
C06587-K1,C06587,22064,555.0,150.0,visa,226.0,debit
C02884-K1,C02884,14006,396.0,150.0,mastercard,190.0,credit
C12876-K1,C12876,20933,555.0,188.0,mastercard,224.0,credit
C05453-K1,C05453,15223,555.0,150.0,mastercard,117.0,debit
C01185-K1,C01185,16366,534.0,150.0,mastercard,117.0,debit
C08708-K1,C08708,23432,555.0,100.0,mastercard,137.0,credit
C05586-K1,C05586,12111,111.0,150.0,visa,195.0,debit
C01173-K1,C01173,20385,555.0,150.0,visa,226.0,credit
C06269-K1,C06269,12080,321.0,150.0,mastercard,195.0,credit
C06307-K1,C06307,17870,399.0,150.0,american express,236.0,credit
C00730-K3,C00730,10839,110.0,150.0,visa,226.0,credit
C06716-K1,C06716,14762,161.0,150.0,mastercard,137.0,credit
C07457-K1,C07457,11409,422.0,150.0,visa,226.0,credit
C13498-K1,C13498,17760,490.0,150.0,visa,226.0,debit
C07682-K2,C07682,12207,321.0,150.0,visa,,credit
C01702-K1,C01702,21509,555.0,150.0,visa,226.0,debit
C07064-K1,C07064,10989,321.0,150.0,visa,226.0,debit
C12366-K1,C12366,14059,555.0,212.0,mastercard,224.0,credit
C00290-K1,C00290,15179,555.0,150.0,visa,226.0,debit
C07579-K1,C07579,19199,555.0,150.0,visa,226.0,credit
C00784-K1,C00784,17114,555.0,150.0,visa,226.0,debit
C11405-K1,C11405,12953,555.0,150.0,visa,226.0,debit
C01004-K1,C01004,17448,555.0,150.0,visa,226.0,debit
C06271-K1,C06271,14636,390.0,150.0,mastercard,117.0,debit
C13175-K1,C13175,21876,399.0,150.0,american express,198.0,credit
C02503-K1,C02503,14341,583.0,150.0,visa,226.0,credit
C03610-K1,C03610,12196,555.0,189.0,mastercard,111.0,credit
C05927-K1,C05927,17446,275.0,150.0,mastercard,224.0,debit
C11767-K1,C11767,21441,225.0,150.0,mastercard,117.0,debit
C13461-K1,C13461,11664,555.0,150.0,mastercard,117.0,debit
C10761-K1,C10761,11921,399.0,150.0,american express,146.0,credit
C00544-K1,C00544,21648,583.0,150.0,visa,226.0,credit
C06228-K1,C06228,10046,111.0,150.0,mastercard,135.0,credit
C02118-K1,C02118,23471,418.0,150.0,visa,226.0,debit
C08716-K1,C08716,10834,555.0,150.0,visa,226.0,debit
C08617-K1,C08617,21014,555.0,150.0,visa,226.0,debit
C02612-K1,C02612,16009,376.0,150.0,visa,226.0,credit
C13434-K1,C13434,19109,555.0,150.0,mastercard,102.0,credit
C08686-K1,C08686,19943,399.0,150.0,american express,132.0,credit
C12747-K1,C12747,23516,369.0,150.0,mastercard,224.0,debit
C11391-K1,C11391,19387,555.0,150.0,visa,226.0,credit
C03650-K1,C03650,13267,555.0,150.0,visa,226.0,credit
C02466-K1,C02466,22092,555.0,132.0,visa,138.0,debit
C12755-K1,C12755,14352,399.0,150.0,american express,119.0,credit
C11678-K1,C11678,10458,555.0,150.0,visa,226.0,credit
C06241-K2,C06241,18250,512.0,150.0,mastercard,224.0,debit
C12729-K1,C12729,15889,555.0,150.0,visa,226.0,debit
C06025-K1,C06025,15487,111.0,150.0,mastercard,129.0,credit
C05669-K1,C05669,14750,225.0,150.0,mastercard,102.0,credit
C11416-K2,C11416,21709,555.0,150.0,visa,226.0,debit
C12257-K1,C12257,13760,343.0,150.0,visa,226.0,credit
C05351-K2,C05351,10130,462.0,150.0,visa,226.0,credit
C12169-K1,C12169,15027,555.0,150.0,mastercard,102.0,credit
C12254-K1,C12254,14779,174.0,150.0,visa,226.0,debit
C09139-K1,C09139,17441,,150.0,visa,226.0,debit
C11712-K1,C11712,18965,170.0,150.0,visa,226.0,credit
C06572-K1,C06572,14976,198.0,150.0,visa,195.0,debit
C04115-K1,C04115,19700,555.0,150.0,visa,226.0,debit
C02589-K1,C02589,21969,554.0,150.0,visa,226.0,credit
C08628-K1,C08628,12004,103.0,185.0,visa,195.0,credit
C01717-K1,C01717,19532,399.0,150.0,american express,104.0,credit
C13214-K1,C13214,11545,225.0,150.0,mastercard,117.0,debit
C10532-K1,C10532,18276,514.0,150.0,mastercard,195.0,credit
C11766-K1,C11766,17310,502.0,150.0,visa,226.0,credit
C06007-K1,C06007,22283,399.0,150.0,american express,137.0,credit
C09060-K1,C09060,22195,517.0,150.0,mastercard,224.0,debit
C04048-K1,C04048,20223,555.0,150.0,visa,226.0,debit
C04194-K1,C04194,10610,583.0,150.0,visa,226.0,credit
C07773-K1,C07773,21155,555.0,150.0,visa,226.0,debit
C03014-K1,C03014,10753,399.0,150.0,american express,236.0,credit
C04886-K1,C04886,10778,562.0,150.0,mastercard,102.0,credit
C11299-K1,C11299,14124,583.0,150.0,mastercard,102.0,credit
C12967-K1,C12967,10192,399.0,150.0,american express,133.0,credit
C01946-K1,C01946,23105,399.0,150.0,american express,132.0,credit
C06522-K1,C06522,12961,555.0,188.0,visa,226.0,credit
C04607-K1,C04607,16977,225.0,150.0,mastercard,224.0,debit
C08294-K1,C08294,19875,399.0,150.0,american express,118.0,credit
C13180-K1,C13180,18099,555.0,150.0,mastercard,224.0,debit
C01226-K1,C01226,15541,399.0,150.0,american express,236.0,credit
C07272-K1,C07272,23535,555.0,143.0,mastercard,224.0,credit
C04404-K1,C04404,19987,420.0,150.0,mastercard,195.0,debit
C04000-K1,C04000,16057,473.0,150.0,mastercard,117.0,debit
C08746-K1,C08746,12993,514.0,150.0,mastercard,129.0,credit
C07071-K1,C07071,11983,555.0,150.0,visa,226.0,debit
C04972-K1,C04972,10760,520.0,150.0,american express,190.0,credit
C04856-K1,C04856,13854,321.0,150.0,visa,195.0,debit
C10967-K1,C10967,15204,443.0,150.0,mastercard,102.0,credit
C03017-K1,C03017,11268,555.0,150.0,visa,226.0,credit
C07248-K2,C07248,18046,555.0,150.0,visa,226.0,credit
C06728-K1,C06728,14726,310.0,150.0,mastercard,224.0,debit
C00908-K1,C00908,13138,418.0,150.0,visa,195.0,credit
C09633-K1,C09633,16792,399.0,150.0,american express,137.0,credit
C08069-K1,C08069,10176,554.0,150.0,visa,226.0,credit
C01555-K1,C01555,20754,276.0,150.0,visa,226.0,credit
C12565-K1,C12565,20887,514.0,150.0,mastercard,102.0,credit
C02392-K1,C02392,14756,399.0,150.0,american express,223.0,credit
C08589-K1,C08589,14961,555.0,150.0,mastercard,224.0,debit
C06814-K1,C06814,12308,555.0,150.0,mastercard,117.0,debit
C11568-K1,C11568,11720,555.0,150.0,visa,226.0,credit
C08115-K1,C08115,14104,555.0,150.0,mastercard,117.0,debit
C09651-K1,C09651,21263,399.0,150.0,american express,236.0,credit
C02275-K1,C02275,15879,543.0,150.0,mastercard,224.0,debit
C06551-K1,C06551,21727,225.0,150.0,mastercard,224.0,debit
C01969-K1,C01969,20739,321.0,150.0,visa,226.0,debit
C06996-K1,C06996,18300,399.0,150.0,american express,236.0,credit
C03109-K1,C03109,14118,310.0,150.0,mastercard,224.0,debit
C13150-K1,C13150,21496,534.0,150.0,mastercard,102.0,credit
C08930-K1,C08930,10550,555.0,150.0,visa,226.0,credit
C08727-K1,C08727,22122,346.0,150.0,mastercard,203.0,credit
C05814-K3,C05814,23527,327.0,150.0,discover,223.0,credit
C12398-K1,C12398,15045,480.0,150.0,mastercard,224.0,debit
C02066-K1,C02066,22891,321.0,150.0,visa,226.0,debit
C01385-K1,C01385,18575,555.0,150.0,visa,226.0,credit
C06693-K1,C06693,13871,390.0,150.0,mastercard,224.0,debit
C08829-K1,C08829,15711,555.0,195.0,visa,226.0,debit
C12452-K1,C12452,15193,,120.0,visa,195.0,debit
C11607-K1,C11607,13554,555.0,150.0,visa,226.0,debit
C02869-K1,C02869,22245,555.0,150.0,visa,194.0,credit
C05072-K1,C05072,18743,480.0,150.0,mastercard,224.0,debit
C06534-K1,C06534,22882,399.0,150.0,american express,223.0,credit
C04279-K1,C04279,11692,399.0,150.0,american express,146.0,credit
C00771-K1,C00771,11886,555.0,150.0,visa,226.0,credit
C13323-K1,C13323,14948,543.0,150.0,mastercard,117.0,debit
C05324-K1,C05324,21625,360.0,150.0,mastercard,166.0,debit
C05853-K1,C05853,17764,553.0,150.0,american express,194.0,credit
C10898-K1,C10898,11788,555.0,150.0,visa,226.0,credit
C09547-K1,C09547,18830,555.0,223.0,visa,137.0,credit
C03904-K1,C03904,21528,216.0,150.0,visa,226.0,credit
C00227-K1,C00227,10452,399.0,150.0,american express,132.0,credit
C09134-K1,C09134,21377,480.0,150.0,mastercard,117.0,debit
C06126-K1,C06126,23378,583.0,150.0,visa,226.0,credit
C01843-K1,C01843,20604,111.0,150.0,visa,226.0,credit
C03100-K2,C03100,15303,555.0,150.0,visa,194.0,credit
C04519-K1,C04519,16687,555.0,150.0,visa,226.0,debit
C06723-K1,C06723,17490,490.0,150.0,visa,226.0,credit
C01884-K1,C01884,12227,555.0,150.0,visa,226.0,debit
C10825-K1,C10825,18306,321.0,150.0,visa,226.0,debit
C11778-K1,C11778,22239,555.0,150.0,mastercard,224.0,debit
C11371-K1,C11371,10808,310.0,150.0,mastercard,224.0,debit
C12411-K1,C12411,15190,369.0,150.0,mastercard,224.0,debit
C07450-K1,C07450,14339,555.0,150.0,visa,226.0,credit
C11609-K1,C11609,15991,399.0,150.0,american express,198.0,credit
C04439-K1,C04439,10941,321.0,150.0,visa,226.0,debit
C00083-K1,C00083,16723,302.0,150.0,visa,226.0,debit
C04644-K1,C04644,20959,399.0,150.0,american express,207.0,credit
C04531-K1,C04531,14664,555.0,150.0,visa,166.0,debit
C05412-K1,C05412,10975,390.0,150.0,mastercard,224.0,debit
C04238-K1,C04238,22305,399.0,150.0,american express,223.0,credit
C05954-K1,C05954,17935,310.0,150.0,mastercard,224.0,debit
C12969-K1,C12969,16038,555.0,150.0,visa,226.0,debit
C00381-K1,C00381,21396,310.0,150.0,mastercard,224.0,debit
C00296-K1,C00296,23472,490.0,150.0,mastercard,141.0,credit
C02660-K1,C02660,22520,216.0,150.0,visa,226.0,credit
C09239-K1,C09239,13706,555.0,150.0,visa,226.0,debit
C03048-K1,C03048,16338,143.0,150.0,visa,226.0,debit
C11755-K1,C11755,11623,399.0,150.0,american express,132.0,credit
C04808-K1,C04808,18059,555.0,150.0,visa,226.0,debit
C04405-K1,C04405,22746,543.0,150.0,mastercard,224.0,debit
C01485-K1,C01485,10389,369.0,150.0,mastercard,195.0,debit
C09470-K1,C09470,15699,399.0,150.0,american express,198.0,credit
C02347-K1,C02347,19034,399.0,150.0,american express,198.0,credit
C00609-K1,C00609,16263,555.0,150.0,visa,226.0,debit
C08192-K1,C08192,22499,555.0,150.0,visa,226.0,debit
C06689-K1,C06689,17518,555.0,150.0,visa,226.0,credit
C07312-K1,C07312,11584,499.0,150.0,visa,195.0,debit
C01424-K1,C01424,14660,555.0,150.0,visa,226.0,credit
C07317-K1,C07317,12912,480.0,150.0,mastercard,117.0,debit
C07535-K1,C07535,16141,491.0,150.0,visa,226.0,debit
C08207-K1,C08207,23399,399.0,150.0,american express,150.0,credit
C01140-K1,C01140,18639,181.0,150.0,visa,195.0,credit
C07000-K1,C07000,10368,555.0,119.0,mastercard,224.0,credit
C10001-K1,C10001,17874,555.0,150.0,visa,226.0,debit
C10366-K1,C10366,20977,399.0,150.0,american express,223.0,credit
C05640-K1,C05640,10357,555.0,150.0,visa,226.0,debit
C12901-K1,C12901,17961,444.0,150.0,visa,226.0,debit
C07917-K1,C07917,17815,399.0,150.0,american express,118.0,credit
C03870-K1,C03870,19002,555.0,150.0,visa,226.0,debit
C04135-K1,C04135,21564,555.0,150.0,mastercard,102.0,credit
C01203-K1,C01203,23237,399.0,150.0,american express,185.0,credit
C11998-K1,C11998,13124,399.0,150.0,american express,118.0,credit
C06074-K1,C06074,12319,,150.0,visa,226.0,debit
C12043-K1,C12043,16924,533.0,150.0,mastercard,102.0,credit
C00831-K1,C00831,23087,268.0,150.0,visa,226.0,debit
C01171-K1,C01171,19511,555.0,150.0,visa,226.0,debit
C07638-K1,C07638,23519,176.0,185.0,mastercard,137.0,credit
C01027-K1,C01027,13792,455.0,150.0,mastercard,166.0,debit
C02262-K1,C02262,18419,555.0,150.0,visa,226.0,debit
C09760-K1,C09760,11495,174.0,150.0,visa,226.0,debit
C12761-K1,C12761,11513,555.0,150.0,visa,226.0,debit
C10636-K1,C10636,17144,555.0,150.0,visa,195.0,debit
C08015-K1,C08015,16210,,150.0,visa,226.0,debit
C12591-K1,C12591,12496,399.0,150.0,american express,185.0,credit
C00927-K1,C00927,10394,555.0,135.0,mastercard,224.0,credit
C04809-K1,C04809,23248,267.0,150.0,mastercard,102.0,credit
C10623-K1,C10623,13922,399.0,150.0,american express,137.0,credit
C02788-K1,C02788,13964,321.0,150.0,visa,226.0,debit
C05489-K1,C05489,19570,360.0,150.0,visa,166.0,debit
C04816-K1,C04816,14258,467.0,150.0,visa,226.0,debit
C10984-K1,C10984,12315,555.0,150.0,mastercard,102.0,debit
C10538-K1,C10538,11850,555.0,150.0,visa,226.0,debit
C03155-K1,C03155,20859,399.0,150.0,american express,146.0,credit
C12386-K1,C12386,16559,490.0,150.0,visa,226.0,debit
C12468-K1,C12468,18420,555.0,150.0,visa,226.0,debit
C05172-K1,C05172,14167,555.0,150.0,visa,226.0,debit
C03130-K1,C03130,14616,555.0,150.0,visa,226.0,credit
C02974-K1,C02974,11211,555.0,150.0,visa,226.0,debit
C05386-K1,C05386,14119,555.0,150.0,visa,226.0,credit
C07812-K1,C07812,22327,381.0,150.0,mastercard,195.0,debit
C03428-K1,C03428,23204,543.0,150.0,mastercard,117.0,debit
C06966-K1,C06966,15989,378.0,146.0,mastercard,224.0,debit
C07995-K1,C07995,12037,349.0,117.0,visa,102.0,credit
C04435-K1,C04435,23170,399.0,150.0,american express,118.0,credit
C05446-K1,C05446,21144,168.0,144.0,visa,102.0,credit
C05755-K1,C05755,16761,399.0,150.0,american express,150.0,credit
C00790-K1,C00790,19797,408.0,185.0,visa,195.0,debit
C05697-K1,C05697,11767,543.0,150.0,mastercard,195.0,debit
C01550-K1,C01550,17886,222.0,150.0,visa,226.0,credit
C05795-K1,C05795,21460,555.0,170.0,mastercard,102.0,credit
C00457-K1,C00457,23543,555.0,150.0,visa,226.0,debit
C04848-K1,C04848,19586,399.0,150.0,american express,118.0,credit
C06769-K1,C06769,18193,543.0,150.0,mastercard,117.0,debit
C11110-K1,C11110,16175,399.0,150.0,american express,119.0,credit
C02592-K1,C02592,19515,276.0,150.0,visa,226.0,credit
C09001-K1,C09001,16745,555.0,150.0,visa,226.0,debit
C01810-K1,C01810,22761,274.0,185.0,visa,226.0,debit
C10150-K1,C10150,11355,555.0,119.0,visa,226.0,credit
C08546-K1,C08546,11151,555.0,150.0,visa,226.0,debit
C09133-K1,C09133,14617,302.0,150.0,visa,226.0,credit
C06166-K1,C06166,22197,399.0,150.0,american express,236.0,credit
C12960-K1,C12960,23439,555.0,150.0,mastercard,117.0,debit
C09003-K1,C09003,10243,543.0,150.0,mastercard,224.0,debit
C04477-K1,C04477,16810,399.0,150.0,american express,146.0,credit
C12445-K1,C12445,12248,399.0,150.0,american express,146.0,credit
C03663-K1,C03663,18691,555.0,150.0,visa,226.0,debit
C04989-K1,C04989,18270,555.0,150.0,visa,226.0,debit
C06016-K1,C06016,15792,555.0,150.0,visa,226.0,debit
C01112-K1,C01112,17768,399.0,150.0,american express,146.0,credit
C07151-K1,C07151,22852,555.0,150.0,visa,226.0,debit
C10789-K1,C10789,19074,310.0,150.0,mastercard,195.0,credit
C03367-K1,C03367,13116,555.0,150.0,visa,226.0,debit
C03387-K1,C03387,11346,321.0,150.0,visa,226.0,debit
C03763-K1,C03763,16504,218.0,150.0,mastercard,117.0,debit
C03288-K1,C03288,12895,555.0,150.0,mastercard,219.0,credit
C12441-K1,C12441,12420,555.0,150.0,american express,,credit
C08243-K1,C08243,12345,555.0,150.0,visa,226.0,debit
C05934-K1,C05934,21325,555.0,150.0,visa,226.0,debit
C01704-K1,C01704,16681,390.0,150.0,mastercard,195.0,debit
C02160-K1,C02160,23223,555.0,210.0,mastercard,224.0,credit
C11518-K1,C11518,17877,555.0,150.0,visa,226.0,credit
C07187-K1,C07187,18917,399.0,150.0,american express,118.0,credit
C02597-K2,C02597,17622,562.0,150.0,mastercard,219.0,credit
C08661-K1,C08661,10669,399.0,150.0,american express,137.0,credit
C07744-K1,C07744,11713,321.0,150.0,visa,226.0,debit
C02017-K1,C02017,15383,555.0,150.0,visa,226.0,debit
C12046-K1,C12046,18127,555.0,150.0,visa,226.0,debit
C03075-K1,C03075,18505,555.0,190.0,visa,226.0,debit
C02236-K1,C02236,11034,555.0,150.0,visa,226.0,credit
C07168-K1,C07168,20649,555.0,150.0,visa,226.0,credit
C00875-K2,C00875,13960,555.0,150.0,visa,226.0,credit
C03734-K1,C03734,11943,555.0,150.0,visa,226.0,debit
C05295-K1,C05295,12684,555.0,150.0,mastercard,102.0,debit
C01435-K1,C01435,18506,555.0,133.0,mastercard,111.0,credit
C12197-K1,C12197,10748,161.0,150.0,visa,226.0,debit
C07898-K1,C07898,23252,555.0,149.0,visa,226.0,credit
C11162-K1,C11162,12900,161.0,150.0,visa,166.0,debit
C09587-K1,C09587,23344,369.0,150.0,mastercard,224.0,debit
C05977-K1,C05977,18181,555.0,144.0,mastercard,224.0,credit
C02754-K1,C02754,15850,555.0,188.0,visa,162.0,credit
C09561-K1,C09561,13670,555.0,129.0,visa,162.0,credit
C12996-K1,C12996,15939,420.0,150.0,mastercard,224.0,debit
C03761-K1,C03761,20415,555.0,213.0,mastercard,166.0,debit
C10064-K1,C10064,13478,555.0,146.0,visa,226.0,credit
C04870-K1,C04870,21242,555.0,150.0,visa,226.0,debit
C01565-K1,C01565,19847,236.0,150.0,visa,162.0,credit
C02637-K1,C02637,22638,543.0,150.0,mastercard,224.0,debit
C01251-K1,C01251,20024,321.0,150.0,visa,226.0,debit
C00999-K1,C00999,19152,310.0,150.0,mastercard,224.0,debit
C09658-K2,C09658,21502,512.0,150.0,mastercard,102.0,credit
C09861-K1,C09861,11978,555.0,150.0,visa,228.0,credit
C08761-K1,C08761,18029,490.0,150.0,visa,226.0,debit
C02766-K1,C02766,16645,555.0,150.0,visa,226.0,debit
C02635-K1,C02635,21602,321.0,150.0,visa,226.0,debit
C12950-K1,C12950,19330,,150.0,visa,138.0,debit
C03844-K1,C03844,11582,555.0,150.0,visa,226.0,debit
C01429-K2,C01429,15012,555.0,150.0,visa,226.0,credit
C02794-K1,C02794,17075,555.0,133.0,mastercard,111.0,credit
C05798-K1,C05798,22982,399.0,150.0,american express,223.0,credit
C03626-K1,C03626,22531,517.0,150.0,mastercard,224.0,debit
C00063-K1,C00063,17420,543.0,150.0,mastercard,224.0,debit
C00693-K1,C00693,21991,550.0,150.0,visa,226.0,debit
C02088-K1,C02088,11805,216.0,150.0,mastercard,219.0,credit
C13518-K1,C13518,21680,520.0,150.0,american express,190.0,credit
C12327-K1,C12327,18251,555.0,150.0,visa,226.0,debit
C08007-K1,C08007,21135,555.0,150.0,visa,226.0,credit
C13475-K1,C13475,20976,555.0,150.0,visa,226.0,debit
C09524-K1,C09524,20805,555.0,150.0,visa,195.0,debit
C09893-K1,C09893,20665,382.0,150.0,visa,226.0,credit
C11037-K1,C11037,12220,298.0,150.0,visa,226.0,debit
C11347-K2,C11347,10812,555.0,150.0,visa,226.0,debit
C12191-K1,C12191,20615,515.0,119.0,visa,137.0,credit
C05043-K1,C05043,12370,115.0,150.0,visa,226.0,debit
C10637-K1,C10637,17458,399.0,150.0,american express,198.0,credit
C10614-K1,C10614,12584,520.0,150.0,american express,190.0,credit
C03718-K1,C03718,16007,393.0,150.0,mastercard,219.0,credit
C12678-K1,C12678,14618,420.0,150.0,mastercard,224.0,debit
C11271-K1,C11271,18311,555.0,150.0,visa,226.0,debit
C09438-K1,C09438,16835,399.0,150.0,american express,236.0,credit
C10315-K1,C10315,10002,399.0,150.0,american express,146.0,credit
C06789-K1,C06789,18109,555.0,217.0,mastercard,137.0,credit
C01770-K1,C01770,12674,555.0,150.0,visa,226.0,credit
C13525-K1,C13525,22509,399.0,150.0,american express,150.0,credit
C05835-K2,C05835,13627,,150.0,mastercard,,credit
C12818-K1,C12818,22537,111.0,150.0,mastercard,203.0,credit
C05130-K1,C05130,12502,111.0,150.0,mastercard,137.0,credit
C03840-K1,C03840,18579,480.0,150.0,mastercard,224.0,debit
C08401-K1,C08401,15816,555.0,150.0,visa,226.0,debit
C01660-K1,C01660,12980,514.0,150.0,mastercard,224.0,debit
C10199-K1,C10199,10949,555.0,150.0,visa,226.0,debit
C06767-K1,C06767,18272,467.0,150.0,visa,166.0,debit
C06285-K1,C06285,19632,555.0,150.0,visa,226.0,debit
C08235-K2,C08235,11118,417.0,150.0,visa,226.0,debit
C12172-K1,C12172,18889,543.0,150.0,mastercard,224.0,debit
C12336-K1,C12336,22202,555.0,119.0,visa,102.0,credit
C07514-K1,C07514,13489,555.0,150.0,visa,226.0,debit
C00015-K1,C00015,17172,480.0,150.0,mastercard,117.0,debit
C05499-K1,C05499,18262,437.0,150.0,visa,226.0,credit
C09457-K1,C09457,22787,555.0,150.0,mastercard,102.0,credit
C08292-K1,C08292,16564,321.0,150.0,visa,226.0,debit
C02799-K1,C02799,21300,517.0,150.0,mastercard,224.0,debit
C13128-K1,C13128,23377,399.0,150.0,american express,137.0,credit
C09366-K1,C09366,10095,444.0,150.0,visa,226.0,credit
C02629-K1,C02629,17196,399.0,150.0,american express,146.0,credit
C11798-K1,C11798,19214,399.0,150.0,american express,137.0,credit
C08779-K1,C08779,17795,555.0,150.0,visa,226.0,credit
C00020-K1,C00020,20865,555.0,150.0,visa,226.0,debit
C08273-K1,C08273,18924,390.0,150.0,mastercard,224.0,debit
C08266-K1,C08266,16343,123.0,144.0,visa,226.0,credit
C03536-K1,C03536,22580,555.0,150.0,mastercard,182.0,debit
C02641-K1,C02641,20379,276.0,150.0,visa,195.0,debit
C12504-K2,C12504,23350,480.0,150.0,mastercard,224.0,debit
C07119-K1,C07119,22689,560.0,150.0,visa,195.0,credit
C09127-K1,C09127,19896,543.0,150.0,mastercard,102.0,credit
C12752-K1,C12752,16048,555.0,119.0,mastercard,224.0,credit
C07029-K1,C07029,21417,321.0,150.0,visa,226.0,debit
C11422-K1,C11422,11609,555.0,148.0,mastercard,137.0,credit
C12879-K1,C12879,17416,555.0,150.0,visa,226.0,debit
C00563-K1,C00563,14305,420.0,150.0,mastercard,224.0,debit
C02726-K1,C02726,12986,399.0,150.0,american express,132.0,credit
C05211-K1,C05211,17158,399.0,150.0,american express,188.0,credit
C05352-K1,C05352,23492,555.0,150.0,visa,226.0,debit
C00012-K1,C00012,13486,555.0,150.0,visa,226.0,debit
C01664-K1,C01664,15005,399.0,150.0,american express,146.0,credit
C02095-K2,C02095,21939,213.0,117.0,mastercard,217.0,debit
C07384-K1,C07384,20912,214.0,150.0,visa,226.0,debit
C02748-K1,C02748,17766,385.0,150.0,visa,226.0,debit
C05568-K1,C05568,16013,399.0,150.0,american express,223.0,credit
C09528-K1,C09528,15208,399.0,150.0,american express,133.0,credit
C03490-K1,C03490,12492,555.0,150.0,american express,215.0,debit
C11343-K1,C11343,10757,555.0,150.0,visa,226.0,debit
C11044-K1,C11044,17861,399.0,150.0,american express,146.0,credit
C02324-K1,C02324,13456,225.0,150.0,mastercard,224.0,debit
C08074-K1,C08074,10666,555.0,146.0,visa,226.0,credit
C02995-K1,C02995,15544,555.0,150.0,visa,226.0,credit
C01346-K1,C01346,14748,399.0,150.0,american express,236.0,credit
C01489-K1,C01489,11698,174.0,150.0,visa,195.0,debit
C01598-K1,C01598,19354,556.0,150.0,visa,226.0,debit
C04725-K1,C04725,23220,555.0,150.0,visa,226.0,debit
C08648-K1,C08648,15617,555.0,150.0,visa,226.0,credit
C03499-K1,C03499,13687,555.0,150.0,visa,195.0,debit
C07685-K1,C07685,17465,399.0,150.0,american express,185.0,credit
C13264-K2,C13264,18577,390.0,150.0,mastercard,224.0,debit
C02969-K1,C02969,13630,212.0,150.0,visa,226.0,debit
C02546-K1,C02546,14457,369.0,150.0,mastercard,224.0,credit
C09730-K1,C09730,18285,321.0,150.0,visa,226.0,debit
C10792-K1,C10792,19582,399.0,150.0,american express,223.0,credit
C13389-K1,C13389,12306,512.0,150.0,mastercard,117.0,debit
C12848-K1,C12848,20384,555.0,150.0,visa,226.0,debit
C06775-K1,C06775,10928,302.0,150.0,visa,226.0,debit
C06571-K1,C06571,17021,322.0,150.0,american express,131.0,credit
C06277-K1,C06277,22505,555.0,150.0,visa,226.0,debit
C12367-K1,C12367,22997,111.0,150.0,mastercard,224.0,debit
C08903-K1,C08903,16096,555.0,150.0,visa,195.0,debit
C01416-K1,C01416,21480,555.0,150.0,visa,226.0,debit
C07708-K1,C07708,11571,399.0,150.0,american express,150.0,credit
C02278-K1,C02278,12329,268.0,150.0,visa,166.0,debit
C01692-K1,C01692,21855,555.0,150.0,visa,226.0,debit
C08356-K1,C08356,21137,321.0,150.0,visa,226.0,credit
C01750-K1,C01750,10359,399.0,150.0,american express,104.0,credit
C03923-K1,C03923,19974,555.0,150.0,visa,195.0,debit
C00572-K1,C00572,18708,360.0,150.0,visa,166.0,debit
C07616-K1,C07616,10247,517.0,150.0,mastercard,224.0,debit
C03453-K1,C03453,18804,399.0,150.0,american express,132.0,credit
C02105-K2,C02105,23160,555.0,150.0,visa,226.0,credit
C03493-K2,C03493,22012,512.0,150.0,mastercard,224.0,debit
C13091-K1,C13091,12456,399.0,150.0,american express,146.0,credit
C12681-K1,C12681,16817,500.0,185.0,mastercard,190.0,credit
C04978-K1,C04978,18437,321.0,150.0,visa,226.0,debit
C03235-K1,C03235,17296,555.0,150.0,visa,226.0,debit
C12155-K1,C12155,13678,480.0,150.0,mastercard,117.0,debit
C11957-K1,C11957,14134,543.0,150.0,mastercard,224.0,debit
C12597-K1,C12597,21358,262.0,150.0,visa,195.0,debit
C07698-K1,C07698,10652,399.0,150.0,american express,150.0,credit
C00293-K1,C00293,13069,555.0,150.0,visa,226.0,debit
C01019-K1,C01019,21511,399.0,150.0,american express,132.0,credit
C01238-K1,C01238,12216,555.0,150.0,mastercard,224.0,debit
C07534-K1,C07534,12078,555.0,150.0,visa,226.0,debit
C08663-K2,C08663,14144,555.0,150.0,visa,195.0,debit
C06704-K1,C06704,11515,480.0,150.0,mastercard,117.0,debit
C06566-K1,C06566,19763,555.0,150.0,visa,166.0,debit
C11214-K1,C11214,15794,179.0,106.0,visa,137.0,debit
C12479-K1,C12479,14771,300.0,150.0,visa,226.0,credit
C09238-K1,C09238,11392,390.0,150.0,mastercard,224.0,debit
C04111-K1,C04111,21223,587.0,150.0,visa,194.0,credit
C06765-K1,C06765,22094,399.0,150.0,american express,146.0,credit
C10050-K1,C10050,13051,555.0,150.0,visa,226.0,debit
C06679-K1,C06679,12098,555.0,150.0,visa,226.0,credit
C00550-K1,C00550,14420,185.0,150.0,visa,226.0,credit
C10254-K1,C10254,16997,321.0,150.0,visa,226.0,debit
C06292-K1,C06292,16257,555.0,150.0,mastercard,117.0,debit
C06611-K1,C06611,18412,555.0,150.0,visa,226.0,debit
C10483-K1,C10483,16639,555.0,210.0,visa,226.0,debit
C08168-K1,C08168,14246,305.0,106.0,mastercard,224.0,debit
C09324-K1,C09324,13548,215.0,150.0,visa,195.0,debit
C02561-K1,C02561,10515,399.0,150.0,american express,132.0,credit
C04120-K1,C04120,17668,555.0,150.0,visa,226.0,debit
C12819-K1,C12819,14923,275.0,150.0,mastercard,224.0,debit
C07466-K2,C07466,20183,168.0,144.0,visa,226.0,credit
C03975-K1,C03975,17369,399.0,150.0,american express,118.0,credit
C01768-K1,C01768,11569,390.0,150.0,mastercard,224.0,debit
C06278-K1,C06278,15841,575.0,150.0,visa,226.0,debit
C04635-K1,C04635,18452,399.0,150.0,american express,236.0,credit
C13506-K1,C13506,14434,555.0,213.0,mastercard,166.0,debit
C00255-K2,C00255,19748,555.0,150.0,visa,226.0,debit
C04384-K1,C04384,17776,555.0,150.0,visa,226.0,debit
C01325-K1,C01325,10604,399.0,150.0,american express,132.0,credit
C12575-K1,C12575,12214,466.0,150.0,visa,226.0,credit
C05282-K1,C05282,16962,480.0,150.0,mastercard,224.0,debit
C01601-K1,C01601,11553,399.0,150.0,american express,119.0,credit
C08764-K1,C08764,22136,399.0,150.0,american express,132.0,credit
C07489-K1,C07489,18716,555.0,150.0,visa,226.0,debit
C02866-K1,C02866,10492,555.0,150.0,mastercard,224.0,debit
C04299-K1,C04299,16638,555.0,203.0,visa,137.0,credit
C07293-K1,C07293,15344,216.0,150.0,mastercard,102.0,credit
C02814-K1,C02814,13326,207.0,150.0,visa,226.0,debit
C12697-K1,C12697,13468,555.0,150.0,visa,226.0,debit
C05793-K1,C05793,12696,463.0,144.0,visa,147.0,credit
C02932-K1,C02932,23205,372.0,150.0,mastercard,102.0,credit
C09020-K1,C09020,12964,555.0,150.0,visa,226.0,debit
C02125-K1,C02125,21322,555.0,150.0,visa,226.0,debit
C00582-K1,C00582,17336,555.0,150.0,visa,226.0,debit
C00103-K1,C00103,17560,346.0,150.0,mastercard,224.0,credit
C13086-K2,C13086,21298,277.0,144.0,visa,147.0,credit
C07618-K1,C07618,20097,580.0,106.0,visa,195.0,credit
C02025-K2,C02025,18657,555.0,150.0,visa,226.0,debit
C02122-K1,C02122,20753,555.0,150.0,visa,226.0,debit
C06101-K1,C06101,16926,555.0,150.0,visa,194.0,credit
C00399-K1,C00399,20669,231.0,150.0,mastercard,195.0,debit
C10975-K1,C10975,12198,555.0,150.0,visa,100.0,debit
C11858-K1,C11858,22467,399.0,150.0,american express,137.0,credit
C05337-K1,C05337,13886,543.0,150.0,mastercard,195.0,debit
C04826-K1,C04826,11167,555.0,150.0,visa,226.0,debit
C03237-K1,C03237,10944,399.0,150.0,american express,137.0,credit
C11699-K1,C11699,10467,555.0,210.0,visa,226.0,debit
C00798-K1,C00798,21974,399.0,150.0,american express,223.0,credit
C12891-K1,C12891,19484,390.0,150.0,mastercard,102.0,credit
C07157-K1,C07157,13249,369.0,150.0,mastercard,102.0,credit
C01102-K2,C01102,10484,,150.0,visa,226.0,debit
C12935-K1,C12935,21420,555.0,150.0,visa,226.0,debit
C10838-K1,C10838,21179,399.0,150.0,american express,150.0,credit
C08672-K1,C08672,18679,369.0,150.0,mastercard,224.0,debit
C06850-K1,C06850,17362,555.0,144.0,mastercard,224.0,credit
C02143-K1,C02143,12757,555.0,150.0,visa,226.0,debit
C06702-K1,C06702,12170,555.0,135.0,visa,226.0,debit
C07452-K1,C07452,20897,399.0,150.0,american express,137.0,credit
C08982-K1,C08982,16456,360.0,150.0,visa,166.0,debit
C01933-K2,C01933,23398,111.0,150.0,mastercard,137.0,credit
C01901-K1,C01901,18908,555.0,144.0,mastercard,224.0,credit
C12486-K1,C12486,17672,555.0,135.0,visa,102.0,credit
C04517-K1,C04517,14204,,150.0,visa,226.0,credit
C10632-K1,C10632,19830,480.0,150.0,mastercard,224.0,debit
C04310-K1,C04310,11319,555.0,162.0,visa,102.0,credit
C09642-K1,C09642,20727,383.0,150.0,visa,226.0,debit
C13350-K1,C13350,22007,111.0,150.0,mastercard,224.0,debit
C12309-K1,C12309,21327,399.0,150.0,american express,146.0,credit
C03876-K1,C03876,17891,554.0,150.0,visa,226.0,credit
C12283-K1,C12283,19415,555.0,150.0,visa,226.0,debit
C12985-K1,C12985,18774,555.0,150.0,mastercard,224.0,debit
C00269-K1,C00269,10525,555.0,150.0,visa,226.0,debit
C11124-K1,C11124,12761,399.0,150.0,american express,213.0,credit
C12805-K1,C12805,17394,224.0,106.0,mastercard,224.0,credit
C03603-K1,C03603,21860,321.0,150.0,visa,226.0,debit
C00520-K2,C00520,18990,555.0,117.0,visa,226.0,debit
C04588-K1,C04588,19521,555.0,102.0,visa,226.0,credit
C07587-K1,C07587,18407,555.0,150.0,visa,226.0,debit
C03658-K1,C03658,21293,555.0,150.0,visa,226.0,debit
C01684-K1,C01684,10281,321.0,150.0,visa,226.0,debit
C12262-K1,C12262,18800,480.0,150.0,mastercard,224.0,debit
C09890-K1,C09890,15569,399.0,150.0,american express,223.0,credit
C05623-K1,C05623,20770,321.0,150.0,visa,226.0,debit
C06638-K1,C06638,19025,555.0,150.0,visa,226.0,debit
C05516-K1,C05516,18525,555.0,213.0,visa,137.0,credit
C04334-K1,C04334,10752,562.0,150.0,mastercard,219.0,credit
C07089-K1,C07089,17627,399.0,150.0,american express,150.0,credit
C00576-K1,C00576,19869,111.0,150.0,mastercard,195.0,debit
C09503-K1,C09503,21849,399.0,150.0,american express,146.0,credit
C08750-K2,C08750,11320,555.0,150.0,visa,226.0,debit
C10970-K1,C10970,10548,543.0,150.0,mastercard,224.0,debit
C09597-K1,C09597,16525,555.0,150.0,visa,195.0,debit
C07479-K1,C07479,11297,555.0,150.0,visa,226.0,debit
C02273-K1,C02273,20449,399.0,150.0,american express,102.0,credit
C11086-K1,C11086,11016,321.0,150.0,visa,226.0,debit
C12909-K3,C12909,23454,555.0,150.0,mastercard,117.0,debit
C11654-K1,C11654,18259,337.0,150.0,visa,226.0,credit
C10442-K1,C10442,19427,541.0,150.0,mastercard,117.0,debit
C03671-K1,C03671,15883,555.0,150.0,visa,195.0,debit
C11389-K1,C11389,12544,555.0,150.0,visa,226.0,debit
C01172-K1,C01172,10584,555.0,148.0,mastercard,224.0,credit
C03587-K1,C03587,22698,111.0,150.0,visa,226.0,debit
C11499-K1,C11499,16893,170.0,150.0,visa,226.0,credit
C07302-K1,C07302,11153,543.0,150.0,mastercard,224.0,debit
C06482-K1,C06482,18097,399.0,150.0,american express,133.0,credit
C02027-K1,C02027,20769,555.0,197.0,visa,226.0,debit
C04553-K1,C04553,13740,480.0,150.0,mastercard,117.0,debit
C10061-K1,C10061,10943,555.0,150.0,visa,226.0,debit
C07138-K1,C07138,15657,,150.0,visa,226.0,credit
C06364-K1,C06364,20937,555.0,150.0,visa,226.0,credit
C11180-K1,C11180,22490,433.0,150.0,visa,226.0,credit
C05086-K1,C05086,15613,399.0,150.0,american express,146.0,credit
C02936-K1,C02936,19770,555.0,166.0,mastercard,224.0,credit
C01279-K1,C01279,14032,,117.0,visa,,debit
C05308-K1,C05308,17040,225.0,150.0,mastercard,224.0,debit
C09085-K1,C09085,16672,399.0,150.0,american express,137.0,credit
C08353-K1,C08353,11358,399.0,150.0,american express,146.0,credit
C07485-K2,C07485,16003,560.0,150.0,visa,226.0,credit
C07470-K1,C07470,13053,481.0,150.0,visa,226.0,credit
C00230-K1,C00230,12843,277.0,144.0,visa,195.0,credit
C12287-K1,C12287,22579,555.0,150.0,visa,226.0,debit
C11427-K1,C11427,20708,399.0,150.0,american express,236.0,credit
C09664-K1,C09664,21698,399.0,150.0,american express,150.0,credit
C05025-K1,C05025,20082,553.0,150.0,visa,226.0,credit
C01876-K1,C01876,14472,555.0,150.0,mastercard,195.0,credit
C12466-K1,C12466,14918,,195.0,visa,226.0,credit
C12015-K1,C12015,23500,390.0,150.0,mastercard,224.0,debit
C04559-K1,C04559,17751,555.0,149.0,visa,138.0,debit
C02322-K1,C02322,15341,517.0,150.0,mastercard,224.0,debit
C04329-K1,C04329,21261,229.0,150.0,visa,226.0,credit
C04710-K1,C04710,22061,399.0,150.0,american express,118.0,credit
C04103-K1,C04103,10793,555.0,150.0,visa,226.0,debit
C05313-K1,C05313,15960,357.0,150.0,visa,226.0,credit
C12268-K1,C12268,14023,122.0,150.0,mastercard,126.0,debit
C02450-K1,C02450,15285,555.0,150.0,visa,226.0,credit
C06164-K1,C06164,18446,111.0,150.0,visa,195.0,debit
C08234-K1,C08234,17050,555.0,150.0,visa,226.0,credit
C07407-K1,C07407,10323,555.0,146.0,visa,137.0,credit
C02711-K1,C02711,22735,555.0,150.0,visa,226.0,debit
C11979-K1,C11979,16690,555.0,150.0,visa,226.0,credit
C05558-K1,C05558,12810,399.0,150.0,american express,223.0,credit
C07451-K1,C07451,18675,555.0,118.0,visa,226.0,debit
C10142-K1,C10142,15119,555.0,100.0,mastercard,224.0,credit
C12168-K1,C12168,17018,543.0,150.0,mastercard,224.0,debit
C03439-K1,C03439,14253,321.0,150.0,visa,226.0,debit
C10092-K1,C10092,19562,555.0,142.0,visa,102.0,debit
C09654-K1,C09654,10113,555.0,150.0,mastercard,117.0,debit
C02807-K1,C02807,11122,555.0,150.0,visa,226.0,debit
C03422-K1,C03422,22836,555.0,150.0,visa,226.0,debit
C12883-K1,C12883,14085,555.0,213.0,mastercard,166.0,debit
C06515-K1,C06515,13108,555.0,144.0,mastercard,137.0,credit
C07014-K1,C07014,17312,399.0,150.0,american express,132.0,credit
C06808-K1,C06808,11140,555.0,150.0,mastercard,195.0,credit
C02295-K1,C02295,17853,583.0,150.0,visa,195.0,credit
C01743-K1,C01743,22602,399.0,150.0,american express,198.0,credit
C00054-K1,C00054,17561,480.0,150.0,mastercard,224.0,debit
C10089-K1,C10089,10883,,150.0,visa,226.0,debit
C00555-K1,C00555,19104,387.0,150.0,visa,226.0,credit
C12771-K1,C12771,10835,598.0,150.0,mastercard,195.0,debit
C04922-K1,C04922,23497,321.0,150.0,visa,226.0,debit
C09652-K1,C09652,13257,399.0,150.0,american express,133.0,credit
C08237-K1,C08237,10609,543.0,150.0,mastercard,224.0,debit
C04570-K1,C04570,20749,583.0,150.0,mastercard,135.0,credit
C09602-K1,C09602,13773,396.0,150.0,mastercard,190.0,credit
C04887-K1,C04887,13652,555.0,150.0,visa,226.0,credit
C11415-K1,C11415,14560,275.0,150.0,mastercard,224.0,debit
C09999-K1,C09999,17587,399.0,150.0,american express,150.0,credit
C06301-K1,C06301,18823,555.0,150.0,visa,195.0,debit
C12214-K1,C12214,13443,399.0,150.0,american express,137.0,credit
C04340-K1,C04340,13023,555.0,150.0,visa,226.0,credit
C01353-K1,C01353,11821,555.0,150.0,visa,226.0,debit
C06469-K4,C06469,11239,555.0,183.0,visa,,credit
C04086-K1,C04086,20293,555.0,150.0,visa,195.0,debit
C06230-K1,C06230,19881,390.0,150.0,mastercard,224.0,debit
C07679-K1,C07679,14927,555.0,150.0,visa,226.0,debit
C10593-K1,C10593,11567,414.0,143.0,visa,147.0,credit
C06406-K1,C06406,23183,555.0,150.0,visa,226.0,debit
C08058-K1,C08058,11758,555.0,150.0,visa,226.0,debit
C10515-K1,C10515,19890,562.0,150.0,mastercard,102.0,credit
C07836-K1,C07836,11640,399.0,150.0,american express,185.0,credit
C07789-K1,C07789,13621,555.0,185.0,mastercard,224.0,debit
C03195-K1,C03195,14965,555.0,150.0,visa,226.0,debit
C11515-K2,C11515,18925,225.0,150.0,mastercard,224.0,debit
C11050-K1,C11050,12830,496.0,150.0,mastercard,102.0,credit
C02417-K1,C02417,10636,360.0,150.0,visa,166.0,debit
C01587-K1,C01587,19968,555.0,150.0,visa,226.0,debit
C12997-K1,C12997,12768,555.0,150.0,visa,226.0,debit
C02293-K1,C02293,13667,543.0,150.0,mastercard,224.0,debit
C10605-K1,C10605,23266,555.0,150.0,visa,226.0,debit
C09328-K1,C09328,22992,143.0,150.0,visa,226.0,debit
C07334-K1,C07334,10964,555.0,106.0,visa,226.0,debit
C03773-K1,C03773,19813,266.0,185.0,mastercard,224.0,credit
C02115-K1,C02115,20423,555.0,150.0,visa,226.0,credit
C07669-K1,C07669,18173,555.0,150.0,mastercard,224.0,debit
C00675-K1,C00675,20491,555.0,150.0,visa,226.0,credit
C11342-K2,C11342,10481,455.0,150.0,mastercard,166.0,debit
C05287-K1,C05287,16111,543.0,150.0,mastercard,224.0,debit
C05034-K1,C05034,18436,555.0,102.0,visa,138.0,debit
C09028-K1,C09028,23165,555.0,197.0,visa,226.0,debit
C05906-K1,C05906,14043,399.0,150.0,american express,198.0,credit
C01468-K1,C01468,19990,543.0,150.0,mastercard,224.0,debit
C03212-K1,C03212,18660,346.0,150.0,mastercard,137.0,credit
C04503-K1,C04503,22685,420.0,150.0,mastercard,224.0,debit
C12393-K1,C12393,20582,555.0,150.0,visa,226.0,credit
C06336-K1,C06336,17520,186.0,150.0,mastercard,224.0,debit
C02403-K1,C02403,20280,555.0,150.0,visa,226.0,credit
C09278-K1,C09278,22331,399.0,150.0,american express,223.0,credit
C12157-K1,C12157,16293,562.0,150.0,mastercard,102.0,credit
C06071-K1,C06071,12281,583.0,150.0,visa,226.0,credit
C00257-K1,C00257,10362,555.0,150.0,visa,226.0,debit
C08114-K1,C08114,16335,399.0,150.0,american express,137.0,credit
C04761-K1,C04761,13259,555.0,150.0,visa,226.0,credit
C00105-K1,C00105,14077,170.0,150.0,visa,226.0,credit
C04534-K1,C04534,19553,399.0,150.0,american express,236.0,credit
C07738-K1,C07738,17352,399.0,150.0,american express,223.0,credit
C12210-K1,C12210,12599,543.0,150.0,mastercard,224.0,debit
C03944-K1,C03944,12607,555.0,150.0,visa,226.0,debit
C11028-K1,C11028,22278,271.0,150.0,visa,228.0,credit
C02233-K1,C02233,20298,520.0,150.0,american express,190.0,credit
C09542-K1,C09542,20546,218.0,150.0,mastercard,102.0,credit
C04657-K1,C04657,16065,399.0,150.0,american express,146.0,credit
C04040-K1,C04040,22572,555.0,150.0,visa,226.0,debit
C05994-K1,C05994,14425,399.0,150.0,american express,185.0,credit
C00489-K1,C00489,14127,489.0,150.0,mastercard,102.0,credit
C09135-K1,C09135,10325,555.0,150.0,visa,226.0,debit
C12476-K1,C12476,22398,181.0,150.0,visa,167.0,credit
C11938-K1,C11938,10565,555.0,144.0,mastercard,197.0,debit
C11659-K1,C11659,15006,555.0,150.0,visa,226.0,debit
C10362-K1,C10362,18022,555.0,150.0,visa,226.0,credit
C09381-K1,C09381,12996,555.0,150.0,visa,226.0,debit
C08596-K1,C08596,19168,208.0,150.0,mastercard,100.0,debit
C09389-K1,C09389,10240,555.0,150.0,visa,226.0,debit
C08245-K1,C08245,12318,,150.0,visa,,credit
C10248-K1,C10248,20102,555.0,150.0,visa,226.0,debit
C00459-K1,C00459,19037,310.0,150.0,mastercard,224.0,debit
C08615-K1,C08615,14540,555.0,150.0,visa,226.0,debit
C07333-K1,C07333,15246,366.0,162.0,mastercard,224.0,debit
C06234-K1,C06234,15245,555.0,119.0,mastercard,137.0,credit
C04410-K1,C04410,11665,399.0,150.0,american express,133.0,credit
C10790-K1,C10790,20537,352.0,117.0,mastercard,219.0,credit
C05084-K1,C05084,15678,514.0,150.0,mastercard,224.0,debit
C02556-K1,C02556,15799,321.0,150.0,visa,226.0,debit
C06099-K1,C06099,20942,321.0,150.0,visa,226.0,debit
C03642-K1,C03642,14287,555.0,150.0,visa,226.0,debit
C00945-K1,C00945,21231,555.0,150.0,visa,226.0,debit
C09930-K1,C09930,19251,174.0,150.0,visa,226.0,credit
C03307-K1,C03307,20994,360.0,150.0,mastercard,166.0,debit
C04178-K1,C04178,12855,369.0,150.0,mastercard,224.0,debit
C06977-K1,C06977,10648,224.0,106.0,mastercard,224.0,debit
C07998-K1,C07998,16905,174.0,150.0,visa,166.0,debit
C02272-K2,C02272,10870,555.0,150.0,visa,226.0,debit
C07884-K1,C07884,16578,258.0,150.0,visa,195.0,credit
C06951-K1,C06951,18461,127.0,150.0,mastercard,224.0,debit
C02254-K1,C02254,15355,147.0,150.0,mastercard,224.0,debit
C05982-K1,C05982,20037,420.0,150.0,mastercard,224.0,debit
C04620-K1,C04620,23016,379.0,102.0,visa,138.0,debit
C03433-K1,C03433,17024,555.0,150.0,visa,226.0,debit
C09977-K1,C09977,17796,399.0,150.0,american express,137.0,credit
C00022-K1,C00022,15055,216.0,150.0,visa,226.0,credit
C12127-K1,C12127,13280,543.0,150.0,mastercard,117.0,debit
C03463-K1,C03463,22047,543.0,150.0,mastercard,224.0,debit
C09979-K1,C09979,18859,399.0,150.0,american express,185.0,credit
C13391-K1,C13391,11224,555.0,150.0,visa,226.0,credit
C05341-K1,C05341,22786,534.0,150.0,visa,226.0,debit
C07660-K1,C07660,21690,543.0,150.0,mastercard,195.0,debit
C11255-K1,C11255,21123,543.0,150.0,mastercard,224.0,debit
C09108-K1,C09108,17331,500.0,185.0,mastercard,224.0,credit
C01362-K1,C01362,17217,555.0,197.0,visa,102.0,credit
C12033-K2,C12033,21400,174.0,150.0,visa,226.0,credit
C12159-K1,C12159,21041,543.0,150.0,mastercard,224.0,debit
C11426-K1,C11426,13589,321.0,150.0,mastercard,195.0,credit
C04467-K1,C04467,20238,390.0,150.0,mastercard,224.0,debit
C13108-K1,C13108,23417,490.0,150.0,visa,226.0,credit
C04280-K1,C04280,12202,500.0,185.0,mastercard,224.0,credit
C13000-K2,C13000,21490,555.0,150.0,visa,226.0,debit
C03441-K1,C03441,15852,443.0,150.0,mastercard,224.0,credit
C07721-K2,C07721,21012,554.0,150.0,visa,226.0,credit
C10241-K1,C10241,19867,555.0,150.0,visa,226.0,credit
C03562-K1,C03562,17770,555.0,150.0,visa,226.0,credit
C08291-K1,C08291,19417,302.0,150.0,visa,226.0,debit
C13457-K1,C13457,19730,555.0,185.0,mastercard,224.0,debit
C03053-K1,C03053,15719,127.0,150.0,mastercard,224.0,debit
C13297-K1,C13297,14348,174.0,150.0,visa,226.0,debit
C12033-K3,C12033,21400,523.0,150.0,visa,226.0,credit
C06508-K1,C06508,13087,362.0,150.0,visa,226.0,credit
C01685-K1,C01685,17809,555.0,150.0,visa,226.0,debit
C06323-K1,C06323,11378,555.0,150.0,visa,226.0,debit
C06783-K1,C06783,17980,555.0,150.0,mastercard,166.0,debit
C10071-K1,C10071,18464,517.0,150.0,mastercard,224.0,debit
C09150-K1,C09150,13896,520.0,150.0,american express,190.0,credit
C05787-K1,C05787,20213,303.0,150.0,visa,226.0,debit
C12487-K1,C12487,16519,555.0,150.0,visa,226.0,debit
C05040-K1,C05040,23493,321.0,150.0,visa,226.0,debit
C07865-K1,C07865,23271,302.0,150.0,visa,226.0,debit
C06573-K1,C06573,20654,399.0,150.0,american express,137.0,credit
C09414-K1,C09414,21175,399.0,150.0,american express,223.0,credit
C10070-K2,C10070,22853,320.0,150.0,mastercard,195.0,debit
C08119-K1,C08119,19423,555.0,150.0,visa,226.0,credit
C10872-K1,C10872,22199,307.0,150.0,visa,226.0,debit
C10530-K1,C10530,21702,555.0,150.0,visa,226.0,credit
C03396-K1,C03396,19626,,150.0,visa,162.0,credit
C00755-K1,C00755,20428,555.0,150.0,visa,226.0,debit
C02013-K1,C02013,20861,555.0,150.0,visa,226.0,debit
C08946-K1,C08946,10879,555.0,215.0,mastercard,224.0,debit
C02640-K1,C02640,11547,555.0,150.0,visa,226.0,debit
C09563-K1,C09563,23341,555.0,150.0,visa,226.0,debit
C00044-K1,C00044,18404,555.0,150.0,mastercard,117.0,debit
C05232-K1,C05232,11155,555.0,146.0,mastercard,195.0,credit
C04028-K1,C04028,19351,302.0,150.0,visa,226.0,debit
C02401-K1,C02401,15480,555.0,150.0,,206.0,debit
C11065-K1,C11065,12429,103.0,185.0,visa,137.0,credit
C07256-K2,C07256,19873,555.0,150.0,visa,162.0,credit
C00345-K1,C00345,20839,533.0,150.0,visa,226.0,credit
C09144-K1,C09144,10287,555.0,197.0,visa,226.0,debit
C09355-K1,C09355,19611,225.0,150.0,mastercard,117.0,debit
C03806-K1,C03806,20499,514.0,150.0,mastercard,224.0,debit
C02298-K1,C02298,19428,399.0,150.0,american express,137.0,credit
C09033-K1,C09033,23004,555.0,149.0,mastercard,224.0,credit
C01430-K1,C01430,16680,480.0,150.0,mastercard,117.0,debit
C00017-K1,C00017,12627,390.0,150.0,mastercard,224.0,debit
C04720-K1,C04720,10122,143.0,150.0,visa,226.0,debit
C00689-K1,C00689,16515,399.0,150.0,american express,223.0,credit
C11175-K1,C11175,19256,555.0,188.0,visa,102.0,credit
C04104-K1,C04104,14537,336.0,150.0,visa,226.0,credit
C00832-K1,C00832,16178,514.0,150.0,mastercard,224.0,debit
C03750-K1,C03750,18767,321.0,150.0,visa,226.0,debit
C12801-K1,C12801,10507,360.0,150.0,visa,166.0,debit
C01919-K1,C01919,17713,555.0,150.0,visa,226.0,debit
C02722-K1,C02722,12854,478.0,150.0,visa,195.0,credit
C02822-K1,C02822,13302,555.0,127.0,visa,137.0,credit
C12811-K1,C12811,19376,555.0,121.0,mastercard,137.0,credit
C12843-K1,C12843,13181,360.0,150.0,mastercard,166.0,debit
C02237-K1,C02237,14379,321.0,150.0,visa,195.0,debit
C09926-K1,C09926,20263,555.0,144.0,mastercard,224.0,credit
C10672-K1,C10672,12632,170.0,150.0,visa,226.0,credit
C05512-K1,C05512,18447,423.0,150.0,visa,226.0,credit
C00443-K1,C00443,12135,399.0,150.0,american express,198.0,credit
C00706-K1,C00706,16136,555.0,144.0,american express,137.0,credit
C09157-K1,C09157,19944,225.0,150.0,mastercard,195.0,credit
C09172-K1,C09172,22238,310.0,150.0,mastercard,224.0,debit
C11354-K1,C11354,22865,555.0,150.0,visa,226.0,debit
C07240-K1,C07240,21153,555.0,100.0,visa,102.0,credit
C08619-K1,C08619,18413,555.0,150.0,visa,226.0,debit
C08340-K1,C08340,21746,555.0,150.0,visa,226.0,credit
C02317-K1,C02317,13768,390.0,150.0,mastercard,224.0,debit
C13093-K1,C13093,16855,555.0,117.0,visa,226.0,debit
C12500-K1,C12500,22323,512.0,150.0,mastercard,117.0,debit
C11466-K1,C11466,15811,555.0,150.0,visa,226.0,debit
C12870-K1,C12870,13893,543.0,150.0,mastercard,224.0,debit
C10897-K1,C10897,14094,399.0,150.0,american express,132.0,credit
C12371-K1,C12371,17150,555.0,150.0,visa,226.0,debit
C11885-K1,C11885,16106,555.0,150.0,visa,226.0,debit
C03720-K1,C03720,22775,555.0,150.0,visa,226.0,debit
C04591-K1,C04591,18098,481.0,150.0,mastercard,102.0,credit
C03751-K1,C03751,16060,555.0,150.0,visa,226.0,debit
C03292-K1,C03292,17237,527.0,150.0,visa,226.0,debit
C02684-K1,C02684,16294,555.0,150.0,visa,226.0,credit
C00504-K1,C00504,21976,356.0,150.0,mastercard,224.0,debit
C05679-K1,C05679,17189,555.0,150.0,visa,226.0,debit
C09596-K1,C09596,20907,306.0,150.0,visa,226.0,credit
C01997-K1,C01997,15154,512.0,150.0,mastercard,117.0,debit
C00093-K1,C00093,22547,257.0,150.0,visa,226.0,credit
C04010-K1,C04010,19299,399.0,150.0,american express,118.0,credit
C07605-K1,C07605,10721,555.0,134.0,visa,226.0,debit
C03949-K1,C03949,12569,555.0,150.0,visa,226.0,debit
C10144-K1,C10144,10511,555.0,150.0,visa,226.0,debit
C02699-K1,C02699,22443,555.0,150.0,visa,166.0,debit
C04977-K1,C04977,23387,322.0,150.0,visa,226.0,credit
C09614-K1,C09614,18550,399.0,150.0,american express,185.0,credit
C13281-K1,C13281,19263,585.0,150.0,visa,228.0,credit
C08767-K1,C08767,14671,399.0,150.0,american express,223.0,credit
C10690-K2,C10690,17202,480.0,150.0,mastercard,224.0,debit
C06423-K1,C06423,22084,555.0,150.0,visa,226.0,debit
C07340-K2,C07340,20709,555.0,150.0,mastercard,102.0,credit
C10751-K1,C10751,20663,199.0,150.0,mastercard,195.0,debit
C05472-K1,C05472,22745,399.0,150.0,american express,146.0,credit
C09558-K1,C09558,15871,555.0,150.0,visa,226.0,credit
C10147-K1,C10147,19742,275.0,150.0,mastercard,117.0,debit
C00295-K1,C00295,16574,465.0,150.0,visa,226.0,credit
C06645-K1,C06645,14079,111.0,150.0,visa,226.0,debit
C13300-K1,C13300,15505,555.0,150.0,visa,226.0,debit
C06980-K1,C06980,15914,555.0,150.0,visa,226.0,credit
C00130-K1,C00130,15461,216.0,150.0,visa,226.0,credit
C11524-K1,C11524,15111,399.0,150.0,american express,146.0,credit
C00529-K1,C00529,22983,369.0,150.0,mastercard,224.0,debit
C13248-K1,C13248,20416,516.0,150.0,mastercard,224.0,debit
C09167-K1,C09167,22213,555.0,150.0,visa,226.0,debit
C06223-K1,C06223,20883,399.0,150.0,american express,146.0,credit
C06735-K1,C06735,16433,390.0,150.0,mastercard,195.0,debit
C02939-K1,C02939,20656,555.0,150.0,visa,226.0,debit
C00641-K2,C00641,14137,555.0,150.0,visa,226.0,credit
C01658-K1,C01658,18864,583.0,150.0,visa,226.0,credit
C00002-K1,C00002,11708,111.0,150.0,visa,195.0,debit
C03565-K1,C03565,12018,321.0,150.0,mastercard,203.0,credit
C09043-K1,C09043,18386,555.0,150.0,visa,141.0,credit
C03364-K1,C03364,18858,555.0,150.0,visa,226.0,credit
C01121-K1,C01121,21745,490.0,150.0,visa,226.0,debit
C08697-K1,C08697,11391,555.0,144.0,mastercard,224.0,credit
C04618-K1,C04618,21002,442.0,150.0,visa,226.0,credit
C01149-K1,C01149,17085,555.0,150.0,visa,226.0,credit
C06087-K1,C06087,11626,555.0,119.0,visa,102.0,credit
C11822-K1,C11822,13935,399.0,150.0,american express,185.0,credit
C03947-K1,C03947,17946,399.0,150.0,american express,137.0,credit
C06330-K1,C06330,15680,399.0,150.0,american express,207.0,credit
C04735-K1,C04735,16581,555.0,147.0,visa,137.0,credit
C10026-K1,C10026,13298,111.0,150.0,visa,195.0,credit
C01466-K1,C01466,19971,555.0,150.0,mastercard,117.0,debit
C07515-K1,C07515,11076,580.0,106.0,visa,,debit
C05653-K1,C05653,23337,554.0,150.0,mastercard,224.0,debit
C08332-K1,C08332,19095,555.0,144.0,american express,136.0,credit
C13160-K1,C13160,11041,399.0,150.0,american express,146.0,credit
C09737-K1,C09737,13537,555.0,195.0,mastercard,224.0,debit
C10133-K1,C10133,15229,555.0,150.0,visa,226.0,debit
C12715-K1,C12715,12806,555.0,200.0,mastercard,134.0,credit
C01905-K1,C01905,20648,543.0,150.0,mastercard,117.0,debit
C01473-K1,C01473,19096,555.0,117.0,visa,226.0,debit
C03220-K1,C03220,22639,399.0,150.0,american express,132.0,credit
C09677-K1,C09677,13393,399.0,150.0,american express,146.0,credit
C02594-K1,C02594,16834,399.0,150.0,american express,146.0,credit
C00228-K1,C00228,17375,583.0,150.0,mastercard,224.0,credit
C08068-K1,C08068,18367,399.0,150.0,american express,150.0,credit
C12342-K1,C12342,15947,399.0,150.0,american express,185.0,credit
C05094-K2,C05094,10588,555.0,150.0,visa,226.0,debit
C01751-K1,C01751,11380,361.0,150.0,visa,100.0,debit
C06408-K1,C06408,21017,410.0,150.0,visa,226.0,credit
C12918-K1,C12918,10531,399.0,150.0,american express,137.0,credit
C10359-K1,C10359,15304,555.0,150.0,visa,226.0,debit
C12264-K1,C12264,13306,555.0,194.0,visa,195.0,debit
C11375-K1,C11375,16949,399.0,150.0,american express,236.0,credit
C09703-K1,C09703,23025,111.0,150.0,visa,166.0,debit
C05281-K1,C05281,12304,399.0,150.0,american express,137.0,credit
C09788-K1,C09788,14228,399.0,150.0,american express,198.0,credit
C07596-K1,C07596,14442,529.0,150.0,visa,162.0,credit
C05750-K1,C05750,13539,275.0,150.0,mastercard,224.0,debit
C08981-K1,C08981,20722,140.0,150.0,visa,226.0,credit
C04824-K1,C04824,11019,111.0,150.0,visa,195.0,debit
C09626-K1,C09626,15690,543.0,150.0,mastercard,224.0,debit
C10024-K1,C10024,10770,583.0,150.0,visa,226.0,credit
C13082-K1,C13082,13449,103.0,185.0,visa,195.0,credit
C02269-K1,C02269,13319,369.0,150.0,mastercard,224.0,debit
C13335-K1,C13335,22288,514.0,150.0,mastercard,129.0,credit
C10858-K1,C10858,21483,555.0,150.0,mastercard,224.0,debit
C09453-K1,C09453,10092,399.0,150.0,american express,236.0,credit
C11700-K1,C11700,16551,555.0,150.0,visa,226.0,credit
C06420-K1,C06420,17695,555.0,150.0,visa,226.0,debit
C04327-K1,C04327,19137,555.0,144.0,mastercard,219.0,credit
C02490-K1,C02490,17467,589.0,150.0,visa,226.0,credit
C12339-K1,C12339,10248,349.0,117.0,visa,226.0,debit
C10412-K1,C10412,11642,555.0,150.0,visa,226.0,credit
C09636-K1,C09636,20707,498.0,150.0,mastercard,102.0,credit
C11790-K1,C11790,12566,420.0,150.0,mastercard,224.0,debit
C12493-K1,C12493,10466,555.0,150.0,mastercard,117.0,debit
C00031-K2,C00031,20493,528.0,150.0,visa,162.0,credit
C00282-K1,C00282,22920,168.0,144.0,visa,195.0,credit
C08421-K1,C08421,12642,420.0,150.0,mastercard,195.0,debit
C03682-K1,C03682,12880,555.0,150.0,visa,226.0,debit
C09768-K1,C09768,10150,555.0,223.0,visa,102.0,debit
C04056-K1,C04056,20963,127.0,150.0,mastercard,102.0,credit
C09835-K2,C09835,10149,378.0,146.0,mastercard,219.0,debit
C08469-K1,C08469,16805,555.0,144.0,american express,201.0,credit
C13179-K1,C13179,13985,555.0,150.0,visa,226.0,credit
C05930-K1,C05930,22410,308.0,150.0,visa,226.0,debit
C07176-K1,C07176,22448,399.0,150.0,american express,236.0,credit
C08272-K1,C08272,15498,268.0,150.0,visa,226.0,debit
C03502-K1,C03502,16751,162.0,150.0,mastercard,224.0,credit
C13375-K1,C13375,10487,555.0,150.0,visa,226.0,debit
C08213-K1,C08213,10654,174.0,150.0,mastercard,,credit
C04790-K1,C04790,20792,399.0,150.0,american express,185.0,credit
C08131-K1,C08131,14852,399.0,150.0,american express,132.0,credit
C13357-K1,C13357,17869,399.0,150.0,american express,237.0,credit
C03782-K2,C03782,17220,517.0,150.0,mastercard,224.0,debit
C00114-K1,C00114,18692,399.0,150.0,american express,137.0,credit
C11799-K2,C11799,10605,555.0,117.0,visa,184.0,credit
C06628-K1,C06628,20084,225.0,150.0,mastercard,224.0,debit
C04934-K1,C04934,18457,193.0,150.0,visa,226.0,credit
C03371-K1,C03371,20833,127.0,150.0,mastercard,102.0,credit
C01807-K1,C01807,13933,532.0,150.0,mastercard,224.0,debit
C05933-K1,C05933,12195,555.0,150.0,visa,226.0,debit
C01388-K1,C01388,21308,225.0,150.0,visa,226.0,credit
C05420-K1,C05420,16411,399.0,150.0,american express,132.0,credit
C06981-K1,C06981,23531,225.0,150.0,mastercard,224.0,debit
C02761-K1,C02761,21688,555.0,150.0,visa,226.0,debit
C00833-K1,C00833,18946,555.0,150.0,visa,226.0,debit
C08002-K1,C08002,11390,555.0,106.0,mastercard,224.0,debit
C04471-K1,C04471,21982,480.0,150.0,mastercard,102.0,credit
C04760-K1,C04760,15039,555.0,150.0,visa,226.0,debit
C00803-K2,C00803,20331,480.0,150.0,mastercard,117.0,debit
C01028-K1,C01028,10518,408.0,185.0,visa,195.0,credit
C08645-K1,C08645,14816,555.0,150.0,visa,195.0,credit
C01851-K1,C01851,19616,555.0,130.0,visa,226.0,credit
C10996-K2,C10996,13042,254.0,150.0,visa,226.0,credit
C02749-K1,C02749,20132,253.0,150.0,mastercard,219.0,debit
C05620-K1,C05620,15953,555.0,150.0,visa,226.0,debit
C07075-K1,C07075,13942,555.0,150.0,visa,226.0,credit
C07657-K1,C07657,17921,555.0,144.0,mastercard,224.0,credit
C07044-K1,C07044,20112,216.0,150.0,visa,226.0,credit
C13374-K1,C13374,16917,297.0,150.0,visa,166.0,debit
C00954-K1,C00954,20465,555.0,144.0,visa,226.0,credit
C02306-K1,C02306,16336,225.0,150.0,mastercard,224.0,debit
C13438-K1,C13438,20122,310.0,150.0,mastercard,224.0,debit
C12544-K1,C12544,20432,490.0,150.0,visa,226.0,debit
C10012-K1,C10012,17748,399.0,150.0,american express,137.0,credit
C12890-K1,C12890,10613,555.0,150.0,visa,226.0,debit
C00559-K1,C00559,10873,481.0,150.0,visa,226.0,credit
C00524-K1,C00524,19098,543.0,150.0,mastercard,224.0,debit
C08582-K1,C08582,13837,399.0,150.0,american express,137.0,credit
C01276-K1,C01276,15540,468.0,150.0,visa,166.0,debit
C09915-K1,C09915,11046,222.0,150.0,visa,226.0,credit
C02242-K1,C02242,12108,111.0,150.0,visa,166.0,debit
C02357-K1,C02357,13898,,150.0,visa,,credit
C03091-K1,C03091,14561,555.0,150.0,visa,226.0,credit
C05456-K1,C05456,20585,321.0,150.0,visa,226.0,debit
C10448-K1,C10448,12955,174.0,150.0,visa,228.0,credit
C09994-K1,C09994,20381,555.0,188.0,mastercard,232.0,credit
C04167-K1,C04167,16984,399.0,150.0,american express,185.0,credit
C05411-K1,C05411,22966,555.0,119.0,mastercard,224.0,credit
C10165-K1,C10165,10008,407.0,185.0,visa,102.0,credit
C11904-K1,C11904,15873,555.0,150.0,visa,226.0,debit
C05837-K1,C05837,21920,519.0,150.0,mastercard,117.0,debit
C01918-K1,C01918,20161,399.0,150.0,american express,137.0,credit
C00178-K1,C00178,11299,399.0,150.0,american express,198.0,credit
C08415-K1,C08415,22616,321.0,150.0,visa,226.0,credit
C08579-K1,C08579,15439,225.0,150.0,mastercard,219.0,credit
C00525-K1,C00525,14377,555.0,150.0,visa,226.0,debit
C01017-K1,C01017,14370,348.0,150.0,mastercard,224.0,credit
C04402-K1,C04402,23094,555.0,150.0,visa,226.0,debit
C06290-K2,C06290,12481,194.0,150.0,mastercard,229.0,debit
C13491-K1,C13491,23067,321.0,150.0,visa,226.0,debit
C05312-K1,C05312,17519,555.0,150.0,visa,166.0,debit
C10184-K1,C10184,22362,225.0,150.0,mastercard,117.0,debit
C09314-K1,C09314,22921,390.0,150.0,mastercard,224.0,debit
C07968-K1,C07968,19358,555.0,150.0,mastercard,117.0,debit
C03203-K1,C03203,16054,517.0,150.0,mastercard,224.0,debit
C06815-K1,C06815,13671,555.0,150.0,visa,226.0,debit
C08904-K1,C08904,20530,109.0,150.0,mastercard,195.0,debit
C11690-K1,C11690,19667,321.0,150.0,mastercard,166.0,debit
C10776-K1,C10776,12469,517.0,150.0,mastercard,224.0,debit
C08424-K1,C08424,16331,520.0,150.0,american express,190.0,credit
C05925-K1,C05925,21781,543.0,150.0,mastercard,117.0,debit
C06228-K2,C06228,10046,111.0,150.0,mastercard,102.0,credit
C10185-K1,C10185,12290,562.0,150.0,mastercard,197.0,credit
C10345-K1,C10345,23174,,150.0,visa,166.0,debit
C01714-K1,C01714,22041,168.0,144.0,visa,226.0,credit
C05330-K2,C05330,11289,321.0,150.0,visa,226.0,debit
C06337-K1,C06337,21747,555.0,150.0,visa,226.0,debit
C00612-K1,C00612,22301,512.0,150.0,mastercard,117.0,debit
C11910-K1,C11910,20203,543.0,150.0,mastercard,102.0,credit
C07461-K1,C07461,19496,225.0,150.0,mastercard,224.0,credit
C07823-K1,C07823,19142,555.0,150.0,visa,195.0,debit
C11862-K1,C11862,20793,555.0,150.0,visa,226.0,debit
C05572-K1,C05572,13158,555.0,185.0,visa,226.0,debit
C10548-K1,C10548,15312,555.0,150.0,visa,226.0,debit
C01389-K1,C01389,20915,555.0,150.0,visa,226.0,debit
C08372-K1,C08372,21981,399.0,150.0,american express,150.0,credit
C12055-K1,C12055,12262,555.0,150.0,visa,226.0,credit
C10387-K1,C10387,23456,555.0,150.0,visa,226.0,debit
C00591-K1,C00591,21432,225.0,150.0,mastercard,117.0,debit
C04698-K1,C04698,14416,399.0,150.0,american express,132.0,credit
C12250-K1,C12250,18707,399.0,150.0,american express,223.0,credit
C00360-K1,C00360,13211,351.0,106.0,visa,137.0,credit
C13144-K1,C13144,18012,555.0,150.0,visa,226.0,debit
C08490-K1,C08490,20248,225.0,150.0,visa,226.0,debit
C11627-K2,C11627,17090,223.0,117.0,mastercard,224.0,debit
C03434-K1,C03434,16796,555.0,185.0,mastercard,137.0,credit
C09850-K1,C09850,18548,369.0,150.0,mastercard,117.0,debit
C03552-K1,C03552,13932,399.0,150.0,american express,150.0,credit
C01621-K1,C01621,21710,110.0,150.0,visa,226.0,credit
C03267-K1,C03267,22453,555.0,150.0,visa,226.0,debit
C11801-K1,C11801,20201,555.0,150.0,visa,226.0,debit
C05946-K1,C05946,18584,463.0,144.0,visa,226.0,credit
C06370-K1,C06370,19552,372.0,150.0,mastercard,102.0,credit
C01283-K1,C01283,17215,555.0,150.0,visa,226.0,debit
C01862-K1,C01862,21862,555.0,150.0,visa,226.0,debit
C01287-K1,C01287,17998,555.0,150.0,visa,226.0,debit
C04605-K1,C04605,19419,310.0,150.0,mastercard,224.0,debit
C03954-K2,C03954,23526,555.0,146.0,mastercard,195.0,credit
C01184-K1,C01184,19913,108.0,150.0,mastercard,117.0,debit
C12826-K1,C12826,13765,360.0,150.0,mastercard,126.0,debit
C13199-K1,C13199,17996,298.0,150.0,mastercard,137.0,credit
C02956-K1,C02956,22785,555.0,131.0,mastercard,137.0,credit
C02057-K1,C02057,13528,555.0,150.0,visa,226.0,debit
C08593-K1,C08593,23175,459.0,185.0,visa,102.0,credit
C09899-K1,C09899,11469,399.0,150.0,american express,118.0,credit
C05197-K1,C05197,23054,514.0,150.0,mastercard,166.0,debit
C07905-K1,C07905,15909,555.0,162.0,visa,226.0,credit
C07379-K1,C07379,16980,349.0,117.0,visa,226.0,credit
C02082-K1,C02082,18379,555.0,150.0,visa,226.0,credit
C00400-K1,C00400,15548,417.0,150.0,visa,195.0,debit
C10616-K1,C10616,21387,555.0,194.0,mastercard,224.0,credit
C07844-K1,C07844,14017,,150.0,visa,226.0,debit
C03483-K1,C03483,13810,543.0,150.0,mastercard,224.0,debit
C11055-K1,C11055,19490,399.0,150.0,american express,236.0,credit
C11992-K1,C11992,19605,221.0,150.0,visa,226.0,credit
C10381-K1,C10381,13143,555.0,213.0,visa,166.0,debit
C03743-K1,C03743,12199,463.0,186.0,visa,226.0,debit
C02587-K1,C02587,22311,555.0,150.0,visa,226.0,debit
C13436-K1,C13436,11973,399.0,150.0,american express,146.0,credit
C01904-K1,C01904,13397,111.0,150.0,mastercard,166.0,debit
C09424-K1,C09424,22759,555.0,150.0,visa,226.0,debit
C10774-K1,C10774,11302,555.0,150.0,visa,226.0,debit
C07897-K1,C07897,15442,361.0,150.0,visa,226.0,debit
C08246-K1,C08246,19734,555.0,150.0,mastercard,117.0,debit
C00403-K1,C00403,23278,321.0,150.0,visa,226.0,debit
C02539-K1,C02539,22654,399.0,150.0,american express,146.0,credit
C04899-K1,C04899,21143,468.0,150.0,visa,100.0,debit
C00104-K1,C00104,12278,399.0,150.0,american express,150.0,credit
C07483-K1,C07483,17623,399.0,150.0,american express,150.0,credit
C04838-K1,C04838,18231,555.0,150.0,visa,226.0,debit
C03494-K1,C03494,11911,490.0,150.0,visa,141.0,credit
C04080-K1,C04080,13417,360.0,150.0,visa,166.0,debit
C12912-K1,C12912,17943,555.0,150.0,visa,226.0,debit
C01815-K1,C01815,16840,534.0,150.0,visa,226.0,debit
C07320-K1,C07320,11136,481.0,150.0,mastercard,137.0,credit
C12415-K1,C12415,11544,181.0,150.0,visa,226.0,credit
C11749-K1,C11749,19999,399.0,150.0,american express,146.0,credit
C06565-K1,C06565,17952,236.0,150.0,visa,162.0,credit
C03343-K1,C03343,19068,399.0,150.0,american express,146.0,credit
C03716-K1,C03716,19384,442.0,150.0,visa,226.0,credit
C03934-K1,C03934,16794,555.0,150.0,visa,226.0,debit
C09473-K1,C09473,19543,321.0,150.0,visa,226.0,debit
C12552-K1,C12552,12730,399.0,150.0,american express,185.0,credit
C11252-K2,C11252,13241,555.0,134.0,mastercard,166.0,debit
C05559-K1,C05559,22123,399.0,150.0,american express,137.0,credit
C11828-K1,C11828,17949,555.0,150.0,visa,226.0,credit
C06240-K1,C06240,10027,399.0,150.0,american express,236.0,credit
C02432-K1,C02432,23128,555.0,150.0,mastercard,102.0,credit
C08688-K1,C08688,11221,555.0,150.0,visa,226.0,debit
C07563-K1,C07563,16922,555.0,150.0,visa,226.0,debit
C05617-K1,C05617,16200,520.0,150.0,american express,190.0,credit
C08354-K1,C08354,21555,360.0,150.0,visa,226.0,debit
C01790-K1,C01790,10367,555.0,102.0,visa,226.0,debit
C07635-K1,C07635,11191,554.0,150.0,visa,226.0,debit
C06110-K1,C06110,11615,555.0,150.0,visa,226.0,debit
C07662-K1,C07662,22603,399.0,150.0,american express,157.0,credit
C05726-K1,C05726,10398,481.0,150.0,visa,226.0,debit
C08912-K1,C08912,18007,555.0,189.0,mastercard,166.0,debit
C09779-K1,C09779,13677,555.0,150.0,visa,226.0,credit
C08296-K1,C08296,19921,225.0,150.0,mastercard,224.0,debit
C10346-K1,C10346,17699,399.0,150.0,american express,185.0,credit
C10908-K1,C10908,13605,399.0,150.0,american express,137.0,credit
C11514-K2,C11514,12998,480.0,150.0,mastercard,224.0,debit
C07314-K1,C07314,10171,555.0,150.0,mastercard,117.0,debit
C13236-K1,C13236,11645,555.0,150.0,visa,226.0,debit
C08590-K1,C08590,21140,555.0,150.0,visa,226.0,debit
C12804-K1,C12804,11518,309.0,150.0,visa,226.0,credit
C07131-K1,C07131,19750,555.0,150.0,visa,226.0,credit
C02232-K1,C02232,22912,555.0,150.0,visa,226.0,credit
C08084-K1,C08084,23136,545.0,185.0,visa,137.0,credit
C12812-K1,C12812,11210,555.0,150.0,visa,226.0,debit
C03270-K1,C03270,13364,555.0,150.0,visa,226.0,debit
C03607-K1,C03607,16704,555.0,147.0,visa,226.0,credit
C06603-K1,C06603,14817,555.0,117.0,mastercard,190.0,credit
C07378-K1,C07378,15573,555.0,167.0,mastercard,111.0,credit
C03680-K1,C03680,15407,555.0,150.0,visa,195.0,credit
C02862-K1,C02862,10514,369.0,150.0,mastercard,224.0,debit
C00493-K1,C00493,18825,399.0,150.0,american express,185.0,credit
C04330-K1,C04330,15149,480.0,150.0,mastercard,117.0,debit
C07792-K1,C07792,14386,315.0,150.0,visa,195.0,debit
C03783-K3,C03783,17355,122.0,150.0,mastercard,166.0,debit
C00396-K1,C00396,19534,555.0,150.0,visa,226.0,debit
C08656-K1,C08656,14231,555.0,119.0,mastercard,102.0,credit
C06001-K1,C06001,23234,555.0,150.0,mastercard,195.0,credit
C11269-K1,C11269,19356,399.0,150.0,american express,185.0,credit
C06213-K1,C06213,11847,555.0,106.0,visa,226.0,debit
C05535-K1,C05535,23064,258.0,150.0,visa,195.0,debit
C09967-K1,C09967,23231,137.0,150.0,visa,226.0,credit
C02412-K1,C02412,13672,349.0,117.0,visa,226.0,debit
C07258-K1,C07258,17717,399.0,150.0,american express,207.0,credit
C05132-K1,C05132,15025,555.0,150.0,visa,226.0,debit
C05965-K1,C05965,17023,225.0,150.0,mastercard,224.0,debit
C08065-K1,C08065,12897,399.0,150.0,american express,150.0,credit
C02947-K1,C02947,16444,215.0,150.0,mastercard,121.0,credit
C08006-K1,C08006,20441,426.0,150.0,visa,226.0,credit
C02493-K1,C02493,21130,517.0,150.0,mastercard,224.0,debit
C13099-K1,C13099,18910,555.0,150.0,visa,226.0,debit
C04247-K1,C04247,11396,543.0,150.0,mastercard,195.0,debit
C06496-K1,C06496,15677,480.0,150.0,mastercard,224.0,debit
C04511-K1,C04511,17226,555.0,185.0,mastercard,197.0,credit
C04749-K1,C04749,13412,555.0,150.0,visa,226.0,debit
C06461-K1,C06461,23375,399.0,150.0,american express,146.0,credit
C05780-K1,C05780,12864,555.0,150.0,visa,226.0,debit
C12705-K2,C12705,18295,249.0,150.0,visa,226.0,debit
C05052-K1,C05052,10258,399.0,150.0,american express,137.0,credit
C06049-K2,C06049,22273,351.0,106.0,visa,137.0,debit
C13336-K1,C13336,17942,352.0,117.0,visa,226.0,debit
C09244-K1,C09244,20598,,150.0,visa,,credit
C08584-K1,C08584,17377,555.0,150.0,visa,226.0,debit
C05785-K1,C05785,22299,524.0,150.0,visa,226.0,credit
C05889-K1,C05889,18998,174.0,150.0,visa,166.0,debit
C10771-K1,C10771,11454,399.0,150.0,american express,236.0,credit
C11804-K1,C11804,18336,555.0,100.0,mastercard,232.0,credit
C08833-K1,C08833,10315,399.0,150.0,american express,207.0,credit
C00549-K1,C00549,13701,555.0,106.0,mastercard,137.0,debit
C13200-K1,C13200,20273,399.0,150.0,american express,146.0,credit
C04783-K1,C04783,22021,225.0,150.0,mastercard,224.0,debit
C08870-K1,C08870,18547,490.0,150.0,visa,226.0,debit
C09798-K1,C09798,15722,321.0,150.0,visa,226.0,debit
C09752-K1,C09752,14866,479.0,150.0,visa,141.0,credit
C10888-K1,C10888,15113,420.0,150.0,mastercard,224.0,debit
C02255-K1,C02255,21425,216.0,150.0,american express,198.0,credit
C06754-K1,C06754,18793,555.0,197.0,visa,226.0,debit
C09006-K1,C09006,10138,151.0,150.0,visa,226.0,debit
C07263-K1,C07263,21639,425.0,150.0,mastercard,224.0,credit
C13316-K1,C13316,23044,321.0,150.0,visa,226.0,debit
C03275-K1,C03275,14820,555.0,150.0,mastercard,117.0,debit
C01373-K1,C01373,14315,399.0,150.0,american express,146.0,credit
C12365-K1,C12365,18849,555.0,150.0,visa,226.0,debit
C12338-K1,C12338,15818,554.0,150.0,mastercard,224.0,debit
C01142-K1,C01142,16802,555.0,150.0,visa,226.0,debit
C07779-K1,C07779,23123,569.0,117.0,visa,226.0,debit
C10741-K1,C10741,15030,302.0,150.0,visa,226.0,debit
C08290-K2,C08290,13596,407.0,185.0,visa,226.0,credit
C04375-K1,C04375,13131,,143.0,visa,,debit
C07478-K1,C07478,13905,399.0,150.0,american express,131.0,credit
C02909-K1,C02909,20705,555.0,197.0,visa,137.0,debit
C07060-K1,C07060,22178,555.0,102.0,mastercard,224.0,debit
C03600-K1,C03600,22255,321.0,150.0,visa,226.0,debit
C09574-K1,C09574,19368,517.0,150.0,mastercard,224.0,debit
C07979-K1,C07979,19391,478.0,150.0,visa,166.0,debit
C01212-K1,C01212,18234,555.0,102.0,visa,138.0,debit
C03315-K3,C03315,17782,555.0,109.0,mastercard,102.0,credit
C06952-K1,C06952,18730,321.0,150.0,visa,226.0,debit
C06884-K2,C06884,14240,512.0,150.0,mastercard,117.0,debit
C09220-K1,C09220,23351,555.0,150.0,visa,226.0,credit
C07236-K1,C07236,10371,555.0,150.0,visa,226.0,debit
C13325-K1,C13325,13405,555.0,150.0,visa,226.0,credit
C04858-K1,C04858,15764,360.0,150.0,visa,166.0,debit
C08244-K1,C08244,21878,555.0,150.0,mastercard,195.0,debit
C05716-K1,C05716,11910,390.0,150.0,mastercard,224.0,debit
C05494-K1,C05494,11502,399.0,150.0,american express,223.0,credit
C03596-K1,C03596,21196,439.0,144.0,mastercard,224.0,credit
C07697-K1,C07697,23408,555.0,150.0,visa,226.0,debit
C02475-K1,C02475,16455,367.0,150.0,mastercard,195.0,credit
C06478-K1,C06478,15616,555.0,150.0,mastercard,102.0,credit
C03758-K1,C03758,12022,399.0,150.0,american express,223.0,credit
C12149-K1,C12149,18897,555.0,150.0,visa,226.0,debit
C05082-K1,C05082,16305,543.0,150.0,mastercard,224.0,debit
C10435-K1,C10435,10728,514.0,150.0,mastercard,195.0,credit
C06445-K1,C06445,14101,527.0,150.0,mastercard,219.0,credit
C03467-K1,C03467,16092,399.0,150.0,american express,118.0,credit
C05148-K1,C05148,18254,555.0,150.0,visa,226.0,debit
C01078-K1,C01078,19177,481.0,150.0,visa,226.0,credit
C11612-K1,C11612,19719,,150.0,visa,166.0,debit
C13501-K1,C13501,22017,555.0,150.0,visa,226.0,debit
C01231-K1,C01231,19227,543.0,150.0,mastercard,224.0,debit
C12941-K1,C12941,18477,555.0,150.0,visa,226.0,debit
C02693-K1,C02693,13472,555.0,150.0,visa,226.0,debit
C07910-K1,C07910,21205,277.0,144.0,visa,102.0,credit
C04295-K1,C04295,12101,162.0,150.0,visa,226.0,credit
C02946-K1,C02946,22153,555.0,150.0,visa,226.0,debit
C01174-K1,C01174,14444,399.0,150.0,american express,150.0,credit
C04580-K1,C04580,20040,555.0,150.0,mastercard,195.0,debit
C07837-K1,C07837,13863,555.0,150.0,visa,226.0,debit
C03000-K1,C03000,23018,555.0,150.0,visa,226.0,debit
C01502-K1,C01502,12269,360.0,150.0,mastercard,126.0,debit
C11007-K1,C11007,23196,555.0,229.0,visa,226.0,credit
C03810-K1,C03810,11858,399.0,150.0,american express,137.0,credit
C11810-K1,C11810,11099,567.0,150.0,mastercard,166.0,debit
C07303-K1,C07303,22622,555.0,138.0,mastercard,224.0,credit
C04449-K1,C04449,17582,277.0,144.0,visa,226.0,debit
C02436-K1,C02436,17578,555.0,127.0,visa,137.0,debit
C10212-K1,C10212,20983,583.0,150.0,visa,226.0,credit
C11475-K1,C11475,17746,514.0,150.0,mastercard,159.0,credit
C02158-K1,C02158,15036,555.0,150.0,mastercard,195.0,debit
C04213-K1,C04213,21893,555.0,150.0,visa,226.0,debit
C07521-K1,C07521,14395,555.0,146.0,mastercard,166.0,debit
C06086-K1,C06086,12763,463.0,144.0,visa,226.0,credit
C11331-K1,C11331,11038,275.0,150.0,mastercard,117.0,debit
C05778-K1,C05778,20962,555.0,185.0,visa,226.0,debit
C05992-K1,C05992,18651,399.0,150.0,american express,236.0,credit
C02619-K1,C02619,14209,174.0,150.0,mastercard,,credit
C09950-K1,C09950,16611,555.0,150.0,visa,226.0,debit
C10588-K1,C10588,19132,399.0,150.0,american express,150.0,credit
C11390-K1,C11390,10266,555.0,150.0,visa,226.0,debit
C11485-K1,C11485,13038,199.0,150.0,mastercard,224.0,credit
C12590-K1,C12590,12746,399.0,150.0,american express,236.0,credit
C05248-K1,C05248,18956,225.0,150.0,mastercard,224.0,debit
C01451-K1,C01451,15631,555.0,150.0,visa,226.0,debit
C01414-K1,C01414,21881,393.0,150.0,mastercard,219.0,credit
C12507-K1,C12507,21863,302.0,150.0,visa,226.0,debit
C07775-K1,C07775,14178,187.0,144.0,visa,137.0,credit
C01611-K1,C01611,20105,399.0,150.0,american express,104.0,credit
C07826-K1,C07826,21609,555.0,150.0,visa,226.0,debit
C01834-K1,C01834,10516,399.0,150.0,american express,133.0,credit
C07959-K1,C07959,19982,554.0,150.0,mastercard,137.0,credit
C01334-K1,C01334,11410,543.0,150.0,mastercard,224.0,debit
C02096-K1,C02096,20211,302.0,150.0,visa,226.0,debit
C01850-K1,C01850,16939,555.0,150.0,visa,226.0,debit
C10453-K1,C10453,11057,555.0,146.0,visa,226.0,credit
C04890-K1,C04890,14821,555.0,215.0,visa,226.0,debit
C00200-K1,C00200,15139,555.0,150.0,visa,226.0,debit
C03501-K1,C03501,14150,555.0,150.0,visa,195.0,debit
C04411-K1,C04411,21412,555.0,150.0,mastercard,224.0,debit
C02774-K1,C02774,18729,214.0,150.0,visa,226.0,debit
C06367-K1,C06367,14902,555.0,150.0,visa,226.0,debit
C11397-K1,C11397,11497,555.0,150.0,visa,195.0,debit
C11118-K1,C11118,19695,399.0,150.0,american express,137.0,credit
C05709-K1,C05709,20230,555.0,150.0,visa,226.0,debit
C09508-K1,C09508,12034,321.0,150.0,visa,226.0,debit
C06165-K1,C06165,14637,390.0,150.0,mastercard,224.0,debit
C12648-K1,C12648,14375,555.0,150.0,visa,226.0,debit
C03702-K1,C03702,21134,555.0,150.0,visa,226.0,debit
C13189-K1,C13189,10607,399.0,150.0,american express,132.0,credit
C13338-K1,C13338,13780,555.0,117.0,mastercard,224.0,credit
C13193-K1,C13193,10177,566.0,150.0,visa,226.0,credit
C05887-K1,C05887,15425,480.0,150.0,mastercard,117.0,debit
C04101-K1,C04101,22387,555.0,150.0,visa,226.0,debit
C02356-K1,C02356,11897,555.0,212.0,visa,226.0,credit
C11586-K1,C11586,13061,399.0,150.0,american express,137.0,credit
C08929-K1,C08929,12682,555.0,197.0,visa,137.0,credit
C13019-K1,C13019,16056,399.0,150.0,american express,236.0,credit
C02244-K1,C02244,19924,548.0,150.0,visa,226.0,credit
C09882-K1,C09882,16843,399.0,150.0,american express,150.0,credit
C10566-K1,C10566,19915,569.0,117.0,mastercard,224.0,credit
C00976-K1,C00976,22737,225.0,150.0,mastercard,224.0,debit
C07101-K1,C07101,11731,555.0,146.0,mastercard,137.0,credit
C01180-K1,C01180,11349,555.0,150.0,visa,226.0,debit
C03003-K1,C03003,15668,555.0,150.0,visa,226.0,credit
C01874-K1,C01874,16450,555.0,150.0,visa,226.0,debit
C11630-K1,C11630,12941,555.0,117.0,mastercard,224.0,debit
C08728-K1,C08728,20072,555.0,102.0,visa,226.0,credit
C05832-K1,C05832,23080,555.0,150.0,visa,226.0,debit
C02508-K1,C02508,18994,543.0,150.0,mastercard,224.0,debit
C01025-K2,C01025,12508,512.0,150.0,mastercard,117.0,debit
C02827-K1,C02827,20908,399.0,150.0,american express,223.0,credit
C08449-K3,C08449,22939,555.0,159.0,visa,,credit
C12279-K1,C12279,14136,555.0,150.0,visa,226.0,debit
C09507-K1,C09507,17828,555.0,150.0,mastercard,102.0,credit
C06371-K1,C06371,20179,225.0,150.0,mastercard,117.0,debit
C05543-K1,C05543,21224,399.0,150.0,american express,223.0,credit
C05080-K1,C05080,19078,310.0,150.0,mastercard,224.0,debit
C07094-K1,C07094,18224,512.0,150.0,mastercard,117.0,debit
C06470-K1,C06470,17170,399.0,150.0,american express,198.0,credit
C12823-K1,C12823,10183,555.0,150.0,mastercard,117.0,debit
C12673-K1,C12673,23434,399.0,150.0,american express,185.0,credit
C00870-K1,C00870,22937,350.0,150.0,visa,195.0,credit
C10813-K1,C10813,12390,399.0,150.0,american express,132.0,credit
C08738-K1,C08738,11244,554.0,150.0,visa,226.0,debit
C01330-K1,C01330,12774,399.0,150.0,american express,146.0,credit
C11236-K1,C11236,22286,555.0,150.0,visa,226.0,debit
C02940-K1,C02940,12605,555.0,210.0,mastercard,137.0,debit
C01447-K1,C01447,17045,321.0,150.0,visa,226.0,debit
C13480-K1,C13480,22730,277.0,144.0,visa,226.0,debit
C00610-K1,C00610,13899,399.0,150.0,american express,223.0,credit
C13539-K1,C13539,12406,555.0,150.0,visa,226.0,debit
C05174-K1,C05174,19377,399.0,150.0,american express,118.0,credit
C11575-K1,C11575,10086,215.0,150.0,mastercard,203.0,credit
C06496-K2,C06496,15677,512.0,150.0,mastercard,224.0,debit
C03403-K1,C03403,16423,512.0,150.0,mastercard,195.0,debit
C10542-K1,C10542,12118,181.0,150.0,visa,226.0,credit
C10331-K1,C10331,22630,480.0,150.0,mastercard,117.0,debit
C07321-K1,C07321,14221,555.0,150.0,visa,226.0,debit
C08176-K1,C08176,12112,555.0,150.0,visa,226.0,debit
C07852-K1,C07852,17720,399.0,150.0,american express,185.0,credit
C12944-K1,C12944,17858,555.0,185.0,mastercard,190.0,credit
C06255-K1,C06255,13970,390.0,150.0,mastercard,224.0,debit
C09349-K1,C09349,18194,302.0,150.0,visa,226.0,debit
C03770-K1,C03770,17712,369.0,150.0,mastercard,224.0,debit
C09860-K1,C09860,11977,167.0,150.0,visa,226.0,credit
C10878-K1,C10878,17850,520.0,150.0,american express,190.0,credit
C10631-K1,C10631,10239,274.0,185.0,visa,226.0,credit
C13087-K1,C13087,22527,543.0,150.0,mastercard,224.0,debit
C04901-K1,C04901,20628,520.0,150.0,american express,190.0,credit
C08789-K1,C08789,12266,399.0,150.0,american express,150.0,credit
C09897-K2,C09897,15560,555.0,150.0,visa,226.0,debit
C00167-K2,C00167,17909,546.0,147.0,mastercard,225.0,debit
C07242-K1,C07242,19818,399.0,150.0,american express,119.0,credit
C12053-K1,C12053,17819,555.0,150.0,visa,226.0,debit
C12429-K1,C12429,16777,295.0,150.0,visa,226.0,credit
C00702-K1,C00702,12175,543.0,150.0,mastercard,224.0,debit
C00171-K1,C00171,22269,399.0,150.0,american express,223.0,credit
C08283-K1,C08283,23451,555.0,150.0,mastercard,102.0,credit
C10495-K1,C10495,10429,399.0,150.0,american express,198.0,credit
C10942-K2,C10942,15198,543.0,150.0,mastercard,224.0,debit
C01488-K2,C01488,17454,480.0,150.0,mastercard,117.0,debit
C03643-K1,C03643,14473,390.0,150.0,mastercard,195.0,debit
C09805-K1,C09805,13623,399.0,150.0,american express,137.0,credit
C10517-K1,C10517,18126,555.0,150.0,american express,120.0,credit
C04781-K1,C04781,12113,143.0,150.0,visa,226.0,debit
C06846-K1,C06846,12624,519.0,150.0,mastercard,117.0,debit
C12911-K1,C12911,16884,517.0,150.0,mastercard,224.0,debit
C08014-K1,C08014,14891,555.0,150.0,visa,226.0,debit
C05809-K1,C05809,15408,555.0,150.0,visa,195.0,credit
C10243-K1,C10243,23441,555.0,150.0,visa,226.0,debit
C02615-K1,C02615,12348,399.0,150.0,american express,132.0,credit
C03737-K1,C03737,10908,555.0,150.0,visa,226.0,credit
C11322-K1,C11322,23412,399.0,150.0,american express,137.0,credit
C06145-K1,C06145,14980,310.0,150.0,mastercard,117.0,debit
C06838-K1,C06838,11764,411.0,150.0,visa,226.0,credit
C07252-K1,C07252,22637,555.0,150.0,visa,195.0,debit
C09048-K2,C09048,21748,512.0,150.0,mastercard,224.0,debit
C09576-K1,C09576,15543,554.0,150.0,visa,226.0,credit
C05843-K1,C05843,12501,310.0,150.0,mastercard,224.0,debit
C06512-K1,C06512,12869,555.0,150.0,visa,226.0,credit
C06211-K1,C06211,21304,,144.0,visa,147.0,credit
C07933-K1,C07933,22473,555.0,150.0,visa,226.0,debit
C08005-K1,C08005,20107,555.0,190.0,visa,226.0,debit
C11004-K1,C11004,12047,555.0,150.0,visa,226.0,debit
C09956-K1,C09956,22105,399.0,150.0,american express,150.0,credit
C00632-K1,C00632,22946,555.0,150.0,visa,226.0,credit
C11034-K1,C11034,10740,209.0,150.0,mastercard,197.0,credit
C00258-K1,C00258,11499,555.0,149.0,visa,138.0,debit
C11684-K1,C11684,12488,463.0,144.0,visa,137.0,credit
C07666-K1,C07666,21947,480.0,150.0,mastercard,102.0,credit
C01940-K1,C01940,11022,372.0,150.0,mastercard,102.0,credit
C00435-K1,C00435,10485,399.0,150.0,american express,131.0,credit
C13341-K1,C13341,20099,321.0,150.0,visa,226.0,debit
C05068-K1,C05068,15273,478.0,150.0,visa,226.0,credit
C11532-K1,C11532,20106,532.0,150.0,mastercard,224.0,debit
C01746-K1,C01746,19799,343.0,150.0,visa,166.0,debit
C01944-K1,C01944,12194,399.0,150.0,american express,237.0,credit
C01094-K1,C01094,19411,111.0,150.0,visa,195.0,debit
C04616-K1,C04616,17256,138.0,200.0,visa,226.0,debit
C03077-K1,C03077,18072,514.0,150.0,mastercard,195.0,debit
C02852-K1,C02852,16385,555.0,106.0,mastercard,224.0,debit
C03037-K1,C03037,21820,555.0,150.0,mastercard,212.0,credit
C12945-K1,C12945,10818,555.0,150.0,visa,226.0,credit
C06563-K1,C06563,11426,406.0,117.0,mastercard,166.0,debit
C01958-K1,C01958,17771,396.0,150.0,mastercard,224.0,credit
C11606-K1,C11606,21066,399.0,150.0,american express,137.0,credit
C13453-K1,C13453,19097,399.0,150.0,american express,223.0,credit
C03888-K1,C03888,21170,555.0,198.0,mastercard,137.0,credit
C09050-K1,C09050,17294,562.0,150.0,mastercard,195.0,debit
C01033-K1,C01033,19218,399.0,150.0,american express,146.0,credit
C09099-K1,C09099,18107,555.0,150.0,visa,226.0,debit
C04129-K1,C04129,23502,399.0,150.0,american express,188.0,credit
C04409-K1,C04409,15875,555.0,150.0,visa,226.0,debit
C06151-K1,C06151,21451,225.0,150.0,mastercard,224.0,debit
C02130-K1,C02130,16972,520.0,150.0,american express,190.0,credit
C11762-K1,C11762,10945,381.0,150.0,visa,226.0,debit
C05922-K3,C05922,12154,408.0,185.0,mastercard,,credit
C10285-K1,C10285,10428,512.0,150.0,mastercard,195.0,credit
C04460-K1,C04460,16231,321.0,150.0,visa,195.0,credit
C06862-K1,C06862,15128,321.0,150.0,visa,226.0,debit
C01156-K1,C01156,11600,512.0,150.0,visa,226.0,debit
C08855-K1,C08855,17685,399.0,150.0,american express,137.0,credit
C03950-K2,C03950,15297,514.0,150.0,mastercard,195.0,credit
C07593-K1,C07593,10097,343.0,150.0,visa,226.0,credit
C02366-K1,C02366,18081,399.0,150.0,american express,137.0,credit
C00277-K1,C00277,13154,555.0,121.0,mastercard,102.0,credit
C07412-K1,C07412,15467,555.0,119.0,visa,137.0,credit
C06380-K1,C06380,17410,151.0,150.0,visa,226.0,debit
C00132-K1,C00132,21544,567.0,150.0,visa,195.0,credit
C09638-K1,C09638,12593,555.0,150.0,visa,226.0,debit
C11688-K1,C11688,13233,555.0,100.0,mastercard,211.0,debit
C03020-K1,C03020,20220,520.0,150.0,american express,190.0,credit
C13274-K1,C13274,11230,418.0,150.0,visa,166.0,debit
C01348-K1,C01348,18039,555.0,150.0,mastercard,224.0,debit
C12369-K2,C12369,14730,213.0,117.0,mastercard,166.0,debit
C08001-K1,C08001,19445,555.0,162.0,mastercard,224.0,debit
C08044-K1,C08044,13975,555.0,150.0,american express,215.0,debit
C05450-K1,C05450,22071,543.0,150.0,mastercard,224.0,debit
C02942-K1,C02942,20522,399.0,150.0,american express,118.0,credit
C12203-K1,C12203,18971,399.0,150.0,american express,137.0,credit
C03214-K1,C03214,20227,,150.0,visa,,credit
C02627-K1,C02627,16130,489.0,150.0,mastercard,219.0,credit
C01076-K1,C01076,14138,555.0,138.0,mastercard,224.0,credit
C00134-K1,C00134,16055,216.0,150.0,visa,226.0,credit
C13181-K1,C13181,15358,399.0,150.0,american express,146.0,credit
C02755-K1,C02755,15762,277.0,144.0,visa,226.0,credit
C03001-K1,C03001,22792,555.0,162.0,visa,102.0,credit
C08251-K1,C08251,17037,381.0,150.0,mastercard,203.0,credit
C11497-K1,C11497,19361,399.0,150.0,american express,137.0,credit
C06837-K1,C06837,16675,555.0,150.0,visa,226.0,debit
C06133-K1,C06133,11688,555.0,150.0,visa,226.0,credit
C05685-K1,C05685,10037,360.0,150.0,visa,166.0,debit
C05776-K1,C05776,17387,321.0,150.0,visa,195.0,debit
C00665-K1,C00665,18322,555.0,150.0,visa,226.0,credit
C01513-K1,C01513,15188,555.0,150.0,visa,226.0,credit
C07367-K1,C07367,15136,555.0,150.0,mastercard,224.0,debit
C13494-K1,C13494,14765,,150.0,visa,226.0,debit
C06432-K1,C06432,16169,399.0,150.0,american express,150.0,credit
C04649-K1,C04649,21924,555.0,150.0,visa,226.0,credit
C11635-K1,C11635,21209,555.0,150.0,visa,226.0,debit
C03635-K1,C03635,21094,543.0,150.0,mastercard,195.0,debit
C03258-K1,C03258,11870,480.0,150.0,mastercard,117.0,debit
C08821-K1,C08821,12270,574.0,150.0,visa,195.0,debit
C06051-K1,C06051,16538,555.0,134.0,visa,137.0,credit
C04743-K1,C04743,12213,545.0,185.0,visa,102.0,credit
C09644-K1,C09644,13838,225.0,150.0,mastercard,224.0,debit
C00866-K1,C00866,18493,583.0,150.0,visa,195.0,credit
C12538-K1,C12538,17641,555.0,150.0,visa,226.0,debit
C05336-K1,C05336,17597,361.0,150.0,visa,195.0,debit
C11348-K1,C11348,14401,399.0,150.0,american express,185.0,credit
C08035-K1,C08035,13833,555.0,150.0,visa,226.0,debit
C03472-K1,C03472,18331,111.0,150.0,visa,195.0,debit
C07507-K1,C07507,15308,555.0,150.0,visa,226.0,credit
C00737-K1,C00737,19469,399.0,150.0,american express,146.0,credit
C06239-K1,C06239,12916,512.0,150.0,mastercard,195.0,debit
C12806-K1,C12806,13601,345.0,150.0,mastercard,100.0,debit
C07950-K1,C07950,10659,543.0,150.0,mastercard,224.0,debit
C06129-K1,C06129,10457,555.0,106.0,visa,137.0,debit
C07907-K1,C07907,21532,555.0,150.0,visa,226.0,debit
C03452-K1,C03452,19746,555.0,150.0,visa,226.0,debit
C10190-K1,C10190,13511,554.0,150.0,mastercard,224.0,debit
C05521-K1,C05521,18013,555.0,150.0,visa,226.0,credit
C00878-K1,C00878,19593,555.0,150.0,visa,226.0,credit
C06750-K1,C06750,17849,216.0,150.0,mastercard,102.0,credit
C03578-K1,C03578,18316,521.0,150.0,visa,226.0,credit
C12837-K1,C12837,16166,555.0,185.0,visa,226.0,debit
C02501-K1,C02501,18347,429.0,150.0,visa,226.0,credit
C05305-K1,C05305,14272,111.0,150.0,visa,226.0,debit
C02797-K1,C02797,18630,555.0,106.0,visa,226.0,debit
C05807-K1,C05807,14871,399.0,150.0,american express,223.0,credit
C02739-K1,C02739,19115,555.0,150.0,visa,226.0,debit
C12872-K1,C12872,12654,555.0,150.0,visa,226.0,debit
C02853-K1,C02853,11783,,150.0,visa,226.0,debit
C05616-K1,C05616,10618,555.0,150.0,visa,226.0,debit
C01799-K2,C01799,11883,555.0,185.0,visa,137.0,credit
C03679-K1,C03679,13011,555.0,150.0,visa,226.0,credit
C09477-K1,C09477,12970,225.0,150.0,mastercard,224.0,debit
C11153-K1,C11153,15529,555.0,150.0,visa,226.0,debit
C07756-K1,C07756,13719,555.0,150.0,visa,226.0,debit
C07405-K1,C07405,17634,399.0,150.0,american express,137.0,credit
C06138-K1,C06138,14791,555.0,150.0,visa,226.0,debit
C11033-K1,C11033,19525,,150.0,visa,162.0,credit
C11161-K1,C11161,22667,555.0,150.0,mastercard,224.0,debit
C02845-K1,C02845,17747,399.0,150.0,american express,223.0,credit
C12671-K1,C12671,22338,490.0,150.0,visa,177.0,debit
C07693-K1,C07693,19099,271.0,150.0,visa,195.0,debit
C02972-K1,C02972,14988,369.0,150.0,mastercard,195.0,debit
C06450-K1,C06450,11516,399.0,150.0,american express,132.0,credit
C04907-K1,C04907,21530,321.0,150.0,visa,226.0,debit
C09128-K1,C09128,13339,555.0,150.0,visa,226.0,credit
C04822-K1,C04822,12573,555.0,171.0,visa,226.0,debit
C02373-K1,C02373,20715,543.0,150.0,mastercard,224.0,debit
C08479-K1,C08479,14074,555.0,150.0,visa,226.0,debit
C11395-K1,C11395,15736,399.0,150.0,american express,146.0,credit
C05363-K1,C05363,10763,555.0,166.0,visa,113.0,debit
C04041-K1,C04041,21858,399.0,150.0,american express,198.0,credit
C08673-K1,C08673,18287,555.0,150.0,visa,226.0,debit
C01091-K1,C01091,20948,492.0,150.0,mastercard,224.0,debit
C04602-K1,C04602,13647,285.0,150.0,visa,226.0,debit
C00036-K1,C00036,11005,488.0,117.0,mastercard,224.0,credit
C01408-K1,C01408,15342,562.0,150.0,mastercard,102.0,credit
C03370-K1,C03370,10504,369.0,150.0,mastercard,224.0,debit
C05087-K1,C05087,12483,216.0,150.0,visa,226.0,credit
C07137-K1,C07137,14889,555.0,150.0,visa,195.0,debit
C05743-K1,C05743,12910,520.0,150.0,american express,190.0,credit
C02106-K1,C02106,16467,399.0,150.0,american express,132.0,credit
C10817-K1,C10817,21753,555.0,150.0,visa,226.0,debit
C06290-K1,C06290,12481,194.0,150.0,mastercard,166.0,debit
C11330-K1,C11330,22832,399.0,150.0,american express,223.0,credit
C10128-K1,C10128,17882,555.0,144.0,mastercard,224.0,credit
C05166-K1,C05166,14441,225.0,150.0,mastercard,224.0,debit
C00209-K1,C00209,13517,555.0,150.0,visa,226.0,debit
C06338-K1,C06338,20542,237.0,150.0,mastercard,195.0,debit
C05891-K1,C05891,15382,399.0,150.0,american express,236.0,credit
C07395-K2,C07395,11840,555.0,150.0,mastercard,166.0,debit
C02778-K1,C02778,18860,399.0,150.0,american express,223.0,credit
C07606-K1,C07606,18455,512.0,150.0,mastercard,195.0,credit
C00187-K1,C00187,12235,399.0,150.0,american express,223.0,credit
C03545-K1,C03545,18061,520.0,150.0,american express,190.0,credit
C00111-K1,C00111,16066,390.0,150.0,mastercard,224.0,debit
C04734-K1,C04734,23132,555.0,150.0,visa,226.0,debit
C01528-K1,C01528,20929,399.0,150.0,american express,185.0,credit
C08486-K1,C08486,18299,,150.0,visa,,credit
C12351-K1,C12351,14347,555.0,150.0,visa,226.0,debit
C12855-K1,C12855,11655,305.0,106.0,mastercard,224.0,credit
C12537-K1,C12537,18637,555.0,150.0,visa,226.0,debit
C04997-K2,C04997,18445,122.0,150.0,mastercard,166.0,debit
C03625-K1,C03625,11216,517.0,150.0,mastercard,224.0,debit
C01429-K1,C01429,15012,547.0,150.0,visa,226.0,credit
C00955-K1,C00955,17211,543.0,150.0,mastercard,224.0,debit
C10221-K1,C10221,15950,555.0,150.0,visa,226.0,debit
C12854-K1,C12854,12690,478.0,150.0,visa,141.0,credit
C08147-K1,C08147,20562,548.0,150.0,visa,194.0,credit
C04800-K1,C04800,18607,532.0,150.0,mastercard,195.0,debit
C08123-K1,C08123,16306,118.0,185.0,visa,226.0,debit
C06444-K1,C06444,14402,399.0,150.0,american express,223.0,credit
C04766-K1,C04766,22512,439.0,144.0,mastercard,195.0,credit
C10388-K1,C10388,16195,216.0,150.0,mastercard,224.0,credit
C10030-K1,C10030,13171,277.0,144.0,visa,195.0,credit
C12260-K1,C12260,19472,275.0,150.0,mastercard,224.0,debit
C06385-K1,C06385,15546,555.0,150.0,visa,226.0,credit
C04202-K1,C04202,14868,532.0,150.0,mastercard,224.0,debit
C12275-K1,C12275,10332,321.0,150.0,visa,226.0,debit
C05030-K1,C05030,15240,555.0,150.0,visa,226.0,debit
C08806-K1,C08806,19567,480.0,150.0,mastercard,224.0,debit
C05303-K1,C05303,14012,555.0,185.0,mastercard,102.0,credit
C06328-K1,C06328,22833,555.0,150.0,visa,226.0,credit
C00174-K1,C00174,16276,440.0,185.0,visa,226.0,debit
C03310-K1,C03310,15813,399.0,150.0,american express,237.0,credit
C04141-K1,C04141,11961,555.0,150.0,visa,226.0,credit
C02683-K1,C02683,13550,555.0,150.0,visa,226.0,debit
C07369-K1,C07369,16173,399.0,150.0,american express,132.0,credit
C09042-K1,C09042,21519,225.0,150.0,mastercard,224.0,debit
C04536-K2,C04536,21942,351.0,106.0,visa,137.0,debit
C04437-K1,C04437,18196,361.0,150.0,visa,195.0,credit
C08534-K1,C08534,18615,543.0,150.0,mastercard,224.0,debit
C05856-K1,C05856,13337,529.0,150.0,visa,226.0,credit
C10208-K1,C10208,14254,555.0,150.0,visa,226.0,credit
C12251-K1,C12251,18542,399.0,150.0,american express,118.0,credit
C10747-K1,C10747,20160,399.0,150.0,american express,198.0,credit
C07206-K1,C07206,22052,555.0,166.0,visa,226.0,debit
C07308-K1,C07308,10219,555.0,150.0,visa,226.0,debit
C08238-K1,C08238,23299,399.0,150.0,american express,223.0,credit
C11614-K1,C11614,18191,555.0,150.0,visa,226.0,debit
C02506-K1,C02506,22940,528.0,150.0,visa,195.0,credit
C11108-K1,C11108,17728,274.0,185.0,mastercard,224.0,credit
C02411-K1,C02411,13832,555.0,150.0,visa,226.0,debit
C04043-K1,C04043,13512,555.0,150.0,visa,226.0,debit
C06214-K1,C06214,14897,399.0,150.0,american express,137.0,credit
C04291-K1,C04291,21958,158.0,150.0,visa,195.0,debit
C05602-K1,C05602,16193,512.0,150.0,visa,141.0,credit
C08890-K1,C08890,18779,399.0,150.0,american express,185.0,credit
C13331-K1,C13331,17401,321.0,150.0,visa,226.0,debit
C12056-K1,C12056,18069,420.0,150.0,mastercard,195.0,debit
C05764-K1,C05764,17817,480.0,150.0,mastercard,224.0,debit
C08861-K1,C08861,19961,399.0,150.0,american express,198.0,credit
C06805-K1,C06805,23219,555.0,150.0,visa,226.0,debit
C01045-K1,C01045,21717,392.0,150.0,mastercard,195.0,debit
C11548-K1,C11548,23030,225.0,150.0,mastercard,224.0,debit
C05230-K1,C05230,19796,555.0,150.0,mastercard,102.0,credit
C12971-K1,C12971,17973,142.0,185.0,mastercard,224.0,credit
C12881-K1,C12881,13990,399.0,150.0,american express,237.0,credit
C05794-K1,C05794,21013,555.0,150.0,mastercard,195.0,credit
C11581-K1,C11581,17702,399.0,150.0,american express,137.0,credit
C11100-K1,C11100,20050,399.0,150.0,american express,223.0,credit
C00139-K1,C00139,18509,,150.0,visa,226.0,debit
C07186-K1,C07186,23396,360.0,150.0,visa,100.0,debit
C13083-K1,C13083,14320,555.0,150.0,mastercard,117.0,debit
C08280-K1,C08280,11595,126.0,150.0,visa,226.0,debit
C02485-K1,C02485,12933,399.0,150.0,american express,223.0,credit
C04688-K1,C04688,20461,343.0,150.0,visa,226.0,credit
C04169-K1,C04169,18798,543.0,150.0,mastercard,102.0,credit
C05912-K1,C05912,13377,181.0,150.0,visa,195.0,credit
C00308-K1,C00308,19727,225.0,150.0,mastercard,117.0,debit
C09303-K1,C09303,19421,384.0,150.0,mastercard,224.0,debit
C03131-K1,C03131,22838,555.0,102.0,mastercard,137.0,credit
C00421-K1,C00421,22231,555.0,150.0,visa,226.0,debit
C03252-K1,C03252,19902,399.0,150.0,american express,207.0,credit
C11935-K1,C11935,23322,321.0,150.0,visa,226.0,debit
C07027-K1,C07027,10443,367.0,150.0,mastercard,224.0,credit
C05183-K1,C05183,19264,,150.0,visa,195.0,credit
C07630-K1,C07630,21466,578.0,150.0,visa,226.0,credit
C00056-K1,C00056,18079,363.0,150.0,visa,226.0,debit
C07869-K1,C07869,18268,555.0,150.0,visa,226.0,credit
C05612-K1,C05612,15131,554.0,150.0,visa,226.0,credit
C01537-K1,C01537,22287,399.0,150.0,american express,137.0,credit
C03832-K1,C03832,18546,555.0,150.0,visa,226.0,debit
C03204-K2,C03204,20860,555.0,213.0,mastercard,166.0,debit
C13077-K1,C13077,14424,225.0,150.0,mastercard,224.0,debit
C06492-K1,C06492,12408,399.0,150.0,american express,223.0,credit
C07623-K1,C07623,11707,555.0,150.0,visa,226.0,debit
C01393-K1,C01393,18709,111.0,150.0,mastercard,129.0,credit
C05614-K1,C05614,11060,555.0,150.0,visa,226.0,credit
C01196-K1,C01196,12718,399.0,150.0,american express,118.0,credit
C11289-K1,C11289,17541,555.0,150.0,visa,226.0,credit
C03592-K1,C03592,10775,555.0,144.0,mastercard,219.0,credit
C02290-K1,C02290,10250,399.0,150.0,american express,223.0,credit
C07542-K1,C07542,18596,321.0,150.0,visa,226.0,debit
C09372-K1,C09372,15625,399.0,150.0,american express,185.0,credit
C06719-K1,C06719,13737,310.0,150.0,mastercard,224.0,debit
C10257-K1,C10257,13237,360.0,150.0,visa,226.0,credit
C03630-K1,C03630,18921,399.0,150.0,american express,137.0,credit
C03169-K1,C03169,13761,,150.0,visa,,credit
C09720-K1,C09720,21554,555.0,119.0,visa,226.0,debit
C01831-K1,C01831,15237,128.0,150.0,visa,195.0,credit
C04350-K1,C04350,12633,399.0,150.0,american express,150.0,credit
C04552-K1,C04552,14368,555.0,150.0,visa,226.0,credit
C13049-K1,C13049,12169,399.0,150.0,american express,137.0,credit
C08486-K2,C08486,18299,,150.0,visa,223.0,credit
C07025-K1,C07025,21320,555.0,150.0,mastercard,102.0,credit
C08526-K1,C08526,16349,555.0,150.0,visa,226.0,debit
C07417-K1,C07417,22379,390.0,150.0,mastercard,224.0,debit
C10635-K1,C10635,18264,555.0,150.0,visa,226.0,debit
C00981-K1,C00981,13862,555.0,152.0,mastercard,224.0,credit
C03754-K1,C03754,12834,145.0,150.0,mastercard,137.0,credit
C07095-K1,C07095,17590,399.0,150.0,american express,188.0,credit
C05944-K1,C05944,10643,555.0,121.0,visa,226.0,credit
C11527-K1,C11527,21437,111.0,150.0,mastercard,195.0,debit
C07129-K1,C07129,19889,399.0,150.0,american express,185.0,credit
C02098-K1,C02098,11621,555.0,150.0,visa,226.0,credit
C05759-K1,C05759,10745,543.0,150.0,mastercard,224.0,debit
C03129-K1,C03129,17182,555.0,150.0,visa,226.0,debit
C12235-K1,C12235,10901,399.0,150.0,american express,133.0,credit
C04546-K2,C04546,10470,471.0,150.0,mastercard,166.0,debit
C12092-K1,C12092,10493,224.0,106.0,mastercard,195.0,credit
C02571-K1,C02571,12762,390.0,150.0,mastercard,224.0,debit
C11334-K1,C11334,15726,555.0,150.0,visa,226.0,credit
C11603-K1,C11603,23476,310.0,150.0,mastercard,224.0,debit
C10889-K2,C10889,16172,555.0,150.0,visa,226.0,debit
C10815-K1,C10815,14679,555.0,150.0,visa,226.0,debit
C12434-K1,C12434,11696,399.0,150.0,american express,133.0,credit
C07827-K1,C07827,19408,225.0,150.0,mastercard,224.0,debit
C02410-K1,C02410,13555,520.0,150.0,american express,190.0,credit
C03165-K1,C03165,21879,399.0,150.0,american express,188.0,credit
C11667-K1,C11667,15817,390.0,150.0,mastercard,195.0,debit
C07189-K1,C07189,15424,399.0,150.0,american express,118.0,credit
C08170-K1,C08170,15862,537.0,150.0,mastercard,195.0,debit
C08018-K1,C08018,12725,399.0,150.0,american express,223.0,credit
C09690-K1,C09690,18816,181.0,150.0,visa,195.0,credit
C01398-K1,C01398,14411,555.0,138.0,mastercard,,debit
C10118-K1,C10118,22240,555.0,150.0,visa,195.0,debit
C02815-K1,C02815,11030,420.0,150.0,mastercard,102.0,credit
C02688-K1,C02688,10188,555.0,131.0,mastercard,177.0,debit
C12308-K1,C12308,13423,399.0,150.0,american express,223.0,credit
C12710-K1,C12710,16093,555.0,150.0,visa,226.0,credit
C05254-K1,C05254,22908,555.0,150.0,visa,226.0,credit
C11669-K1,C11669,22370,593.0,150.0,mastercard,117.0,debit
C05724-K1,C05724,21570,555.0,213.0,mastercard,224.0,credit
C11554-K1,C11554,14029,555.0,159.0,visa,226.0,debit
C04854-K1,C04854,16077,174.0,150.0,visa,226.0,credit
C04387-K1,C04387,11310,555.0,119.0,visa,226.0,debit
C11510-K1,C11510,12466,399.0,150.0,american express,146.0,credit
C02455-K1,C02455,16039,555.0,150.0,visa,226.0,debit
C06842-K1,C06842,18364,555.0,150.0,visa,226.0,debit
C00052-K1,C00052,18943,543.0,150.0,mastercard,224.0,debit
C11943-K1,C11943,21315,555.0,150.0,visa,226.0,debit
C12444-K1,C12444,12392,514.0,150.0,mastercard,224.0,debit
C08868-K1,C08868,21371,420.0,150.0,mastercard,102.0,credit
C10452-K1,C10452,20256,399.0,150.0,american express,185.0,credit
C10415-K1,C10415,17329,555.0,150.0,visa,226.0,debit
C01067-K1,C01067,18183,399.0,150.0,american express,185.0,credit
C05699-K1,C05699,14754,225.0,150.0,mastercard,102.0,credit
C07419-K1,C07419,14654,555.0,100.0,visa,138.0,debit
C01157-K1,C01157,11086,480.0,150.0,mastercard,117.0,debit
C05141-K1,C05141,16392,399.0,150.0,american express,150.0,credit
C04702-K1,C04702,23060,481.0,150.0,mastercard,102.0,credit
C00001-K1,C00001,10859,399.0,150.0,american express,137.0,credit
C06592-K1,C06592,11169,343.0,150.0,visa,226.0,credit
C03768-K1,C03768,12530,555.0,117.0,visa,226.0,credit
C09968-K1,C09968,11781,127.0,150.0,mastercard,195.0,credit
C10646-K1,C10646,22812,583.0,150.0,visa,226.0,credit
C13317-K2,C13317,18023,512.0,150.0,mastercard,224.0,debit
C02980-K1,C02980,12499,399.0,150.0,american express,132.0,credit
C09273-K1,C09273,21187,399.0,150.0,american express,132.0,credit
C11128-K1,C11128,21176,555.0,150.0,visa,226.0,debit
C09807-K1,C09807,14126,410.0,150.0,visa,226.0,credit
C07455-K1,C07455,19858,143.0,150.0,visa,226.0,debit
C12566-K1,C12566,14250,399.0,150.0,american express,146.0,credit
C05720-K1,C05720,21191,543.0,150.0,mastercard,224.0,debit
C08606-K1,C08606,15162,555.0,150.0,visa,226.0,credit
C12093-K1,C12093,21147,577.0,150.0,mastercard,117.0,debit
C09126-K1,C09126,22861,555.0,150.0,visa,226.0,debit
C11112-K1,C11112,19803,555.0,150.0,visa,226.0,debit
C01878-K1,C01878,20808,414.0,143.0,visa,226.0,credit
C06770-K1,C06770,21592,399.0,150.0,american express,133.0,credit
C10377-K1,C10377,13447,514.0,150.0,mastercard,129.0,credit
C12387-K2,C12387,14619,551.0,150.0,visa,226.0,credit
C03938-K1,C03938,19805,228.0,106.0,visa,137.0,debit
C08250-K1,C08250,20327,197.0,150.0,visa,226.0,credit
C01244-K1,C01244,22149,399.0,150.0,american express,236.0,credit
C04453-K1,C04453,16659,158.0,150.0,visa,195.0,debit
C03333-K1,C03333,13477,321.0,150.0,visa,226.0,debit
C12845-K1,C12845,19930,555.0,121.0,visa,162.0,credit
C00314-K1,C00314,22767,399.0,150.0,american express,223.0,credit
C08141-K1,C08141,11102,555.0,150.0,visa,226.0,credit
C02314-K1,C02314,12160,583.0,150.0,visa,226.0,credit
C09905-K1,C09905,14781,,150.0,visa,226.0,debit
C12266-K1,C12266,13588,555.0,150.0,visa,226.0,credit
C00734-K1,C00734,19754,399.0,150.0,american express,102.0,credit
C11135-K1,C11135,19041,555.0,150.0,visa,226.0,debit
C12503-K1,C12503,11826,186.0,150.0,mastercard,224.0,debit
C05470-K2,C05470,19337,,150.0,visa,226.0,credit
C04266-K1,C04266,19065,310.0,150.0,mastercard,224.0,debit
C06989-K1,C06989,21342,555.0,150.0,visa,226.0,credit
C11782-K1,C11782,10413,341.0,185.0,visa,137.0,credit
C02913-K1,C02913,11501,154.0,150.0,visa,226.0,credit
C07031-K1,C07031,20014,555.0,150.0,visa,166.0,debit
C05325-K1,C05325,21136,399.0,150.0,american express,150.0,credit
C06652-K1,C06652,12827,554.0,150.0,visa,226.0,debit
C01328-K1,C01328,13145,591.0,150.0,visa,194.0,credit
C05707-K1,C05707,18953,555.0,156.0,visa,226.0,debit
C08425-K1,C08425,22479,555.0,197.0,visa,137.0,credit
C07891-K1,C07891,18665,555.0,150.0,mastercard,224.0,debit
C10544-K1,C10544,13926,302.0,150.0,visa,226.0,debit
C02238-K1,C02238,13290,555.0,150.0,visa,226.0,debit
C10485-K1,C10485,12362,225.0,150.0,mastercard,117.0,debit
C09436-K1,C09436,12421,399.0,150.0,american express,146.0,credit
C12754-K1,C12754,10065,555.0,138.0,visa,226.0,debit
C10910-K1,C10910,20980,310.0,150.0,mastercard,224.0,debit
C11125-K1,C11125,22515,553.0,150.0,american express,131.0,credit
C05207-K1,C05207,22125,399.0,150.0,american express,185.0,credit
C02617-K1,C02617,19965,555.0,219.0,visa,226.0,credit
C00491-K1,C00491,19272,399.0,150.0,american express,132.0,credit
C07054-K1,C07054,22690,399.0,150.0,american express,198.0,credit
C05055-K1,C05055,11862,555.0,185.0,mastercard,224.0,debit
C05533-K1,C05533,15998,399.0,150.0,american express,185.0,credit
C07807-K1,C07807,12648,224.0,106.0,mastercard,224.0,credit
C06180-K1,C06180,21871,321.0,150.0,visa,226.0,debit
C10826-K2,C10826,22090,512.0,150.0,mastercard,219.0,credit
C10180-K1,C10180,20551,555.0,119.0,mastercard,102.0,credit
C02486-K1,C02486,11830,555.0,150.0,visa,195.0,debit
C11517-K1,C11517,21046,321.0,150.0,visa,195.0,debit
C09499-K1,C09499,20921,543.0,150.0,mastercard,224.0,debit
C10461-K1,C10461,21411,399.0,150.0,american express,198.0,credit
C03049-K1,C03049,16635,463.0,144.0,visa,195.0,credit
C12413-K1,C12413,18439,555.0,150.0,visa,226.0,debit
C00445-K1,C00445,15164,555.0,150.0,visa,226.0,debit
C01617-K1,C01617,12946,555.0,150.0,visa,226.0,debit
C06527-K1,C06527,20811,390.0,150.0,mastercard,224.0,debit
C07241-K1,C07241,23019,399.0,150.0,american express,185.0,credit
C04156-K1,C04156,22724,555.0,150.0,visa,226.0,debit
C00869-K1,C00869,12926,390.0,150.0,mastercard,224.0,debit
C04896-K1,C04896,16014,225.0,150.0,mastercard,117.0,debit
C06072-K2,C06072,19637,,150.0,visa,102.0,debit
C11921-K1,C11921,22230,543.0,150.0,mastercard,224.0,debit
C02056-K1,C02056,11715,174.0,150.0,visa,226.0,debit
C10173-K1,C10173,14384,149.0,147.0,mastercard,190.0,credit
C12904-K1,C12904,10587,512.0,150.0,mastercard,117.0,debit
C01359-K1,C01359,16451,555.0,146.0,visa,226.0,credit
C04027-K1,C04027,12826,127.0,150.0,mastercard,102.0,credit
C02409-K1,C02409,19395,555.0,142.0,mastercard,102.0,credit
C04236-K1,C04236,11559,399.0,150.0,american express,185.0,credit
C00646-K1,C00646,23551,399.0,150.0,american express,223.0,credit
C02283-K1,C02283,15284,543.0,150.0,mastercard,195.0,debit
C11484-K1,C11484,16238,174.0,150.0,visa,195.0,debit
C09074-K1,C09074,13419,555.0,150.0,visa,226.0,debit
C05070-K1,C05070,11112,520.0,150.0,american express,190.0,credit
C04220-K1,C04220,13112,111.0,150.0,visa,195.0,credit
C07653-K1,C07653,10742,555.0,150.0,visa,226.0,debit
C12202-K1,C12202,12798,583.0,150.0,visa,226.0,credit
C13010-K1,C13010,14743,555.0,150.0,visa,226.0,debit
C07559-K1,C07559,17837,555.0,150.0,visa,226.0,debit
C03447-K1,C03447,18731,555.0,150.0,visa,226.0,credit
C12319-K1,C12319,12351,225.0,150.0,mastercard,195.0,debit
C03392-K1,C03392,12885,520.0,150.0,american express,190.0,credit
C08138-K1,C08138,15024,111.0,150.0,visa,166.0,debit
C05588-K1,C05588,16679,399.0,150.0,american express,132.0,credit
C03784-K1,C03784,11689,555.0,150.0,visa,226.0,credit
C00885-K1,C00885,15485,555.0,134.0,visa,226.0,credit
C01836-K1,C01836,16848,555.0,134.0,visa,137.0,credit
C08344-K1,C08344,10074,,102.0,visa,195.0,credit
C10748-K1,C10748,12613,555.0,150.0,visa,226.0,debit
C13417-K1,C13417,10378,555.0,150.0,visa,226.0,debit
C08845-K3,C08845,11928,,150.0,visa,126.0,debit
C09960-K1,C09960,22318,520.0,150.0,american express,190.0,credit
C06960-K1,C06960,23518,272.0,150.0,visa,226.0,credit
C12822-K1,C12822,12915,369.0,150.0,mastercard,224.0,debit
C06425-K1,C06425,15270,128.0,150.0,visa,226.0,credit
C04032-K1,C04032,18929,555.0,150.0,visa,226.0,debit
C06625-K1,C06625,20731,112.0,150.0,mastercard,195.0,debit
C02703-K1,C02703,13713,212.0,150.0,visa,226.0,credit
C07330-K1,C07330,19735,555.0,188.0,mastercard,232.0,credit
C08193-K1,C08193,14097,555.0,150.0,visa,226.0,credit
C11280-K1,C11280,11550,555.0,150.0,mastercard,137.0,credit
C03566-K1,C03566,20486,360.0,150.0,visa,226.0,debit
C05358-K1,C05358,21011,396.0,150.0,mastercard,224.0,credit
C10579-K1,C10579,13969,555.0,150.0,visa,226.0,credit
C09466-K1,C09466,22589,399.0,150.0,american express,137.0,credit
C08774-K1,C08774,16350,399.0,150.0,american express,236.0,credit
C00890-K1,C00890,15130,181.0,150.0,visa,226.0,credit
C04944-K1,C04944,22480,369.0,150.0,mastercard,102.0,credit
C02990-K2,C02990,18380,517.0,150.0,mastercard,224.0,debit
C06865-K1,C06865,13470,399.0,150.0,american express,118.0,credit
C06281-K1,C06281,14752,162.0,150.0,visa,226.0,credit
C03147-K1,C03147,23048,555.0,150.0,visa,226.0,credit
C00682-K1,C00682,10085,390.0,150.0,mastercard,224.0,debit
C13028-K1,C13028,21252,567.0,150.0,mastercard,203.0,credit
C06012-K1,C06012,10933,207.0,150.0,visa,226.0,debit
C08154-K1,C08154,22219,555.0,150.0,visa,226.0,credit
C09237-K1,C09237,17835,555.0,166.0,mastercard,224.0,credit
C05266-K1,C05266,17305,520.0,150.0,american express,190.0,credit
C01193-K1,C01193,10483,543.0,150.0,mastercard,224.0,debit
C00300-K1,C00300,14686,399.0,150.0,american express,119.0,credit
C08175-K1,C08175,12694,555.0,150.0,visa,226.0,credit
C08958-K1,C08958,20692,540.0,106.0,visa,137.0,debit
C07467-K1,C07467,13403,399.0,150.0,american express,137.0,credit
C11751-K1,C11751,21997,399.0,150.0,american express,185.0,credit
C03655-K1,C03655,19578,303.0,150.0,visa,226.0,debit
C04379-K1,C04379,15444,259.0,150.0,mastercard,137.0,credit
C02531-K1,C02531,20411,520.0,150.0,american express,190.0,credit
C10022-K1,C10022,20001,583.0,150.0,visa,226.0,credit
C03632-K1,C03632,12925,399.0,150.0,american express,236.0,credit
C05306-K1,C05306,15992,555.0,150.0,visa,226.0,debit
C12976-K1,C12976,19127,321.0,150.0,visa,226.0,debit
C05396-K1,C05396,16909,555.0,150.0,visa,226.0,debit
C02928-K1,C02928,10843,399.0,150.0,american express,104.0,credit
C12757-K1,C12757,13166,512.0,150.0,mastercard,195.0,credit
C12008-K1,C12008,14682,399.0,150.0,american express,104.0,credit
C04613-K1,C04613,13699,399.0,150.0,american express,137.0,credit
C02435-K1,C02435,16275,516.0,150.0,mastercard,224.0,debit
C00211-K1,C00211,15386,555.0,150.0,visa,226.0,credit
C07121-K1,C07121,14592,555.0,150.0,visa,226.0,credit
C12608-K1,C12608,18014,403.0,150.0,visa,195.0,debit
C01001-K1,C01001,11000,555.0,150.0,visa,226.0,debit
C01274-K1,C01274,13498,520.0,150.0,american express,190.0,credit
C08862-K1,C08862,19288,555.0,150.0,visa,226.0,debit
C10713-K1,C10713,10403,520.0,150.0,american express,190.0,credit
C13345-K1,C13345,17484,143.0,150.0,visa,226.0,debit
C08849-K1,C08849,19416,555.0,150.0,visa,226.0,debit
C01639-K1,C01639,19647,480.0,150.0,mastercard,224.0,debit
C13368-K1,C13368,22450,555.0,150.0,visa,226.0,credit
C10939-K1,C10939,14951,268.0,150.0,visa,166.0,debit
C04457-K1,C04457,10758,555.0,147.0,visa,137.0,credit
C06030-K1,C06030,11058,555.0,150.0,visa,226.0,debit
C00224-K1,C00224,21006,437.0,150.0,visa,226.0,credit
C04143-K1,C04143,20394,108.0,150.0,mastercard,117.0,debit
C03182-K1,C03182,18932,399.0,150.0,american express,137.0,credit
C02808-K1,C02808,16073,555.0,150.0,visa,226.0,debit
C12450-K1,C12450,13426,399.0,150.0,american express,185.0,credit
C08144-K1,C08144,13060,555.0,150.0,visa,226.0,credit
C03528-K1,C03528,14407,310.0,150.0,mastercard,224.0,debit
C12516-K1,C12516,13949,555.0,150.0,mastercard,224.0,debit
C12270-K1,C12270,10921,555.0,150.0,visa,226.0,credit
C07371-K1,C07371,11881,555.0,150.0,visa,226.0,credit
C05590-K1,C05590,13876,399.0,150.0,american express,185.0,credit
C03336-K1,C03336,14998,168.0,144.0,visa,195.0,credit
C01015-K1,C01015,21173,127.0,150.0,mastercard,102.0,credit
C09909-K1,C09909,20282,277.0,144.0,mastercard,224.0,credit
C11555-K1,C11555,10557,390.0,150.0,mastercard,224.0,debit
C01814-K1,C01814,16021,555.0,150.0,visa,195.0,debit
C08364-K1,C08364,16641,555.0,204.0,visa,137.0,credit
C06617-K1,C06617,10765,382.0,150.0,visa,226.0,debit
C13030-K1,C13030,19764,555.0,150.0,visa,226.0,debit
C02885-K1,C02885,15759,321.0,150.0,visa,195.0,credit
C03082-K1,C03082,20503,583.0,150.0,visa,226.0,credit
C11989-K1,C11989,15754,390.0,150.0,mastercard,224.0,debit
C03062-K1,C03062,11710,514.0,150.0,mastercard,224.0,credit
C00248-K1,C00248,18105,555.0,150.0,visa,226.0,debit
C13301-K1,C13301,18406,555.0,141.0,mastercard,224.0,debit
C05228-K1,C05228,14064,555.0,150.0,visa,226.0,credit
C00465-K1,C00465,14898,321.0,150.0,visa,226.0,debit
C09096-K1,C09096,20410,555.0,150.0,visa,226.0,credit
C13042-K1,C13042,10128,555.0,141.0,mastercard,152.0,debit
C08439-K1,C08439,17632,555.0,150.0,visa,226.0,debit
C03420-K1,C03420,17468,555.0,197.0,visa,226.0,credit
C03359-K1,C03359,20462,480.0,150.0,mastercard,224.0,debit
C11089-K1,C11089,21114,555.0,150.0,visa,226.0,debit
C01023-K1,C01023,11270,340.0,150.0,mastercard,100.0,debit
C03086-K1,C03086,18620,555.0,150.0,visa,226.0,debit
C12424-K1,C12424,16323,310.0,150.0,mastercard,224.0,debit
C12147-K1,C12147,21921,399.0,150.0,american express,146.0,credit
C06904-K1,C06904,14558,399.0,150.0,american express,185.0,credit
C07629-K1,C07629,19173,543.0,150.0,mastercard,195.0,debit
C09913-K1,C09913,14152,321.0,150.0,visa,226.0,debit
C06843-K1,C06843,22885,543.0,150.0,mastercard,224.0,debit
C01277-K1,C01277,22050,399.0,150.0,american express,137.0,credit
C07373-K1,C07373,15406,215.0,150.0,visa,226.0,debit
C05700-K1,C05700,20751,399.0,150.0,american express,150.0,credit
C10503-K1,C10503,14307,555.0,207.0,visa,162.0,credit
C07595-K1,C07595,22626,555.0,150.0,visa,226.0,debit
C10341-K1,C10341,16295,555.0,150.0,visa,226.0,debit
C00191-K1,C00191,19114,,150.0,visa,195.0,debit
C06537-K1,C06537,16901,399.0,150.0,american express,223.0,credit
C08604-K1,C08604,21649,399.0,150.0,american express,150.0,credit
C04942-K1,C04942,22818,555.0,150.0,visa,226.0,credit
C06620-K1,C06620,23508,399.0,150.0,american express,223.0,credit
C07952-K1,C07952,12485,361.0,150.0,visa,226.0,debit
C10189-K1,C10189,10268,,150.0,visa,226.0,credit
C01270-K1,C01270,13466,481.0,150.0,mastercard,224.0,credit
C10088-K1,C10088,21074,111.0,150.0,visa,195.0,debit
C02591-K1,C02591,12261,520.0,150.0,american express,190.0,credit
C05687-K1,C05687,21036,555.0,150.0,visa,226.0,debit
C04714-K1,C04714,20389,564.0,150.0,visa,195.0,debit
C07016-K1,C07016,13955,257.0,150.0,visa,226.0,credit
C07246-K1,C07246,10006,275.0,150.0,mastercard,195.0,debit
C01275-K1,C01275,15105,555.0,150.0,mastercard,117.0,debit
C04555-K1,C04555,17670,399.0,150.0,american express,185.0,credit
C06156-K1,C06156,17008,321.0,150.0,visa,226.0,debit
C01524-K1,C01524,15232,321.0,150.0,visa,226.0,debit
C05270-K1,C05270,11308,517.0,150.0,mastercard,224.0,debit
C10067-K1,C10067,11147,555.0,150.0,visa,226.0,debit
C03767-K1,C03767,21146,543.0,150.0,mastercard,117.0,debit
C10201-K1,C10201,23304,276.0,150.0,visa,226.0,credit
C09343-K1,C09343,22714,399.0,150.0,american express,137.0,credit
C12813-K1,C12813,17831,399.0,150.0,american express,132.0,credit
C09848-K2,C09848,23159,545.0,185.0,visa,226.0,credit
C01570-K1,C01570,15747,555.0,150.0,visa,226.0,credit
C09931-K1,C09931,17345,151.0,150.0,visa,226.0,debit
C10226-K1,C10226,21696,358.0,150.0,visa,195.0,debit
C10619-K1,C10619,20030,555.0,150.0,visa,226.0,credit
C03417-K1,C03417,17635,555.0,150.0,visa,226.0,credit
C03567-K1,C03567,13908,555.0,150.0,visa,226.0,debit
C03950-K1,C03950,15297,514.0,150.0,mastercard,129.0,credit
C00419-K2,C00419,12082,310.0,150.0,mastercard,224.0,debit
C07350-K1,C07350,23466,310.0,150.0,mastercard,224.0,debit
C07499-K1,C07499,20231,310.0,150.0,mastercard,224.0,debit
C04097-K1,C04097,10072,555.0,150.0,mastercard,117.0,debit
C04646-K1,C04646,10827,139.0,150.0,mastercard,224.0,debit
C05544-K1,C05544,15594,519.0,150.0,mastercard,117.0,debit
C06564-K1,C06564,18323,,150.0,visa,226.0,debit
C10000-K1,C10000,17003,,150.0,visa,162.0,credit
C01672-K1,C01672,17565,567.0,150.0,mastercard,135.0,credit
C04328-K1,C04328,21671,555.0,150.0,visa,226.0,debit
C04059-K1,C04059,10422,529.0,150.0,visa,162.0,credit
C03117-K1,C03117,15163,555.0,150.0,visa,226.0,debit
C03197-K1,C03197,12104,445.0,150.0,mastercard,195.0,credit
C13439-K1,C13439,12860,532.0,150.0,mastercard,224.0,debit
C12341-K1,C12341,14973,555.0,147.0,mastercard,219.0,credit
C00957-K1,C00957,13202,399.0,150.0,american express,150.0,credit
C11652-K1,C11652,19736,331.0,150.0,visa,194.0,credit
C07991-K1,C07991,18469,302.0,150.0,visa,226.0,debit
C03424-K1,C03424,14901,414.0,143.0,visa,195.0,credit
C05069-K1,C05069,18986,554.0,150.0,visa,226.0,credit
C05537-K1,C05537,18169,555.0,150.0,visa,226.0,debit
C02153-K1,C02153,14805,555.0,150.0,visa,226.0,debit
C03059-K1,C03059,17092,555.0,150.0,visa,226.0,credit
C09901-K1,C09901,13909,555.0,150.0,visa,226.0,debit
C05461-K1,C05461,22188,555.0,102.0,visa,226.0,debit
C08750-K1,C08750,11320,,150.0,visa,226.0,debit
C04013-K1,C04013,11769,555.0,150.0,visa,226.0,credit
C08798-K1,C08798,13766,555.0,150.0,american express,199.0,debit
C10330-K1,C10330,17844,555.0,144.0,american express,150.0,credit
C09140-K1,C09140,23090,554.0,150.0,mastercard,224.0,debit
C07784-K2,C07784,20909,199.0,150.0,mastercard,102.0,credit
C08089-K1,C08089,12729,555.0,150.0,visa,226.0,debit
C03585-K1,C03585,18969,555.0,150.0,visa,226.0,credit
C01207-K1,C01207,16406,555.0,215.0,mastercard,,debit
C05458-K1,C05458,13043,399.0,150.0,american express,223.0,credit
C04174-K1,C04174,15088,399.0,150.0,american express,146.0,credit
C12555-K1,C12555,17509,555.0,150.0,visa,226.0,credit
C03152-K1,C03152,20830,277.0,144.0,visa,102.0,credit
C06312-K1,C06312,13474,,150.0,visa,162.0,credit
C04505-K1,C04505,10131,555.0,185.0,mastercard,224.0,credit
C02121-K1,C02121,15886,399.0,150.0,american express,223.0,credit
C03512-K1,C03512,22218,501.0,150.0,visa,144.0,credit
C08009-K1,C08009,17436,555.0,150.0,visa,226.0,debit
C03377-K1,C03377,17079,555.0,150.0,visa,226.0,debit
C04151-K1,C04151,15804,399.0,150.0,american express,146.0,credit
C09114-K1,C09114,13056,111.0,150.0,visa,195.0,debit
C09235-K1,C09235,13523,480.0,150.0,mastercard,224.0,debit
C11084-K1,C11084,22825,512.0,150.0,mastercard,117.0,debit
C10249-K1,C10249,10152,532.0,150.0,mastercard,224.0,debit
C01115-K1,C01115,16427,399.0,150.0,american express,137.0,credit
C02261-K1,C02261,16152,111.0,150.0,visa,226.0,debit
C02911-K1,C02911,17502,,150.0,visa,226.0,credit
C02139-K1,C02139,12081,399.0,150.0,american express,137.0,credit
C05955-K1,C05955,20281,555.0,150.0,visa,226.0,credit
C00193-K1,C00193,12930,462.0,150.0,visa,194.0,credit
C02948-K1,C02948,17442,390.0,150.0,mastercard,117.0,debit
C09346-K1,C09346,13273,555.0,210.0,mastercard,102.0,debit
C12120-K1,C12120,21760,555.0,150.0,visa,226.0,credit
C05603-K1,C05603,15592,399.0,150.0,american express,185.0,credit
C02813-K1,C02813,15627,555.0,197.0,visa,162.0,credit
C12026-K1,C12026,23241,,150.0,visa,226.0,credit
C12101-K1,C12101,12001,477.0,150.0,mastercard,195.0,debit
C06148-K1,C06148,17371,555.0,150.0,visa,226.0,debit
C04014-K1,C04014,14977,555.0,159.0,mastercard,224.0,credit
C05997-K1,C05997,14700,555.0,202.0,visa,226.0,debit
C00145-K1,C00145,15492,512.0,150.0,mastercard,224.0,debit
C13263-K1,C13263,13695,536.0,150.0,visa,226.0,credit
C01082-K1,C01082,12739,310.0,150.0,mastercard,224.0,debit
C00427-K1,C00427,13415,555.0,150.0,mastercard,224.0,debit
C01663-K1,C01663,12060,596.0,150.0,visa,100.0,debit
C07724-K1,C07724,20906,420.0,150.0,mastercard,195.0,debit
C09318-K1,C09318,12526,321.0,150.0,visa,226.0,debit
C10450-K1,C10450,11949,321.0,150.0,visa,166.0,debit
C01417-K1,C01417,13092,555.0,150.0,visa,226.0,debit
C04225-K1,C04225,21933,555.0,150.0,mastercard,203.0,credit
C09017-K2,C09017,18532,512.0,150.0,mastercard,212.0,credit
C07239-K1,C07239,15796,138.0,200.0,visa,226.0,debit
C07597-K1,C07597,19301,555.0,150.0,visa,226.0,debit
C08975-K1,C08975,12511,100.0,150.0,visa,,credit
C02686-K1,C02686,19375,399.0,150.0,american express,150.0,credit
C07567-K1,C07567,11006,555.0,144.0,mastercard,190.0,credit
C08311-K1,C08311,17652,543.0,150.0,mastercard,224.0,debit
C04382-K1,C04382,17547,399.0,150.0,american express,150.0,credit
C12143-K1,C12143,11093,555.0,197.0,mastercard,102.0,credit
C11207-K1,C11207,10942,543.0,150.0,mastercard,224.0,debit
C02203-K1,C02203,19402,555.0,150.0,visa,195.0,debit
C02677-K1,C02677,18263,534.0,150.0,mastercard,135.0,credit
C08094-K1,C08094,19349,390.0,150.0,mastercard,224.0,debit
C02211-K1,C02211,23142,360.0,150.0,visa,166.0,debit
C12216-K1,C12216,23256,555.0,150.0,visa,226.0,credit
C06037-K1,C06037,15160,475.0,150.0,visa,226.0,credit
C08172-K1,C08172,15165,369.0,150.0,mastercard,224.0,debit
C09613-K1,C09613,18199,555.0,150.0,visa,226.0,credit
C10283-K1,C10283,11610,555.0,150.0,visa,226.0,debit
C07331-K1,C07331,17415,399.0,150.0,american express,146.0,credit
C05682-K1,C05682,12165,555.0,150.0,visa,226.0,credit
C03114-K1,C03114,22243,399.0,150.0,american express,150.0,credit
C02543-K1,C02543,18949,111.0,150.0,visa,100.0,debit
C09317-K1,C09317,10277,555.0,150.0,visa,228.0,credit
C11130-K1,C11130,16979,555.0,150.0,visa,226.0,debit
C12684-K1,C12684,22592,520.0,150.0,american express,190.0,credit
C08046-K1,C08046,17716,,150.0,visa,195.0,debit
C07899-K1,C07899,16607,399.0,150.0,american express,150.0,credit
C05870-K1,C05870,20016,520.0,150.0,american express,190.0,credit
C08252-K1,C08252,17495,399.0,150.0,american express,119.0,credit
C03652-K1,C03652,17381,439.0,144.0,mastercard,203.0,credit
C08319-K2,C08319,15241,360.0,150.0,mastercard,166.0,debit
C01072-K1,C01072,11209,443.0,150.0,mastercard,224.0,credit
C11544-K1,C11544,13800,555.0,150.0,visa,226.0,debit
C07364-K1,C07364,17588,555.0,150.0,visa,226.0,debit
C02465-K1,C02465,16203,555.0,144.0,american express,199.0,debit
C08524-K1,C08524,13822,477.0,150.0,mastercard,195.0,debit
C09694-K1,C09694,18240,343.0,150.0,visa,226.0,credit
C00791-K1,C00791,14974,555.0,150.0,visa,226.0,debit
C01961-K1,C01961,16252,520.0,150.0,american express,190.0,credit
C07873-K1,C07873,19321,555.0,213.0,mastercard,224.0,debit
C12151-K1,C12151,15159,215.0,150.0,visa,141.0,credit
C07280-K1,C07280,16165,555.0,150.0,visa,228.0,credit
C07361-K1,C07361,19125,216.0,150.0,mastercard,102.0,credit
C08694-K1,C08694,21330,555.0,135.0,mastercard,224.0,debit
C10808-K1,C10808,11120,399.0,150.0,american express,237.0,credit
C09758-K1,C09758,11585,143.0,150.0,visa,195.0,debit
C06291-K1,C06291,12089,555.0,150.0,visa,226.0,credit
C10956-K1,C10956,16514,,150.0,visa,226.0,credit
C07791-K1,C07791,19704,399.0,150.0,american express,137.0,credit
C12709-K1,C12709,10699,508.0,150.0,visa,195.0,debit
C10276-K1,C10276,20210,399.0,150.0,american express,133.0,credit
C11981-K1,C11981,11220,225.0,150.0,mastercard,224.0,debit
C09353-K1,C09353,11669,215.0,150.0,mastercard,203.0,credit
C05229-K1,C05229,19846,463.0,144.0,visa,195.0,credit
C02327-K1,C02327,22380,321.0,150.0,visa,226.0,debit
C11469-K1,C11469,13750,321.0,150.0,visa,226.0,debit
C08040-K1,C08040,21446,399.0,150.0,american express,150.0,credit
C03924-K1,C03924,15654,555.0,150.0,visa,226.0,credit
C08495-K1,C08495,13891,381.0,150.0,visa,195.0,debit
C04428-K1,C04428,16509,292.0,150.0,visa,226.0,credit
C13004-K1,C13004,16196,321.0,150.0,visa,226.0,credit
C03485-K1,C03485,13401,482.0,150.0,visa,226.0,debit
C02634-K1,C02634,14007,527.0,150.0,mastercard,224.0,credit
C00715-K1,C00715,11257,543.0,150.0,mastercard,224.0,debit
C06557-K1,C06557,18339,399.0,150.0,american express,137.0,credit
C12589-K1,C12589,19182,555.0,150.0,visa,162.0,credit
C03615-K1,C03615,17939,555.0,150.0,visa,226.0,debit
C12571-K1,C12571,19870,197.0,150.0,visa,195.0,debit
C05952-K1,C05952,15629,310.0,150.0,mastercard,224.0,debit
C11448-K1,C11448,13535,310.0,150.0,mastercard,224.0,debit
C11741-K1,C11741,11331,111.0,150.0,mastercard,224.0,debit
C12199-K1,C12199,19874,555.0,150.0,visa,226.0,debit
C07536-K1,C07536,14461,554.0,150.0,mastercard,224.0,credit
C07083-K1,C07083,22824,555.0,137.0,visa,102.0,credit
C04956-K1,C04956,11027,520.0,150.0,american express,190.0,credit
C02086-K1,C02086,17505,555.0,150.0,visa,226.0,credit
C04376-K1,C04376,16895,555.0,135.0,visa,138.0,debit
C05110-K1,C05110,19113,555.0,102.0,visa,137.0,credit
C05601-K1,C05601,11797,555.0,150.0,visa,226.0,debit
C12428-K1,C12428,16156,,150.0,visa,137.0,credit
C00299-K1,C00299,12888,399.0,150.0,american express,146.0,credit
C07716-K1,C07716,21915,555.0,188.0,visa,226.0,credit
C00792-K1,C00792,18677,463.0,144.0,mastercard,224.0,credit
C00879-K1,C00879,12847,,150.0,visa,,credit
C05054-K2,C05054,11250,555.0,150.0,visa,226.0,credit
C03546-K1,C03546,11776,321.0,150.0,visa,195.0,debit
C07400-K2,C07400,16320,555.0,185.0,visa,195.0,credit
C03968-K1,C03968,14317,399.0,150.0,american express,237.0,credit
C10357-K1,C10357,11519,480.0,150.0,mastercard,224.0,debit
C06646-K1,C06646,23420,555.0,150.0,visa,195.0,credit
C07128-K1,C07128,11450,555.0,150.0,visa,226.0,credit
C09382-K1,C09382,20234,216.0,150.0,visa,226.0,credit
C08261-K1,C08261,19659,554.0,150.0,mastercard,102.0,credit
C00919-K1,C00919,12074,555.0,188.0,visa,226.0,credit
C06574-K1,C06574,21494,321.0,150.0,visa,226.0,debit
C06519-K1,C06519,12205,390.0,150.0,mastercard,224.0,debit
C08950-K1,C08950,17009,555.0,150.0,visa,226.0,credit
C13445-K2,C13445,17229,555.0,150.0,mastercard,166.0,debit
C12278-K1,C12278,22544,390.0,150.0,mastercard,224.0,debit
C01619-K2,C01619,18353,445.0,150.0,mastercard,102.0,credit
C00284-K1,C00284,23317,399.0,150.0,american express,223.0,credit
C05840-K1,C05840,20880,222.0,150.0,visa,226.0,debit
C09635-K1,C09635,16287,555.0,150.0,visa,226.0,debit
C04292-K1,C04292,22503,122.0,150.0,mastercard,100.0,debit
C05788-K1,C05788,17470,480.0,150.0,mastercard,224.0,debit
C07548-K1,C07548,21885,302.0,150.0,visa,226.0,debit
C09243-K1,C09243,22189,480.0,150.0,mastercard,224.0,debit
C12237-K1,C12237,18520,555.0,150.0,visa,226.0,credit
C03466-K1,C03466,21475,555.0,150.0,visa,226.0,debit
C09718-K1,C09718,15305,399.0,150.0,american express,104.0,credit
C08813-K1,C08813,20145,555.0,117.0,visa,226.0,debit
C12514-K1,C12514,23448,512.0,150.0,mastercard,102.0,credit
C11351-K1,C11351,19143,399.0,150.0,american express,137.0,credit
C02779-K1,C02779,16678,543.0,150.0,mastercard,224.0,debit
C05666-K1,C05666,20726,399.0,150.0,american express,137.0,credit
C08284-K1,C08284,19383,512.0,150.0,mastercard,195.0,debit
C11195-K1,C11195,14358,555.0,153.0,mastercard,137.0,credit
C01888-K1,C01888,14151,369.0,150.0,mastercard,224.0,credit
C04487-K1,C04487,15993,567.0,150.0,visa,226.0,credit
C04600-K1,C04600,14704,555.0,150.0,visa,226.0,debit
C10982-K1,C10982,22979,555.0,150.0,visa,226.0,debit
C03013-K1,C03013,14744,321.0,150.0,visa,226.0,debit
C09046-K1,C09046,11980,399.0,150.0,american express,137.0,credit
C02383-K1,C02383,13661,555.0,150.0,visa,226.0,debit
C07057-K1,C07057,20992,516.0,150.0,mastercard,224.0,debit
C01952-K1,C01952,10233,399.0,150.0,american express,146.0,credit
C00082-K1,C00082,22960,321.0,150.0,visa,226.0,debit
C01514-K1,C01514,22397,480.0,150.0,mastercard,117.0,debit
C04432-K1,C04432,18041,520.0,150.0,american express,190.0,credit
C06667-K1,C06667,22065,321.0,150.0,visa,226.0,debit
C00817-K1,C00817,20945,555.0,150.0,mastercard,224.0,debit
C06351-K1,C06351,18161,293.0,162.0,mastercard,137.0,debit
C03521-K1,C03521,15133,583.0,150.0,visa,226.0,credit
C05155-K1,C05155,11937,403.0,150.0,visa,226.0,debit
C02215-K1,C02215,20433,555.0,150.0,visa,195.0,debit
C07306-K1,C07306,20954,118.0,185.0,visa,226.0,credit
C01071-K1,C01071,12745,555.0,150.0,mastercard,117.0,debit
C02230-K1,C02230,12518,,150.0,mastercard,117.0,debit
C09123-K1,C09123,20370,555.0,134.0,mastercard,224.0,credit
C00407-K1,C00407,20509,216.0,150.0,mastercard,195.0,credit
C04251-K1,C04251,15737,555.0,150.0,visa,226.0,debit
C10307-K1,C10307,10939,321.0,150.0,mastercard,195.0,credit
C13101-K1,C13101,17684,555.0,150.0,visa,226.0,debit
C11449-K1,C11449,21516,553.0,150.0,visa,226.0,credit
C05579-K1,C05579,17979,555.0,150.0,visa,226.0,debit
C11983-K1,C11983,16601,,150.0,visa,,credit
C02376-K1,C02376,14995,310.0,150.0,mastercard,224.0,debit
C04730-K1,C04730,11586,111.0,150.0,visa,195.0,debit
C04715-K1,C04715,13014,567.0,150.0,visa,195.0,credit
C06878-K1,C06878,21314,554.0,150.0,mastercard,224.0,debit
C10478-K1,C10478,23335,310.0,150.0,mastercard,117.0,debit
C06254-K1,C06254,18011,555.0,150.0,visa,226.0,debit
C06819-K1,C06819,10261,512.0,150.0,mastercard,117.0,debit
C11097-K1,C11097,15952,499.0,150.0,mastercard,,debit
C09407-K1,C09407,14873,555.0,150.0,visa,226.0,credit
C04243-K1,C04243,13547,,150.0,visa,226.0,debit
C00472-K1,C00472,10575,555.0,150.0,visa,226.0,debit
C08488-K1,C08488,15271,543.0,150.0,mastercard,224.0,debit
C03188-K1,C03188,11940,399.0,150.0,american express,213.0,credit
C13376-K1,C13376,22661,532.0,150.0,mastercard,224.0,debit
C05101-K1,C05101,22994,515.0,119.0,visa,195.0,credit
C00408-K1,C00408,18211,554.0,150.0,visa,226.0,credit
C02199-K1,C02199,13707,310.0,150.0,mastercard,224.0,debit
C12549-K1,C12549,16712,420.0,150.0,mastercard,224.0,debit
C07190-K1,C07190,13747,555.0,150.0,visa,226.0,debit
C00670-K1,C00670,21212,225.0,150.0,mastercard,224.0,debit
C11284-K1,C11284,18752,555.0,150.0,visa,226.0,credit
C07150-K1,C07150,19325,555.0,150.0,visa,226.0,debit
C09765-K1,C09765,14503,500.0,185.0,mastercard,224.0,credit
C07294-K1,C07294,11017,126.0,150.0,visa,226.0,debit
C04585-K1,C04585,17088,435.0,150.0,visa,226.0,credit
C06831-K2,C06831,17004,321.0,150.0,visa,226.0,credit
C06261-K1,C06261,19266,399.0,150.0,american express,223.0,credit
C03681-K1,C03681,17405,399.0,150.0,american express,146.0,credit
C07501-K1,C07501,11440,369.0,150.0,mastercard,224.0,debit
C04071-K1,C04071,12907,127.0,150.0,mastercard,224.0,credit
C00958-K1,C00958,12581,517.0,150.0,mastercard,224.0,debit
C09748-K1,C09748,14314,555.0,180.0,visa,102.0,credit
C05479-K1,C05479,10004,399.0,150.0,american express,146.0,credit
C12362-K1,C12362,19966,399.0,150.0,american express,223.0,credit
C11393-K1,C11393,23525,481.0,150.0,mastercard,102.0,credit
C05581-K1,C05581,16521,305.0,106.0,mastercard,224.0,credit
C04342-K1,C04342,20204,399.0,150.0,american express,137.0,credit
C09987-K1,C09987,11970,555.0,106.0,visa,137.0,credit
C05875-K1,C05875,20196,302.0,150.0,visa,226.0,debit
C00169-K1,C00169,16615,225.0,150.0,mastercard,117.0,debit
C12518-K1,C12518,20612,126.0,150.0,visa,226.0,debit
C09288-K1,C09288,18025,555.0,150.0,visa,226.0,credit
C11411-K1,C11411,14843,555.0,188.0,mastercard,232.0,credit
C02832-K1,C02832,18667,555.0,141.0,mastercard,134.0,credit
C00098-K1,C00098,12400,555.0,185.0,visa,195.0,debit
C09951-K1,C09951,16928,302.0,150.0,visa,226.0,debit
C05956-K1,C05956,15576,555.0,150.0,visa,226.0,credit
C11407-K2,C11407,11366,555.0,188.0,visa,137.0,credit
C04235-K1,C04235,10784,127.0,150.0,mastercard,224.0,debit
C01845-K1,C01845,11427,555.0,215.0,visa,147.0,debit
C08385-K1,C08385,10118,225.0,150.0,mastercard,224.0,debit
C06365-K1,C06365,13806,216.0,150.0,mastercard,224.0,credit
C08785-K1,C08785,13255,555.0,150.0,visa,195.0,debit
C11432-K1,C11432,13461,555.0,150.0,visa,226.0,debit
C03376-K1,C03376,21007,184.0,150.0,visa,195.0,debit
C06256-K1,C06256,16561,420.0,150.0,mastercard,224.0,debit
C12965-K1,C12965,17581,399.0,150.0,american express,223.0,credit
C00323-K1,C00323,18432,399.0,150.0,american express,119.0,credit
C04803-K1,C04803,12371,555.0,150.0,visa,226.0,debit
C06054-K1,C06054,20688,555.0,144.0,mastercard,219.0,credit
C09799-K1,C09799,13756,555.0,150.0,visa,226.0,debit
C00385-K1,C00385,13644,399.0,150.0,american express,236.0,credit
C11503-K1,C11503,12301,555.0,150.0,visa,226.0,debit
C11800-K1,C11800,14417,555.0,150.0,visa,226.0,debit
C01223-K1,C01223,21682,555.0,150.0,visa,226.0,credit
C11589-K1,C11589,11838,158.0,150.0,visa,226.0,credit
C09481-K1,C09481,17341,555.0,150.0,visa,226.0,debit
C07941-K1,C07941,19339,,150.0,visa,162.0,credit
C03825-K1,C03825,15289,555.0,146.0,visa,166.0,debit
C13020-K1,C13020,13821,555.0,150.0,visa,226.0,credit
C10305-K1,C10305,14206,545.0,185.0,visa,226.0,credit
C06417-K1,C06417,16616,555.0,150.0,visa,226.0,debit
C05057-K1,C05057,20989,555.0,150.0,visa,226.0,debit
C10684-K1,C10684,18491,555.0,150.0,mastercard,102.0,credit
C07658-K1,C07658,12794,543.0,150.0,mastercard,224.0,debit
C02585-K1,C02585,19752,555.0,147.0,mastercard,195.0,credit
C08523-K1,C08523,19642,555.0,135.0,visa,226.0,debit
C13405-K1,C13405,21651,302.0,150.0,visa,226.0,debit
C01305-K1,C01305,13363,321.0,150.0,visa,226.0,debit
C03602-K1,C03602,21906,514.0,150.0,mastercard,224.0,credit
C04074-K1,C04074,13602,555.0,150.0,visa,226.0,debit
C12347-K1,C12347,22191,275.0,150.0,mastercard,224.0,debit
C04767-K1,C04767,10361,399.0,150.0,american express,207.0,credit
C05250-K1,C05250,16508,555.0,150.0,visa,226.0,debit
C07453-K1,C07453,22599,111.0,150.0,visa,162.0,credit
C04686-K1,C04686,13007,554.0,150.0,visa,226.0,debit
C07765-K1,C07765,18020,543.0,150.0,mastercard,224.0,debit
C12664-K1,C12664,15209,555.0,150.0,visa,226.0,credit
C10460-K1,C10460,20589,555.0,150.0,visa,226.0,debit
C00708-K1,C00708,21796,555.0,150.0,visa,226.0,debit
C12767-K1,C12767,10221,442.0,150.0,visa,226.0,credit
C05938-K1,C05938,21607,555.0,147.0,visa,226.0,credit
C10445-K1,C10445,19235,399.0,150.0,american express,137.0,credit
C01837-K1,C01837,11286,174.0,150.0,visa,195.0,debit
C00799-K1,C00799,22214,543.0,150.0,mastercard,224.0,debit
C04884-K1,C04884,17488,583.0,150.0,visa,226.0,credit
C02674-K1,C02674,19092,481.0,150.0,mastercard,224.0,credit
C09736-K1,C09736,10729,512.0,150.0,mastercard,121.0,credit
C00816-K1,C00816,18388,170.0,150.0,mastercard,102.0,credit
C10945-K1,C10945,22684,555.0,150.0,visa,226.0,debit
C03828-K1,C03828,22402,499.0,150.0,mastercard,117.0,debit
C01095-K1,C01095,15645,399.0,150.0,american express,132.0,credit
C06023-K1,C06023,10155,501.0,150.0,visa,228.0,credit
C05163-K1,C05163,11728,555.0,150.0,visa,226.0,debit
C04380-K1,C04380,14648,527.0,150.0,visa,226.0,debit
C05111-K1,C05111,19891,399.0,150.0,american express,132.0,credit
C01133-K1,C01133,13411,310.0,150.0,mastercard,224.0,debit
C08313-K1,C08313,18690,555.0,150.0,visa,195.0,credit
C00428-K1,C00428,22262,555.0,150.0,visa,226.0,debit
C11126-K1,C11126,10884,390.0,150.0,mastercard,224.0,debit
C10033-K1,C10033,18100,555.0,150.0,visa,226.0,debit
C06881-K1,C06881,10115,555.0,150.0,visa,226.0,debit
C00343-K1,C00343,12660,555.0,150.0,visa,226.0,debit
C09777-K1,C09777,18521,555.0,213.0,visa,226.0,credit
C07890-K1,C07890,12639,555.0,150.0,visa,226.0,debit
C04647-K1,C04647,22164,555.0,188.0,mastercard,102.0,credit
C06242-K1,C06242,17300,555.0,150.0,visa,226.0,debit
C11296-K1,C11296,11101,111.0,150.0,visa,195.0,debit
C03723-K1,C03723,22332,555.0,150.0,visa,226.0,debit
C06701-K1,C06701,10823,555.0,150.0,visa,226.0,debit
C00786-K1,C00786,21949,479.0,150.0,visa,166.0,debit
C10494-K1,C10494,21643,555.0,149.0,,224.0,debit
C05899-K1,C05899,13714,555.0,138.0,visa,226.0,debit
C10086-K1,C10086,17053,399.0,150.0,american express,150.0,credit
C08658-K1,C08658,10342,555.0,191.0,mastercard,137.0,credit
C07205-K1,C07205,20704,399.0,150.0,american express,146.0,credit
C00086-K1,C00086,16655,554.0,150.0,visa,226.0,debit
C07953-K1,C07953,17934,399.0,150.0,american express,236.0,credit
C07365-K1,C07365,15455,555.0,150.0,visa,226.0,debit
C01493-K1,C01493,11924,272.0,150.0,visa,166.0,debit
C09923-K1,C09923,23033,555.0,133.0,mastercard,102.0,credit
C10767-K1,C10767,23306,555.0,150.0,visa,226.0,credit
C10754-K1,C10754,13916,543.0,150.0,mastercard,195.0,debit
C01703-K1,C01703,14694,543.0,150.0,mastercard,224.0,debit
C03249-K1,C03249,11852,555.0,150.0,visa,226.0,credit
C04522-K1,C04522,13311,555.0,150.0,visa,226.0,credit
C11199-K1,C11199,14140,578.0,150.0,visa,226.0,credit
C05433-K1,C05433,12630,480.0,150.0,mastercard,224.0,debit
C07146-K1,C07146,11186,123.0,144.0,visa,226.0,credit
C07310-K1,C07310,20310,555.0,150.0,mastercard,166.0,debit
C06588-K1,C06588,15596,160.0,150.0,visa,195.0,debit
C12050-K1,C12050,21887,399.0,150.0,american express,132.0,credit
C11708-K1,C11708,18162,111.0,150.0,visa,226.0,debit
C04208-K1,C04208,11575,399.0,150.0,american express,185.0,credit
C02671-K1,C02671,18330,399.0,150.0,american express,223.0,credit
C04462-K1,C04462,18790,555.0,150.0,visa,226.0,debit
C13072-K1,C13072,18352,321.0,150.0,visa,226.0,credit
C05243-K1,C05243,18249,321.0,150.0,visa,226.0,debit
C08432-K1,C08432,11339,555.0,185.0,visa,138.0,debit
C10663-K1,C10663,16226,554.0,150.0,visa,226.0,credit
C04578-K1,C04578,22682,399.0,150.0,american express,223.0,credit
C10830-K1,C10830,19134,555.0,150.0,visa,226.0,credit
C11565-K1,C11565,13433,399.0,150.0,american express,223.0,credit
C11744-K1,C11744,20197,555.0,150.0,visa,226.0,credit
C05091-K1,C05091,22896,,150.0,visa,226.0,debit
C10850-K1,C10850,12297,456.0,150.0,mastercard,102.0,credit
C06058-K1,C06058,14757,138.0,200.0,visa,226.0,debit
C12716-K1,C12716,11629,399.0,150.0,american express,185.0,credit
C08654-K1,C08654,13812,555.0,150.0,visa,226.0,credit
C08209-K1,C08209,22798,360.0,150.0,mastercard,126.0,debit
C07621-K1,C07621,19261,111.0,150.0,visa,226.0,debit
C05126-K2,C05126,13029,555.0,150.0,visa,226.0,debit
C12868-K1,C12868,10356,111.0,150.0,mastercard,224.0,debit
C13120-K1,C13120,19413,532.0,150.0,mastercard,224.0,debit
C02141-K1,C02141,22864,399.0,150.0,american express,223.0,credit
C02837-K1,C02837,18414,555.0,150.0,visa,226.0,debit
C09837-K1,C09837,22763,174.0,150.0,visa,226.0,debit
C11056-K1,C11056,18052,369.0,150.0,mastercard,102.0,credit
C01431-K1,C01431,14458,321.0,150.0,visa,226.0,debit
C00604-K1,C00604,19686,399.0,150.0,american express,185.0,credit
C02385-K1,C02385,20335,399.0,150.0,american express,133.0,credit
C05923-K1,C05923,13247,143.0,150.0,visa,226.0,debit
C05045-K1,C05045,21520,555.0,150.0,visa,226.0,debit
C01297-K1,C01297,15331,399.0,150.0,american express,223.0,credit
C08535-K1,C08535,12050,555.0,150.0,visa,226.0,debit
C04419-K1,C04419,12889,480.0,150.0,mastercard,224.0,debit
C11225-K1,C11225,18265,298.0,150.0,visa,195.0,debit
C09698-K1,C09698,14295,127.0,150.0,mastercard,224.0,debit
C07397-K1,C07397,16004,321.0,150.0,visa,226.0,debit
C11745-K1,C11745,22915,555.0,150.0,mastercard,117.0,debit
C07531-K1,C07531,18460,399.0,150.0,american express,133.0,credit
C02162-K1,C02162,20396,555.0,102.0,visa,137.0,credit
C09186-K1,C09186,16991,399.0,150.0,american express,223.0,credit
C10099-K1,C10099,17102,399.0,150.0,american express,150.0,credit
C11306-K1,C11306,18529,399.0,150.0,american express,137.0,credit
C10848-K1,C10848,21250,555.0,150.0,visa,226.0,credit
C03010-K1,C03010,10825,218.0,150.0,mastercard,219.0,credit
C05195-K1,C05195,12707,480.0,150.0,mastercard,117.0,debit
C03454-K1,C03454,12482,399.0,150.0,american express,146.0,credit
C02251-K1,C02251,12758,543.0,150.0,mastercard,224.0,debit
C02549-K1,C02549,23363,555.0,150.0,visa,226.0,credit
C09475-K1,C09475,11206,555.0,150.0,visa,226.0,debit
C06503-K1,C06503,10274,555.0,223.0,mastercard,219.0,credit
C11288-K1,C11288,18576,555.0,150.0,visa,226.0,credit
C07776-K1,C07776,21248,555.0,150.0,mastercard,195.0,debit
C08108-K1,C08108,10886,327.0,150.0,discover,142.0,credit
C09761-K1,C09761,19513,489.0,150.0,mastercard,195.0,debit
C09849-K1,C09849,12781,399.0,150.0,american express,137.0,credit
C07506-K1,C07506,15704,567.0,150.0,visa,226.0,debit
C02938-K1,C02938,17212,399.0,150.0,american express,146.0,credit
C10070-K1,C10070,22853,320.0,150.0,mastercard,195.0,credit
C05105-K1,C05105,23383,399.0,150.0,american express,132.0,credit
C06788-K1,C06788,16735,399.0,150.0,american express,132.0,credit
C01183-K1,C01183,10997,545.0,185.0,visa,226.0,credit
C01870-K1,C01870,20605,555.0,150.0,mastercard,,credit
C00850-K1,C00850,19380,543.0,150.0,mastercard,224.0,debit
C10373-K1,C10373,10007,490.0,150.0,visa,226.0,debit
C04371-K1,C04371,15003,399.0,150.0,american express,223.0,credit
C04988-K1,C04988,19631,555.0,150.0,visa,226.0,debit
C06949-K1,C06949,18192,276.0,150.0,visa,226.0,debit
C09386-K1,C09386,11577,555.0,150.0,visa,226.0,credit
C04133-K1,C04133,14313,361.0,150.0,visa,195.0,debit
C09724-K1,C09724,10696,399.0,150.0,american express,236.0,credit
C04598-K1,C04598,20041,,150.0,visa,226.0,debit
C03588-K1,C03588,15797,,144.0,visa,226.0,credit
C08440-K1,C08440,19425,555.0,150.0,visa,226.0,credit
C00846-K1,C00846,12217,215.0,150.0,mastercard,203.0,credit
C01281-K1,C01281,21719,555.0,150.0,visa,226.0,credit
C06715-K1,C06715,23381,316.0,150.0,visa,226.0,credit
C06584-K1,C06584,20236,555.0,150.0,visa,226.0,debit
C06091-K1,C06091,11557,555.0,150.0,visa,226.0,debit
C08803-K1,C08803,13551,555.0,150.0,visa,226.0,debit
C12163-K1,C12163,11098,418.0,150.0,visa,226.0,credit
C04771-K1,C04771,18528,240.0,150.0,visa,226.0,credit
C03769-K1,C03769,22075,555.0,144.0,mastercard,224.0,credit
C08500-K2,C08500,13187,512.0,150.0,mastercard,224.0,debit
C09689-K1,C09689,22265,138.0,200.0,mastercard,224.0,credit
C05398-K1,C05398,21833,302.0,150.0,visa,226.0,debit
C12457-K1,C12457,12003,399.0,150.0,american express,137.0,credit
C12054-K1,C12054,16018,115.0,150.0,visa,226.0,debit
C01085-K1,C01085,19728,555.0,150.0,visa,226.0,credit
C01500-K1,C01500,19715,555.0,150.0,mastercard,102.0,credit
C03555-K1,C03555,17027,555.0,159.0,mastercard,224.0,credit
C09510-K1,C09510,14521,555.0,150.0,visa,226.0,debit
C05500-K1,C05500,19020,529.0,150.0,visa,137.0,credit
C11498-K1,C11498,15604,596.0,150.0,mastercard,195.0,debit
C00963-K1,C00963,16425,321.0,150.0,visa,226.0,debit
C09619-K1,C09619,11285,138.0,200.0,mastercard,224.0,debit
C08732-K1,C08732,11276,555.0,150.0,visa,226.0,debit
C01079-K1,C01079,22575,321.0,150.0,visa,226.0,debit
C11987-K1,C11987,16772,555.0,150.0,visa,226.0,credit
C10367-K1,C10367,14568,555.0,150.0,visa,226.0,credit
C04273-K1,C04273,21165,389.0,150.0,visa,195.0,debit
C12406-K1,C12406,15019,555.0,150.0,visa,226.0,debit
C06451-K1,C06451,19183,555.0,150.0,visa,226.0,debit
C00736-K1,C00736,15748,555.0,150.0,visa,226.0,debit
C02221-K1,C02221,18497,555.0,197.0,visa,137.0,credit
C13013-K1,C13013,20801,555.0,150.0,visa,226.0,debit
C13275-K1,C13275,22526,555.0,102.0,visa,226.0,credit
C09070-K1,C09070,11794,272.0,150.0,mastercard,102.0,credit
C06413-K1,C06413,13809,181.0,150.0,visa,226.0,credit
C09489-K1,C09489,14437,555.0,150.0,visa,226.0,credit
C05978-K1,C05978,14651,555.0,150.0,visa,226.0,credit
C00336-K1,C00336,17225,543.0,150.0,mastercard,117.0,debit
C12948-K1,C12948,10179,555.0,150.0,visa,226.0,debit
C07850-K1,C07850,17100,555.0,150.0,visa,226.0,credit
C06616-K1,C06616,10927,512.0,150.0,mastercard,117.0,debit
C12977-K1,C12977,16787,517.0,150.0,mastercard,224.0,debit
C01970-K1,C01970,11793,539.0,150.0,mastercard,102.0,credit
C10833-K1,C10833,18739,516.0,150.0,mastercard,224.0,debit
C04271-K1,C04271,18133,343.0,150.0,visa,166.0,debit
C03026-K1,C03026,16935,555.0,121.0,mastercard,232.0,credit
C10358-K1,C10358,19100,310.0,150.0,mastercard,224.0,debit
C03004-K1,C03004,11988,543.0,150.0,mastercard,224.0,debit
C11520-K1,C11520,16489,555.0,150.0,visa,226.0,credit
C01731-K2,C01731,15034,296.0,185.0,visa,138.0,debit
C09540-K1,C09540,18382,533.0,150.0,visa,226.0,credit
C02036-K1,C02036,12913,399.0,150.0,american express,236.0,credit
C09780-K1,C09780,13649,280.0,150.0,mastercard,195.0,debit
C13040-K1,C13040,19680,512.0,150.0,mastercard,224.0,debit
C00071-K1,C00071,20969,555.0,185.0,visa,226.0,credit
C03724-K1,C03724,23078,399.0,150.0,american express,223.0,credit
C08073-K1,C08073,13950,555.0,150.0,visa,226.0,credit
C09961-K1,C09961,14822,321.0,150.0,visa,226.0,debit
C09055-K1,C09055,16915,225.0,150.0,mastercard,219.0,credit
C10161-K2,C10161,22403,512.0,150.0,mastercard,100.0,debit
C09011-K1,C09011,23339,293.0,162.0,visa,226.0,debit
C13213-K1,C13213,17905,555.0,150.0,visa,226.0,debit
C02372-K1,C02372,13079,555.0,191.0,visa,226.0,debit
C12212-K1,C12212,14695,202.0,185.0,mastercard,224.0,credit
C13351-K1,C13351,22101,399.0,150.0,american express,223.0,credit
C09517-K1,C09517,11178,369.0,150.0,mastercard,224.0,debit
C05826-K1,C05826,19541,555.0,144.0,mastercard,224.0,credit
C04121-K1,C04121,14833,543.0,150.0,mastercard,224.0,debit
C00568-K1,C00568,20778,390.0,150.0,mastercard,102.0,credit
C06381-K1,C06381,20474,555.0,129.0,visa,162.0,credit
C10670-K1,C10670,18156,555.0,100.0,mastercard,224.0,credit
C06654-K3,C06654,23545,555.0,150.0,mastercard,229.0,debit
C03229-K1,C03229,21061,321.0,150.0,visa,226.0,debit
C08259-K1,C08259,20534,555.0,146.0,mastercard,224.0,credit
C02323-K1,C02323,21296,399.0,150.0,american express,146.0,credit
C12031-K1,C12031,13002,302.0,150.0,visa,226.0,debit
C03149-K1,C03149,14997,399.0,150.0,american express,223.0,credit
C06857-K1,C06857,16729,555.0,144.0,mastercard,197.0,credit
C06577-K1,C06577,18843,140.0,150.0,visa,195.0,debit
C11661-K1,C11661,19031,555.0,186.0,visa,195.0,credit
C12079-K1,C12079,18838,555.0,150.0,visa,226.0,credit
C00388-K1,C00388,11556,555.0,150.0,visa,226.0,debit
C06891-K1,C06891,21681,399.0,150.0,american express,118.0,credit
C07674-K1,C07674,13801,399.0,150.0,american express,104.0,credit
C03865-K1,C03865,11446,555.0,150.0,visa,226.0,debit
C06056-K1,C06056,13988,543.0,150.0,mastercard,224.0,debit
C12687-K1,C12687,10895,399.0,150.0,american express,185.0,credit
C11772-K1,C11772,13592,555.0,150.0,american express,166.0,debit
C07824-K1,C07824,15259,555.0,150.0,visa,226.0,debit
C02264-K1,C02264,23424,588.0,150.0,visa,195.0,debit
C04468-K1,C04468,15002,555.0,147.0,visa,226.0,credit
C11465-K1,C11465,20624,555.0,150.0,visa,226.0,credit
C09803-K1,C09803,12917,321.0,150.0,visa,226.0,debit
C02623-K1,C02623,14638,246.0,150.0,visa,226.0,credit
C03922-K1,C03922,14691,555.0,150.0,visa,226.0,debit
C04859-K1,C04859,19601,555.0,150.0,visa,226.0,debit
C03118-K1,C03118,19798,555.0,150.0,visa,226.0,debit
C12707-K1,C12707,11364,532.0,150.0,mastercard,224.0,debit
C12720-K1,C12720,12574,399.0,150.0,american express,133.0,credit
C03329-K1,C03329,12177,111.0,150.0,mastercard,195.0,debit
C11442-K1,C11442,22154,490.0,150.0,visa,195.0,debit
C06936-K1,C06936,11291,555.0,150.0,visa,226.0,debit
C10051-K1,C10051,11020,399.0,150.0,american express,223.0,credit
C11406-K1,C11406,22145,555.0,144.0,mastercard,197.0,credit
C10082-K1,C10082,20485,145.0,150.0,visa,226.0,credit
C02805-K1,C02805,11541,555.0,150.0,visa,226.0,debit
C05340-K1,C05340,17865,356.0,150.0,mastercard,195.0,debit
C00115-K1,C00115,10790,555.0,150.0,visa,226.0,debit
C01794-K1,C01794,19658,399.0,150.0,american express,137.0,credit
C07040-K1,C07040,14543,555.0,150.0,visa,166.0,debit
C06798-K1,C06798,23129,,150.0,visa,226.0,debit
C01667-K1,C01667,14382,555.0,150.0,visa,226.0,debit
C08226-K1,C08226,18375,111.0,150.0,visa,166.0,debit
C00237-K1,C00237,10594,555.0,150.0,visa,226.0,debit
C09357-K1,C09357,20452,111.0,150.0,mastercard,129.0,credit
C10297-K1,C10297,18028,137.0,150.0,visa,226.0,credit
C11311-K1,C11311,22655,127.0,150.0,mastercard,224.0,debit
C04621-K1,C04621,17607,127.0,150.0,mastercard,224.0,debit
C01225-K2,C01225,14915,122.0,150.0,mastercard,166.0,debit
C09425-K1,C09425,15999,555.0,150.0,visa,226.0,credit
C07065-K2,C07065,19480,578.0,150.0,mastercard,166.0,debit
C08939-K1,C08939,12083,367.0,150.0,mastercard,117.0,debit
C00638-K1,C00638,23490,555.0,150.0,visa,226.0,debit
C04042-K1,C04042,12514,225.0,150.0,mastercard,224.0,debit
C01698-K1,C01698,21236,555.0,150.0,visa,226.0,debit
C01728-K1,C01728,17794,399.0,150.0,american express,223.0,credit
C08594-K1,C08594,11493,555.0,150.0,visa,226.0,debit
C07760-K1,C07760,18462,555.0,150.0,visa,226.0,debit
C06013-K1,C06013,23091,555.0,150.0,visa,226.0,debit
C02418-K1,C02418,18329,399.0,150.0,american express,146.0,credit
C12554-K1,C12554,12321,555.0,150.0,visa,226.0,debit
C08896-K1,C08896,12842,154.0,150.0,visa,166.0,debit
C08153-K1,C08153,21700,439.0,144.0,mastercard,190.0,credit
C04483-K1,C04483,16932,136.0,150.0,mastercard,195.0,debit
C10113-K2,C10113,23386,,150.0,visa,226.0,debit
C12105-K1,C12105,15414,390.0,150.0,mastercard,224.0,debit
C00270-K1,C00270,15459,519.0,150.0,mastercard,117.0,debit
C13313-K1,C13313,16281,512.0,150.0,visa,166.0,debit
C08859-K1,C08859,15000,399.0,150.0,american express,223.0,credit
C03541-K2,C03541,11785,351.0,106.0,visa,137.0,credit
C03257-K1,C03257,20115,555.0,150.0,visa,226.0,debit
C06918-K1,C06918,13656,467.0,150.0,visa,226.0,debit
C03707-K1,C03707,11323,273.0,185.0,mastercard,102.0,credit
C07509-K1,C07509,15452,555.0,150.0,visa,226.0,debit
C07929-K1,C07929,16010,555.0,150.0,visa,226.0,debit
C11815-K1,C11815,17109,543.0,150.0,mastercard,224.0,debit
C06004-K1,C06004,22741,321.0,150.0,visa,226.0,debit
C04484-K1,C04484,13032,543.0,150.0,mastercard,224.0,debit
C03621-K1,C03621,10455,555.0,150.0,visa,226.0,debit
C11202-K1,C11202,16377,555.0,150.0,visa,226.0,debit
C02666-K2,C02666,17016,485.0,150.0,mastercard,166.0,debit
C10692-K1,C10692,18933,399.0,150.0,american express,223.0,credit
C10302-K1,C10302,18246,480.0,150.0,mastercard,224.0,debit
C07528-K1,C07528,17297,520.0,150.0,american express,190.0,credit
C05503-K1,C05503,20719,543.0,150.0,mastercard,224.0,debit
C08963-K1,C08963,21661,310.0,150.0,mastercard,224.0,debit
C12465-K1,C12465,16532,555.0,150.0,visa,226.0,debit
C02318-K1,C02318,15802,306.0,150.0,visa,226.0,credit
C03976-K1,C03976,19831,555.0,150.0,visa,226.0,debit
C07270-K1,C07270,12555,555.0,119.0,visa,137.0,credit
C10081-K1,C10081,21022,399.0,150.0,american express,185.0,credit
C11147-K1,C11147,15172,555.0,150.0,american express,228.0,credit
C02300-K1,C02300,16587,111.0,150.0,visa,226.0,debit
C12263-K1,C12263,14022,399.0,150.0,american express,223.0,credit
C04332-K1,C04332,12033,481.0,150.0,visa,226.0,credit
C09037-K1,C09037,15437,555.0,150.0,visa,226.0,debit
C09204-K1,C09204,21264,554.0,150.0,mastercard,,credit
C13173-K1,C13173,19571,555.0,150.0,visa,226.0,credit
C13427-K1,C13427,20029,399.0,150.0,american express,223.0,credit
C05742-K1,C05742,19234,399.0,150.0,american express,198.0,credit
C05225-K1,C05225,20095,228.0,106.0,visa,226.0,credit
C05847-K1,C05847,22595,555.0,150.0,visa,226.0,debit
C09927-K1,C09927,15434,142.0,185.0,mastercard,166.0,debit
C00655-K1,C00655,14962,379.0,102.0,visa,226.0,credit
C02374-K1,C02374,22484,555.0,150.0,visa,226.0,debit
C13240-K1,C13240,14087,555.0,150.0,visa,226.0,credit
C08097-K1,C08097,15752,555.0,150.0,visa,226.0,debit
C02528-K1,C02528,12395,567.0,150.0,visa,228.0,credit
C08883-K1,C08883,14785,555.0,199.0,american express,,credit
C07999-K1,C07999,21138,115.0,150.0,visa,226.0,debit
C08427-K1,C08427,19169,583.0,150.0,visa,195.0,credit
C09009-K1,C09009,16728,555.0,213.0,visa,228.0,credit
C10555-K1,C10555,15990,396.0,150.0,mastercard,190.0,credit
C12389-K1,C12389,22788,398.0,150.0,mastercard,224.0,debit
C02478-K1,C02478,22274,399.0,150.0,american express,104.0,credit
C04736-K1,C04736,11192,555.0,150.0,visa,195.0,credit
C07651-K1,C07651,22647,555.0,150.0,visa,226.0,debit
C09143-K1,C09143,10846,272.0,150.0,mastercard,137.0,credit
C06669-K1,C06669,16900,514.0,150.0,mastercard,224.0,credit
C06575-K1,C06575,16076,420.0,150.0,mastercard,224.0,debit
C07199-K1,C07199,10203,111.0,150.0,visa,226.0,debit
C09044-K1,C09044,22765,555.0,150.0,visa,226.0,credit
C06177-K1,C06177,14405,555.0,150.0,visa,226.0,debit
C05001-K1,C05001,20015,480.0,150.0,mastercard,195.0,debit
C10697-K2,C10697,20002,555.0,150.0,visa,226.0,debit
C12108-K1,C12108,15510,399.0,150.0,american express,122.0,credit
C07243-K1,C07243,11618,555.0,150.0,visa,195.0,credit
C05288-K1,C05288,23102,399.0,150.0,american express,223.0,credit
C10690-K1,C10690,17202,512.0,150.0,mastercard,224.0,debit
C05246-K1,C05246,13350,555.0,150.0,mastercard,102.0,credit
C11633-K1,C11633,16139,445.0,150.0,mastercard,102.0,credit
C04694-K1,C04694,20844,555.0,150.0,mastercard,224.0,credit
C08137-K1,C08137,17017,555.0,150.0,visa,226.0,debit
C00375-K1,C00375,11592,555.0,150.0,visa,226.0,debit
C06472-K1,C06472,20746,321.0,150.0,visa,226.0,debit
C11825-K1,C11825,10001,555.0,150.0,visa,226.0,credit
C09753-K1,C09753,15923,181.0,150.0,visa,195.0,credit
C05426-K1,C05426,15685,463.0,144.0,visa,226.0,debit
C12492-K1,C12492,20723,555.0,185.0,visa,226.0,credit
C13174-K1,C13174,19952,555.0,150.0,visa,226.0,credit
C03744-K2,C03744,14810,224.0,106.0,mastercard,137.0,credit
C01396-K1,C01396,14978,555.0,150.0,visa,226.0,credit
C01430-K2,C01430,16680,512.0,150.0,mastercard,117.0,debit
C01588-K1,C01588,14764,399.0,150.0,american express,236.0,credit
C00442-K1,C00442,15579,555.0,150.0,visa,226.0,credit
C02048-K1,C02048,14792,555.0,150.0,visa,226.0,debit
C11025-K1,C11025,12841,399.0,150.0,american express,223.0,credit
C03854-K1,C03854,18999,399.0,150.0,american express,223.0,credit
C05894-K1,C05894,13508,327.0,150.0,discover,166.0,debit
C04245-K1,C04245,16134,321.0,150.0,visa,226.0,debit
C04123-K1,C04123,15449,310.0,150.0,mastercard,195.0,debit
C11120-K1,C11120,12877,399.0,150.0,american express,137.0,credit
C06668-K2,C06668,21445,555.0,150.0,visa,226.0,debit
C08067-K1,C08067,16912,399.0,150.0,american express,146.0,credit
C07165-K1,C07165,23416,469.0,106.0,mastercard,137.0,debit
C09667-K1,C09667,13730,481.0,150.0,mastercard,102.0,credit
C04427-K1,C04427,16129,555.0,162.0,visa,226.0,credit
C00184-K1,C00184,14659,543.0,150.0,mastercard,224.0,debit
C04931-K1,C04931,11554,555.0,204.0,visa,226.0,credit
C08636-K1,C08636,19211,151.0,150.0,visa,226.0,debit
C00643-K1,C00643,11590,555.0,150.0,visa,226.0,debit
C07420-K2,C07420,11903,512.0,150.0,mastercard,117.0,debit
C05354-K1,C05354,21953,111.0,150.0,visa,226.0,debit
C01613-K1,C01613,14105,553.0,150.0,visa,195.0,debit
C04544-K1,C04544,11641,399.0,150.0,american express,185.0,credit
C01549-K1,C01549,17969,174.0,150.0,mastercard,,credit
C04001-K1,C04001,10068,555.0,150.0,visa,226.0,credit
C08400-K1,C08400,18399,321.0,150.0,visa,226.0,debit
C01141-K1,C01141,19271,555.0,119.0,visa,162.0,credit
C01250-K1,C01250,10352,493.0,150.0,mastercard,102.0,credit
C11685-K1,C11685,12130,555.0,137.0,visa,162.0,credit
C04724-K1,C04724,12868,275.0,150.0,mastercard,224.0,debit
C10343-K1,C10343,18787,490.0,150.0,visa,226.0,debit
C00891-K1,C00891,19209,517.0,150.0,mastercard,224.0,debit
C00590-K1,C00590,15864,512.0,150.0,mastercard,117.0,debit
C02208-K1,C02208,18015,320.0,150.0,mastercard,224.0,credit
C03071-K1,C03071,12383,580.0,106.0,visa,226.0,credit
C09264-K1,C09264,15895,399.0,150.0,american express,223.0,credit
C01939-K1,C01939,12788,399.0,150.0,american express,132.0,credit
C09525-K1,C09525,17064,555.0,182.0,visa,226.0,credit
C09225-K1,C09225,15686,399.0,150.0,american express,185.0,credit
C01350-K1,C01350,19191,399.0,150.0,american express,185.0,credit
C03659-K1,C03659,17606,399.0,150.0,american express,223.0,credit
C08731-K1,C08731,14066,275.0,150.0,mastercard,224.0,debit
C12300-K1,C12300,17742,125.0,150.0,american express,,credit
C05275-K1,C05275,16918,321.0,150.0,visa,226.0,debit
C11134-K1,C11134,13918,555.0,150.0,visa,226.0,debit
C03408-K1,C03408,18931,555.0,150.0,visa,226.0,debit
C10073-K1,C10073,22872,555.0,227.0,visa,226.0,credit
C12510-K1,C12510,10255,,150.0,visa,194.0,credit
C12928-K1,C12928,15557,138.0,200.0,visa,226.0,debit
C05583-K1,C05583,17765,555.0,144.0,mastercard,219.0,credit
C03618-K1,C03618,13256,555.0,150.0,visa,226.0,debit
C09590-K1,C09590,18802,555.0,150.0,visa,226.0,debit
C04128-K1,C04128,17146,555.0,150.0,visa,226.0,debit
C10528-K1,C10528,12966,170.0,150.0,mastercard,102.0,credit
C04496-K1,C04496,19962,555.0,150.0,visa,226.0,debit
C09937-K1,C09937,16161,555.0,150.0,visa,226.0,debit
C01512-K1,C01512,20955,396.0,150.0,mastercard,219.0,credit
C11205-K1,C11205,18337,555.0,133.0,mastercard,111.0,credit
C13132-K1,C13132,19500,179.0,106.0,visa,226.0,debit
C12027-K1,C12027,16720,405.0,185.0,visa,138.0,debit
C04959-K1,C04959,10754,555.0,150.0,visa,226.0,debit
C11099-K1,C11099,19939,555.0,150.0,visa,226.0,debit
C04985-K1,C04985,21056,570.0,150.0,visa,195.0,debit
C05348-K1,C05348,13655,555.0,219.0,visa,137.0,credit
C03280-K1,C03280,23430,399.0,150.0,american express,133.0,credit
C01808-K1,C01808,11926,583.0,150.0,visa,226.0,credit
C12299-K1,C12299,18555,294.0,150.0,mastercard,224.0,credit
C12695-K1,C12695,13744,555.0,185.0,mastercard,137.0,credit
C08574-K1,C08574,17892,310.0,150.0,mastercard,224.0,debit
C05884-K1,C05884,18720,555.0,202.0,visa,138.0,debit
C03930-K1,C03930,23498,555.0,150.0,visa,226.0,credit
C03035-K1,C03035,19366,,150.0,american express,,
C13025-K2,C13025,18121,528.0,150.0,visa,195.0,credit
C03892-K2,C03892,15607,555.0,144.0,mastercard,,credit
C01217-K1,C01217,13526,108.0,150.0,mastercard,117.0,debit
C02012-K1,C02012,23346,555.0,150.0,visa,195.0,credit
C02810-K1,C02810,16292,,150.0,visa,166.0,debit
C02568-K1,C02568,12811,555.0,100.0,mastercard,102.0,credit
C10122-K1,C10122,10930,512.0,150.0,mastercard,224.0,debit
C09215-K2,C09215,18806,166.0,150.0,visa,226.0,credit
C11404-K1,C11404,13001,555.0,111.0,mastercard,224.0,debit
C07230-K1,C07230,12419,555.0,212.0,visa,102.0,credit
C03057-K1,C03057,19720,406.0,117.0,mastercard,166.0,debit
C07706-K1,C07706,14486,555.0,117.0,mastercard,195.0,credit
C00182-K1,C00182,19821,555.0,150.0,mastercard,195.0,debit
C00356-K1,C00356,19456,225.0,150.0,mastercard,224.0,debit
C13478-K1,C13478,11542,399.0,150.0,american express,236.0,credit
C01782-K3,C01782,12876,327.0,150.0,discover,223.0,credit
C11550-K1,C11550,21798,555.0,150.0,visa,226.0,credit
C03127-K1,C03127,13492,543.0,150.0,mastercard,224.0,debit
C08392-K1,C08392,12200,557.0,150.0,visa,141.0,credit
C10512-K1,C10512,17534,555.0,150.0,visa,226.0,debit
C09565-K1,C09565,12049,555.0,150.0,visa,226.0,credit
C10645-K2,C10645,16920,555.0,162.0,mastercard,166.0,debit
C02212-K1,C02212,11648,543.0,150.0,mastercard,224.0,debit
C10420-K1,C10420,18501,385.0,150.0,visa,195.0,debit
C01606-K1,C01606,13115,555.0,150.0,mastercard,195.0,debit
C00344-K1,C00344,12122,399.0,150.0,american express,223.0,credit
C10891-K1,C10891,12796,512.0,150.0,mastercard,117.0,debit
C01765-K1,C01765,21037,298.0,150.0,visa,226.0,debit
C11083-K1,C11083,12894,555.0,150.0,visa,226.0,debit
C00636-K1,C00636,19451,520.0,150.0,american express,190.0,credit
C06670-K1,C06670,15380,399.0,150.0,american express,133.0,credit
C00893-K1,C00893,18659,555.0,150.0,visa,226.0,debit
C02378-K1,C02378,11596,555.0,117.0,mastercard,224.0,credit
C00367-K1,C00367,18517,399.0,150.0,american express,223.0,credit
C05630-K1,C05630,19489,463.0,144.0,visa,137.0,credit
C02833-K1,C02833,22086,555.0,150.0,visa,226.0,debit
C00679-K1,C00679,10340,111.0,150.0,mastercard,203.0,credit
C12934-K1,C12934,13530,555.0,190.0,visa,226.0,debit
C08754-K1,C08754,10218,554.0,150.0,visa,195.0,credit
C03489-K1,C03489,13753,399.0,150.0,american express,132.0,credit
C06943-K1,C06943,15381,555.0,150.0,visa,226.0,debit
C09100-K1,C09100,23428,555.0,150.0,visa,226.0,credit
C12047-K1,C12047,11873,321.0,150.0,visa,226.0,debit
C00802-K1,C00802,16478,321.0,150.0,visa,226.0,debit
C10311-K1,C10311,19650,225.0,150.0,mastercard,224.0,debit
C05500-K2,C05500,19020,529.0,150.0,visa,226.0,debit
C07136-K1,C07136,16058,555.0,150.0,visa,226.0,debit
C04333-K1,C04333,18826,543.0,150.0,mastercard,224.0,debit
C01641-K1,C01641,14318,533.0,150.0,visa,195.0,credit
C03819-K1,C03819,10214,555.0,150.0,visa,226.0,credit
C07914-K1,C07914,13516,132.0,150.0,visa,226.0,credit
C04590-K1,C04590,21246,555.0,150.0,visa,226.0,debit
C05903-K1,C05903,22229,490.0,150.0,visa,100.0,debit
C12970-K1,C12970,22646,555.0,150.0,visa,226.0,credit
C00153-K1,C00153,19008,555.0,150.0,visa,226.0,debit
C00420-K1,C00420,11880,,150.0,visa,226.0,credit
C05041-K1,C05041,18882,298.0,150.0,mastercard,224.0,credit
C07200-K1,C07200,14714,111.0,150.0,visa,226.0,credit
C00971-K1,C00971,14363,555.0,210.0,mastercard,224.0,debit
C05401-K1,C05401,18423,555.0,150.0,visa,226.0,credit
C06761-K1,C06761,14883,555.0,150.0,visa,226.0,credit
C00043-K1,C00043,14045,555.0,150.0,visa,226.0,debit
C02415-K1,C02415,20142,111.0,150.0,visa,195.0,credit
C12909-K1,C12909,23454,,150.0,mastercard,,credit
C02375-K1,C02375,19518,399.0,150.0,american express,150.0,credit
C05205-K1,C05205,18706,480.0,150.0,mastercard,224.0,debit
C10793-K1,C10793,10194,555.0,150.0,visa,226.0,debit
C01341-K1,C01341,13682,399.0,150.0,american express,198.0,credit
C00825-K1,C00825,13316,555.0,183.0,mastercard,224.0,credit
C06132-K1,C06132,16485,520.0,150.0,american express,190.0,credit
C01669-K1,C01669,15177,,150.0,visa,,credit
C05941-K1,C05941,18979,390.0,150.0,mastercard,195.0,debit
C12071-K1,C12071,21945,583.0,150.0,visa,195.0,credit
C01802-K1,C01802,18260,386.0,150.0,visa,195.0,debit
C03007-K1,C03007,19365,555.0,117.0,mastercard,123.0,debit
C06567-K1,C06567,21644,555.0,150.0,visa,226.0,credit
C10202-K1,C10202,13755,555.0,150.0,visa,226.0,credit
C04524-K1,C04524,14604,555.0,150.0,visa,195.0,debit
C05296-K1,C05296,22215,555.0,150.0,visa,226.0,credit
C02644-K1,C02644,12721,555.0,150.0,visa,195.0,debit
C06975-K1,C06975,12188,454.0,150.0,visa,226.0,debit
C08077-K1,C08077,23314,399.0,150.0,american express,137.0,credit
C01523-K1,C01523,11982,555.0,144.0,visa,147.0,credit
C00896-K1,C00896,12981,543.0,150.0,mastercard,102.0,credit
C00579-K1,C00579,11445,302.0,150.0,visa,226.0,credit
C08434-K1,C08434,10869,555.0,126.0,mastercard,195.0,credit
C05441-K1,C05441,22260,111.0,150.0,visa,226.0,debit
C02421-K1,C02421,19606,187.0,144.0,visa,226.0,credit
C10509-K1,C10509,19978,569.0,117.0,visa,226.0,debit
C11580-K1,C11580,12422,399.0,150.0,american express,146.0,credit
C00928-K1,C00928,10697,480.0,150.0,mastercard,224.0,debit
C01912-K1,C01912,22815,111.0,150.0,visa,226.0,credit
C10926-K1,C10926,20091,555.0,150.0,visa,226.0,debit
C10371-K1,C10371,13847,555.0,150.0,visa,226.0,debit
C04122-K1,C04122,11287,555.0,150.0,visa,226.0,debit
C08331-K1,C08331,17261,554.0,150.0,visa,226.0,credit
C11350-K1,C11350,19108,219.0,150.0,visa,226.0,credit
C00521-K1,C00521,18519,,150.0,mastercard,102.0,credit
C02085-K1,C02085,10568,399.0,150.0,american express,185.0,credit
C08711-K1,C08711,10018,399.0,150.0,american express,223.0,credit
C12394-K1,C12394,21287,520.0,150.0,american express,190.0,credit
C10578-K1,C10578,14394,399.0,150.0,american express,146.0,credit
C07926-K1,C07926,18440,583.0,150.0,mastercard,135.0,credit
C05109-K1,C05109,12435,596.0,150.0,mastercard,224.0,debit
C11048-K1,C11048,15340,108.0,150.0,mastercard,182.0,debit
C09052-K1,C09052,10830,111.0,150.0,visa,195.0,debit
C09781-K1,C09781,21015,399.0,150.0,american express,223.0,credit
C11652-K2,C11652,19736,331.0,150.0,visa,226.0,credit
C03773-K2,C03773,19813,266.0,185.0,mastercard,224.0,debit
C10657-K1,C10657,21848,555.0,150.0,visa,226.0,debit
C07460-K1,C07460,11325,537.0,150.0,visa,166.0,debit
C12313-K1,C12313,15102,111.0,150.0,mastercard,195.0,debit
C12443-K1,C12443,15656,390.0,150.0,mastercard,195.0,debit
C05517-K1,C05517,19336,555.0,150.0,visa,226.0,credit
C03450-K1,C03450,10316,321.0,150.0,visa,226.0,debit
C03678-K1,C03678,19323,321.0,150.0,visa,137.0,debit
C00516-K1,C00516,12155,555.0,102.0,visa,226.0,credit
C02785-K1,C02785,13920,555.0,150.0,visa,226.0,debit
C13320-K1,C13320,17213,225.0,150.0,mastercard,117.0,debit
C03301-K2,C03301,12773,321.0,150.0,visa,,credit
C07861-K1,C07861,22926,470.0,150.0,mastercard,137.0,credit
C03554-K1,C03554,15157,555.0,150.0,visa,226.0,debit
C08927-K1,C08927,21684,555.0,150.0,visa,226.0,debit
C02281-K1,C02281,15853,555.0,150.0,visa,226.0,credit
C10293-K1,C10293,19839,399.0,150.0,american express,185.0,credit
C02402-K1,C02402,16505,127.0,150.0,mastercard,224.0,debit
C01200-K1,C01200,12813,555.0,190.0,visa,137.0,credit
C08718-K1,C08718,21065,360.0,150.0,mastercard,166.0,debit
C08351-K1,C08351,16145,555.0,150.0,visa,226.0,credit
C01872-K1,C01872,21180,143.0,150.0,visa,226.0,debit
C02307-K1,C02307,12994,555.0,150.0,visa,226.0,credit
C06109-K1,C06109,22976,399.0,150.0,american express,132.0,credit
C10691-K1,C10691,16600,310.0,150.0,mastercard,224.0,debit
C04638-K1,C04638,20237,492.0,150.0,visa,226.0,debit
C11174-K1,C11174,15756,555.0,150.0,mastercard,195.0,debit
C04513-K1,C04513,12578,399.0,150.0,american express,223.0,credit
C02806-K1,C02806,19523,143.0,150.0,visa,226.0,debit
C04797-K1,C04797,19646,361.0,150.0,visa,226.0,debit
C05913-K2,C05913,18289,445.0,150.0,mastercard,219.0,debit
C05995-K1,C05995,10850,555.0,162.0,mastercard,102.0,credit
C10686-K1,C10686,23360,543.0,150.0,mastercard,195.0,debit
C05133-K1,C05133,15049,399.0,150.0,american express,137.0,credit
C07253-K1,C07253,10993,554.0,150.0,mastercard,224.0,debit
C02471-K1,C02471,18488,543.0,150.0,mastercard,224.0,debit
C04009-K1,C04009,21392,555.0,150.0,visa,226.0,credit
C07091-K1,C07091,16312,399.0,150.0,american express,185.0,credit
C11476-K1,C11476,22316,555.0,150.0,visa,226.0,debit
C07261-K1,C07261,13366,555.0,200.0,,226.0,debit
C00985-K1,C00985,10425,420.0,150.0,mastercard,224.0,debit
C02798-K1,C02798,12441,480.0,150.0,mastercard,117.0,debit
C11264-K1,C11264,16070,543.0,150.0,mastercard,195.0,debit
C10730-K1,C10730,12815,,150.0,visa,226.0,credit
C06790-K1,C06790,20058,555.0,229.0,visa,102.0,credit
C00033-K1,C00033,13587,555.0,102.0,visa,138.0,debit
C08827-K1,C08827,21019,555.0,150.0,visa,226.0,credit
C02034-K1,C02034,18759,527.0,150.0,visa,226.0,debit
C09427-K1,C09427,18635,555.0,150.0,visa,226.0,debit
C04674-K1,C04674,12291,555.0,102.0,visa,137.0,credit
C11592-K1,C11592,10559,555.0,150.0,visa,226.0,debit
C09841-K2,C09841,12672,512.0,150.0,mastercard,229.0,debit
C04738-K1,C04738,19345,225.0,150.0,mastercard,117.0,debit
C11230-K2,C11230,10213,224.0,106.0,mastercard,224.0,debit
C10426-K1,C10426,21888,555.0,214.0,visa,102.0,credit
C08117-K1,C08117,11352,555.0,150.0,visa,226.0,debit
C13348-K1,C13348,14698,,133.0,visa,,credit
C02625-K1,C02625,22173,399.0,150.0,american express,185.0,credit
C06520-K2,C06520,14874,555.0,150.0,visa,226.0,debit
C12939-K1,C12939,21133,555.0,138.0,visa,226.0,credit
C07077-K1,C07077,17462,555.0,150.0,visa,226.0,debit
C06827-K1,C06827,20393,555.0,119.0,visa,102.0,credit
C09058-K1,C09058,16954,555.0,150.0,visa,226.0,debit
C00481-K1,C00481,14713,555.0,135.0,mastercard,224.0,debit
C00168-K2,C00168,21886,122.0,150.0,mastercard,126.0,debit
C13115-K1,C13115,11233,399.0,150.0,american express,223.0,credit
C10787-K1,C10787,15092,555.0,150.0,visa,226.0,debit
C01306-K1,C01306,18275,302.0,150.0,visa,226.0,debit
C09544-K1,C09544,20189,555.0,203.0,mastercard,224.0,credit
C04606-K1,C04606,10137,555.0,133.0,mastercard,111.0,credit
C10629-K1,C10629,12631,480.0,150.0,mastercard,224.0,debit
C05962-K1,C05962,13378,555.0,150.0,mastercard,102.0,credit
C07420-K1,C07420,11903,480.0,150.0,mastercard,117.0,debit
C03672-K1,C03672,10038,555.0,150.0,visa,226.0,debit
C10742-K1,C10742,14735,390.0,150.0,mastercard,224.0,debit
C00274-K1,C00274,13914,302.0,150.0,visa,226.0,debit
C11320-K1,C11320,22773,143.0,150.0,visa,226.0,debit
C00848-K1,C00848,11531,555.0,210.0,visa,102.0,credit
C02526-K1,C02526,10549,179.0,106.0,visa,226.0,debit
C10446-K2,C10446,22777,122.0,150.0,mastercard,166.0,debit
C07055-K1,C07055,15733,555.0,214.0,visa,226.0,credit
C07260-K1,C07260,19133,420.0,150.0,mastercard,117.0,debit
C09593-K1,C09593,11882,555.0,150.0,visa,226.0,debit
C12844-K1,C12844,12206,555.0,118.0,mastercard,224.0,credit
C12074-K1,C12074,11258,321.0,150.0,visa,226.0,debit
C04722-K1,C04722,15121,418.0,150.0,visa,226.0,credit
C06956-K1,C06956,18934,399.0,150.0,american express,132.0,credit
C06516-K1,C06516,10134,555.0,150.0,visa,226.0,debit
C08701-K1,C08701,19630,555.0,144.0,american express,164.0,credit
C07983-K1,C07983,20170,399.0,150.0,american express,131.0,credit
C09192-K1,C09192,11399,547.0,150.0,visa,226.0,credit
C12178-K1,C12178,15317,555.0,150.0,visa,226.0,debit
C11253-K1,C11253,23263,302.0,150.0,visa,195.0,debit
C07428-K1,C07428,15985,517.0,150.0,mastercard,224.0,debit
C07115-K1,C07115,21233,555.0,150.0,visa,226.0,debit
C13365-K1,C13365,13343,471.0,150.0,mastercard,137.0,debit
C06911-K1,C06911,14697,555.0,119.0,visa,162.0,credit
C07866-K1,C07866,19885,512.0,150.0,mastercard,195.0,debit
C12244-K1,C12244,18941,555.0,144.0,mastercard,224.0,credit
C07177-K1,C07177,22935,512.0,150.0,mastercard,117.0,debit
C11259-K1,C11259,16002,555.0,150.0,visa,166.0,debit
C06987-K2,C06987,14774,310.0,150.0,mastercard,224.0,debit
C02876-K1,C02876,18416,555.0,150.0,visa,226.0,debit
C05702-K1,C05702,22412,555.0,150.0,visa,226.0,debit
C03687-K1,C03687,12468,555.0,150.0,visa,226.0,debit
C07654-K1,C07654,13088,520.0,150.0,american express,190.0,credit
C00884-K1,C00884,20093,399.0,150.0,american express,146.0,credit
C10355-K1,C10355,16631,555.0,150.0,visa,226.0,debit
C03139-K1,C03139,17476,523.0,150.0,visa,226.0,credit
C08608-K1,C08608,11802,555.0,150.0,visa,195.0,debit
C10488-K1,C10488,14000,555.0,150.0,visa,226.0,debit
C01993-K1,C01993,18476,310.0,150.0,mastercard,195.0,debit
C03988-K1,C03988,13114,555.0,150.0,visa,226.0,credit
C00016-K1,C00016,11923,390.0,150.0,mastercard,224.0,debit
C00839-K1,C00839,21864,591.0,150.0,visa,195.0,debit
C03845-K1,C03845,18187,555.0,185.0,mastercard,224.0,debit
C09571-K1,C09571,18775,390.0,150.0,mastercard,224.0,debit
C12820-K1,C12820,21658,399.0,150.0,american express,223.0,credit
C08618-K2,C08618,16308,555.0,150.0,mastercard,166.0,debit
C08091-K1,C08091,22500,555.0,227.0,visa,102.0,credit
C08561-K1,C08561,21117,321.0,150.0,visa,226.0,debit
C13308-K1,C13308,22545,555.0,150.0,visa,226.0,debit
C10580-K1,C10580,20215,399.0,150.0,american express,146.0,credit
C00482-K1,C00482,15087,580.0,106.0,visa,138.0,debit
C03793-K1,C03793,15412,524.0,150.0,visa,226.0,credit
C04782-K1,C04782,22096,555.0,150.0,visa,226.0,debit
C03284-K1,C03284,16929,109.0,150.0,visa,226.0,credit
C09562-K1,C09562,21631,399.0,150.0,american express,236.0,credit
C05980-K1,C05980,10527,225.0,150.0,mastercard,117.0,debit
C11710-K1,C11710,11275,555.0,102.0,visa,226.0,credit
C06793-K1,C06793,12540,408.0,185.0,mastercard,224.0,debit
C02834-K1,C02834,14864,555.0,150.0,mastercard,117.0,debit
C02382-K1,C02382,12399,555.0,150.0,visa,226.0,debit
C13386-K1,C13386,18815,545.0,185.0,visa,138.0,debit
C03219-K1,C03219,18362,480.0,150.0,mastercard,224.0,debit
C12376-K1,C12376,20566,251.0,150.0,visa,166.0,debit
C03157-K2,C03157,13292,118.0,185.0,visa,226.0,debit
C06422-K1,C06422,17048,399.0,150.0,american express,146.0,credit
C13432-K1,C13432,13645,555.0,119.0,mastercard,224.0,credit
C00735-K1,C00735,12777,555.0,135.0,mastercard,224.0,credit
C09886-K1,C09886,14323,399.0,150.0,american express,223.0,credit
C00722-K1,C00722,13984,366.0,162.0,mastercard,224.0,credit
C07234-K1,C07234,16634,126.0,150.0,visa,226.0,debit
C08669-K1,C08669,11780,170.0,150.0,mastercard,117.0,debit
C08696-K1,C08696,13680,555.0,150.0,visa,226.0,debit
C05060-K1,C05060,19257,555.0,144.0,american express,190.0,debit
C12017-K1,C12017,19722,555.0,150.0,visa,226.0,credit
C10851-K1,C10851,11108,555.0,150.0,visa,226.0,debit
C10846-K2,C10846,10366,555.0,150.0,visa,226.0,credit
C01007-K1,C01007,14196,555.0,150.0,visa,226.0,debit
C03665-K1,C03665,12142,555.0,150.0,visa,226.0,debit
C06315-K1,C06315,10919,149.0,147.0,mastercard,219.0,credit
C12717-K1,C12717,17592,555.0,150.0,visa,226.0,credit
C07013-K2,C07013,13564,555.0,150.0,mastercard,166.0,debit
C02890-K1,C02890,13365,480.0,150.0,mastercard,117.0,debit
C00634-K1,C00634,10020,555.0,150.0,visa,226.0,debit
C11102-K1,C11102,11383,455.0,150.0,mastercard,126.0,debit
C11078-K1,C11078,22053,589.0,150.0,visa,226.0,credit
C11226-K1,C11226,16494,555.0,150.0,mastercard,224.0,credit
C11756-K1,C11756,22910,361.0,150.0,visa,226.0,debit
C02816-K1,C02816,18873,111.0,150.0,mastercard,195.0,debit
C05247-K1,C05247,10093,555.0,150.0,visa,226.0,debit
C05452-K1,C05452,16190,,150.0,visa,166.0,debit
C11784-K1,C11784,18384,555.0,150.0,visa,226.0,debit
C10951-K1,C10951,18435,143.0,150.0,visa,226.0,debit
C00177-K1,C00177,19397,555.0,150.0,visa,141.0,credit
C10281-K1,C10281,11823,399.0,150.0,american express,223.0,credit
C11414-K1,C11414,20826,399.0,150.0,american express,223.0,credit
C03833-K1,C03833,13704,555.0,150.0,mastercard,102.0,credit
C13497-K1,C13497,10847,399.0,150.0,american express,223.0,credit
C01474-K1,C01474,22491,328.0,150.0,mastercard,195.0,debit
C12943-K1,C12943,21166,555.0,150.0,visa,226.0,credit
C03029-K1,C03029,18421,383.0,150.0,visa,195.0,debit
C09378-K1,C09378,14049,555.0,195.0,mastercard,137.0,credit
C01338-K1,C01338,10862,555.0,107.0,visa,226.0,debit
C04712-K1,C04712,14487,170.0,150.0,visa,226.0,credit
C12768-K1,C12768,12016,399.0,150.0,american express,146.0,credit
C12064-K2,C12064,14519,390.0,150.0,mastercard,224.0,debit
C00471-K1,C00471,19054,310.0,150.0,mastercard,195.0,debit
C07097-K1,C07097,11775,399.0,150.0,american express,223.0,credit
C06581-K1,C06581,23336,171.0,150.0,mastercard,102.0,credit
C13084-K1,C13084,19599,555.0,150.0,visa,226.0,debit
C12779-K1,C12779,20733,555.0,200.0,mastercard,224.0,credit
C09469-K1,C09469,12146,470.0,150.0,mastercard,117.0,debit
C08681-K1,C08681,17827,420.0,150.0,mastercard,224.0,debit
C00827-K1,C00827,13569,555.0,119.0,visa,226.0,credit
C12548-K1,C12548,21247,275.0,150.0,mastercard,224.0,debit
C03092-K1,C03092,17083,555.0,150.0,visa,226.0,debit
C02636-K1,C02636,15968,123.0,144.0,visa,226.0,credit
C03951-K1,C03951,10283,310.0,150.0,mastercard,224.0,debit
C11868-K1,C11868,19160,161.0,150.0,mastercard,224.0,credit
C13185-K1,C13185,16177,418.0,150.0,visa,226.0,credit
C10995-K1,C10995,16142,555.0,137.0,visa,162.0,credit
C04052-K1,C04052,20633,420.0,150.0,mastercard,224.0,debit
C09611-K1,C09611,12723,480.0,150.0,mastercard,224.0,debit
C00325-K1,C00325,17187,142.0,185.0,visa,147.0,credit
C06175-K1,C06175,23275,555.0,150.0,visa,226.0,debit
C02670-K1,C02670,12688,399.0,150.0,american express,185.0,credit
C10569-K1,C10569,12246,,150.0,visa,195.0,debit
C06991-K1,C06991,20889,141.0,185.0,visa,228.0,credit
C12646-K1,C12646,21131,555.0,150.0,visa,166.0,debit
C00518-K1,C00518,18701,555.0,144.0,american express,164.0,credit
C04051-K1,C04051,20412,120.0,203.0,mastercard,195.0,credit
C00042-K1,C00042,12285,369.0,150.0,mastercard,224.0,debit
C07860-K1,C07860,14177,555.0,150.0,visa,226.0,debit
C11875-K1,C11875,14387,275.0,150.0,mastercard,224.0,debit
C02888-K1,C02888,13194,160.0,150.0,visa,226.0,debit
C06529-K1,C06529,16202,555.0,150.0,visa,226.0,credit
C00096-K1,C00096,18055,555.0,185.0,mastercard,195.0,credit
C09345-K1,C09345,11831,555.0,150.0,visa,195.0,debit
C13163-K1,C13163,13577,555.0,144.0,mastercard,197.0,credit
C09307-K1,C09307,20664,463.0,144.0,visa,226.0,credit
C01117-K1,C01117,10653,580.0,106.0,visa,147.0,credit
C07179-K1,C07179,14316,349.0,150.0,visa,226.0,debit
C12630-K1,C12630,21221,,150.0,visa,,credit
C00346-K1,C00346,19603,580.0,106.0,visa,226.0,debit
C03703-K1,C03703,21167,111.0,150.0,visa,226.0,credit
C04836-K1,C04836,18834,434.0,150.0,visa,194.0,credit
C08585-K1,C08585,21087,555.0,150.0,visa,226.0,debit
C09040-K1,C09040,12675,555.0,150.0,visa,226.0,debit
C11525-K1,C11525,15980,580.0,106.0,visa,102.0,credit
C02801-K1,C02801,15091,138.0,200.0,visa,226.0,debit
C08404-K1,C08404,16311,520.0,150.0,american express,190.0,credit
C09617-K1,C09617,15298,554.0,150.0,visa,226.0,debit
C03199-K1,C03199,17412,555.0,222.0,visa,138.0,debit
C00055-K1,C00055,22636,517.0,150.0,mastercard,224.0,debit
C07418-K1,C07418,15468,384.0,150.0,visa,226.0,debit
C13226-K1,C13226,13367,543.0,150.0,mastercard,117.0,debit
C03535-K1,C03535,18900,555.0,150.0,visa,226.0,debit
C13431-K1,C13431,20570,520.0,150.0,american express,190.0,credit
C07705-K1,C07705,20259,555.0,150.0,visa,195.0,debit
C13400-K1,C13400,20148,399.0,150.0,american express,223.0,credit
C04006-K1,C04006,14607,555.0,150.0,visa,226.0,debit
C12795-K1,C12795,17807,555.0,212.0,visa,226.0,credit
C10839-K1,C10839,18524,225.0,150.0,mastercard,117.0,debit
C06944-K1,C06944,19901,555.0,150.0,mastercard,224.0,credit
C12563-K1,C12563,18227,268.0,150.0,visa,100.0,debit
C10319-K1,C10319,15044,123.0,144.0,visa,226.0,credit
C00087-K1,C00087,19350,383.0,150.0,visa,195.0,debit
C11145-K1,C11145,11558,390.0,150.0,mastercard,195.0,debit
C01165-K1,C01165,15275,583.0,150.0,visa,226.0,credit
C07625-K1,C07625,14553,555.0,150.0,visa,226.0,debit
C10526-K1,C10526,22732,111.0,150.0,visa,195.0,debit
C12601-K1,C12601,15431,555.0,188.0,mastercard,224.0,credit
C11291-K1,C11291,13436,555.0,150.0,visa,226.0,debit
C05827-K1,C05827,19708,555.0,150.0,visa,226.0,credit
C06745-K1,C06745,17814,555.0,131.0,mastercard,224.0,credit
C02935-K2,C02935,21319,512.0,150.0,mastercard,224.0,debit
C02687-K1,C02687,17689,567.0,150.0,mastercard,197.0,debit
C10958-K1,C10958,14811,514.0,150.0,mastercard,224.0,credit
C04218-K1,C04218,18292,246.0,150.0,visa,195.0,debit
C06533-K1,C06533,17661,555.0,182.0,visa,226.0,debit
C11553-K1,C11553,14482,268.0,150.0,visa,226.0,debit
C10161-K1,C10161,22403,480.0,150.0,mastercard,100.0,debit
C10522-K1,C10522,11385,399.0,150.0,american express,146.0,credit
C03216-K1,C03216,19767,302.0,150.0,visa,226.0,debit
C07748-K1,C07748,13853,555.0,150.0,visa,195.0,credit
C08327-K1,C08327,11599,555.0,188.0,mastercard,232.0,credit
C06732-K1,C06732,14219,555.0,213.0,mastercard,166.0,debit
C01683-K1,C01683,19995,555.0,213.0,visa,166.0,debit
C02500-K1,C02500,17633,111.0,150.0,visa,226.0,debit
C01069-K1,C01069,14930,555.0,150.0,visa,226.0,debit
C07664-K1,C07664,12494,337.0,150.0,visa,195.0,debit
C11382-K1,C11382,10460,555.0,119.0,visa,102.0,credit
C09934-K1,C09934,16469,543.0,150.0,mastercard,224.0,debit
C12183-K1,C12183,19519,591.0,150.0,visa,195.0,credit
C01542-K1,C01542,13834,555.0,150.0,visa,226.0,debit
C04070-K1,C04070,15844,555.0,150.0,visa,226.0,debit
C02484-K1,C02484,10324,555.0,213.0,mastercard,224.0,debit
C13096-K1,C13096,13229,557.0,150.0,visa,226.0,debit
C09404-K1,C09404,14247,111.0,150.0,visa,226.0,debit
C12088-K1,C12088,15307,225.0,150.0,mastercard,117.0,debit
C06618-K1,C06618,21230,350.0,150.0,visa,195.0,debit
C06871-K1,C06871,20212,555.0,150.0,visa,226.0,debit
C13424-K1,C13424,11694,555.0,150.0,visa,226.0,credit
C12625-K1,C12625,21491,555.0,150.0,visa,226.0,debit
C07229-K1,C07229,21383,390.0,150.0,mastercard,117.0,debit
C10565-K1,C10565,14455,569.0,117.0,visa,226.0,debit
C04586-K1,C04586,11398,555.0,150.0,mastercard,,credit
C06933-K1,C06933,13641,420.0,150.0,mastercard,224.0,debit
C04768-K1,C04768,19986,543.0,150.0,mastercard,224.0,debit
C07069-K1,C07069,10427,399.0,150.0,american express,132.0,credit
C11696-K1,C11696,12881,555.0,182.0,visa,166.0,debit
C09268-K1,C09268,22507,420.0,150.0,mastercard,195.0,debit
C10421-K1,C10421,11745,555.0,150.0,visa,226.0,credit
C11908-K1,C11908,12594,174.0,150.0,mastercard,,credit
C09971-K2,C09971,22895,555.0,150.0,mastercard,224.0,debit
C02448-K1,C02448,10011,555.0,148.0,mastercard,224.0,credit
C04063-K1,C04063,10032,555.0,134.0,visa,226.0,credit
C01759-K1,C01759,13690,452.0,150.0,mastercard,195.0,debit
C12419-K1,C12419,16927,399.0,150.0,american express,185.0,credit
C03145-K1,C03145,22477,555.0,150.0,mastercard,195.0,debit
C00142-K1,C00142,10448,399.0,150.0,american express,223.0,credit
C01915-K1,C01915,23151,111.0,150.0,mastercard,224.0,debit
C04645-K1,C04645,21350,555.0,119.0,mastercard,102.0,credit
C13123-K1,C13123,14992,555.0,150.0,visa,226.0,debit
C09311-K2,C09311,15086,225.0,150.0,visa,226.0,credit
C03952-K1,C03952,15471,555.0,191.0,mastercard,102.0,credit
C08848-K1,C08848,20505,321.0,150.0,visa,226.0,debit
C03011-K1,C03011,19064,543.0,150.0,mastercard,224.0,debit
C12550-K1,C12550,20759,543.0,150.0,mastercard,224.0,debit
C02253-K1,C02253,18881,555.0,150.0,visa,226.0,debit
C07376-K1,C07376,22334,555.0,150.0,visa,226.0,debit
C01600-K1,C01600,16027,555.0,150.0,visa,226.0,credit
C10789-K2,C10789,19074,310.0,150.0,mastercard,195.0,debit
C03827-K1,C03827,13967,399.0,150.0,american express,223.0,credit
C09073-K1,C09073,21473,,150.0,visa,166.0,debit
C09229-K1,C09229,14510,555.0,150.0,visa,226.0,debit
C09302-K1,C09302,13716,261.0,150.0,mastercard,102.0,credit
C03623-K1,C03623,15500,555.0,150.0,visa,226.0,debit
C00312-K1,C00312,20266,555.0,150.0,visa,226.0,debit
C06895-K1,C06895,11536,399.0,150.0,american express,137.0,credit
C12038-K1,C12038,12449,399.0,150.0,american express,119.0,credit
C10038-K1,C10038,21401,515.0,119.0,visa,162.0,credit
C01551-K1,C01551,12221,216.0,150.0,mastercard,195.0,credit
C13383-K1,C13383,12564,321.0,150.0,visa,226.0,debit
C05210-K1,C05210,23051,555.0,150.0,visa,226.0,debit
C06854-K1,C06854,22194,390.0,150.0,mastercard,224.0,debit
C13023-K1,C13023,12143,399.0,150.0,american express,146.0,credit
C11452-K1,C11452,17074,555.0,150.0,mastercard,102.0,credit
C09110-K1,C09110,14669,310.0,150.0,mastercard,224.0,debit
C05740-K1,C05740,18171,399.0,150.0,american express,223.0,credit
C08960-K1,C08960,20735,309.0,150.0,visa,195.0,debit
C06562-K1,C06562,23259,555.0,150.0,visa,226.0,debit
C01378-K1,C01378,14508,327.0,150.0,discover,166.0,debit
C13476-K1,C13476,16254,225.0,150.0,mastercard,224.0,debit
C11646-K1,C11646,20931,555.0,185.0,visa,166.0,debit
C09592-K1,C09592,22162,399.0,150.0,american express,150.0,credit
C06699-K1,C06699,11305,399.0,150.0,american express,150.0,credit
C05454-K1,C05454,18284,555.0,135.0,mastercard,224.0,credit
C06415-K3,C06415,10293,206.0,150.0,mastercard,229.0,debit
C03644-K1,C03644,12109,555.0,150.0,visa,226.0,debit
C02064-K1,C02064,20156,390.0,150.0,mastercard,224.0,debit
C12483-K1,C12483,13336,480.0,150.0,mastercard,117.0,debit
C04149-K1,C04149,19389,127.0,150.0,mastercard,117.0,debit
C03929-K2,C03929,22394,548.0,150.0,visa,226.0,credit
C07655-K1,C07655,22720,555.0,227.0,mastercard,102.0,credit
C08971-K1,C08971,11562,555.0,119.0,visa,226.0,credit
C04362-K1,C04362,10710,123.0,144.0,visa,137.0,credit
C01676-K1,C01676,23106,555.0,188.0,mastercard,137.0,credit
C10622-K1,C10622,12519,170.0,150.0,mastercard,102.0,credit
C05464-K1,C05464,17239,555.0,150.0,visa,226.0,debit
C13296-K1,C13296,18981,555.0,150.0,visa,226.0,debit
C08944-K1,C08944,22281,407.0,185.0,visa,226.0,debit
C11718-K1,C11718,20789,399.0,150.0,american express,146.0,credit
C05838-K1,C05838,22844,512.0,150.0,visa,226.0,debit
C06246-K1,C06246,13471,555.0,150.0,visa,226.0,debit
C11820-K1,C11820,20619,555.0,214.0,visa,137.0,credit
C11903-K1,C11903,14213,555.0,150.0,visa,162.0,credit
C06241-K1,C06241,18250,480.0,150.0,mastercard,224.0,debit
C01049-K1,C01049,15771,,150.0,visa,166.0,debit
C12702-K1,C12702,19580,122.0,150.0,mastercard,166.0,debit
C10977-K1,C10977,18694,555.0,100.0,visa,102.0,credit
C07620-K1,C07620,23163,555.0,144.0,visa,226.0,credit
C02593-K1,C02593,23101,321.0,150.0,visa,226.0,debit
C05799-K1,C05799,16214,555.0,150.0,visa,166.0,debit
C06081-K1,C06081,11037,321.0,150.0,visa,226.0,debit
C08769-K1,C08769,11288,275.0,150.0,mastercard,224.0,debit
C01616-K1,C01616,21510,555.0,117.0,american express,166.0,debit
C02029-K1,C02029,22722,,150.0,visa,166.0,debit
C06717-K1,C06717,17532,399.0,150.0,american express,223.0,credit
C00121-K1,C00121,16506,399.0,150.0,american express,185.0,credit
C12402-K1,C12402,12088,555.0,150.0,visa,226.0,debit
C03458-K1,C03458,19237,192.0,150.0,visa,226.0,debit
C09379-K1,C09379,11601,390.0,150.0,mastercard,224.0,debit
C12181-K2,C12181,22686,555.0,150.0,visa,195.0,debit
C02966-K1,C02966,10116,399.0,150.0,american express,236.0,credit
C08022-K1,C08022,21063,555.0,106.0,visa,137.0,debit
C06098-K2,C06098,22851,555.0,150.0,visa,226.0,debit
C10110-K1,C10110,16019,555.0,150.0,visa,226.0,debit
C00515-K1,C00515,19226,555.0,150.0,visa,226.0,debit
C01612-K1,C01612,15210,369.0,150.0,mastercard,224.0,debit
C09327-K1,C09327,11865,555.0,119.0,visa,226.0,credit
C03846-K1,C03846,16737,555.0,144.0,mastercard,224.0,credit
C03349-K1,C03349,13117,555.0,100.0,visa,195.0,credit
C03534-K1,C03534,20442,111.0,150.0,visa,195.0,debit
C10832-K1,C10832,21872,555.0,150.0,visa,226.0,credit
C07849-K1,C07849,20437,399.0,150.0,american express,137.0,credit
C05418-K1,C05418,18711,514.0,150.0,mastercard,129.0,credit
C02202-K1,C02202,11643,555.0,146.0,mastercard,224.0,credit
C05917-K1,C05917,10711,555.0,150.0,visa,226.0,credit
C08160-K1,C08160,14117,399.0,150.0,american express,132.0,credit
C12158-K1,C12158,10263,555.0,150.0,visa,226.0,debit
C03901-K1,C03901,12294,555.0,150.0,visa,226.0,debit
C11307-K1,C11307,17791,215.0,150.0,mastercard,126.0,debit
C10719-K1,C10719,18433,555.0,150.0,visa,226.0,debit
C04188-K1,C04188,20728,321.0,150.0,visa,226.0,debit
C09814-K1,C09814,19370,225.0,150.0,mastercard,117.0,debit
C00648-K1,C00648,14403,134.0,119.0,visa,226.0,credit
C05047-K1,C05047,12026,399.0,150.0,american express,146.0,credit
C02427-K1,C02427,23457,512.0,150.0,visa,226.0,debit
C00010-K1,C00010,15641,555.0,150.0,visa,226.0,debit
C12986-K1,C12986,22956,328.0,150.0,mastercard,117.0,debit
C12498-K1,C12498,17756,543.0,150.0,mastercard,224.0,debit
C02463-K1,C02463,15518,399.0,150.0,american express,119.0,credit
C07772-K1,C07772,19852,321.0,150.0,visa,226.0,debit
C10564-K1,C10564,19304,519.0,150.0,mastercard,117.0,debit
C09656-K1,C09656,14383,555.0,150.0,visa,226.0,debit
C11773-K1,C11773,19808,543.0,150.0,mastercard,224.0,debit
C13071-K1,C13071,22109,321.0,150.0,visa,226.0,debit
C08398-K2,C08398,11507,555.0,150.0,mastercard,224.0,debit
C07825-K2,C07825,17246,360.0,150.0,visa,166.0,debit
C00035-K1,C00035,20071,555.0,150.0,visa,226.0,debit
C11955-K1,C11955,20856,410.0,150.0,visa,226.0,credit
C03586-K1,C03586,18544,555.0,150.0,visa,226.0,credit
C01774-K1,C01774,13897,555.0,150.0,visa,226.0,debit
C05663-K1,C05663,15390,321.0,150.0,visa,226.0,debit
C07843-K1,C07843,15511,555.0,123.0,visa,226.0,debit
C09535-K1,C09535,18429,307.0,150.0,visa,,credit
C09166-K1,C09166,22313,555.0,150.0,visa,226.0,credit
C06782-K1,C06782,14970,201.0,150.0,visa,195.0,debit
C07342-K1,C07342,13817,543.0,150.0,mastercard,224.0,debit
C08996-K1,C08996,11335,321.0,150.0,visa,226.0,debit
C02954-K1,C02954,21062,555.0,150.0,visa,226.0,debit
C02292-K1,C02292,17447,555.0,150.0,visa,226.0,credit
C09707-K1,C09707,12979,310.0,150.0,mastercard,117.0,debit
C02825-K1,C02825,15447,555.0,117.0,american express,189.0,credit
C01271-K1,C01271,19703,480.0,150.0,mastercard,117.0,debit
C07353-K1,C07353,10512,523.0,150.0,visa,226.0,credit
C06844-K1,C06844,21064,321.0,150.0,visa,226.0,debit
C13515-K1,C13515,10317,399.0,150.0,american express,146.0,credit
C10143-K1,C10143,11484,555.0,119.0,visa,226.0,debit
C06773-K1,C06773,19903,543.0,150.0,mastercard,117.0,debit
C12927-K1,C12927,18732,555.0,150.0,visa,226.0,credit
C11502-K1,C11502,12039,481.0,150.0,mastercard,102.0,credit
C09406-K1,C09406,14293,,150.0,visa,226.0,credit
C09512-K1,C09512,21449,555.0,102.0,visa,226.0,credit
C09643-K1,C09643,17951,225.0,150.0,mastercard,224.0,debit
C00769-K2,C00769,19433,194.0,150.0,mastercard,195.0,debit
C08275-K1,C08275,16289,555.0,150.0,visa,195.0,debit
C05817-K1,C05817,23238,447.0,150.0,visa,226.0,debit
C03756-K2,C03756,10231,555.0,150.0,visa,226.0,debit
C03753-K1,C03753,17430,555.0,150.0,visa,226.0,debit
C05403-K1,C05403,23296,555.0,150.0,visa,195.0,debit
C12442-K1,C12442,14567,555.0,150.0,visa,226.0,debit
C08591-K1,C08591,19693,555.0,210.0,visa,226.0,debit
C06119-K1,C06119,19347,185.0,150.0,visa,226.0,debit
C13167-K1,C13167,12323,399.0,150.0,american express,137.0,credit
C02442-K1,C02442,21797,139.0,150.0,mastercard,102.0,credit
C08241-K1,C08241,11868,555.0,210.0,visa,137.0,debit
C07213-K1,C07213,18365,225.0,150.0,mastercard,117.0,debit
C11588-K1,C11588,12952,555.0,204.0,mastercard,224.0,credit
C07556-K1,C07556,16795,,150.0,mastercard,102.0,credit
C10997-K1,C10997,19501,555.0,150.0,visa,195.0,debit
C05565-K1,C05565,20262,,150.0,visa,166.0,debit
C07010-K1,C07010,13868,512.0,150.0,visa,226.0,credit
C09818-K1,C09818,14269,555.0,150.0,visa,226.0,debit
C04126-K2,C04126,23155,455.0,150.0,mastercard,166.0,debit
C08572-K1,C08572,14547,480.0,150.0,mastercard,117.0,debit
C07283-K1,C07283,14570,,150.0,visa,226.0,credit
C10158-K1,C10158,14047,555.0,198.0,mastercard,195.0,credit
C13002-K1,C13002,18563,369.0,150.0,mastercard,117.0,debit
C03495-K1,C03495,19047,520.0,150.0,american express,190.0,credit
C05907-K1,C05907,21047,268.0,150.0,visa,166.0,debit
C02860-K1,C02860,16081,555.0,150.0,visa,226.0,credit
C00305-K1,C00305,17732,555.0,150.0,visa,226.0,debit
C02912-K2,C02912,23303,256.0,150.0,visa,226.0,credit
C01401-K1,C01401,21244,495.0,150.0,mastercard,102.0,credit
C02263-K1,C02263,20961,399.0,150.0,american express,198.0,credit
C08969-K1,C08969,20835,501.0,150.0,visa,226.0,debit
C10313-K1,C10313,18851,504.0,150.0,visa,195.0,debit
C03614-K1,C03614,21255,555.0,150.0,visa,226.0,debit
C10298-K1,C10298,23117,555.0,185.0,mastercard,224.0,credit
C02723-K1,C02723,16987,275.0,150.0,mastercard,224.0,debit
C06907-K1,C06907,10433,555.0,197.0,mastercard,102.0,credit
C07971-K1,C07971,14828,555.0,197.0,american express,145.0,credit
C12929-K1,C12929,21152,555.0,150.0,visa,226.0,debit
C03128-K1,C03128,21731,555.0,150.0,visa,226.0,debit
C08330-K1,C08330,20217,321.0,150.0,visa,226.0,debit
C09809-K1,C09809,17638,543.0,150.0,mastercard,117.0,debit
C11648-K1,C11648,17923,321.0,150.0,visa,226.0,debit
C05628-K1,C05628,11855,555.0,150.0,mastercard,102.0,credit
C10240-K1,C10240,15231,555.0,150.0,visa,226.0,debit
C06032-K1,C06032,12388,555.0,102.0,visa,138.0,debit
C07221-K1,C07221,20114,555.0,150.0,visa,226.0,credit
C03352-K1,C03352,11359,555.0,150.0,visa,226.0,debit
C07652-K1,C07652,14449,302.0,150.0,visa,226.0,debit
C04494-K1,C04494,14839,555.0,150.0,visa,226.0,debit
C10659-K1,C10659,18531,555.0,144.0,mastercard,224.0,credit
C06586-K1,C06586,14755,555.0,144.0,mastercard,190.0,credit
C02555-K1,C02555,12264,265.0,150.0,visa,226.0,debit
C04675-K1,C04675,22794,,150.0,visa,226.0,credit
C06160-K1,C06160,13226,390.0,150.0,mastercard,224.0,debit
C04175-K1,C04175,20320,555.0,100.0,visa,226.0,credit
C06760-K1,C06760,14452,480.0,150.0,mastercard,117.0,debit
C12938-K1,C12938,13213,555.0,119.0,visa,226.0,debit
C04335-K1,C04335,15282,275.0,150.0,mastercard,224.0,debit
C11602-K1,C11602,20159,520.0,150.0,american express,190.0,credit
C08399-K1,C08399,22899,181.0,150.0,visa,226.0,credit
C12688-K1,C12688,21581,465.0,150.0,visa,195.0,debit
C07436-K1,C07436,17293,555.0,131.0,visa,226.0,credit
C02308-K1,C02308,18938,555.0,188.0,visa,102.0,credit
C08878-K1,C08878,13097,494.0,150.0,visa,226.0,credit
C03647-K1,C03647,21284,399.0,150.0,american express,150.0,credit
C01209-K1,C01209,23353,122.0,150.0,mastercard,126.0,debit
C08329-K1,C08329,17573,520.0,150.0,american express,190.0,credit
C02505-K1,C02505,11110,555.0,188.0,visa,226.0,credit
C04019-K1,C04019,21695,512.0,150.0,mastercard,224.0,debit
C09266-K1,C09266,14355,225.0,150.0,mastercard,117.0,debit
C08743-K1,C08743,10865,555.0,150.0,visa,226.0,credit
C01456-K1,C01456,14010,555.0,150.0,visa,226.0,credit
C08500-K1,C08500,13187,480.0,150.0,mastercard,224.0,debit
C01868-K1,C01868,10330,399.0,150.0,american express,132.0,credit
C02577-K1,C02577,10026,555.0,150.0,visa,166.0,debit
C03744-K3,C03744,14810,224.0,106.0,mastercard,137.0,debit
C04199-K1,C04199,12872,390.0,150.0,mastercard,224.0,debit
C00677-K1,C00677,14600,414.0,143.0,visa,162.0,credit
C12653-K1,C12653,10019,321.0,150.0,visa,226.0,debit
C09776-K1,C09776,10157,555.0,202.0,visa,138.0,debit
C00625-K1,C00625,14319,543.0,150.0,mastercard,117.0,debit
C05395-K2,C05395,16725,555.0,150.0,visa,226.0,credit
C00721-K1,C00721,14908,555.0,119.0,mastercard,224.0,credit
C00838-K1,C00838,11195,543.0,150.0,mastercard,224.0,debit
C01044-K1,C01044,20870,555.0,137.0,mastercard,232.0,credit
C08609-K1,C08609,17116,275.0,150.0,mastercard,,debit
C07498-K1,C07498,17115,580.0,106.0,visa,147.0,credit
C12323-K2,C12323,16374,555.0,150.0,visa,226.0,debit
C00201-K1,C00201,10170,555.0,150.0,mastercard,224.0,credit
C12789-K1,C12789,18073,420.0,150.0,mastercard,224.0,debit
C00289-K1,C00289,16465,555.0,162.0,visa,226.0,debit
C04144-K1,C04144,22591,555.0,150.0,visa,226.0,debit
C00157-K1,C00157,15964,111.0,150.0,visa,226.0,debit
C12268-K2,C12268,14023,122.0,150.0,mastercard,166.0,debit
C13536-K1,C13536,16786,527.0,150.0,visa,226.0,debit
C12282-K1,C12282,21737,555.0,150.0,visa,226.0,debit
C06697-K1,C06697,10794,555.0,150.0,visa,226.0,debit
C09255-K1,C09255,12129,555.0,150.0,visa,226.0,debit
C06222-K1,C06222,13421,555.0,150.0,visa,226.0,debit
C12736-K1,C12736,20345,,135.0,visa,,debit
C08505-K1,C08505,15010,392.0,150.0,visa,226.0,debit
C09136-K1,C09136,18057,555.0,150.0,visa,226.0,debit
C07161-K1,C07161,10603,580.0,106.0,visa,226.0,debit
C03683-K1,C03683,18902,321.0,150.0,visa,226.0,debit
C05815-K1,C05815,22244,174.0,150.0,mastercard,117.0,debit
C09053-K3,C09053,18797,555.0,150.0,mastercard,229.0,debit
C13278-K1,C13278,17279,410.0,150.0,visa,195.0,debit
C12315-K1,C12315,19724,517.0,150.0,mastercard,224.0,debit
C13051-K1,C13051,23281,268.0,150.0,visa,166.0,debit
C10268-K1,C10268,15046,399.0,150.0,american express,185.0,credit
C11141-K1,C11141,13035,512.0,150.0,visa,162.0,credit
C00585-K1,C00585,17407,517.0,150.0,mastercard,224.0,debit
C09036-K1,C09036,22099,543.0,150.0,mastercard,224.0,debit
C11680-K1,C11680,22355,554.0,150.0,mastercard,102.0,debit
C02151-K1,C02151,20013,555.0,150.0,visa,226.0,credit
C08884-K1,C08884,12477,399.0,150.0,american express,223.0,credit
C12344-K1,C12344,19011,555.0,121.0,mastercard,224.0,credit
C07904-K1,C07904,16080,390.0,150.0,mastercard,224.0,debit
C01282-K1,C01282,20311,555.0,119.0,mastercard,232.0,credit
C10724-K1,C10724,20362,555.0,150.0,visa,226.0,debit
C07526-K1,C07526,16183,555.0,150.0,visa,226.0,credit
C05890-K1,C05890,20596,555.0,137.0,visa,226.0,credit
C03224-K1,C03224,11087,555.0,150.0,visa,226.0,debit
C12326-K1,C12326,18389,500.0,185.0,mastercard,224.0,credit
C06280-K1,C06280,13207,555.0,150.0,visa,226.0,debit
C11096-K1,C11096,13973,555.0,146.0,visa,226.0,credit
C00490-K1,C00490,23391,555.0,119.0,visa,137.0,credit
C06017-K1,C06017,10724,,150.0,visa,226.0,credit
C07053-K1,C07053,15201,399.0,150.0,american express,137.0,credit
C04433-K1,C04433,19759,555.0,188.0,mastercard,102.0,credit
C12332-K1,C12332,20652,555.0,188.0,mastercard,102.0,credit
C08386-K1,C08386,14878,555.0,150.0,visa,226.0,debit
C05892-K1,C05892,10633,555.0,214.0,visa,137.0,credit
C04512-K1,C04512,18878,111.0,150.0,visa,226.0,credit
C01651-K1,C01651,16983,170.0,150.0,mastercard,224.0,debit
C13085-K1,C13085,21835,,221.0,mastercard,,credit
C03225-K1,C03225,15202,555.0,150.0,visa,226.0,debit
C08441-K1,C08441,11035,390.0,150.0,mastercard,224.0,debit
C07892-K1,C07892,18024,555.0,150.0,visa,226.0,debit
C00143-K1,C00143,22170,480.0,150.0,mastercard,224.0,debit
C12421-K1,C12421,19538,225.0,150.0,mastercard,117.0,debit
C02599-K1,C02599,18373,194.0,150.0,visa,226.0,debit
C05921-K1,C05921,10627,512.0,150.0,mastercard,224.0,debit
C04731-K1,C04731,17867,555.0,150.0,visa,226.0,credit
C04093-K1,C04093,20958,555.0,150.0,visa,226.0,debit
C08105-K1,C08105,14454,587.0,150.0,visa,226.0,credit
C07992-K1,C07992,12695,480.0,150.0,mastercard,117.0,debit
C00137-K1,C00137,10475,555.0,166.0,visa,226.0,credit
C04197-K1,C04197,17941,555.0,150.0,visa,226.0,credit
C04661-K2,C04661,22135,194.0,150.0,mastercard,202.0,debit
C06910-K1,C06910,16811,364.0,146.0,mastercard,224.0,credit
C03995-K1,C03995,15104,260.0,150.0,visa,195.0,debit
C12274-K1,C12274,16760,366.0,162.0,mastercard,102.0,debit
C06654-K1,C06654,23545,514.0,150.0,mastercard,166.0,debit
C01454-K1,C01454,15564,490.0,150.0,visa,226.0,debit
C03445-K1,C03445,12950,555.0,150.0,visa,226.0,credit
C01879-K1,C01879,16764,555.0,150.0,visa,226.0,debit
C11293-K1,C11293,18448,399.0,150.0,american express,150.0,credit
C08725-K1,C08725,15094,224.0,106.0,mastercard,219.0,credit
C05323-K1,C05323,13715,310.0,150.0,mastercard,224.0,debit
C03897-K1,C03897,12771,512.0,150.0,mastercard,117.0,debit
C09169-K1,C09169,15276,555.0,150.0,visa,226.0,debit
C00453-K1,C00453,15519,310.0,150.0,mastercard,224.0,debit
C00278-K1,C00278,16970,,150.0,visa,195.0,debit
C02429-K1,C02429,12327,555.0,150.0,visa,226.0,debit
C09161-K1,C09161,13675,555.0,150.0,visa,226.0,credit
C00155-K1,C00155,19981,555.0,150.0,mastercard,102.0,credit
C04092-K1,C04092,21925,480.0,150.0,mastercard,117.0,debit
C08713-K1,C08713,13406,390.0,150.0,mastercard,117.0,debit
C02213-K1,C02213,12738,225.0,150.0,mastercard,224.0,debit
C02127-K1,C02127,19546,555.0,150.0,mastercard,,debit
C01290-K1,C01290,11967,170.0,150.0,visa,226.0,credit
C05438-K1,C05438,14278,226.0,150.0,mastercard,195.0,credit
C05208-K1,C05208,16529,555.0,150.0,visa,195.0,credit
C10881-K1,C10881,11072,390.0,150.0,mastercard,224.0,debit
C04324-K1,C04324,17440,111.0,150.0,visa,195.0,debit
C12227-K1,C12227,17724,152.0,150.0,visa,166.0,debit
C13212-K1,C13212,21340,555.0,150.0,visa,226.0,debit
C12248-K1,C12248,22797,555.0,150.0,visa,226.0,debit
C06802-K1,C06802,18649,555.0,150.0,visa,226.0,credit
C04799-K1,C04799,15583,555.0,134.0,mastercard,224.0,credit
C07048-K1,C07048,17898,555.0,150.0,visa,226.0,debit
C11997-K1,C11997,10373,555.0,150.0,visa,226.0,debit
C11189-K1,C11189,20950,555.0,150.0,visa,226.0,debit
C11897-K1,C11897,16322,225.0,150.0,mastercard,102.0,credit
C05473-K1,C05473,15281,285.0,150.0,visa,226.0,debit
C09411-K1,C09411,14612,225.0,150.0,mastercard,224.0,debit
C04270-K1,C04270,21593,555.0,129.0,mastercard,111.0,credit
C03514-K1,C03514,23137,310.0,150.0,mastercard,224.0,debit
C05508-K1,C05508,19494,381.0,150.0,mastercard,195.0,credit
C12528-K1,C12528,19851,555.0,185.0,mastercard,224.0,credit
C01130-K1,C01130,21896,555.0,150.0,visa,226.0,debit
C01662-K1,C01662,17666,555.0,146.0,visa,226.0,credit
C02452-K1,C02452,22104,321.0,150.0,visa,226.0,debit
C10262-K1,C10262,11338,555.0,214.0,visa,102.0,credit
C08522-K1,C08522,19461,555.0,150.0,visa,226.0,debit
C00047-K1,C00047,12344,555.0,144.0,mastercard,224.0,credit
C09024-K1,C09024,21213,555.0,150.0,visa,226.0,debit
C00824-K1,C00824,10681,555.0,150.0,visa,226.0,debit
C07490-K1,C07490,12487,555.0,142.0,mastercard,134.0,credit
C08853-K1,C08853,17651,321.0,150.0,visa,226.0,debit
C04215-K1,C04215,11752,555.0,210.0,visa,137.0,credit
C05366-K1,C05366,23239,396.0,150.0,mastercard,100.0,debit
C07809-K1,C07809,20447,555.0,210.0,visa,226.0,debit
C11220-K1,C11220,10459,543.0,150.0,mastercard,224.0,debit
C08412-K1,C08412,11997,187.0,144.0,visa,137.0,credit
C00676-K1,C00676,12054,555.0,121.0,visa,137.0,credit
C05102-K1,C05102,18449,554.0,150.0,visa,166.0,debit
C08497-K2,C08497,16402,555.0,146.0,visa,226.0,debit
C11281-K1,C11281,20803,527.0,150.0,mastercard,195.0,debit
C00698-K1,C00698,18281,514.0,150.0,mastercard,102.0,credit
C04015-K1,C04015,21374,555.0,146.0,visa,137.0,credit
C11087-K1,C11087,14191,555.0,144.0,mastercard,102.0,credit
C00108-K1,C00108,12734,555.0,150.0,visa,166.0,debit
C06457-K1,C06457,15571,567.0,150.0,mastercard,203.0,credit
C04267-K1,C04267,12127,418.0,150.0,visa,226.0,debit
C11455-K1,C11455,16247,555.0,204.0,visa,226.0,debit
C04765-K1,C04765,18686,517.0,150.0,mastercard,195.0,debit
C01686-K1,C01686,23284,555.0,150.0,visa,226.0,debit
C13532-K1,C13532,23477,352.0,117.0,mastercard,224.0,credit
C05365-K1,C05365,12326,555.0,150.0,visa,226.0,debit
C11826-K1,C11826,12713,555.0,150.0,mastercard,224.0,debit
C02316-K1,C02316,18117,555.0,150.0,visa,226.0,credit
C03116-K1,C03116,23510,446.0,150.0,visa,226.0,credit
C13062-K1,C13062,17059,286.0,150.0,visa,226.0,credit
C08521-K1,C08521,18400,555.0,146.0,mastercard,224.0,credit
C07231-K1,C07231,10593,158.0,150.0,visa,195.0,debit
C10246-K1,C10246,15978,,150.0,visa,226.0,debit
C05021-K1,C05021,18084,555.0,121.0,mastercard,232.0,credit
C10551-K1,C10551,14446,321.0,150.0,visa,226.0,debit
C04442-K1,C04442,11254,321.0,150.0,visa,226.0,credit
C02548-K1,C02548,22643,174.0,150.0,visa,226.0,debit
C04805-K1,C04805,21743,480.0,150.0,mastercard,224.0,debit
C05065-K1,C05065,14189,554.0,150.0,visa,226.0,debit
C05399-K1,C05399,20978,543.0,150.0,mastercard,224.0,debit
C06662-K1,C06662,15070,360.0,150.0,mastercard,100.0,debit
C05493-K1,C05493,10554,589.0,150.0,visa,226.0,credit
C08869-K1,C08869,11156,555.0,150.0,visa,226.0,debit
C02977-K1,C02977,19984,555.0,150.0,visa,226.0,credit
C07233-K1,C07233,16586,555.0,150.0,mastercard,224.0,debit
C00026-K1,C00026,23113,555.0,146.0,visa,226.0,credit
C12059-K1,C12059,20862,527.0,150.0,mastercard,219.0,debit
C06282-K1,C06282,10377,555.0,150.0,visa,226.0,debit
C05269-K1,C05269,21078,310.0,150.0,mastercard,224.0,debit
C07381-K1,C07381,15249,555.0,150.0,visa,226.0,debit
C10627-K1,C10627,14239,555.0,119.0,mastercard,137.0,credit
C13482-K1,C13482,14145,561.0,150.0,visa,226.0,debit
C04882-K1,C04882,14281,555.0,119.0,mastercard,224.0,credit
C02451-K1,C02451,12886,555.0,119.0,mastercard,137.0,credit
C03749-K1,C03749,21025,225.0,150.0,visa,226.0,debit
C02031-K1,C02031,19843,555.0,100.0,mastercard,102.0,credit
C07484-K1,C07484,20877,321.0,150.0,visa,226.0,debit
C09734-K1,C09734,14741,570.0,150.0,visa,226.0,credit
C06495-K1,C06495,19837,555.0,124.0,visa,226.0,credit
C10583-K1,C10583,17308,555.0,150.0,visa,226.0,debit
C01219-K1,C01219,14692,399.0,150.0,american express,150.0,credit
C06399-K1,C06399,14088,199.0,150.0,mastercard,219.0,credit
C08964-K1,C08964,18962,519.0,150.0,mastercard,117.0,debit
C11779-K1,C11779,10814,555.0,150.0,visa,226.0,debit
C06718-K1,C06718,10688,154.0,150.0,visa,226.0,credit
C12668-K1,C12668,15814,390.0,150.0,mastercard,102.0,credit
C06251-K1,C06251,10036,555.0,150.0,visa,226.0,debit
C07851-K1,C07851,18241,295.0,150.0,visa,226.0,credit
C08644-K1,C08644,17572,555.0,146.0,visa,226.0,credit
C06703-K1,C06703,16262,555.0,150.0,visa,166.0,debit
C12353-K2,C12353,23045,455.0,150.0,mastercard,166.0,debit
C04868-K1,C04868,20881,527.0,150.0,mastercard,102.0,credit
C02328-K1,C02328,20713,555.0,119.0,visa,226.0,credit
C10662-K1,C10662,18510,555.0,102.0,visa,226.0,credit
C03766-K1,C03766,19899,555.0,150.0,visa,226.0,debit
C00762-K1,C00762,15920,399.0,150.0,american express,223.0,credit
C11366-K1,C11366,19460,555.0,150.0,visa,226.0,debit
C06892-K1,C06892,12277,555.0,150.0,visa,226.0,debit
C01444-K1,C01444,11129,543.0,150.0,mastercard,224.0,debit
C00700-K1,C00700,15084,111.0,150.0,visa,226.0,debit
C10807-K1,C10807,10313,512.0,150.0,mastercard,224.0,debit
C08536-K1,C08536,16147,553.0,150.0,discover,231.0,credit
C08345-K1,C08345,21847,555.0,150.0,visa,226.0,debit
C03936-K1,C03936,16208,555.0,106.0,mastercard,172.0,debit
C02759-K1,C02759,16598,519.0,150.0,mastercard,117.0,debit
C11623-K1,C11623,18972,555.0,150.0,visa,226.0,credit
C09640-K1,C09640,21652,555.0,150.0,visa,226.0,credit
C09419-K1,C09419,15253,111.0,150.0,visa,226.0,debit
C11163-K1,C11163,15301,555.0,150.0,visa,226.0,debit
C02470-K1,C02470,11814,399.0,150.0,american express,137.0,credit
C00858-K1,C00858,13243,517.0,150.0,mastercard,224.0,debit
C02362-K1,C02362,21316,555.0,197.0,visa,226.0,credit
C12851-K2,C12851,21290,296.0,185.0,visa,102.0,credit
C07269-K1,C07269,10999,555.0,149.0,mastercard,137.0,credit
C04831-K1,C04831,23291,369.0,150.0,mastercard,224.0,credit
C01381-K1,C01381,14478,399.0,150.0,american express,132.0,credit
C07582-K1,C07582,11859,555.0,146.0,mastercard,166.0,debit
C00239-K1,C00239,21060,555.0,150.0,visa,226.0,credit
C10054-K1,C10054,13185,555.0,146.0,mastercard,224.0,credit
C06010-K2,C06010,10232,555.0,150.0,visa,226.0,debit
C03361-K1,C03361,15831,555.0,137.0,visa,162.0,credit
C08979-K1,C08979,15306,265.0,150.0,visa,226.0,debit
C07092-K1,C07092,19293,555.0,197.0,mastercard,224.0,debit
C11053-K1,C11053,11842,127.0,150.0,mastercard,117.0,debit
C09784-K1,C09784,11995,336.0,150.0,visa,195.0,credit
C05212-K2,C05212,21740,555.0,150.0,visa,226.0,debit
C09176-K1,C09176,22673,384.0,150.0,visa,226.0,debit
C06803-K1,C06803,12464,126.0,150.0,visa,226.0,debit
C05475-K1,C05475,23423,111.0,150.0,visa,195.0,debit
C11077-K1,C11077,21966,555.0,150.0,visa,226.0,credit
C08531-K1,C08531,21751,557.0,150.0,visa,226.0,debit
C02447-K1,C02447,15076,555.0,106.0,mastercard,224.0,debit
C08768-K1,C08768,19778,555.0,150.0,visa,195.0,debit
C06262-K1,C06262,23514,390.0,150.0,mastercard,224.0,debit
C02179-K1,C02179,10495,566.0,150.0,visa,226.0,debit
C00730-K1,C00730,10839,,150.0,visa,,credit
C01087-K1,C01087,23312,399.0,150.0,american express,223.0,credit
C03105-K1,C03105,10977,,213.0,visa,226.0,credit
C01012-K1,C01012,12087,562.0,150.0,mastercard,102.0,credit
C01696-K1,C01696,20205,399.0,150.0,american express,185.0,credit
C10612-K1,C10612,20067,555.0,134.0,visa,226.0,credit
C00783-K1,C00783,16099,298.0,150.0,mastercard,224.0,credit
C05122-K2,C05122,20780,455.0,150.0,mastercard,166.0,debit
C01738-K1,C01738,16001,463.0,144.0,visa,141.0,credit
C11254-K1,C11254,15384,555.0,150.0,visa,226.0,debit
C13239-K1,C13239,23437,310.0,150.0,mastercard,224.0,debit
C12269-K1,C12269,12168,138.0,200.0,visa,226.0,debit
C08324-K1,C08324,11442,555.0,150.0,visa,166.0,debit
C03500-K1,C03500,12750,477.0,150.0,mastercard,117.0,debit
C03178-K1,C03178,19475,555.0,106.0,mastercard,219.0,credit
C07529-K1,C07529,21256,555.0,150.0,visa,226.0,credit
C05549-K1,C05549,17500,555.0,150.0,visa,226.0,debit
C02768-K1,C02768,11334,543.0,150.0,mastercard,117.0,debit
C12152-K1,C12152,15432,555.0,150.0,visa,226.0,credit
C04874-K1,C04874,16936,555.0,150.0,visa,226.0,debit
C01160-K2,C01160,15869,360.0,150.0,mastercard,166.0,debit
C06157-K1,C06157,10983,543.0,150.0,mastercard,195.0,debit
C05988-K1,C05988,14450,360.0,150.0,visa,166.0,debit
C08692-K1,C08692,23495,310.0,150.0,mastercard,195.0,credit
C02461-K1,C02461,18307,583.0,150.0,visa,226.0,credit
C07124-K1,C07124,11824,555.0,197.0,visa,226.0,credit
C06468-K1,C06468,11784,555.0,150.0,visa,226.0,credit
C08586-K1,C08586,10083,225.0,150.0,mastercard,224.0,debit
C11566-K1,C11566,14912,555.0,119.0,visa,226.0,debit
C12800-K1,C12800,21194,555.0,150.0,visa,195.0,debit
C11278-K1,C11278,17403,321.0,150.0,visa,226.0,credit
C12850-K1,C12850,19048,277.0,144.0,mastercard,224.0,credit
C03140-K1,C03140,17619,555.0,150.0,visa,166.0,debit
C01531-K1,C01531,21309,555.0,150.0,visa,226.0,debit
C04489-K1,C04489,13895,543.0,150.0,mastercard,224.0,debit
C04297-K1,C04297,16434,,150.0,visa,226.0,credit
C04418-K1,C04418,21877,220.0,150.0,visa,195.0,debit
C03087-K1,C03087,19371,321.0,150.0,visa,194.0,credit
C11594-K1,C11594,14062,555.0,210.0,mastercard,137.0,credit
C05095-K1,C05095,13842,555.0,150.0,visa,226.0,debit
C09260-K1,C09260,15470,555.0,162.0,mastercard,190.0,credit
C13184-K1,C13184,22656,555.0,215.0,mastercard,219.0,credit
C04509-K1,C04509,10390,555.0,150.0,visa,226.0,debit
C03380-K1,C03380,17395,555.0,150.0,visa,226.0,credit
C12355-K1,C12355,11871,555.0,162.0,visa,137.0,credit
C00695-K1,C00695,22886,377.0,150.0,visa,226.0,debit
C11863-K1,C11863,15085,595.0,150.0,mastercard,224.0,debit
C12188-K1,C12188,15714,555.0,190.0,visa,226.0,credit
C12051-K1,C12051,20876,,150.0,visa,226.0,credit
C10182-K1,C10182,23036,555.0,214.0,visa,137.0,credit
C12606-K1,C12606,16695,321.0,150.0,visa,226.0,debit
C05317-K1,C05317,21824,520.0,150.0,american express,190.0,credit
C00511-K1,C00511,14652,555.0,150.0,visa,226.0,debit
C10944-K1,C10944,13709,555.0,100.0,visa,102.0,credit
C10722-K1,C10722,13325,321.0,150.0,visa,226.0,debit
C02002-K1,C02002,17342,555.0,150.0,visa,226.0,debit
C02406-K1,C02406,14365,542.0,150.0,visa,226.0,credit
C04962-K3,C04962,23529,224.0,106.0,mastercard,224.0,credit
C10535-K1,C10535,20221,143.0,150.0,visa,226.0,debit
C06637-K1,C06637,17383,555.0,150.0,visa,195.0,debit
C07084-K1,C07084,20332,555.0,150.0,visa,226.0,debit
C05693-K1,C05693,14882,555.0,119.0,visa,226.0,credit
C00588-K1,C00588,20634,555.0,150.0,mastercard,195.0,debit
C04444-K1,C04444,13720,555.0,195.0,mastercard,224.0,credit
C09723-K1,C09723,17944,555.0,150.0,visa,226.0,credit
C01943-K1,C01943,20893,555.0,150.0,visa,226.0,debit
C10219-K1,C10219,21970,399.0,150.0,american express,137.0,credit
C10083-K1,C10083,20743,543.0,150.0,mastercard,224.0,debit
C09983-K1,C09983,21478,218.0,150.0,mastercard,203.0,credit
C07806-K1,C07806,16803,555.0,150.0,visa,226.0,debit
C07393-K1,C07393,16227,543.0,150.0,mastercard,224.0,debit
C11947-K1,C11947,20060,555.0,150.0,visa,195.0,debit
C03173-K1,C03173,10438,555.0,150.0,visa,226.0,debit
C09935-K1,C09935,13797,555.0,150.0,visa,226.0,debit
C09032-K1,C09032,16560,174.0,150.0,visa,226.0,credit
C09118-K1,C09118,19245,555.0,150.0,visa,166.0,debit
C01224-K1,C01224,13479,555.0,150.0,visa,226.0,credit
C06742-K1,C06742,14238,555.0,127.0,visa,102.0,debit
C05422-K1,C05422,20096,390.0,150.0,mastercard,224.0,credit
C06543-K1,C06543,17271,555.0,150.0,visa,226.0,credit
C00246-K1,C00246,12030,543.0,150.0,mastercard,224.0,debit
C04769-K1,C04769,18361,555.0,150.0,visa,226.0,debit
C08867-K1,C08867,16033,420.0,150.0,mastercard,224.0,debit
C11437-K1,C11437,18912,555.0,150.0,visa,226.0,debit
C04973-K1,C04973,13371,216.0,150.0,mastercard,,credit
C00795-K1,C00795,14814,399.0,150.0,american express,132.0,credit
C00959-K1,C00959,12141,555.0,150.0,visa,226.0,credit
C01178-K1,C01178,10126,555.0,150.0,mastercard,224.0,debit
C05162-K1,C05162,21089,555.0,134.0,visa,226.0,credit
C12330-K1,C12330,11455,399.0,150.0,american express,150.0,credit
C06965-K1,C06965,10015,555.0,150.0,visa,226.0,debit
C05037-K1,C05037,23333,555.0,150.0,visa,226.0,debit
C01491-K1,C01491,22742,,150.0,visa,226.0,credit
C09743-K1,C09743,17798,275.0,150.0,mastercard,224.0,debit
C08109-K1,C08109,11489,490.0,150.0,visa,194.0,credit
C06610-K1,C06610,16346,543.0,150.0,mastercard,117.0,debit
C06061-K1,C06061,13613,310.0,150.0,mastercard,224.0,debit
C09515-K1,C09515,16126,360.0,150.0,visa,166.0,debit
C09474-K1,C09474,21809,555.0,150.0,visa,226.0,debit
C12058-K1,C12058,14770,562.0,150.0,mastercard,195.0,credit
C07798-K1,C07798,10040,143.0,150.0,visa,195.0,debit
C07862-K1,C07862,21199,490.0,150.0,visa,226.0,debit
C03729-K1,C03729,11282,555.0,198.0,visa,162.0,credit
C08928-K1,C08928,11158,418.0,150.0,visa,226.0,credit
C10677-K1,C10677,13183,480.0,150.0,mastercard,224.0,debit
C12529-K1,C12529,17235,565.0,150.0,visa,195.0,debit
C02689-K1,C02689,20301,555.0,100.0,visa,102.0,credit
C12588-K1,C12588,17120,,150.0,visa,166.0,debit
C12600-K1,C12600,19531,555.0,185.0,visa,138.0,debit
C12018-K1,C12018,19194,555.0,215.0,mastercard,224.0,debit
C06866-K1,C06866,20550,555.0,207.0,visa,226.0,debit
C10416-K1,C10416,17094,555.0,185.0,mastercard,114.0,credit
C08320-K1,C08320,13289,555.0,150.0,visa,226.0,credit
C00253-K1,C00253,20812,555.0,188.0,mastercard,137.0,credit
C05018-K1,C05018,10996,555.0,106.0,mastercard,224.0,credit
C06369-K1,C06369,15189,555.0,146.0,visa,226.0,credit
C09589-K1,C09589,10476,555.0,150.0,visa,226.0,debit
C05985-K2,C05985,21654,555.0,147.0,mastercard,219.0,credit
C03713-K1,C03713,20127,159.0,150.0,mastercard,195.0,debit
C09153-K1,C09153,15611,543.0,150.0,mastercard,102.0,credit
C12325-K1,C12325,12789,174.0,150.0,mastercard,,credit
C04021-K1,C04021,18717,305.0,106.0,mastercard,224.0,credit
C00116-K1,C00116,17087,522.0,150.0,visa,195.0,debit
C03524-K1,C03524,20177,555.0,117.0,visa,226.0,debit
C09637-K1,C09637,19294,555.0,150.0,visa,226.0,debit
C04336-K1,C04336,10536,369.0,150.0,mastercard,117.0,debit
C12077-K1,C12077,13954,569.0,117.0,mastercard,219.0,credit
C04806-K1,C04806,22747,555.0,150.0,visa,226.0,credit
C05813-K1,C05813,16102,555.0,134.0,visa,226.0,credit
C12432-K1,C12432,18853,583.0,150.0,visa,226.0,credit
C10111-K1,C10111,13017,555.0,137.0,visa,226.0,debit
C01295-K1,C01295,19284,555.0,150.0,mastercard,102.0,credit
C08773-K1,C08773,22118,555.0,150.0,visa,226.0,debit
C05671-K1,C05671,15061,399.0,150.0,american express,223.0,credit
C12792-K1,C12792,15884,555.0,150.0,visa,226.0,debit
C10230-K1,C10230,18795,225.0,150.0,mastercard,117.0,debit
C05658-K1,C05658,15230,555.0,144.0,visa,137.0,credit
C00913-K1,C00913,20547,111.0,150.0,visa,195.0,debit
C02564-K1,C02564,21611,,150.0,visa,226.0,debit
C06011-K2,C06011,16899,452.0,150.0,mastercard,166.0,debit
C08059-K1,C08059,16012,321.0,150.0,visa,195.0,debit
C01064-K1,C01064,21935,532.0,150.0,mastercard,224.0,debit
C04751-K1,C04751,22126,302.0,150.0,visa,226.0,debit
C10634-K1,C10634,11439,439.0,150.0,mastercard,203.0,credit
C10828-K1,C10828,22073,384.0,150.0,visa,226.0,debit
C04253-K1,C04253,14929,369.0,150.0,mastercard,224.0,debit
C09385-K1,C09385,20028,321.0,150.0,visa,226.0,debit
C06441-K1,C06441,16994,553.0,150.0,visa,226.0,credit
C05860-K1,C05860,14827,554.0,150.0,visa,226.0,credit
C05649-K1,C05649,16799,139.0,150.0,mastercard,102.0,credit
C00070-K1,C00070,18785,389.0,150.0,visa,226.0,debit
C04550-K1,C04550,23329,555.0,188.0,mastercard,137.0,credit
C07448-K1,C07448,18905,555.0,150.0,visa,195.0,debit
C12882-K1,C12882,21076,555.0,150.0,visa,226.0,debit
C07668-K1,C07668,12899,445.0,150.0,mastercard,141.0,credit
C06555-K1,C06555,14577,555.0,150.0,visa,226.0,debit
C06297-K1,C06297,22354,310.0,150.0,mastercard,224.0,debit
C06619-K1,C06619,10257,,150.0,visa,,credit
C02669-K1,C02669,11984,555.0,137.0,visa,162.0,credit
C12744-K1,C12744,13203,141.0,185.0,visa,137.0,credit
C01158-K1,C01158,10542,321.0,150.0,visa,226.0,debit
C06653-K1,C06653,20175,192.0,150.0,visa,226.0,debit
C07235-K1,C07235,20233,225.0,150.0,mastercard,117.0,debit
C01146-K1,C01146,15096,555.0,136.0,visa,226.0,debit
C03372-K1,C03372,11411,310.0,150.0,mastercard,224.0,debit
C00748-K1,C00748,20054,555.0,150.0,visa,226.0,debit
C02991-K1,C02991,19979,555.0,213.0,mastercard,166.0,debit
C04810-K1,C04810,11809,369.0,150.0,mastercard,117.0,debit
C13116-K1,C13116,13751,555.0,150.0,mastercard,195.0,debit
C13186-K1,C13186,10920,369.0,150.0,mastercard,102.0,credit
C06917-K1,C06917,18567,321.0,150.0,visa,226.0,debit
C12399-K1,C12399,12626,555.0,197.0,visa,102.0,debit
C06399-K2,C06399,14088,445.0,150.0,mastercard,219.0,credit
C07133-K1,C07133,10141,555.0,150.0,visa,226.0,credit
C09410-K1,C09410,12092,555.0,150.0,visa,226.0,debit
C03167-K1,C03167,22586,517.0,150.0,mastercard,224.0,debit
C03563-K1,C03563,18208,203.0,150.0,visa,166.0,debit
C05114-K1,C05114,18492,399.0,150.0,american express,137.0,credit
C03386-K1,C03386,18805,555.0,150.0,visa,226.0,debit
C04200-K1,C04200,10957,555.0,150.0,visa,226.0,debit
C07477-K1,C07477,14367,555.0,150.0,visa,226.0,debit
C10597-K1,C10597,13552,,150.0,visa,226.0,credit
C11658-K1,C11658,18916,555.0,150.0,visa,226.0,debit
C03776-K1,C03776,23368,321.0,150.0,visa,226.0,debit
C07857-K1,C07857,15892,138.0,200.0,visa,226.0,debit
C12743-K1,C12743,18719,555.0,117.0,mastercard,224.0,debit
C01446-K1,C01446,21628,554.0,150.0,visa,226.0,debit
C00205-K1,C00205,23125,555.0,150.0,visa,226.0,debit
C08459-K2,C08459,17568,555.0,150.0,visa,226.0,credit
C10042-K1,C10042,22285,543.0,150.0,mastercard,117.0,debit
C00158-K1,C00158,23468,555.0,188.0,visa,137.0,credit
C08802-K1,C08802,19824,321.0,150.0,visa,226.0,debit
C08090-K1,C08090,12541,480.0,150.0,mastercard,117.0,debit
C06458-K1,C06458,19205,555.0,188.0,mastercard,166.0,debit
C03520-K1,C03520,19949,554.0,150.0,visa,226.0,debit
C01762-K1,C01762,15035,555.0,133.0,visa,102.0,credit
C08626-K1,C08626,22312,366.0,162.0,mastercard,102.0,credit
C03823-K1,C03823,19289,555.0,195.0,visa,226.0,debit
C13507-K1,C13507,12369,555.0,188.0,visa,137.0,credit
C12462-K1,C12462,12849,310.0,150.0,mastercard,224.0,debit
C02857-K1,C02857,12524,285.0,150.0,visa,226.0,debit
C02835-K1,C02835,20267,555.0,157.0,visa,226.0,debit
C07170-K1,C07170,17963,555.0,106.0,mastercard,224.0,credit
C11901-K1,C11901,20459,392.0,150.0,visa,226.0,debit
C09802-K2,C09802,22115,543.0,150.0,mastercard,195.0,debit
C07362-K1,C07362,17997,321.0,150.0,visa,226.0,debit
C12073-K1,C12073,21647,555.0,144.0,mastercard,224.0,credit
C12526-K1,C12526,22985,321.0,150.0,visa,226.0,credit
C10280-K1,C10280,13522,,150.0,visa,,credit
C05592-K1,C05592,16632,555.0,150.0,visa,226.0,credit
C04619-K1,C04619,10365,555.0,150.0,visa,226.0,debit
C03973-K1,C03973,14665,512.0,150.0,mastercard,195.0,debit
C08462-K1,C08462,20242,543.0,150.0,mastercard,224.0,debit
C09101-K1,C09101,22079,543.0,150.0,mastercard,117.0,debit
C02489-K1,C02489,14300,463.0,144.0,visa,226.0,credit
C02482-K1,C02482,14753,555.0,150.0,visa,226.0,debit
C07145-K1,C07145,19156,555.0,150.0,visa,226.0,debit
C03831-K1,C03831,16708,138.0,200.0,visa,226.0,debit
C08961-K1,C08961,16044,408.0,185.0,mastercard,166.0,debit
C07692-K1,C07692,17972,555.0,150.0,visa,166.0,debit
C04003-K1,C04003,15109,402.0,150.0,visa,226.0,debit
C00432-K1,C00432,10861,555.0,150.0,mastercard,219.0,debit
C08966-K1,C08966,23199,321.0,150.0,visa,226.0,debit
C06142-K1,C06142,17797,420.0,150.0,mastercard,224.0,debit
C07712-K1,C07712,10375,390.0,150.0,mastercard,224.0,debit
C06847-K1,C06847,10612,321.0,150.0,visa,226.0,debit
C03935-K1,C03935,20935,543.0,150.0,mastercard,224.0,debit
C08955-K1,C08955,16744,225.0,150.0,mastercard,102.0,credit
C03491-K1,C03491,20760,512.0,150.0,mastercard,224.0,credit
C01268-K1,C01268,15083,555.0,188.0,mastercard,224.0,credit
C10368-K1,C10368,19027,555.0,150.0,visa,195.0,debit
C01232-K1,C01232,12403,555.0,150.0,visa,226.0,credit
C00949-K1,C00949,13100,275.0,150.0,mastercard,224.0,debit
C00917-K1,C00917,12337,555.0,150.0,visa,226.0,debit
C10329-K1,C10329,13507,555.0,150.0,visa,226.0,debit
C12764-K1,C12764,21910,555.0,150.0,visa,226.0,debit
C05054-K1,C05054,11250,,150.0,visa,194.0,credit
C06325-K1,C06325,20068,555.0,150.0,visa,226.0,debit
C00172-K1,C00172,13151,555.0,102.0,mastercard,137.0,debit
C07642-K1,C07642,14195,208.0,150.0,mastercard,102.0,credit
C00208-K1,C00208,13133,555.0,150.0,visa,226.0,debit
C05272-K1,C05272,14003,480.0,150.0,mastercard,224.0,debit
C10213-K1,C10213,10347,555.0,150.0,visa,226.0,credit
C06159-K1,C06159,15828,554.0,150.0,visa,226.0,debit
C13271-K1,C13271,10350,567.0,150.0,mastercard,166.0,debit
C01866-K1,C01866,15436,,150.0,mastercard,,credit
C06600-K1,C06600,16652,480.0,150.0,mastercard,117.0,debit
C02645-K1,C02645,12208,555.0,188.0,mastercard,137.0,credit
C11208-K1,C11208,10279,555.0,150.0,visa,226.0,debit
C11424-K1,C11424,16880,517.0,150.0,mastercard,224.0,debit
C10036-K1,C10036,10503,566.0,150.0,visa,195.0,debit
C07634-K1,C07634,19828,555.0,150.0,mastercard,224.0,debit
C07839-K1,C07839,16186,305.0,106.0,mastercard,195.0,credit
C10802-K1,C10802,14984,519.0,150.0,mastercard,224.0,debit
C08613-K1,C08613,18918,555.0,135.0,mastercard,224.0,debit
C03989-K1,C03989,13772,555.0,231.0,visa,226.0,credit
C03741-K1,C03741,10750,335.0,150.0,visa,226.0,credit
C00433-K1,C00433,23190,321.0,150.0,visa,226.0,debit
C06015-K1,C06015,17820,,150.0,visa,226.0,debit
C11088-K1,C11088,11419,399.0,150.0,american express,105.0,credit
C13162-K1,C13162,13597,275.0,150.0,mastercard,224.0,debit
C11461-K1,C11461,16307,555.0,119.0,mastercard,224.0,credit
C06150-K1,C06150,19838,555.0,217.0,mastercard,,debit
C03313-K2,C03313,14329,490.0,150.0,visa,226.0,credit
C11075-K1,C11075,19674,555.0,212.0,visa,137.0,credit
C03662-K1,C03662,16620,555.0,126.0,mastercard,224.0,credit
C00018-K1,C00018,15017,555.0,102.0,mastercard,224.0,debit
C03160-K1,C03160,14183,555.0,150.0,visa,226.0,debit
C02091-K1,C02091,19495,555.0,213.0,mastercard,225.0,debit
C05370-K1,C05370,14414,555.0,150.0,visa,226.0,credit
C08028-K1,C08028,11264,390.0,150.0,mastercard,224.0,debit
C05819-K1,C05819,21453,555.0,150.0,visa,226.0,debit
C01339-K1,C01339,11356,555.0,106.0,visa,137.0,credit
C00918-K1,C00918,20691,467.0,150.0,visa,226.0,debit
C03960-K1,C03960,22386,520.0,150.0,american express,143.0,credit
C12032-K1,C12032,16344,555.0,150.0,visa,226.0,credit
C07752-K2,C07752,12185,528.0,150.0,visa,226.0,credit
C06225-K1,C06225,11300,555.0,106.0,visa,137.0,debit
C13327-K1,C13327,10234,265.0,150.0,visa,226.0,debit
C11146-K1,C11146,21960,555.0,119.0,visa,137.0,credit
C05137-K1,C05137,15356,,150.0,visa,226.0,debit
C08781-K1,C08781,11333,555.0,150.0,visa,226.0,debit
C10668-K1,C10668,19738,111.0,150.0,visa,166.0,debit
C03919-K1,C03919,23110,554.0,150.0,visa,226.0,credit
C03456-K1,C03456,22303,240.0,150.0,visa,226.0,credit
C08082-K1,C08082,22823,310.0,150.0,mastercard,224.0,debit
C00315-K1,C00315,19806,480.0,150.0,mastercard,224.0,debit
C03142-K1,C03142,17427,555.0,150.0,visa,226.0,credit
C00243-K1,C00243,11467,399.0,150.0,american express,150.0,credit
C07702-K1,C07702,20260,480.0,150.0,mastercard,117.0,debit
C00965-K1,C00965,21951,399.0,150.0,american express,185.0,credit
C12700-K1,C12700,17286,303.0,150.0,visa,226.0,debit
C03705-K1,C03705,10528,360.0,150.0,visa,166.0,debit
C10607-K1,C10607,11025,555.0,144.0,mastercard,102.0,credit
C12847-K1,C12847,16419,555.0,150.0,visa,226.0,credit
C11900-K1,C11900,21992,555.0,150.0,visa,226.0,debit
C02368-K1,C02368,15843,143.0,150.0,visa,226.0,debit
C12160-K1,C12160,21457,555.0,150.0,visa,226.0,credit
C07680-K1,C07680,21759,555.0,150.0,visa,226.0,debit
C09857-K1,C09857,20650,369.0,150.0,mastercard,224.0,debit
C02337-K1,C02337,17974,532.0,150.0,mastercard,224.0,debit
C12154-K1,C12154,11552,543.0,150.0,mastercard,224.0,debit
C11204-K1,C11204,10148,555.0,144.0,mastercard,224.0,credit
C09242-K1,C09242,21637,555.0,150.0,visa,226.0,debit
C10197-K1,C10197,21620,499.0,150.0,visa,166.0,debit
C06366-K1,C06366,15089,239.0,150.0,mastercard,195.0,credit
C08556-K1,C08556,13808,103.0,185.0,visa,226.0,credit
C03052-K1,C03052,16499,127.0,150.0,mastercard,224.0,debit
C09459-K1,C09459,17610,555.0,150.0,visa,226.0,debit
C01784-K1,C01784,12661,310.0,150.0,mastercard,195.0,debit
C10836-K1,C10836,18226,310.0,150.0,mastercard,224.0,debit
C08188-K1,C08188,14467,420.0,150.0,mastercard,224.0,debit
C12427-K1,C12427,19479,555.0,168.0,mastercard,102.0,credit
C00505-K1,C00505,19618,555.0,150.0,visa,226.0,debit
C01907-K1,C01907,17645,555.0,222.0,visa,226.0,credit
C02574-K1,C02574,21542,555.0,150.0,visa,226.0,credit
C05202-K1,C05202,19381,512.0,150.0,visa,226.0,debit
C11290-K1,C11290,11174,310.0,150.0,mastercard,224.0,debit
C04778-K1,C04778,15534,321.0,150.0,visa,226.0,credit
C11150-K1,C11150,23324,555.0,150.0,mastercard,182.0,debit
C12173-K1,C12173,17180,555.0,150.0,mastercard,102.0,credit
C09914-K1,C09914,21352,553.0,150.0,visa,226.0,debit
C08124-K1,C08124,18008,555.0,150.0,visa,226.0,debit
C11732-K1,C11732,15974,543.0,150.0,mastercard,224.0,debit
C00684-K1,C00684,22749,176.0,185.0,mastercard,224.0,credit
C09796-K1,C09796,18590,369.0,150.0,mastercard,117.0,debit
C12414-K1,C12414,17431,555.0,150.0,visa,226.0,debit
C01786-K1,C01786,21328,555.0,150.0,visa,226.0,debit
C00531-K1,C00531,21303,555.0,134.0,visa,137.0,credit
C12381-K1,C12381,15880,555.0,197.0,visa,226.0,credit
C01316-K1,C01316,16314,352.0,117.0,visa,226.0,credit
C11063-K1,C11063,13003,555.0,150.0,visa,226.0,credit
C10191-K1,C10191,16739,555.0,150.0,visa,226.0,debit
C12437-K1,C12437,12667,555.0,150.0,visa,226.0,debit
C11260-K1,C11260,11810,555.0,119.0,mastercard,232.0,credit
C07949-K1,C07949,13375,555.0,162.0,visa,226.0,debit
C05796-K1,C05796,18470,206.0,150.0,mastercard,166.0,debit
C07963-K1,C07963,22192,555.0,150.0,mastercard,117.0,debit
C06333-K1,C06333,22750,555.0,150.0,visa,226.0,credit
C07566-K1,C07566,10732,555.0,177.0,visa,226.0,debit
C13208-K1,C13208,20858,165.0,150.0,visa,226.0,debit
C06812-K1,C06812,10021,555.0,150.0,visa,226.0,debit
C00593-K1,C00593,21333,555.0,117.0,mastercard,224.0,credit
C01767-K2,C01767,13565,320.0,150.0,mastercard,166.0,debit
C05662-K1,C05662,13159,390.0,150.0,mastercard,224.0,debit
C00154-K1,C00154,23358,252.0,150.0,visa,226.0,credit
C06117-K1,C06117,15581,460.0,150.0,mastercard,224.0,debit
C04756-K1,C04756,11479,555.0,150.0,visa,226.0,credit
C02611-K1,C02611,14950,225.0,150.0,mastercard,224.0,debit
C10437-K1,C10437,18018,555.0,150.0,visa,226.0,debit
C03775-K2,C03775,21821,555.0,149.0,mastercard,224.0,credit
C02386-K1,C02386,11283,555.0,150.0,visa,226.0,debit
C03852-K1,C03852,12580,390.0,150.0,mastercard,224.0,debit
C06593-K1,C06593,17238,174.0,150.0,visa,226.0,debit
C10822-K1,C10822,15411,555.0,144.0,american express,190.0,credit
C03054-K1,C03054,17273,555.0,150.0,visa,226.0,credit
C03971-K1,C03971,16859,555.0,214.0,mastercard,190.0,credit
C13292-K1,C13292,19300,532.0,150.0,mastercard,224.0,debit
C11507-K1,C11507,17077,225.0,150.0,mastercard,224.0,debit
C05850-K1,C05850,13310,555.0,150.0,visa,226.0,credit
C03628-K1,C03628,15696,555.0,150.0,visa,226.0,debit
C02046-K1,C02046,17648,555.0,150.0,visa,226.0,debit
C10247-K1,C10247,22780,555.0,150.0,visa,226.0,credit
C05154-K1,C05154,10252,480.0,150.0,mastercard,224.0,debit
C11483-K1,C11483,16589,512.0,150.0,mastercard,117.0,debit
C12100-K1,C12100,14747,543.0,150.0,mastercard,224.0,debit
C03982-K1,C03982,19006,480.0,150.0,mastercard,117.0,debit
C12875-K1,C12875,17616,543.0,150.0,mastercard,224.0,debit
C05425-K1,C05425,10982,555.0,117.0,mastercard,224.0,debit
C08242-K1,C08242,21160,138.0,200.0,mastercard,224.0,debit
C05691-K1,C05691,12136,555.0,150.0,visa,194.0,credit
C06184-K1,C06184,11786,555.0,150.0,visa,226.0,debit
C09072-K1,C09072,13665,321.0,150.0,visa,226.0,debit
C11679-K1,C11679,17806,560.0,150.0,visa,226.0,credit
C07503-K1,C07503,21930,555.0,150.0,visa,226.0,credit
C00747-K1,C00747,17081,543.0,150.0,mastercard,224.0,debit
C10021-K1,C10021,22291,,150.0,visa,195.0,debit
C00247-K1,C00247,18145,399.0,150.0,american express,223.0,credit
C04377-K1,C04377,15572,555.0,144.0,mastercard,166.0,debit
C01111-K1,C01111,21029,555.0,166.0,visa,226.0,debit
C03691-K1,C03691,13015,390.0,150.0,mastercard,224.0,debit
C13344-K1,C13344,17945,399.0,150.0,american express,223.0,credit
C08553-K1,C08553,20676,473.0,150.0,mastercard,117.0,debit
C05901-K1,C05901,16595,480.0,150.0,mastercard,224.0,debit
C07590-K1,C07590,11890,179.0,106.0,visa,137.0,credit
C12219-K1,C12219,16088,555.0,150.0,visa,226.0,debit
C09326-K1,C09326,16621,555.0,102.0,visa,226.0,debit
C03583-K1,C03583,23207,555.0,150.0,visa,226.0,debit
C02093-K1,C02093,23503,235.0,150.0,visa,226.0,debit
C10059-K1,C10059,23200,555.0,150.0,visa,226.0,debit
C13207-K1,C13207,23415,555.0,146.0,visa,166.0,debit
C10484-K1,C10484,17821,555.0,121.0,mastercard,232.0,credit
C08210-K1,C08210,22110,,193.0,visa,166.0,debit
C06826-K1,C06826,20333,555.0,150.0,visa,226.0,credit
C04465-K1,C04465,14361,555.0,150.0,visa,226.0,debit
C01680-K1,C01680,19779,555.0,150.0,visa,226.0,debit
C03335-K1,C03335,13936,555.0,143.0,mastercard,224.0,credit
C06094-K1,C06094,19933,555.0,150.0,visa,226.0,debit
C12213-K1,C12213,15901,349.0,117.0,visa,226.0,credit
C11152-K1,C11152,10105,555.0,150.0,visa,195.0,debit
C10620-K1,C10620,12554,555.0,150.0,visa,226.0,debit
C02720-K1,C02720,12147,580.0,106.0,visa,226.0,credit
C00812-K1,C00812,10392,225.0,150.0,mastercard,117.0,debit
C06206-K1,C06206,23460,555.0,100.0,visa,102.0,credit
C01025-K1,C01025,12508,480.0,150.0,mastercard,117.0,debit
C01896-K1,C01896,11546,596.0,150.0,mastercard,117.0,debit
C11337-K1,C11337,19073,555.0,150.0,visa,226.0,debit
C12906-K1,C12906,20953,580.0,106.0,visa,195.0,debit
C05187-K1,C05187,11096,555.0,117.0,mastercard,102.0,credit
C12701-K1,C12701,21317,508.0,150.0,visa,195.0,credit
C10214-K1,C10214,21941,174.0,150.0,visa,226.0,credit
C02204-K1,C02204,13525,310.0,150.0,mastercard,224.0,debit
C04979-K1,C04979,21931,555.0,102.0,mastercard,195.0,credit
C07530-K1,C07530,20898,555.0,150.0,visa,226.0,debit
C01046-K1,C01046,13031,138.0,200.0,visa,226.0,debit
C10765-K1,C10765,21994,555.0,137.0,visa,102.0,credit
C08900-K1,C08900,20078,490.0,150.0,visa,226.0,debit
C12253-K1,C12253,20575,480.0,150.0,mastercard,117.0,debit
C02067-K1,C02067,20130,555.0,150.0,visa,226.0,credit
C08021-K1,C08021,16906,583.0,150.0,visa,226.0,credit
C03929-K1,C03929,22394,548.0,150.0,visa,194.0,credit
C07790-K1,C07790,17197,543.0,150.0,mastercard,224.0,debit
C12297-K1,C12297,10833,170.0,150.0,mastercard,102.0,credit
C05916-K1,C05916,12316,,150.0,visa,195.0,credit
C07061-K1,C07061,22774,379.0,102.0,visa,195.0,debit
C12095-K1,C12095,11353,480.0,150.0,mastercard,102.0,credit
C08678-K1,C08678,13059,555.0,141.0,mastercard,123.0,debit
C04961-K1,C04961,18119,555.0,150.0,visa,226.0,debit
C07749-K1,C07749,16291,555.0,149.0,mastercard,224.0,credit
C04998-K1,C04998,12658,481.0,150.0,visa,226.0,credit
C11761-K1,C11761,18841,555.0,150.0,visa,226.0,debit
C04344-K1,C04344,10193,562.0,150.0,mastercard,102.0,credit
C04293-K1,C04293,14235,555.0,185.0,visa,195.0,credit
C03239-K1,C03239,10807,555.0,150.0,visa,195.0,debit
C07639-K1,C07639,12433,390.0,150.0,mastercard,224.0,debit
C03909-K1,C03909,18277,310.0,150.0,mastercard,117.0,debit
C03202-K1,C03202,16326,555.0,150.0,visa,195.0,debit
C09053-K1,C09053,18797,514.0,150.0,mastercard,166.0,debit
C10458-K1,C10458,12956,445.0,150.0,mastercard,117.0,debit
C06680-K1,C06680,19439,409.0,150.0,visa,195.0,debit
C07214-K1,C07214,17507,555.0,188.0,mastercard,224.0,credit
C01108-K1,C01108,16662,555.0,138.0,visa,226.0,credit
C05665-K1,C05665,16545,555.0,150.0,visa,226.0,debit
C07108-K1,C07108,19670,527.0,150.0,visa,226.0,debit
C00122-K1,C00122,20919,263.0,150.0,visa,195.0,debit
C12919-K1,C12919,18291,555.0,106.0,visa,137.0,debit
C03072-K1,C03072,17258,555.0,203.0,visa,226.0,credit
C08706-K1,C08706,16676,555.0,128.0,visa,138.0,debit
C01106-K1,C01106,13500,555.0,119.0,visa,226.0,credit
C09621-K1,C09621,14343,134.0,119.0,visa,137.0,credit
C09557-K1,C09557,21891,555.0,150.0,visa,226.0,debit
C13237-K1,C13237,19422,369.0,150.0,mastercard,102.0,credit
C08693-K1,C08693,17330,555.0,119.0,visa,137.0,credit
C00882-K1,C00882,11343,555.0,229.0,visa,226.0,credit
C06606-K1,C06606,12637,,150.0,visa,,credit
C09755-K1,C09755,23240,555.0,119.0,mastercard,137.0,credit
C03496-K1,C03496,22569,310.0,150.0,mastercard,224.0,debit
C02997-K1,C02997,22485,555.0,150.0,visa,226.0,credit
C04937-K1,C04937,18136,555.0,150.0,visa,226.0,debit
C04789-K1,C04789,15509,555.0,121.0,mastercard,232.0,credit
C04833-K2,C04833,22596,580.0,106.0,visa,226.0,credit
C13311-K1,C13311,21547,555.0,144.0,mastercard,224.0,credit
C03824-K1,C03824,19592,555.0,150.0,visa,226.0,credit
C11552-K1,C11552,13531,555.0,177.0,mastercard,219.0,debit
C01771-K1,C01771,19359,532.0,150.0,mastercard,224.0,debit
C04863-K1,C04863,22971,399.0,150.0,american express,223.0,credit
C11949-K1,C11949,16623,349.0,117.0,visa,102.0,credit
C12839-K1,C12839,12543,138.0,200.0,visa,226.0,debit
C05606-K1,C05606,20967,491.0,150.0,visa,226.0,credit
C09819-K1,C09819,19399,305.0,106.0,mastercard,224.0,credit
C05784-K1,C05784,16914,527.0,150.0,visa,226.0,debit
C13256-K1,C13256,13849,555.0,142.0,mastercard,102.0,debit
C00592-K1,C00592,21336,555.0,150.0,visa,226.0,debit
C05777-K1,C05777,21770,543.0,150.0,mastercard,224.0,debit
C12333-K1,C12333,10686,555.0,200.0,visa,226.0,debit
C13095-K1,C13095,21343,242.0,150.0,visa,195.0,credit
C04429-K1,C04429,12772,127.0,150.0,mastercard,102.0,credit
C08041-K1,C08041,11405,543.0,150.0,mastercard,224.0,debit
C08429-K1,C08429,17653,555.0,150.0,visa,226.0,debit
C09047-K1,C09047,14557,555.0,121.0,mastercard,102.0,credit
C07611-K1,C07611,21125,225.0,150.0,mastercard,195.0,credit
C00966-K1,C00966,12931,555.0,150.0,visa,226.0,debit
C00566-K1,C00566,13901,467.0,150.0,visa,226.0,debit
C11813-K1,C11813,20741,555.0,150.0,visa,226.0,debit
C07570-K1,C07570,12965,555.0,150.0,visa,226.0,credit
C01749-K2,C01749,13046,555.0,150.0,visa,226.0,debit
C11837-K1,C11837,11142,420.0,150.0,mastercard,224.0,debit
C03646-K1,C03646,13781,225.0,150.0,mastercard,195.0,credit
C08814-K1,C08814,21357,321.0,150.0,visa,195.0,debit
C11933-K1,C11933,22433,555.0,150.0,visa,226.0,credit
C09506-K1,C09506,10579,,150.0,visa,226.0,debit
C10542-K2,C10542,12118,528.0,150.0,visa,226.0,credit
C06052-K1,C06052,21816,310.0,150.0,mastercard,224.0,debit
C06513-K1,C06513,12982,,150.0,visa,226.0,debit
C13392-K1,C13392,13915,583.0,150.0,visa,226.0,credit
C05165-K1,C05165,20533,399.0,150.0,american express,150.0,credit
C02925-K1,C02925,12307,555.0,213.0,mastercard,224.0,credit
C06558-K1,C06558,20821,555.0,150.0,visa,226.0,credit
C07691-K1,C07691,19296,555.0,100.0,visa,226.0,credit
C04353-K1,C04353,18030,555.0,146.0,visa,226.0,credit
C13047-K1,C13047,10195,555.0,150.0,visa,166.0,debit
C04448-K1,C04448,10898,555.0,150.0,visa,226.0,credit
C01462-K1,C01462,21278,555.0,150.0,visa,226.0,credit
C04659-K1,C04659,23505,321.0,150.0,visa,226.0,debit
C10856-K1,C10856,22300,543.0,150.0,mastercard,195.0,debit
C07976-K1,C07976,20250,321.0,150.0,visa,226.0,debit
C04950-K1,C04950,15348,480.0,150.0,mastercard,224.0,debit
C00190-K1,C00190,15234,181.0,150.0,visa,226.0,credit
C04682-K1,C04682,19845,555.0,119.0,visa,226.0,debit
C03102-K1,C03102,15636,149.0,147.0,mastercard,219.0,credit
C11757-K1,C11757,16785,555.0,100.0,visa,102.0,credit
C11251-K1,C11251,10521,555.0,150.0,visa,226.0,credit
C01227-K1,C01227,17792,555.0,150.0,visa,226.0,debit
C09538-K1,C09538,16337,275.0,150.0,mastercard,224.0,debit
C04535-K1,C04535,10216,555.0,147.0,visa,137.0,credit
C00136-K1,C00136,11992,555.0,150.0,visa,226.0,debit
C10034-K1,C10034,21004,555.0,188.0,mastercard,137.0,credit
C10125-K1,C10125,11583,555.0,102.0,visa,226.0,debit
C05695-K1,C05695,22931,555.0,213.0,mastercard,224.0,debit
C07673-K1,C07673,20834,555.0,117.0,american express,166.0,debit
C01716-K1,C01716,11908,555.0,150.0,visa,226.0,debit
C11123-K1,C11123,11253,225.0,150.0,mastercard,117.0,debit
C11905-K1,C11905,19110,399.0,150.0,american express,223.0,credit
C09662-K1,C09662,17773,555.0,150.0,visa,226.0,debit
C00391-K1,C00391,23461,555.0,182.0,visa,226.0,credit
C10117-K1,C10117,11051,555.0,150.0,visa,226.0,credit
C06421-K1,C06421,20651,555.0,150.0,visa,226.0,debit
C02169-K1,C02169,13323,310.0,150.0,mastercard,224.0,debit
C04664-K1,C04664,17066,134.0,189.0,visa,226.0,credit
C10527-K1,C10527,10624,555.0,150.0,visa,226.0,credit
C09770-K1,C09770,12093,555.0,131.0,visa,226.0,credit
C10653-K1,C10653,21443,321.0,150.0,visa,226.0,debit
C13548-K1,C13548,21172,399.0,150.0,american express,104.0,credit
C04286-K1,C04286,19001,122.0,150.0,mastercard,166.0,debit
C13157-K1,C13157,12486,149.0,147.0,mastercard,134.0,credit
C10207-K1,C10207,10222,555.0,198.0,mastercard,224.0,debit
C01978-K1,C01978,12705,555.0,150.0,visa,226.0,credit
C00984-K1,C00984,22693,555.0,150.0,visa,226.0,debit
C10524-K1,C10524,15940,555.0,150.0,visa,226.0,debit
C10803-K1,C10803,19574,390.0,150.0,mastercard,224.0,debit
C12412-K1,C12412,21827,555.0,146.0,visa,226.0,credit
C10120-K1,C10120,23007,555.0,150.0,visa,226.0,debit
C02246-K1,C02246,23342,390.0,150.0,mastercard,195.0,debit
C04002-K1,C04002,15150,543.0,150.0,mastercard,224.0,debit
C01278-K1,C01278,11351,555.0,150.0,visa,195.0,debit
C12242-K1,C12242,22620,480.0,150.0,mastercard,195.0,debit
C01848-K1,C01848,15376,308.0,150.0,visa,226.0,debit
C00069-K2,C00069,18195,555.0,150.0,visa,166.0,debit
C04036-K1,C04036,12387,111.0,150.0,visa,195.0,debit
C03747-K1,C03747,12609,225.0,150.0,mastercard,195.0,debit
C02530-K1,C02530,12322,390.0,150.0,mastercard,224.0,debit
C11681-K1,C11681,14389,127.0,150.0,mastercard,224.0,debit
C12374-K1,C12374,21623,349.0,117.0,visa,102.0,credit
C09853-K1,C09853,14154,321.0,150.0,visa,226.0,debit
C06029-K1,C06029,17128,555.0,150.0,visa,226.0,debit
C09158-K1,C09158,13214,543.0,150.0,mastercard,224.0,debit
C01795-K1,C01795,11990,555.0,150.0,visa,226.0,debit
C01404-K1,C01404,17269,467.0,150.0,visa,226.0,debit
C03200-K1,C03200,20323,555.0,119.0,visa,226.0,debit
C10853-K1,C10853,16870,,150.0,visa,226.0,debit
C06734-K1,C06734,22608,555.0,150.0,visa,226.0,debit
C01457-K1,C01457,16223,225.0,150.0,mastercard,102.0,credit
C01382-K1,C01382,16647,555.0,150.0,visa,226.0,debit
C07737-K1,C07737,20478,555.0,100.0,mastercard,224.0,credit
C06463-K1,C06463,22446,555.0,188.0,visa,226.0,credit
C06090-K1,C06090,16240,555.0,134.0,mastercard,224.0,credit
C03266-K1,C03266,22697,555.0,150.0,visa,226.0,credit
C08378-K1,C08378,14426,555.0,106.0,visa,138.0,debit
C11345-K1,C11345,19269,569.0,117.0,mastercard,224.0,credit
C02297-K1,C02297,12670,555.0,213.0,mastercard,224.0,credit
C01637-K1,C01637,11290,,162.0,visa,195.0,debit
C13347-K1,C13347,13453,225.0,150.0,mastercard,224.0,debit
C07956-K1,C07956,19922,555.0,162.0,mastercard,195.0,credit
C05966-K1,C05966,11161,225.0,150.0,visa,166.0,debit
C08973-K1,C08973,10059,368.0,212.0,visa,226.0,credit
C08501-K1,C08501,23126,,150.0,mastercard,224.0,credit
C00038-K1,C00038,16123,390.0,150.0,mastercard,224.0,debit
C01003-K1,C01003,18206,404.0,150.0,mastercard,102.0,credit
C01715-K1,C01715,15783,490.0,150.0,visa,226.0,debit
C00355-K1,C00355,14378,,150.0,visa,195.0,debit
C06609-K1,C06609,16791,310.0,150.0,mastercard,224.0,debit
C00729-K1,C00729,21476,555.0,150.0,visa,226.0,debit
C05871-K1,C05871,14198,215.0,150.0,mastercard,203.0,credit
C05120-K1,C05120,13222,555.0,150.0,visa,,debit
C10225-K1,C10225,18000,555.0,150.0,visa,226.0,debit
C08335-K1,C08335,20560,310.0,150.0,mastercard,117.0,debit
C00809-K1,C00809,11081,555.0,150.0,visa,226.0,debit
C01257-K1,C01257,13451,555.0,143.0,mastercard,224.0,credit
C09787-K1,C09787,12295,555.0,150.0,visa,226.0,credit
C03226-K1,C03226,18681,555.0,150.0,visa,226.0,debit
C06801-K1,C06801,11496,374.0,150.0,visa,195.0,debit
C10700-K1,C10700,12158,555.0,150.0,visa,226.0,debit
C10462-K1,C10462,20354,553.0,150.0,visa,,credit
C05633-K1,C05633,22059,555.0,150.0,visa,226.0,debit
C05608-K1,C05608,13149,555.0,150.0,visa,226.0,credit
C00565-K1,C00565,11204,,150.0,visa,226.0,debit
C00100-K1,C00100,16864,555.0,144.0,mastercard,224.0,credit
C11982-K1,C11982,22168,555.0,150.0,visa,226.0,debit
C03900-K1,C03900,20518,555.0,146.0,mastercard,137.0,credit
C09775-K1,C09775,17948,445.0,150.0,mastercard,195.0,credit
C00939-K1,C00939,20365,580.0,106.0,visa,147.0,credit
C02078-K1,C02078,14041,529.0,150.0,visa,226.0,credit
C13411-K1,C13411,16251,382.0,150.0,visa,226.0,credit
C02651-K1,C02651,20272,555.0,119.0,mastercard,224.0,credit
C02880-K1,C02880,14260,532.0,150.0,mastercard,224.0,debit
C07588-K1,C07588,17703,555.0,137.0,visa,226.0,credit
C04541-K1,C04541,21024,555.0,150.0,visa,226.0,debit
C08792-K1,C08792,13963,138.0,200.0,visa,226.0,debit
C11561-K1,C11561,22018,,150.0,visa,226.0,debit
C02868-K1,C02868,21447,512.0,150.0,visa,226.0,debit
C12422-K1,C12422,21207,555.0,150.0,visa,226.0,credit
C06792-K1,C06792,15145,555.0,119.0,mastercard,137.0,credit
C12035-K1,C12035,15973,555.0,119.0,mastercard,224.0,credit
C10658-K1,C10658,10434,305.0,106.0,mastercard,224.0,credit
C02752-K1,C02752,20162,555.0,121.0,visa,226.0,credit
C01318-K1,C01318,18190,555.0,100.0,visa,226.0,credit
C12480-K1,C12480,15146,555.0,150.0,visa,226.0,debit
C04641-K1,C04641,20658,512.0,150.0,mastercard,117.0,debit
C09878-K1,C09878,18112,555.0,150.0,visa,226.0,debit
C04226-K1,C04226,14552,555.0,197.0,visa,226.0,debit
C11703-K1,C11703,15134,390.0,150.0,mastercard,224.0,debit
C12610-K1,C12610,12276,555.0,150.0,visa,226.0,credit
C00964-K1,C00964,20710,555.0,215.0,mastercard,224.0,credit
C10441-K1,C10441,21235,555.0,100.0,visa,137.0,credit
C04538-K1,C04538,15769,399.0,150.0,american express,146.0,credit
C02602-K1,C02602,21334,555.0,150.0,visa,226.0,debit
C00024-K1,C00024,23250,,150.0,visa,226.0,credit
C08437-K1,C08437,20642,555.0,150.0,visa,226.0,debit
C10481-K1,C10481,10631,555.0,150.0,visa,226.0,debit
C05391-K1,C05391,21831,555.0,150.0,visa,226.0,debit
C11676-K1,C11676,18733,441.0,150.0,visa,195.0,credit
C08529-K1,C08529,13164,555.0,150.0,visa,226.0,debit
C09815-K1,C09815,15103,580.0,106.0,visa,147.0,credit
C06048-K1,C06048,16280,420.0,150.0,mastercard,224.0,debit
C06651-K1,C06651,20373,555.0,144.0,mastercard,224.0,credit
C11211-K1,C11211,13329,555.0,127.0,visa,102.0,credit
C05143-K1,C05143,21051,118.0,185.0,visa,226.0,debit
C11978-K1,C11978,16219,517.0,150.0,mastercard,224.0,debit
C02178-K1,C02178,20372,543.0,150.0,mastercard,224.0,debit
C11563-K1,C11563,22407,555.0,150.0,visa,226.0,debit
C10408-K1,C10408,13188,,150.0,mastercard,,credit
C10124-K1,C10124,18005,555.0,150.0,visa,226.0,debit
C11697-K1,C11697,17025,480.0,150.0,mastercard,117.0,debit
C09154-K1,C09154,19018,438.0,106.0,visa,137.0,credit
C11538-K1,C11538,20284,555.0,213.0,mastercard,224.0,credit
C06186-K1,C06186,20420,555.0,150.0,visa,226.0,debit
C00618-K1,C00618,14968,490.0,150.0,visa,226.0,credit
C08322-K1,C08322,16487,543.0,150.0,mastercard,224.0,debit
C00960-K1,C00960,22488,399.0,150.0,american express,223.0,credit
C05904-K1,C05904,17711,321.0,150.0,visa,226.0,debit
C01838-K1,C01838,18010,127.0,150.0,mastercard,224.0,debit
C09014-K1,C09014,21552,555.0,150.0,visa,,credit
C10196-K1,C10196,20334,555.0,150.0,visa,226.0,debit
C12461-K1,C12461,10896,480.0,150.0,mastercard,224.0,debit
C02992-K1,C02992,13473,555.0,197.0,visa,102.0,credit
C11156-K1,C11156,17899,532.0,150.0,mastercard,224.0,debit
C01833-K1,C01833,12934,555.0,150.0,mastercard,137.0,credit
C04022-K1,C04022,19121,474.0,150.0,visa,195.0,credit
C09205-K1,C09205,19853,555.0,150.0,visa,226.0,debit
C06490-K1,C06490,15247,555.0,150.0,visa,226.0,debit
C09284-K1,C09284,22241,555.0,150.0,visa,226.0,debit
C09675-K1,C09675,21741,555.0,150.0,visa,226.0,debit
C05099-K1,C05099,15396,170.0,150.0,mastercard,102.0,credit
C10543-K1,C10543,11774,390.0,150.0,mastercard,224.0,debit
C06172-K1,C06172,23338,555.0,100.0,mastercard,102.0,credit
C07440-K1,C07440,13009,532.0,150.0,mastercard,224.0,debit
C05526-K1,C05526,14500,,150.0,visa,,credit
C12679-K1,C12679,12163,555.0,119.0,visa,195.0,credit
C08513-K1,C08513,20100,555.0,150.0,visa,226.0,debit
C04443-K1,C04443,15934,534.0,150.0,mastercard,195.0,debit
C07100-K1,C07100,21597,555.0,150.0,visa,226.0,debit
C06412-K1,C06412,14222,555.0,150.0,visa,226.0,debit
C06807-K1,C06807,13265,415.0,185.0,mastercard,224.0,credit
C03940-K1,C03940,15334,427.0,150.0,mastercard,219.0,credit
C04480-K1,C04480,20409,,150.0,visa,195.0,debit
C11780-K1,C11780,12439,555.0,150.0,visa,226.0,debit
C00463-K1,C00463,17313,399.0,150.0,american express,223.0,credit
C01211-K1,C01211,15652,555.0,188.0,visa,137.0,credit
C12318-K1,C12318,12296,555.0,217.0,visa,137.0,debit
C12048-K1,C12048,13277,555.0,136.0,visa,162.0,credit
C05983-K1,C05983,22784,555.0,119.0,visa,162.0,credit
C02509-K1,C02509,10574,480.0,150.0,mastercard,117.0,debit
C00392-K1,C00392,22097,555.0,135.0,mastercard,137.0,credit
C10841-K1,C10841,16642,555.0,150.0,visa,226.0,debit
C04855-K1,C04855,21402,321.0,150.0,visa,226.0,debit
C05539-K1,C05539,16224,555.0,150.0,visa,226.0,credit
C08162-K1,C08162,11430,395.0,150.0,visa,195.0,debit
C12179-K1,C12179,22486,138.0,200.0,visa,226.0,debit
C00970-K1,C00970,20325,555.0,150.0,visa,226.0,debit
C12196-K1,C12196,17324,555.0,150.0,visa,195.0,credit
C07120-K1,C07120,11919,390.0,150.0,mastercard,234.0,debit
C04594-K1,C04594,19508,399.0,150.0,american express,188.0,credit
C04109-K1,C04109,12610,555.0,150.0,visa,226.0,credit
C09976-K1,C09976,23195,555.0,150.0,visa,226.0,debit
C07313-K1,C07313,16570,369.0,150.0,mastercard,224.0,debit
C02240-K1,C02240,21198,555.0,102.0,visa,226.0,debit
C04815-K1,C04815,13604,369.0,150.0,mastercard,195.0,debit
C11793-K1,C11793,20285,555.0,150.0,visa,226.0,credit
C05282-K2,C05282,16962,512.0,150.0,mastercard,224.0,debit
C07627-K1,C07627,15591,390.0,150.0,mastercard,224.0,debit
C13537-K1,C13537,16316,555.0,150.0,visa,226.0,debit
C12773-K1,C12773,22574,399.0,150.0,american express,223.0,credit
C04854-K2,C04854,16077,523.0,150.0,visa,226.0,credit
C12669-K1,C12669,15095,225.0,150.0,mastercard,224.0,debit
C01552-K1,C01552,23188,555.0,150.0,visa,226.0,debit
C02299-K1,C02299,13460,555.0,150.0,visa,226.0,debit
C08770-K1,C08770,20476,310.0,150.0,mastercard,,debit
C13412-K1,C13412,22571,555.0,150.0,visa,226.0,credit
C04829-K1,C04829,21840,555.0,119.0,visa,226.0,debit
C08289-K1,C08289,10764,247.0,150.0,mastercard,224.0,credit
C03998-K1,C03998,21189,555.0,144.0,visa,195.0,credit
C09653-K1,C09653,16486,321.0,150.0,visa,226.0,debit
C08592-K1,C08592,16232,305.0,106.0,mastercard,224.0,credit
C09098-K1,C09098,12802,369.0,150.0,mastercard,117.0,debit
C01597-K1,C01597,15391,115.0,150.0,visa,166.0,debit
C03426-K1,C03426,21311,555.0,150.0,visa,226.0,debit
C00467-K1,C00467,21635,555.0,150.0,visa,226.0,debit
C02871-K1,C02871,15379,467.0,150.0,visa,166.0,debit
C09599-K1,C09599,10464,555.0,150.0,visa,226.0,credit
C00602-K1,C00602,10935,555.0,150.0,visa,226.0,debit
C08514-K1,C08514,21151,310.0,150.0,mastercard,224.0,debit
C01293-K1,C01293,19107,480.0,150.0,mastercard,224.0,debit
C03887-K1,C03887,12240,310.0,150.0,mastercard,224.0,debit
C09005-K1,C09005,18221,143.0,150.0,visa,226.0,debit
C00441-K1,C00441,23553,555.0,102.0,visa,226.0,credit
C02770-K1,C02770,13957,514.0,150.0,mastercard,102.0,credit
C03383-K1,C03383,20226,555.0,189.0,mastercard,102.0,credit
C13307-K1,C13307,22663,555.0,150.0,visa,226.0,debit
C08459-K1,C08459,17568,348.0,150.0,visa,226.0,credit
C02397-K1,C02397,22487,555.0,150.0,visa,226.0,debit
C03207-K1,C03207,13040,174.0,150.0,visa,166.0,debit
C08757-K1,C08757,19579,543.0,150.0,mastercard,117.0,debit
C13508-K1,C13508,15574,207.0,150.0,visa,195.0,debit
C06544-K1,C06544,13906,555.0,150.0,mastercard,195.0,debit
C05334-K1,C05334,16296,349.0,117.0,visa,195.0,debit
C12926-K1,C12926,11589,555.0,121.0,visa,102.0,credit
C11018-K1,C11018,11089,555.0,214.0,mastercard,137.0,credit
C00517-K1,C00517,22048,555.0,227.0,visa,226.0,debit
C11582-K1,C11582,20480,555.0,150.0,visa,226.0,debit
C12080-K1,C12080,15453,302.0,150.0,visa,195.0,credit
C08724-K1,C08724,15930,390.0,150.0,mastercard,,credit
C08683-K1,C08683,16846,555.0,150.0,visa,226.0,debit
C05524-K1,C05524,16492,544.0,150.0,visa,226.0,credit
C12798-K1,C12798,16944,555.0,150.0,visa,226.0,debit
C06047-K1,C06047,16952,555.0,150.0,visa,226.0,debit
C13288-K1,C13288,13830,555.0,150.0,visa,226.0,credit
C09313-K1,C09313,18750,555.0,150.0,visa,226.0,debit
C12617-K1,C12617,12623,310.0,150.0,mastercard,224.0,debit
C09173-K1,C09173,10280,111.0,150.0,mastercard,203.0,credit
C12400-K1,C12400,12808,555.0,150.0,visa,226.0,debit
C07388-K1,C07388,16421,555.0,119.0,visa,226.0,debit
C02009-K1,C02009,12651,480.0,150.0,mastercard,224.0,debit
C01920-K1,C01920,14068,555.0,177.0,mastercard,219.0,debit
C06614-K1,C06614,22659,501.0,150.0,mastercard,166.0,debit
C10903-K1,C10903,14039,575.0,150.0,visa,226.0,debit
C11240-K1,C11240,11697,242.0,150.0,visa,226.0,credit
C09797-K1,C09797,20422,555.0,150.0,visa,226.0,debit
C07994-K1,C07994,17287,555.0,150.0,visa,166.0,debit
C04592-K1,C04592,17035,481.0,150.0,mastercard,203.0,credit
C01021-K1,C01021,10344,555.0,150.0,visa,226.0,debit
C06580-K1,C06580,18967,360.0,150.0,visa,166.0,debit
C07446-K1,C07446,13598,555.0,150.0,visa,226.0,debit
C13006-K1,C13006,18392,555.0,150.0,visa,226.0,debit
C07734-K1,C07734,17515,225.0,150.0,mastercard,224.0,debit
C00347-K1,C00347,15882,555.0,150.0,visa,226.0,debit
C03328-K1,C03328,18539,580.0,106.0,visa,226.0,credit
C05294-K1,C05294,11746,224.0,106.0,mastercard,224.0,credit
C05188-K1,C05188,12006,420.0,150.0,mastercard,224.0,debit
C09015-K1,C09015,23059,555.0,150.0,visa,226.0,debit
C04565-K1,C04565,15184,543.0,150.0,mastercard,224.0,debit
C05009-K1,C05009,18019,555.0,150.0,visa,226.0,debit
C01854-K1,C01854,10813,555.0,150.0,visa,226.0,debit
C12142-K1,C12142,10053,555.0,190.0,visa,226.0,debit
C10475-K1,C10475,20283,555.0,212.0,visa,166.0,debit
C01608-K1,C01608,22023,555.0,150.0,visa,226.0,debit
C01168-K1,C01168,16602,596.0,150.0,mastercard,229.0,debit
C04583-K1,C04583,11050,555.0,121.0,visa,137.0,credit
C10055-K1,C10055,15319,555.0,150.0,visa,166.0,debit
C11689-K1,C11689,21752,555.0,150.0,visa,226.0,credit
C06643-K1,C06643,19285,555.0,159.0,visa,226.0,debit
C13452-K1,C13452,14788,479.0,150.0,visa,166.0,debit
C05863-K1,C05863,12432,480.0,150.0,mastercard,224.0,debit
C07290-K1,C07290,22957,480.0,150.0,mastercard,224.0,debit
C02668-K1,C02668,10545,555.0,150.0,visa,226.0,debit
C09531-K1,C09531,16877,275.0,150.0,mastercard,224.0,debit
C10263-K1,C10263,12989,555.0,185.0,visa,137.0,credit
C09017-K1,C09017,18532,480.0,150.0,mastercard,221.0,credit
C09721-K1,C09721,17962,555.0,150.0,visa,195.0,debit
C07158-K1,C07158,20304,555.0,150.0,visa,226.0,credit
C00671-K1,C00671,22588,,150.0,visa,195.0,debit
C05159-K1,C05159,13804,438.0,106.0,visa,138.0,debit
C07254-K1,C07254,13673,517.0,150.0,mastercard,224.0,debit
C11977-K1,C11977,21512,480.0,150.0,mastercard,224.0,debit
C03525-K1,C03525,15599,154.0,150.0,visa,226.0,credit
C03032-K1,C03032,16236,555.0,150.0,visa,226.0,debit
C10770-K1,C10770,15905,360.0,150.0,mastercard,126.0,debit
C10652-K1,C10652,18125,369.0,150.0,mastercard,117.0,debit
C11892-K1,C11892,19815,338.0,150.0,visa,195.0,debit
C07876-K1,C07876,22587,555.0,150.0,visa,226.0,credit
C13495-K1,C13495,17678,480.0,150.0,mastercard,224.0,debit
C05715-K1,C05715,12597,302.0,150.0,visa,226.0,debit
C12878-K1,C12878,12117,555.0,150.0,visa,226.0,debit
C11273-K2,C11273,20577,488.0,117.0,mastercard,224.0,credit
C13218-K1,C13218,19555,275.0,150.0,mastercard,224.0,debit
C02313-K1,C02313,16691,310.0,150.0,mastercard,224.0,debit
C03540-K1,C03540,15767,111.0,150.0,mastercard,224.0,debit
C00861-K1,C00861,11816,225.0,150.0,mastercard,117.0,debit
C04774-K1,C04774,16965,111.0,150.0,mastercard,117.0,debit
C00789-K1,C00789,14863,555.0,162.0,visa,102.0,credit
C05032-K1,C05032,11202,543.0,150.0,mastercard,195.0,debit
C10863-K1,C10863,16650,367.0,150.0,mastercard,117.0,debit
C12603-K1,C12603,13028,275.0,150.0,mastercard,195.0,debit
C07830-K1,C07830,12700,321.0,150.0,visa,226.0,debit
C11243-K1,C11243,18065,555.0,210.0,visa,228.0,credit
C04177-K1,C04177,12819,555.0,188.0,mastercard,224.0,credit
C09609-K1,C09609,19318,555.0,150.0,visa,226.0,debit
C08629-K1,C08629,20174,127.0,150.0,mastercard,102.0,credit
C09316-K1,C09316,11716,554.0,150.0,visa,226.0,debit
C01775-K1,C01775,13049,299.0,150.0,visa,195.0,debit
C11849-K1,C11849,22981,369.0,150.0,mastercard,224.0,debit
C11839-K1,C11839,17012,555.0,150.0,visa,226.0,debit
C04363-K1,C04363,11207,555.0,150.0,visa,226.0,credit
C10496-K1,C10496,20168,555.0,119.0,mastercard,137.0,credit
C12067-K1,C12067,17103,555.0,150.0,visa,226.0,credit
C00271-K1,C00271,18153,367.0,150.0,mastercard,117.0,debit
C00979-K1,C00979,17656,543.0,150.0,mastercard,195.0,debit
C03034-K1,C03034,22246,555.0,150.0,visa,226.0,credit
C02329-K1,C02329,13643,179.0,106.0,visa,138.0,debit
C01842-K1,C01842,11808,555.0,150.0,visa,226.0,debit
C05897-K1,C05897,21774,555.0,102.0,mastercard,224.0,debit
C04742-K1,C04742,11690,555.0,150.0,visa,226.0,debit
C03138-K1,C03138,10805,555.0,150.0,visa,226.0,debit
C00094-K4,C00094,16429,170.0,150.0,mastercard,102.0,credit
C00569-K1,C00569,19477,224.0,106.0,mastercard,130.0,debit
C13318-K1,C13318,13996,480.0,150.0,mastercard,195.0,credit
C01498-K1,C01498,14369,555.0,182.0,visa,226.0,credit
C05660-K1,C05660,13212,555.0,162.0,visa,226.0,debit
C05468-K1,C05468,15994,555.0,150.0,mastercard,117.0,debit
C02039-K1,C02039,11792,555.0,150.0,visa,226.0,debit
C10534-K1,C10534,11036,360.0,150.0,mastercard,126.0,debit
C01853-K1,C01853,17663,310.0,150.0,mastercard,224.0,debit
C12782-K1,C12782,10755,555.0,134.0,visa,226.0,credit
C03338-K1,C03338,19026,543.0,150.0,mastercard,224.0,debit
C13471-K1,C13471,20302,179.0,106.0,visa,226.0,debit
C05414-K1,C05414,11927,384.0,150.0,visa,226.0,debit
C03322-K1,C03322,10984,555.0,150.0,visa,226.0,debit
C02445-K1,C02445,17931,149.0,147.0,mastercard,219.0,credit
C08938-K1,C08938,20594,555.0,119.0,mastercard,224.0,credit
C06691-K1,C06691,23370,555.0,150.0,visa,226.0,debit
C07833-K1,C07833,23453,534.0,150.0,visa,226.0,debit
C08828-K1,C08828,19470,351.0,106.0,visa,226.0,credit
C05431-K1,C05431,22699,555.0,150.0,visa,226.0,debit
C08362-K1,C08362,21269,225.0,150.0,mastercard,166.0,debit
C11942-K1,C11942,20548,390.0,150.0,mastercard,224.0,debit
C01218-K1,C01218,20609,174.0,150.0,mastercard,,credit
C10991-K1,C10991,12589,555.0,150.0,visa,226.0,debit
C04966-K1,C04966,20473,321.0,150.0,visa,226.0,debit
C00027-K1,C00027,22934,438.0,106.0,visa,137.0,credit
C08079-K1,C08079,18301,555.0,150.0,visa,226.0,debit
C03895-K1,C03895,11701,555.0,144.0,visa,137.0,credit
C12385-K1,C12385,13279,399.0,150.0,american express,146.0,credit
C02491-K1,C02491,10047,321.0,150.0,visa,226.0,debit
C10342-K1,C10342,17113,555.0,150.0,visa,226.0,credit
C02661-K1,C02661,16668,555.0,150.0,visa,226.0,debit
C06938-K1,C06938,15152,555.0,150.0,visa,226.0,credit
C12814-K1,C12814,10926,517.0,150.0,mastercard,224.0,debit
C11634-K1,C11634,18310,364.0,146.0,mastercard,166.0,debit
C06181-K1,C06181,15167,555.0,188.0,visa,102.0,credit
C07003-K1,C07003,19516,224.0,106.0,mastercard,,credit
C00745-K1,C00745,17977,555.0,101.0,mastercard,137.0,credit
C06176-K1,C06176,15028,361.0,150.0,visa,195.0,debit
C01707-K1,C01707,14575,555.0,150.0,visa,226.0,debit
C12466-K2,C12466,14918,555.0,195.0,visa,226.0,credit
C00596-K1,C00596,11014,555.0,150.0,visa,226.0,credit
C04268-K1,C04268,19548,555.0,150.0,visa,226.0,debit
C06411-K1,C06411,18481,555.0,117.0,visa,226.0,debit
C00968-K1,C00968,20388,555.0,102.0,mastercard,224.0,debit
C05546-K1,C05546,17726,555.0,150.0,visa,195.0,debit
C13404-K1,C13404,17580,,144.0,visa,195.0,debit
C11501-K1,C11501,16726,420.0,150.0,mastercard,224.0,debit
C02052-K1,C02052,12572,512.0,150.0,visa,226.0,debit
C12576-K1,C12576,17141,555.0,150.0,visa,226.0,credit
C05395-K1,C05395,16725,555.0,150.0,visa,194.0,credit
C02408-K1,C02408,12923,321.0,150.0,visa,226.0,debit
C00923-K1,C00923,10638,,150.0,visa,166.0,debit
C08794-K1,C08794,22456,555.0,188.0,visa,102.0,credit
C00146-K1,C00146,11179,555.0,146.0,mastercard,224.0,credit
C07117-K1,C07117,21767,480.0,150.0,mastercard,224.0,debit
C04943-K1,C04943,12046,555.0,106.0,visa,226.0,debit
C09228-K1,C09228,15388,149.0,147.0,mastercard,166.0,debit
C05960-K1,C05960,18092,138.0,200.0,visa,226.0,debit
C05668-K1,C05668,13286,555.0,150.0,visa,226.0,credit
C00841-K1,C00841,17812,555.0,142.0,mastercard,102.0,credit
C07059-K1,C07059,18536,463.0,144.0,visa,166.0,debit
C08101-K1,C08101,13799,510.0,150.0,mastercard,195.0,debit
C13276-K1,C13276,21049,583.0,150.0,visa,226.0,credit
C08600-K1,C08600,21618,555.0,150.0,visa,226.0,debit
C05421-K1,C05421,20653,369.0,150.0,mastercard,224.0,debit
C06779-K1,C06779,17466,212.0,150.0,visa,195.0,debit
C05998-K1,C05998,12866,149.0,147.0,mastercard,219.0,credit
C05291-K1,C05291,20391,555.0,150.0,visa,226.0,debit
C09107-K1,C09107,16732,555.0,150.0,visa,226.0,credit
C11564-K1,C11564,18526,543.0,150.0,mastercard,224.0,debit
C11300-K1,C11300,22627,555.0,108.0,visa,226.0,debit
C01906-K1,C01906,13974,111.0,150.0,visa,195.0,credit
C03100-K3,C03100,15303,555.0,150.0,visa,226.0,credit
C08812-K1,C08812,11281,555.0,150.0,mastercard,102.0,credit
C12464-K1,C12464,21262,555.0,150.0,visa,226.0,debit
C07684-K1,C07684,15403,111.0,150.0,visa,226.0,debit
C10236-K1,C10236,11024,111.0,150.0,mastercard,224.0,credit
C12285-K2,C12285,13570,310.0,150.0,mastercard,224.0,debit
C12435-K1,C12435,11918,399.0,150.0,american express,137.0,credit
C04354-K1,C04354,23357,555.0,146.0,visa,226.0,credit
C09132-K1,C09132,16428,400.0,150.0,mastercard,219.0,debit
C09516-K1,C09516,20920,480.0,150.0,mastercard,224.0,debit
C11604-K1,C11604,11505,555.0,146.0,american express,189.0,credit
C02757-K1,C02757,11649,555.0,134.0,visa,226.0,credit
C11268-K1,C11268,15460,555.0,147.0,visa,137.0,credit
C10282-K1,C10282,10154,310.0,150.0,mastercard,224.0,debit
C00351-K1,C00351,11363,555.0,131.0,visa,226.0,credit
C01177-K1,C01177,14282,127.0,150.0,mastercard,117.0,debit
C09223-K1,C09223,13064,555.0,150.0,visa,226.0,debit
C07404-K1,C07404,10608,555.0,229.0,mastercard,137.0,credit
C00552-K1,C00552,21206,293.0,162.0,mastercard,137.0,credit
C09832-K1,C09832,19386,225.0,150.0,mastercard,224.0,debit
C06455-K1,C06455,12073,555.0,137.0,visa,137.0,credit
C12880-K1,C12880,11476,555.0,147.0,visa,226.0,credit
C08787-K1,C08787,10781,127.0,150.0,mastercard,102.0,credit
C00151-K1,C00151,20044,555.0,150.0,visa,226.0,debit
C05113-K2,C05113,20666,555.0,144.0,mastercard,166.0,debit
C09616-K1,C09616,11614,555.0,133.0,visa,226.0,debit
C05315-K1,C05315,11607,554.0,150.0,visa,226.0,credit
C09231-K1,C09231,16779,399.0,150.0,american express,137.0,credit
C09488-K1,C09488,21608,399.0,150.0,american express,133.0,credit
C08053-K1,C08053,11894,,150.0,mastercard,,credit
C10486-K1,C10486,14859,555.0,213.0,mastercard,166.0,debit
C03788-K1,C03788,10734,517.0,150.0,mastercard,224.0,debit
C09888-K1,C09888,10044,512.0,150.0,mastercard,117.0,debit
C04416-K1,C04416,12759,555.0,150.0,visa,226.0,debit
C08642-K1,C08642,13606,555.0,117.0,mastercard,177.0,debit
C07399-K1,C07399,18560,555.0,150.0,visa,226.0,credit
C03848-K1,C03848,21763,445.0,150.0,mastercard,203.0,credit
C08937-K1,C08937,22977,555.0,102.0,visa,226.0,credit
C02129-K1,C02129,19035,399.0,150.0,american express,150.0,credit
C02325-K1,C02325,20748,555.0,150.0,visa,226.0,credit
C04050-K1,C04050,12161,561.0,150.0,visa,226.0,debit
C05937-K1,C05937,10668,555.0,150.0,visa,226.0,debit
C11713-K1,C11713,16304,405.0,185.0,visa,137.0,debit
C03863-K1,C03863,10364,555.0,150.0,visa,138.0,debit
C11412-K1,C11412,18886,480.0,150.0,mastercard,195.0,debit
C06353-K1,C06353,17993,138.0,200.0,visa,226.0,debit
C11707-K1,C11707,17214,555.0,150.0,visa,194.0,credit
C04912-K1,C04912,12538,216.0,150.0,visa,195.0,credit
C01732-K1,C01732,11922,555.0,119.0,visa,162.0,credit
C04368-K1,C04368,20136,179.0,106.0,visa,137.0,debit
C06497-K1,C06497,11437,517.0,150.0,mastercard,224.0,debit
C00656-K1,C00656,19148,399.0,150.0,american express,185.0,credit
C00262-K1,C00262,16483,302.0,150.0,visa,226.0,debit
C02696-K1,C02696,15547,,150.0,visa,138.0,debit
C08049-K1,C08049,23276,321.0,150.0,visa,226.0,debit
C05783-K1,C05783,12495,555.0,150.0,visa,226.0,debit
C03760-K1,C03760,19635,555.0,150.0,visa,226.0,debit
C09944-K1,C09944,12484,555.0,150.0,visa,226.0,debit
C10950-K1,C10950,20981,555.0,150.0,visa,226.0,credit
C05800-K1,C05800,14422,555.0,150.0,visa,226.0,debit
C11276-K1,C11276,13631,364.0,146.0,mastercard,224.0,credit
C10733-K1,C10733,18671,138.0,200.0,,226.0,debit
C05570-K1,C05570,22641,310.0,150.0,mastercard,224.0,debit
C07080-K1,C07080,14737,225.0,150.0,mastercard,117.0,debit
C12556-K1,C12556,11730,555.0,217.0,visa,226.0,credit
C05180-K1,C05180,22087,555.0,150.0,visa,226.0,debit
C03221-K1,C03221,18735,555.0,150.0,visa,226.0,debit
C10549-K1,C10549,20527,555.0,210.0,mastercard,102.0,credit
C04315-K1,C04315,19923,516.0,150.0,mastercard,224.0,debit
C03765-K1,C03765,19775,555.0,150.0,visa,226.0,credit
C07720-K1,C07720,13122,310.0,150.0,mastercard,224.0,debit
C13133-K1,C13133,23047,555.0,150.0,visa,226.0,debit
C06191-K1,C06191,10439,302.0,150.0,visa,226.0,debit
C02694-K1,C02694,19934,555.0,150.0,mastercard,182.0,debit
C00370-K1,C00370,15731,480.0,150.0,mastercard,224.0,debit
C03543-K1,C03543,22368,555.0,119.0,visa,137.0,credit
C13314-K1,C13314,12891,555.0,150.0,visa,226.0,debit
C03243-K1,C03243,19458,321.0,150.0,visa,226.0,debit
C06924-K1,C06924,14143,555.0,119.0,mastercard,232.0,credit
C02707-K1,C02707,14398,555.0,121.0,visa,162.0,credit
C00766-K1,C00766,23475,302.0,150.0,visa,226.0,debit
C03442-K1,C03442,13783,555.0,150.0,visa,226.0,debit
C06673-K1,C06673,11691,,150.0,visa,226.0,credit
C08923-K1,C08923,10303,543.0,150.0,mastercard,224.0,debit
C00084-K1,C00084,10451,555.0,200.0,mastercard,137.0,credit
C06525-K1,C06525,18700,555.0,134.0,mastercard,134.0,credit
C02396-K1,C02396,20377,555.0,150.0,visa,226.0,debit
C08969-K2,C08969,20835,555.0,150.0,visa,226.0,debit
C10608-K1,C10608,15137,372.0,150.0,mastercard,102.0,credit
C02534-K1,C02534,22430,555.0,213.0,visa,166.0,debit
C10917-K1,C10917,13885,555.0,119.0,visa,102.0,credit
C00032-K1,C00032,22415,490.0,150.0,visa,226.0,debit
C02679-K1,C02679,11662,445.0,150.0,mastercard,166.0,debit
C10604-K1,C10604,23144,555.0,100.0,visa,137.0,credit
C00309-K1,C00309,11925,555.0,150.0,visa,226.0,debit
C04065-K1,C04065,11532,555.0,146.0,mastercard,190.0,credit
C08550-K1,C08550,15263,399.0,150.0,american express,223.0,credit
C05437-K1,C05437,14913,555.0,150.0,visa,226.0,debit
C04713-K1,C04713,19471,307.0,150.0,visa,226.0,credit
C01769-K1,C01769,21546,,150.0,visa,166.0,debit
C09121-K1,C09121,22518,555.0,119.0,visa,102.0,credit
C02184-K1,C02184,19996,555.0,119.0,visa,102.0,credit
C06070-K1,C06070,18633,,150.0,mastercard,,credit
C08901-K1,C08901,12825,555.0,150.0,visa,226.0,debit
C03777-K1,C03777,18896,555.0,150.0,visa,226.0,debit
C04153-K1,C04153,10937,310.0,150.0,mastercard,117.0,debit
C09281-K1,C09281,22930,,150.0,american express,,credit
C02404-K1,C02404,15988,543.0,150.0,mastercard,224.0,debit
C00993-K1,C00993,10965,390.0,150.0,mastercard,195.0,debit
C02340-K2,C02340,11506,555.0,150.0,visa,226.0,debit
C11316-K1,C11316,13385,321.0,150.0,visa,226.0,debit
C00763-K1,C00763,18930,555.0,150.0,visa,226.0,debit
C07394-K1,C07394,14326,555.0,150.0,visa,226.0,debit
C03590-K1,C03590,23431,,150.0,visa,195.0,debit
C06633-K1,C06633,22151,420.0,150.0,mastercard,117.0,debit
C11394-K1,C11394,11047,161.0,150.0,mastercard,219.0,debit
C04609-K1,C04609,15206,555.0,150.0,visa,226.0,debit
C06833-K1,C06833,17725,390.0,150.0,mastercard,224.0,debit
C04633-K1,C04633,19657,208.0,150.0,mastercard,102.0,credit
C07541-K1,C07541,20313,555.0,203.0,visa,226.0,credit
C01720-K1,C01720,11673,111.0,150.0,visa,226.0,credit
C00334-K1,C00334,17707,555.0,185.0,american express,223.0,credit
C10335-K1,C10335,13455,481.0,150.0,mastercard,102.0,credit
C00006-K1,C00006,21464,225.0,150.0,mastercard,224.0,debit
C11403-K1,C11403,21488,543.0,150.0,mastercard,109.0,debit
C01889-K1,C01889,21202,399.0,150.0,american express,118.0,credit
C05344-K1,C05344,15484,310.0,150.0,mastercard,224.0,debit
C05017-K1,C05017,15090,555.0,106.0,mastercard,137.0,credit
C00297-K1,C00297,13201,378.0,146.0,mastercard,,debit
C13222-K1,C13222,15026,399.0,150.0,american express,104.0,credit
C11036-K1,C11036,13020,553.0,150.0,visa,166.0,debit
C07372-K1,C07372,12157,555.0,150.0,visa,226.0,debit
C00222-K1,C00222,11675,514.0,150.0,mastercard,224.0,credit
C03916-K1,C03916,20930,555.0,150.0,visa,226.0,credit
C00376-K1,C00376,17060,514.0,150.0,mastercard,195.0,debit
C01249-K1,C01249,10564,555.0,150.0,visa,226.0,debit
C04289-K1,C04289,20764,555.0,150.0,visa,226.0,debit
C09048-K1,C09048,21748,480.0,150.0,mastercard,224.0,debit
C01100-K1,C01100,12748,555.0,150.0,visa,195.0,credit
C07218-K1,C07218,15196,572.0,150.0,visa,226.0,credit
C10931-K1,C10931,14987,225.0,150.0,mastercard,102.0,credit
C02710-K1,C02710,12567,555.0,150.0,visa,226.0,credit
C10407-K1,C10407,16363,275.0,150.0,mastercard,224.0,debit
C11616-K1,C11616,23359,555.0,150.0,visa,226.0,debit
C10920-K1,C10920,23005,555.0,150.0,visa,226.0,debit
C03984-K1,C03984,15713,555.0,150.0,visa,226.0,debit
C05711-K1,C05711,10635,399.0,150.0,american express,223.0,credit
C11039-K1,C11039,15220,138.0,200.0,visa,226.0,debit
C06382-K1,C06382,14036,170.0,150.0,visa,228.0,credit
C07675-K1,C07675,10998,321.0,150.0,visa,226.0,debit
C13481-K1,C13481,17492,242.0,150.0,visa,226.0,credit
C12070-K1,C12070,19545,555.0,150.0,visa,226.0,debit
C01992-K1,C01992,12404,390.0,150.0,mastercard,,debit
C09559-K1,C09559,13147,555.0,150.0,visa,226.0,debit
C12118-K1,C12118,17477,390.0,150.0,mastercard,224.0,debit
C08064-K1,C08064,18360,463.0,144.0,visa,226.0,credit
C05056-K1,C05056,15837,555.0,150.0,visa,226.0,credit
C01764-K1,C01764,19388,192.0,150.0,visa,195.0,debit
C11531-K1,C11531,18409,555.0,188.0,visa,226.0,credit
C01139-K1,C01139,16442,555.0,163.0,visa,137.0,credit
C07248-K1,C07248,18046,555.0,150.0,visa,194.0,credit
C08625-K1,C08625,15553,310.0,150.0,mastercard,117.0,debit
C10304-K1,C10304,20564,555.0,150.0,visa,226.0,debit
C03244-K1,C03244,23515,383.0,150.0,visa,195.0,debit
C02685-K1,C02685,14306,480.0,150.0,mastercard,117.0,debit
C06435-K1,C06435,13182,216.0,150.0,mastercard,102.0,credit
C02310-K1,C02310,21964,543.0,150.0,mastercard,224.0,debit
C02351-K1,C02351,10173,310.0,150.0,mastercard,195.0,debit
C03970-K1,C03970,13700,555.0,150.0,visa,226.0,debit
C02745-K1,C02745,22423,555.0,150.0,visa,226.0,debit
C09970-K1,C09970,22181,555.0,166.0,visa,226.0,debit
C05100-K1,C05100,21326,555.0,150.0,visa,226.0,debit
C07640-K1,C07640,14396,555.0,229.0,visa,137.0,credit
C08254-K1,C08254,11114,555.0,150.0,visa,226.0,credit
C02142-K1,C02142,14026,555.0,150.0,visa,195.0,debit
C01825-K1,C01825,17131,390.0,150.0,mastercard,,debit
C00808-K1,C00808,11010,553.0,150.0,visa,226.0,debit
C04843-K1,C04843,12601,,150.0,visa,166.0,debit
C00744-K1,C00744,14337,583.0,150.0,visa,226.0,credit
C07777-K1,C07777,22226,555.0,210.0,visa,137.0,credit
C06428-K1,C06428,12365,302.0,150.0,visa,226.0,debit
C00160-K1,C00160,16049,555.0,150.0,visa,226.0,debit
C08081-K1,C08081,20444,555.0,102.0,visa,226.0,debit
C07932-K1,C07932,11183,555.0,150.0,visa,226.0,debit
C12886-K1,C12886,13010,399.0,150.0,american express,131.0,credit
C06125-K1,C06125,17879,555.0,144.0,mastercard,224.0,credit
C05322-K1,C05322,18714,520.0,150.0,american express,190.0,credit
C11178-K1,C11178,13402,555.0,150.0,visa,226.0,debit
C10563-K1,C10563,12615,543.0,150.0,mastercard,224.0,debit
C11210-K1,C11210,16241,555.0,150.0,visa,100.0,debit
C13467-K1,C13467,14212,310.0,150.0,mastercard,224.0,debit
C11327-K1,C11327,21957,555.0,150.0,mastercard,166.0,debit
C05265-K1,C05265,21735,224.0,106.0,mastercard,224.0,credit
C00818-K1,C00818,18887,,150.0,visa,226.0,debit
C09367-K1,C09367,20796,555.0,150.0,visa,226.0,debit
C06080-K1,C06080,12249,379.0,102.0,visa,195.0,credit
C08218-K1,C08218,14224,368.0,100.0,visa,102.0,credit
C04603-K1,C04603,14539,,150.0,visa,226.0,credit
C01584-K1,C01584,17289,127.0,150.0,mastercard,224.0,debit
C09543-K1,C09543,11619,545.0,185.0,visa,137.0,credit
C03957-K1,C03957,15820,225.0,150.0,mastercard,197.0,credit
C08481-K1,C08481,17203,225.0,150.0,mastercard,224.0,debit
C13395-K1,C13395,17274,501.0,150.0,visa,144.0,credit
C10413-K1,C10413,22800,321.0,150.0,visa,226.0,debit
C08113-K1,C08113,12077,555.0,150.0,visa,226.0,debit
C09392-K1,C09392,21916,225.0,150.0,visa,226.0,credit
C04182-K1,C04182,14179,567.0,150.0,visa,141.0,credit
C06204-K1,C06204,22028,527.0,150.0,visa,226.0,debit
C04883-K1,C04883,13741,127.0,150.0,mastercard,224.0,debit
C12023-K1,C12023,14489,555.0,150.0,visa,226.0,credit
C06602-K1,C06602,10306,555.0,150.0,visa,226.0,debit
C06561-K1,C06561,14393,555.0,150.0,visa,226.0,credit
C02831-K1,C02831,19331,399.0,150.0,american express,150.0,credit
C02074-K1,C02074,10322,143.0,150.0,visa,195.0,debit
C02422-K1,C02422,21766,486.0,143.0,mastercard,137.0,credit
C07188-K1,C07188,15550,321.0,150.0,visa,226.0,debit
C04542-K1,C04542,22534,583.0,150.0,visa,226.0,credit
C03780-K1,C03780,15059,543.0,150.0,mastercard,224.0,debit
C12836-K1,C12836,18279,390.0,150.0,mastercard,224.0,debit
C02163-K1,C02163,21866,555.0,148.0,mastercard,224.0,credit
C13279-K1,C13279,10892,343.0,150.0,visa,166.0,debit
C09094-K1,C09094,21455,555.0,119.0,visa,226.0,debit
C08571-K1,C08571,15755,,150.0,mastercard,,debit
C08771-K1,C08771,15018,555.0,150.0,visa,226.0,debit
C04916-K1,C04916,15099,480.0,150.0,mastercard,195.0,debit
C04106-K1,C04106,15357,520.0,150.0,american express,190.0,credit
C13462-K1,C13462,10217,555.0,150.0,visa,226.0,debit
C12860-K1,C12860,20495,555.0,150.0,visa,226.0,debit
C12153-K1,C12153,21937,535.0,150.0,visa,226.0,debit
C12635-K1,C12635,17984,,150.0,visa,,credit
C09426-K1,C09426,17137,555.0,119.0,mastercard,232.0,credit
C01540-K1,C01540,20406,555.0,150.0,visa,226.0,debit
C03144-K1,C03144,11472,555.0,203.0,visa,226.0,credit
C09258-K1,C09258,17916,555.0,119.0,mastercard,232.0,credit
C11030-K1,C11030,22540,555.0,150.0,visa,226.0,debit
C05122-K1,C05122,20780,455.0,150.0,mastercard,126.0,debit
C13520-K1,C13520,19512,555.0,150.0,visa,226.0,credit
C11739-K1,C11739,12164,555.0,150.0,visa,195.0,debit
C07682-K1,C07682,12207,,133.0,visa,,credit
C01691-K1,C01691,10866,555.0,150.0,visa,226.0,credit
C03334-K1,C03334,19252,480.0,150.0,mastercard,224.0,debit
C01364-K1,C01364,20729,457.0,150.0,visa,195.0,debit
C02107-K1,C02107,11056,555.0,150.0,visa,226.0,debit
C01861-K1,C01861,22898,555.0,106.0,mastercard,224.0,credit
C00819-K1,C00819,10107,555.0,150.0,visa,226.0,debit
C03921-K1,C03921,23189,517.0,150.0,mastercard,224.0,debit
C00661-K1,C00661,13855,555.0,106.0,visa,226.0,debit
C06456-K1,C06456,19295,390.0,150.0,mastercard,224.0,debit
C09774-K1,C09774,14931,293.0,162.0,visa,162.0,credit
C12052-K1,C12052,11759,174.0,150.0,visa,195.0,debit
C04567-K1,C04567,10300,556.0,150.0,mastercard,195.0,debit
C11009-K1,C11009,15977,555.0,150.0,visa,226.0,debit
C06298-K1,C06298,14571,555.0,150.0,visa,226.0,credit
C04639-K1,C04639,13091,555.0,150.0,visa,226.0,credit
C06636-K1,C06636,21750,,146.0,visa,137.0,credit
C06771-K1,C06771,15217,399.0,150.0,american express,185.0,credit
C05914-K1,C05914,13575,555.0,150.0,visa,226.0,debit
C11420-K1,C11420,14576,555.0,204.0,visa,226.0,credit
C08129-K1,C08129,13070,,150.0,visa,226.0,credit
C10671-K1,C10671,22536,143.0,150.0,visa,226.0,debit
C08508-K1,C08508,23006,532.0,150.0,mastercard,224.0,debit
C11559-K1,C11559,18742,555.0,150.0,visa,226.0,debit
C06813-K1,C06813,14685,321.0,150.0,visa,226.0,debit
C01379-K1,C01379,11778,517.0,150.0,mastercard,224.0,debit
C11149-K1,C11149,14296,310.0,150.0,mastercard,224.0,debit
C03435-K1,C03435,19259,302.0,150.0,visa,195.0,debit
C05834-K1,C05834,10308,310.0,150.0,mastercard,224.0,debit
C01649-K1,C01649,16520,543.0,150.0,mastercard,224.0,debit
C05528-K1,C05528,11026,555.0,150.0,visa,226.0,debit
C10300-K1,C10300,19706,543.0,150.0,mastercard,224.0,debit
C10384-K1,C10384,15667,555.0,211.0,visa,226.0,debit
C11500-K1,C11500,17763,555.0,125.0,mastercard,195.0,credit
C06259-K1,C06259,21999,555.0,162.0,mastercard,126.0,debit
C10288-K1,C10288,21742,367.0,150.0,mastercard,117.0,debit
C03106-K1,C03106,15021,567.0,150.0,mastercard,117.0,debit
C03385-K1,C03385,21053,555.0,119.0,visa,162.0,credit
C10823-K1,C10823,19640,424.0,150.0,visa,166.0,debit
C07771-K1,C07771,14658,555.0,150.0,visa,195.0,credit
C12951-K1,C12951,18309,399.0,150.0,american express,132.0,credit
C03717-K1,C03717,11503,310.0,150.0,mastercard,224.0,debit
C02282-K1,C02282,22532,555.0,150.0,visa,226.0,debit
C08953-K1,C08953,11284,555.0,150.0,visa,226.0,debit
C05486-K1,C05486,12835,555.0,150.0,visa,226.0,debit
C13009-K1,C13009,18947,174.0,150.0,mastercard,,credit
C09871-K1,C09871,14063,543.0,150.0,mastercard,224.0,debit
C06310-K1,C06310,21459,595.0,150.0,mastercard,166.0,debit
C04727-K2,C04727,23294,555.0,185.0,mastercard,224.0,debit
C09996-K1,C09996,17527,490.0,150.0,visa,226.0,debit
C03997-K1,C03997,14643,321.0,150.0,visa,144.0,credit
C09630-K1,C09630,10235,588.0,150.0,visa,226.0,credit
C05239-K1,C05239,14413,,150.0,discover,100.0,debit
C02829-K1,C02829,13288,390.0,150.0,mastercard,224.0,debit
C00764-K1,C00764,19310,555.0,150.0,visa,226.0,credit
C06755-K2,C06755,14349,555.0,150.0,visa,226.0,credit
C01273-K1,C01273,23085,512.0,150.0,visa,226.0,debit
C09594-K1,C09594,22529,555.0,150.0,visa,226.0,debit
C08196-K1,C08196,14845,141.0,185.0,visa,141.0,credit
C03211-K1,C03211,10820,268.0,150.0,visa,166.0,debit
C07609-K1,C07609,14819,555.0,150.0,visa,166.0,debit
C04727-K3,C04727,23294,555.0,185.0,mastercard,224.0,credit
C07493-K1,C07493,19464,390.0,150.0,mastercard,117.0,debit
C05940-K1,C05940,15300,517.0,150.0,mastercard,224.0,debit
C11946-K1,C11946,21844,154.0,150.0,visa,226.0,credit
C04337-K1,C04337,10358,555.0,150.0,visa,166.0,debit
C01622-K1,C01622,18346,399.0,150.0,american express,185.0,credit
C02041-K1,C02041,10135,555.0,150.0,visa,195.0,debit
C00380-K1,C00380,10831,532.0,150.0,mastercard,224.0,debit
C08583-K1,C08583,21610,480.0,150.0,mastercard,224.0,debit
C00138-K1,C00138,13416,225.0,150.0,mastercard,224.0,credit
C00508-K1,C00508,13748,555.0,150.0,visa,226.0,debit
C03764-K1,C03764,21045,555.0,150.0,visa,226.0,credit
C08418-K1,C08418,16101,271.0,150.0,visa,144.0,credit
C13409-K1,C13409,11768,571.0,150.0,visa,226.0,debit
C10940-K1,C10940,22067,555.0,100.0,mastercard,232.0,credit
C01785-K2,C01785,21918,528.0,150.0,visa,226.0,credit
C06231-K1,C06231,19103,543.0,150.0,mastercard,117.0,debit
C09523-K1,C09523,20794,555.0,150.0,mastercard,166.0,debit
C02596-K1,C02596,12451,555.0,117.0,visa,196.0,debit
C05775-K1,C05775,12273,555.0,150.0,visa,226.0,debit
C11999-K1,C11999,12397,555.0,197.0,visa,162.0,credit
C08891-K1,C08891,19012,555.0,150.0,visa,226.0,credit
C06477-K1,C06477,16490,529.0,150.0,visa,166.0,debit
C11711-K1,C11711,20401,555.0,190.0,visa,137.0,credit
C11618-K1,C11618,22468,533.0,150.0,mastercard,195.0,credit
C01580-K1,C01580,13331,555.0,188.0,visa,226.0,credit
C09168-K1,C09168,12663,509.0,150.0,visa,195.0,debit
C08098-K1,C08098,16730,555.0,185.0,mastercard,166.0,debit
C06668-K1,C06668,21445,,150.0,visa,226.0,debit
C06484-K1,C06484,22721,555.0,150.0,visa,166.0,debit
C01134-K1,C01134,19502,480.0,150.0,mastercard,195.0,debit
C01425-K1,C01425,14502,514.0,150.0,mastercard,224.0,credit
C09756-K1,C09756,21566,555.0,150.0,visa,226.0,debit
C08025-K1,C08025,15106,383.0,150.0,visa,228.0,credit
C10301-K1,C10301,20677,555.0,150.0,visa,226.0,credit
C07497-K1,C07497,22302,533.0,150.0,mastercard,195.0,debit
C06698-K1,C06698,12131,390.0,150.0,mastercard,224.0,debit
C11621-K1,C11621,15577,555.0,150.0,visa,166.0,debit
C10188-K1,C10188,11370,512.0,150.0,mastercard,117.0,debit
C08819-K1,C08819,18846,555.0,150.0,visa,226.0,credit
C06530-K1,C06530,14522,302.0,150.0,visa,226.0,debit
C04996-K1,C04996,14514,143.0,150.0,visa,226.0,debit
C04802-K1,C04802,16118,192.0,150.0,visa,195.0,debit
C03475-K2,C03475,20583,111.0,150.0,mastercard,195.0,credit
C02103-K1,C02103,16749,,150.0,visa,226.0,debit
C09287-K1,C09287,22249,555.0,100.0,mastercard,102.0,credit
C01742-K2,C01742,19246,555.0,150.0,visa,226.0,credit
C05806-K1,C05806,18089,555.0,150.0,visa,226.0,debit
C00397-K1,C00397,10445,555.0,150.0,visa,166.0,debit
C01393-K2,C01393,18709,111.0,150.0,mastercard,195.0,credit
C05607-K1,C05607,22364,480.0,150.0,mastercard,195.0,debit
C11803-K1,C11803,16265,302.0,150.0,visa,226.0,debit
C03874-K1,C03874,21590,480.0,150.0,mastercard,117.0,debit
C09639-K1,C09639,18527,555.0,150.0,visa,226.0,credit
C11860-K1,C11860,21388,226.0,150.0,mastercard,102.0,credit
C03345-K2,C03345,23362,515.0,119.0,visa,226.0,debit
C01093-K1,C01093,22459,484.0,150.0,mastercard,102.0,debit
C10275-K1,C10275,17655,529.0,150.0,visa,195.0,debit
C01752-K1,C01752,22114,555.0,150.0,visa,226.0,debit
C03419-K1,C03419,21839,555.0,150.0,visa,166.0,debit
C06809-K1,C06809,13376,429.0,150.0,visa,226.0,debit
C05754-K1,C05754,12252,399.0,150.0,american express,223.0,credit
C06154-K1,C06154,22223,555.0,150.0,visa,226.0,debit
C11410-K1,C11410,14072,555.0,150.0,visa,226.0,debit
C09333-K1,C09333,11579,555.0,150.0,visa,226.0,debit
C00988-K1,C00988,22460,555.0,150.0,visa,226.0,credit
C03619-K1,C03619,22970,520.0,150.0,american express,190.0,credit
C04456-K2,C04456,11032,174.0,150.0,visa,195.0,debit
C06887-K1,C06887,18201,555.0,150.0,visa,195.0,debit
C00291-K1,C00291,17901,555.0,150.0,mastercard,117.0,debit
C04370-K1,C04370,11748,555.0,150.0,visa,226.0,debit
C06287-K1,C06287,10478,162.0,150.0,visa,226.0,debit
C12481-K1,C12481,23298,555.0,150.0,visa,195.0,debit
C05657-K1,C05657,16894,555.0,150.0,visa,226.0,debit
C04240-K1,C04240,21486,360.0,150.0,visa,226.0,debit
C13546-K1,C13546,12454,228.0,106.0,visa,195.0,credit
C12916-K1,C12916,23361,555.0,150.0,visa,226.0,debit
C04560-K1,C04560,13892,555.0,150.0,visa,226.0,credit
C03098-K1,C03098,16685,555.0,134.0,visa,226.0,credit
C04430-K1,C04430,20341,225.0,150.0,mastercard,224.0,debit
C08804-K1,C08804,14285,555.0,150.0,visa,195.0,debit
C01572-K1,C01572,10058,,150.0,visa,226.0,credit
C08940-K1,C08940,16592,555.0,143.0,mastercard,224.0,debit
C00874-K1,C00874,16706,555.0,197.0,visa,226.0,credit
C00907-K1,C00907,22835,555.0,146.0,visa,137.0,credit
C05646-K1,C05646,22975,543.0,150.0,mastercard,224.0,credit
C02095-K1,C02095,21939,213.0,111.0,mastercard,166.0,debit
C05436-K1,C05436,20309,555.0,150.0,visa,226.0,debit
C02286-K1,C02286,12591,555.0,150.0,visa,226.0,debit
C02535-K1,C02535,18535,555.0,150.0,mastercard,102.0,credit
C03208-K1,C03208,17348,161.0,150.0,mastercard,190.0,credit
C07279-K1,C07279,14589,390.0,150.0,mastercard,224.0,debit
C00335-K1,C00335,12116,555.0,204.0,visa,226.0,credit
C03056-K1,C03056,14994,555.0,119.0,mastercard,224.0,credit
C12076-K1,C12076,15559,555.0,164.0,visa,226.0,credit
C04587-K1,C04587,15681,555.0,141.0,visa,226.0,debit
C06848-K2,C06848,22141,532.0,150.0,mastercard,166.0,debit
C11939-K1,C11939,16636,555.0,100.0,mastercard,102.0,credit
C06357-K1,C06357,20576,555.0,150.0,visa,226.0,debit
C09618-K1,C09618,21927,575.0,150.0,visa,226.0,debit
C11753-K1,C11753,16498,350.0,150.0,visa,195.0,debit
C07389-K1,C07389,18297,120.0,203.0,mastercard,,credit
C08387-K1,C08387,11267,555.0,150.0,visa,,debit
C10874-K1,C10874,20539,427.0,150.0,mastercard,219.0,credit
C03365-K1,C03365,16284,399.0,150.0,american express,137.0,credit
C07110-K1,C07110,16477,310.0,150.0,mastercard,224.0,debit
C07519-K1,C07519,22719,555.0,150.0,visa,226.0,credit
C10673-K1,C10673,21337,555.0,147.0,visa,226.0,credit
C02638-K1,C02638,13944,555.0,150.0,visa,226.0,debit
C07255-K1,C07255,19951,310.0,150.0,mastercard,195.0,debit
C09603-K1,C09603,15878,555.0,150.0,visa,226.0,debit
C02043-K1,C02043,12790,321.0,150.0,visa,226.0,debit
C07915-K1,C07915,17133,555.0,100.0,visa,102.0,credit
C06649-K1,C06649,21274,555.0,150.0,visa,226.0,credit
C01089-K1,C01089,14847,583.0,150.0,visa,226.0,credit
C06387-K1,C06387,17598,555.0,150.0,visa,226.0,credit
C13035-K1,C13035,22420,555.0,146.0,mastercard,224.0,credit
C06709-K1,C06709,12535,369.0,150.0,mastercard,224.0,debit
C03294-K1,C03294,18418,399.0,150.0,american express,145.0,credit
C05150-K1,C05150,19506,,146.0,visa,,credit
C07603-K1,C07603,15735,555.0,141.0,mastercard,158.0,debit
C00102-K1,C00102,17479,554.0,150.0,visa,226.0,debit
C02551-K1,C02551,13464,555.0,150.0,visa,226.0,credit
C11272-K1,C11272,17706,555.0,119.0,visa,226.0,credit
C02028-K1,C02028,18184,516.0,150.0,mastercard,224.0,debit
C05153-K1,C05153,11312,443.0,150.0,mastercard,224.0,credit
C06749-K1,C06749,11975,555.0,146.0,visa,166.0,debit
C10306-K1,C10306,15314,555.0,142.0,visa,162.0,credit
C03573-K1,C03573,17840,555.0,119.0,mastercard,224.0,credit
C05447-K1,C05447,22493,127.0,150.0,mastercard,117.0,debit
C12116-K1,C12116,20133,555.0,150.0,mastercard,224.0,debit
C01739-K1,C01739,19945,555.0,197.0,mastercard,224.0,credit
C08355-K1,C08355,22990,555.0,150.0,mastercard,224.0,debit
C00710-K1,C00710,21787,555.0,121.0,mastercard,102.0,credit
C07893-K1,C07893,18425,555.0,150.0,visa,226.0,debit
C00379-K1,C00379,19789,555.0,150.0,visa,226.0,credit
C12236-K1,C12236,18317,555.0,150.0,visa,226.0,debit
C05968-K1,C05968,19123,225.0,150.0,mastercard,117.0,debit
C13142-K1,C13142,21370,225.0,150.0,mastercard,224.0,debit
C11491-K1,C11491,11729,555.0,150.0,visa,195.0,debit
C05242-K1,C05242,23447,555.0,150.0,visa,169.0,credit
C00972-K1,C00972,19254,555.0,117.0,mastercard,166.0,debit
C02665-K1,C02665,17318,555.0,150.0,visa,226.0,debit
C11209-K1,C11209,11079,310.0,150.0,mastercard,224.0,debit
C08756-K1,C08756,16209,490.0,150.0,visa,226.0,debit
C08164-K1,C08164,14911,162.0,150.0,visa,226.0,debit
C04498-K1,C04498,21575,209.0,150.0,mastercard,195.0,debit
C07471-K1,C07471,22004,321.0,150.0,visa,226.0,debit
C01734-K1,C01734,11815,555.0,150.0,visa,226.0,debit
C04757-K1,C04757,11742,,150.0,visa,226.0,debit
C07539-K1,C07539,13928,555.0,190.0,visa,138.0,debit
C05445-K1,C05445,18682,447.0,150.0,visa,226.0,debit
C02950-K1,C02950,11344,480.0,150.0,mastercard,117.0,debit
C00127-K1,C00127,14563,555.0,153.0,visa,137.0,credit
C02364-K1,C02364,22439,543.0,150.0,mastercard,224.0,debit
C03879-K1,C03879,16863,555.0,150.0,visa,226.0,debit
C10492-K1,C10492,18141,174.0,150.0,visa,226.0,debit
C00814-K1,C00814,19892,480.0,150.0,mastercard,224.0,debit
C10959-K1,C10959,15798,555.0,150.0,visa,226.0,debit
C06216-K1,C06216,20117,555.0,215.0,mastercard,101.0,debit
C00383-K1,C00383,14037,399.0,150.0,american express,223.0,credit
C06836-K1,C06836,21884,480.0,150.0,mastercard,117.0,debit
C02869-K2,C02869,22245,555.0,150.0,visa,226.0,credit
C13305-K1,C13305,19505,555.0,162.0,visa,226.0,debit
C04964-K1,C04964,23157,310.0,150.0,mastercard,224.0,debit
C07574-K1,C07574,18001,459.0,185.0,visa,226.0,credit
C11928-K1,C11928,18845,555.0,229.0,visa,226.0,credit
C08136-K1,C08136,11350,554.0,150.0,visa,226.0,credit
C05635-K1,C05635,17126,555.0,150.0,visa,226.0,debit
C01832-K1,C01832,14772,555.0,150.0,visa,226.0,credit
C08889-K1,C08889,13126,,150.0,visa,226.0,credit
C08512-K1,C08512,21104,583.0,150.0,visa,226.0,credit
C12979-K1,C12979,11162,555.0,150.0,visa,226.0,debit
C09016-K1,C09016,11968,543.0,150.0,mastercard,224.0,debit
C09335-K1,C09335,23300,555.0,150.0,visa,195.0,debit
C10011-K1,C10011,11889,111.0,150.0,visa,195.0,debit
C00039-K1,C00039,20516,555.0,150.0,visa,226.0,debit
C11611-K1,C11611,21660,555.0,150.0,visa,226.0,debit
C12303-K1,C12303,17455,,150.0,visa,226.0,debit
C00394-K1,C00394,19059,555.0,150.0,visa,226.0,debit
C08525-K1,C08525,16317,555.0,135.0,visa,195.0,credit
C02443-K1,C02443,13735,369.0,150.0,mastercard,117.0,debit
C11094-K1,C11094,10537,134.0,131.0,visa,226.0,credit
C11972-K1,C11972,16041,555.0,146.0,mastercard,224.0,credit
C13353-K1,C13353,23372,351.0,106.0,visa,137.0,debit
C12477-K1,C12477,21305,543.0,150.0,mastercard,224.0,debit
C12252-K1,C12252,17181,555.0,150.0,visa,226.0,credit
C02720-K2,C02720,12147,580.0,106.0,visa,226.0,debit
C07142-K1,C07142,11407,310.0,150.0,mastercard,195.0,debit
C06115-K2,C06115,23340,555.0,150.0,mastercard,195.0,credit
C06877-K1,C06877,11217,555.0,150.0,visa,226.0,credit
C01975-K1,C01975,13111,225.0,150.0,mastercard,224.0,debit
C13458-K1,C13458,20194,420.0,150.0,mastercard,224.0,debit
C05567-K1,C05567,21708,555.0,150.0,visa,226.0,debit
C01796-K1,C01796,13727,555.0,150.0,visa,226.0,debit
C10743-K1,C10743,16836,555.0,150.0,visa,226.0,credit
C07318-K1,C07318,17800,555.0,150.0,visa,226.0,debit
C13188-K1,C13188,14439,138.0,200.0,visa,226.0,debit
C06521-K1,C06521,23213,321.0,150.0,visa,226.0,debit
C05529-K1,C05529,15858,555.0,150.0,visa,226.0,credit
C11184-K1,C11184,11866,369.0,150.0,mastercard,117.0,debit
C12106-K1,C12106,10395,555.0,150.0,visa,226.0,credit
C10490-K1,C10490,12824,555.0,106.0,visa,138.0,debit
C04777-K1,C04777,19737,555.0,150.0,visa,226.0,debit
C05883-K1,C05883,19581,210.0,150.0,visa,226.0,credit
C04554-K1,C04554,17563,555.0,150.0,visa,226.0,debit
C00117-K1,C00117,15773,555.0,150.0,visa,226.0,debit
C10463-K1,C10463,20971,517.0,150.0,mastercard,195.0,debit
C03154-K1,C03154,18372,,150.0,visa,226.0,credit
C13017-K1,C13017,15218,555.0,150.0,visa,226.0,debit
C11747-K1,C11747,13327,555.0,146.0,visa,166.0,debit
C10252-K1,C10252,19244,275.0,150.0,mastercard,224.0,debit
C02963-K1,C02963,12838,224.0,106.0,mastercard,195.0,credit
C06202-K1,C06202,11915,555.0,161.0,mastercard,224.0,credit
C05908-K1,C05908,12280,305.0,106.0,mastercard,224.0,credit
C05121-K1,C05121,15812,555.0,223.0,visa,102.0,credit
C10866-K1,C10866,10776,555.0,100.0,mastercard,102.0,credit
C05619-K1,C05619,13030,321.0,150.0,visa,195.0,debit
C08393-K1,C08393,19702,555.0,198.0,visa,147.0,credit
C00140-K1,C00140,20630,118.0,185.0,visa,228.0,credit
C08908-K1,C08908,10312,555.0,150.0,visa,226.0,debit
C06660-K1,C06660,13373,555.0,160.0,visa,102.0,credit
C01779-K1,C01779,16958,353.0,150.0,mastercard,102.0,credit
C03215-K1,C03215,19334,321.0,150.0,visa,226.0,debit
C07043-K1,C07043,15508,555.0,150.0,visa,226.0,debit
C08952-K1,C08952,17737,321.0,150.0,visa,195.0,debit
C00448-K1,C00448,21435,543.0,150.0,mastercard,117.0,debit
C04622-K2,C04622,12770,555.0,150.0,mastercard,224.0,debit
C09119-K1,C09119,20910,545.0,185.0,visa,226.0,credit
C09715-K2,C09715,20979,360.0,150.0,mastercard,166.0,debit
C07688-K1,C07688,15863,555.0,150.0,visa,226.0,debit
C11776-K1,C11776,22175,555.0,213.0,visa,226.0,credit
C01643-K1,C01643,12742,555.0,150.0,visa,226.0,debit
C04312-K1,C04312,23414,368.0,102.0,mastercard,224.0,credit
C08428-K1,C08428,12259,543.0,150.0,mastercard,224.0,debit
C03822-K1,C03822,11818,555.0,197.0,visa,137.0,credit
C12636-K1,C12636,20711,310.0,150.0,mastercard,224.0,debit
C05279-K2,C05279,19327,555.0,150.0,visa,162.0,credit
C06776-K1,C06776,18545,512.0,150.0,visa,226.0,debit
C01687-K1,C01687,21946,555.0,119.0,visa,162.0,credit
C01819-K1,C01819,19457,310.0,150.0,mastercard,117.0,debit
C11647-K1,C11647,13558,192.0,150.0,visa,226.0,debit
C01911-K1,C01911,19969,555.0,150.0,visa,226.0,credit
C00389-K1,C00389,17876,555.0,229.0,visa,195.0,credit
C04466-K1,C04466,18068,555.0,150.0,visa,226.0,credit
C02724-K1,C02724,13200,,150.0,visa,138.0,debit
C02156-K1,C02156,12622,,150.0,visa,226.0,debit
C06069-K1,C06069,12919,308.0,150.0,mastercard,182.0,debit
C02649-K1,C02649,14211,486.0,143.0,mastercard,195.0,debit
C12478-K1,C12478,20463,555.0,119.0,mastercard,102.0,credit
C12869-K1,C12869,18348,555.0,134.0,visa,226.0,credit
C06034-K1,C06034,19329,555.0,146.0,visa,137.0,credit
C10980-K1,C10980,18359,555.0,150.0,mastercard,182.0,debit
C05407-K1,C05407,19785,237.0,150.0,mastercard,166.0,debit
C02730-K1,C02730,15098,555.0,150.0,visa,226.0,debit
C12112-K1,C12112,20361,390.0,150.0,mastercard,224.0,debit
C05388-K1,C05388,15477,,150.0,visa,144.0,credit
C01009-K1,C01009,12330,569.0,117.0,mastercard,224.0,credit
C06433-K1,C06433,19654,,141.0,mastercard,,debit
C06869-K1,C06869,10087,170.0,150.0,mastercard,102.0,credit
C05593-K1,C05593,18749,366.0,162.0,mastercard,224.0,debit
C11060-K1,C11060,21375,555.0,150.0,visa,226.0,debit
C04935-K1,C04935,11900,553.0,150.0,visa,,credit
C08379-K1,C08379,15528,555.0,150.0,visa,226.0,debit
C05429-K1,C05429,13127,555.0,131.0,mastercard,230.0,credit
C06560-K1,C06560,14960,555.0,126.0,visa,137.0,credit
C06100-K1,C06100,12230,555.0,150.0,mastercard,117.0,debit
C04728-K1,C04728,22207,555.0,150.0,visa,226.0,debit
C10500-K1,C10500,20532,225.0,150.0,mastercard,117.0,debit
C04629-K1,C04629,13501,517.0,150.0,mastercard,224.0,debit
C05987-K1,C05987,18302,555.0,214.0,mastercard,219.0,credit
C01450-K1,C01450,18890,,150.0,visa,137.0,credit
C05877-K1,C05877,21578,555.0,150.0,visa,226.0,debit
C07304-K1,C07304,16396,555.0,100.0,mastercard,137.0,credit
C12708-K1,C12708,20750,555.0,150.0,visa,226.0,debit
C00939-K2,C00939,20365,580.0,106.0,visa,147.0,debit
C11569-K1,C11569,21227,555.0,150.0,visa,226.0,debit
C00512-K1,C00512,15475,543.0,150.0,mastercard,224.0,debit
C01539-K1,C01539,21621,555.0,150.0,visa,226.0,debit
C08262-K1,C08262,21908,321.0,150.0,visa,226.0,debit
C11169-K1,C11169,18078,555.0,150.0,visa,226.0,credit
C03073-K1,C03073,11661,302.0,150.0,visa,226.0,debit
C08639-K1,C08639,18987,555.0,150.0,visa,226.0,credit
C05373-K1,C05373,18606,554.0,150.0,visa,226.0,debit
C05710-K1,C05710,13348,390.0,150.0,mastercard,224.0,debit
C03735-K1,C03735,16851,555.0,150.0,visa,226.0,debit
C00462-K1,C00462,17098,543.0,150.0,mastercard,224.0,debit
C06868-K1,C06868,14830,555.0,137.0,visa,226.0,debit
C04672-K1,C04672,18216,393.0,150.0,mastercard,102.0,credit
C06243-K1,C06243,12887,555.0,117.0,mastercard,224.0,debit
C03395-K1,C03395,10275,127.0,150.0,mastercard,224.0,debit
C04561-K1,C04561,12582,520.0,150.0,american express,143.0,credit
C00943-K1,C00943,18185,310.0,150.0,mastercard,224.0,debit
C00691-K1,C00691,11849,406.0,117.0,mastercard,166.0,debit
C06945-K1,C06945,22820,512.0,150.0,visa,226.0,debit
C04718-K1,C04718,17552,555.0,150.0,visa,226.0,credit
C03700-K1,C03700,18354,367.0,150.0,mastercard,117.0,debit
C01320-K2,C01320,17872,302.0,150.0,visa,226.0,debit
C06832-K1,C06832,10454,310.0,150.0,mastercard,224.0,debit
C07413-K1,C07413,10806,310.0,150.0,mastercard,224.0,debit
C11725-K1,C11725,21758,180.0,150.0,mastercard,195.0,debit
C04579-K1,C04579,13860,438.0,106.0,visa,195.0,debit
C12024-K1,C12024,21806,399.0,150.0,american express,185.0,credit
C02405-K1,C02405,16669,555.0,150.0,visa,226.0,debit
C04962-K2,C04962,23529,224.0,106.0,mastercard,224.0,debit
C03905-K1,C03905,11065,480.0,150.0,mastercard,102.0,credit
C10471-K1,C10471,11106,321.0,150.0,visa,226.0,debit
C01591-K1,C01591,11154,,150.0,mastercard,224.0,credit
C07402-K1,C07402,20053,275.0,150.0,mastercard,224.0,debit
C03677-K1,C03677,11901,321.0,150.0,visa,226.0,debit
C01418-K1,C01418,20479,225.0,150.0,mastercard,224.0,debit
C10508-K1,C10508,18640,555.0,150.0,visa,195.0,credit
C11064-K1,C11064,23215,555.0,150.0,visa,226.0,credit
C09541-K1,C09541,11874,555.0,150.0,visa,226.0,debit
C13422-K1,C13422,17251,517.0,150.0,mastercard,224.0,debit
C05722-K1,C05722,18713,268.0,150.0,visa,166.0,debit
C12769-K1,C12769,12476,555.0,150.0,mastercard,,credit
C02304-K1,C02304,13681,481.0,150.0,mastercard,102.0,credit
C04275-K1,C04275,10966,268.0,150.0,visa,100.0,debit
C03829-K1,C03829,10598,555.0,134.0,mastercard,224.0,credit
C12359-K1,C12359,17070,289.0,185.0,mastercard,224.0,debit
C04347-K1,C04347,11416,555.0,150.0,visa,226.0,credit
C07344-K1,C07344,18350,321.0,150.0,visa,226.0,debit
C06491-K1,C06491,15476,400.0,150.0,mastercard,190.0,credit
C07569-K1,C07569,11011,555.0,150.0,mastercard,117.0,debit
C05721-K1,C05721,19414,555.0,155.0,visa,226.0,credit
C00581-K1,C00581,14055,555.0,150.0,visa,226.0,credit
C06753-K1,C06753,14920,555.0,119.0,visa,102.0,credit
C03492-K1,C03492,23482,555.0,150.0,visa,226.0,debit
C00226-K1,C00226,20353,412.0,150.0,visa,226.0,credit
C02172-K1,C02172,22167,390.0,150.0,mastercard,195.0,credit
C03915-K1,C03915,22704,555.0,102.0,mastercard,190.0,credit
C10810-K1,C10810,22524,321.0,150.0,visa,195.0,debit
C09963-K1,C09963,15112,555.0,150.0,visa,226.0,debit
C01221-K1,C01221,22478,555.0,150.0,visa,226.0,debit
C11475-K3,C11475,17746,514.0,150.0,mastercard,195.0,credit
C09402-K1,C09402,22372,202.0,185.0,mastercard,224.0,credit
C03476-K1,C03476,15870,529.0,150.0,visa,162.0,credit
C03126-K1,C03126,16603,480.0,150.0,mastercard,117.0,debit
C10797-K1,C10797,20062,555.0,150.0,visa,226.0,debit
C12810-K1,C12810,18402,555.0,204.0,visa,138.0,debit
C07486-K1,C07486,18837,396.0,150.0,mastercard,190.0,credit
C03369-K1,C03369,20055,555.0,150.0,visa,195.0,debit
C04396-K1,C04396,12829,555.0,150.0,visa,226.0,debit
C00718-K1,C00718,20882,300.0,150.0,visa,166.0,debit
C08502-K1,C08502,10331,399.0,150.0,american express,223.0,credit
C10606-K1,C10606,20781,555.0,219.0,visa,102.0,credit
C12239-K1,C12239,10782,555.0,150.0,visa,226.0,credit
C09178-K1,C09178,20900,302.0,150.0,visa,226.0,debit
C02642-K1,C02642,15462,364.0,146.0,mastercard,137.0,credit
C12675-K1,C12675,12821,321.0,150.0,visa,226.0,debit
C11938-K2,C11938,10565,555.0,144.0,mastercard,224.0,credit
C10847-K1,C10847,12242,555.0,150.0,visa,226.0,debit
C04147-K1,C04147,18357,390.0,150.0,mastercard,224.0,debit
C02344-K1,C02344,13172,555.0,150.0,visa,226.0,debit
C06318-K1,C06318,13039,555.0,150.0,visa,195.0,debit
C05457-K1,C05457,12532,512.0,150.0,mastercard,224.0,debit
C00644-K1,C00644,11173,369.0,150.0,mastercard,117.0,debit
C03772-K1,C03772,12341,555.0,150.0,visa,162.0,credit
C09953-K1,C09953,13521,480.0,150.0,mastercard,117.0,debit
C02284-K1,C02284,11594,543.0,150.0,mastercard,117.0,debit
C03873-K1,C03873,17601,555.0,150.0,visa,226.0,credit
C02326-K1,C02326,20986,406.0,117.0,mastercard,191.0,debit
C11222-K1,C11222,12765,555.0,150.0,visa,226.0,credit
C08349-K1,C08349,11369,,166.0,visa,226.0,credit
C03616-K1,C03616,16572,555.0,210.0,mastercard,224.0,debit
C09233-K1,C09233,20166,555.0,100.0,mastercard,224.0,credit
C07434-K1,C07434,23273,111.0,150.0,visa,226.0,debit
C00987-K2,C00987,22676,455.0,150.0,mastercard,166.0,debit
C10456-K1,C10456,11835,555.0,197.0,visa,226.0,credit
C11177-K1,C11177,18761,555.0,150.0,visa,226.0,debit
C10255-K1,C10255,18868,,150.0,visa,,credit
C09484-K1,C09484,13869,555.0,150.0,visa,226.0,debit
C10556-K1,C10556,12354,555.0,150.0,visa,226.0,debit
C11878-K1,C11878,11218,555.0,141.0,visa,226.0,debit
C11105-K1,C11105,16418,555.0,126.0,mastercard,137.0,credit
C08446-K1,C08446,19535,555.0,119.0,visa,226.0,credit
C01440-K1,C01440,21178,555.0,166.0,mastercard,224.0,credit
C08758-K1,C08758,16062,555.0,200.0,visa,226.0,debit
C10795-K1,C10795,20209,302.0,150.0,visa,226.0,debit
C08874-K1,C08874,12503,399.0,150.0,american express,236.0,credit
C11314-K1,C11314,10440,555.0,197.0,mastercard,137.0,credit
C02606-K1,C02606,22671,272.0,150.0,mastercard,195.0,debit
C01437-K1,C01437,20520,555.0,180.0,mastercard,219.0,credit
C03597-K1,C03597,12470,566.0,150.0,visa,226.0,credit
C05173-K1,C05173,13948,555.0,150.0,visa,226.0,credit
C00937-K1,C00937,10955,555.0,150.0,visa,226.0,debit
C11020-K1,C11020,17550,555.0,222.0,mastercard,224.0,credit
C00553-K1,C00553,19382,532.0,150.0,mastercard,195.0,credit
C05356-K1,C05356,12460,555.0,150.0,visa,226.0,credit
C08844-K1,C08844,15539,464.0,150.0,visa,138.0,debit
C02886-K1,C02886,13917,555.0,150.0,visa,226.0,debit
C12456-K1,C12456,20363,390.0,150.0,mastercard,224.0,debit
C06436-K1,C06436,15252,,150.0,visa,166.0,debit
C05888-K1,C05888,19882,122.0,150.0,mastercard,166.0,debit
C11196-K1,C11196,12377,399.0,150.0,american express,137.0,credit
C02713-K1,C02713,14515,321.0,150.0,visa,226.0,debit
C07677-K1,C07677,23307,555.0,150.0,american express,128.0,credit
C03009-K1,C03009,22040,302.0,150.0,visa,226.0,debit
C04652-K1,C04652,15693,555.0,150.0,visa,226.0,credit
C04733-K1,C04733,14657,555.0,150.0,visa,226.0,debit
C05434-K1,C05434,13232,555.0,210.0,visa,226.0,credit
C13420-K1,C13420,10551,555.0,150.0,mastercard,224.0,debit
C03209-K1,C03209,18467,138.0,200.0,visa,226.0,debit
C10895-K1,C10895,17340,555.0,198.0,visa,226.0,credit
C04450-K1,C04450,19314,512.0,150.0,mastercard,195.0,debit
C01522-K1,C01522,15268,480.0,150.0,mastercard,117.0,debit
C00888-K1,C00888,13483,555.0,213.0,visa,226.0,credit
C10558-K1,C10558,20245,554.0,150.0,visa,226.0,credit
C10339-K1,C10339,14139,555.0,150.0,visa,226.0,debit
C05251-K1,C05251,23308,273.0,185.0,mastercard,137.0,credit
C13129-K1,C13129,10570,514.0,150.0,mastercard,224.0,credit
C10417-K1,C10417,11381,555.0,150.0,visa,226.0,debit
C06232-K1,C06232,17434,555.0,210.0,visa,102.0,credit
C00072-K1,C00072,12282,480.0,150.0,mastercard,224.0,debit
C06570-K1,C06570,10419,369.0,150.0,mastercard,117.0,debit
C05350-K1,C05350,16259,555.0,150.0,visa,226.0,debit
C06690-K1,C06690,15772,480.0,150.0,mastercard,224.0,debit
C12508-K1,C12508,20501,543.0,150.0,mastercard,102.0,credit
C05774-K1,C05774,19612,219.0,150.0,visa,226.0,credit
C11285-K1,C11285,16606,555.0,150.0,visa,195.0,debit
C12390-K1,C12390,22993,555.0,150.0,visa,226.0,credit
C03837-K1,C03837,16975,555.0,150.0,visa,226.0,debit
C10328-K1,C10328,10976,480.0,150.0,mastercard,224.0,debit
C12659-K1,C12659,16959,,150.0,visa,195.0,debit
C11328-K1,C11328,14218,555.0,213.0,mastercard,224.0,credit
C02691-K1,C02691,15575,143.0,150.0,visa,226.0,debit
C05361-K1,C05361,18318,520.0,150.0,american express,190.0,credit
C04744-K1,C04744,21790,555.0,223.0,visa,228.0,credit
C11937-K1,C11937,19452,555.0,223.0,visa,226.0,credit
C03956-K1,C03956,17808,138.0,200.0,mastercard,224.0,credit
C11321-K1,C11321,14981,310.0,150.0,mastercard,224.0,debit
C11197-K1,C11197,17242,345.0,150.0,visa,226.0,credit
C08990-K1,C08990,20784,543.0,150.0,mastercard,224.0,debit
C06102-K1,C06102,23326,555.0,188.0,mastercard,224.0,credit
C01291-K1,C01291,22631,555.0,150.0,visa,226.0,debit
C05727-K1,C05727,14989,321.0,150.0,visa,226.0,debit
C13122-K1,C13122,15353,276.0,150.0,visa,194.0,credit
C09867-K1,C09867,10237,555.0,150.0,visa,226.0,debit
C01899-K1,C01899,23230,222.0,150.0,mastercard,224.0,credit
C03189-K1,C03189,22736,420.0,150.0,mastercard,224.0,debit
C01463-K1,C01463,16131,,150.0,visa,226.0,credit
C03799-K1,C03799,18763,555.0,150.0,visa,226.0,credit
C09102-K1,C09102,10897,555.0,150.0,visa,226.0,credit
C06167-K1,C06167,10055,590.0,150.0,visa,226.0,debit
C11231-K1,C11231,10225,555.0,150.0,mastercard,195.0,debit
C07731-K1,C07731,10980,555.0,150.0,visa,226.0,debit
C06077-K1,C06077,21484,277.0,144.0,visa,226.0,debit
C11893-K1,C11893,15488,480.0,150.0,mastercard,117.0,debit
C00256-K1,C00256,19544,174.0,150.0,mastercard,,credit
C12281-K1,C12281,17654,555.0,150.0,visa,226.0,debit
C09156-K1,C09156,11249,555.0,150.0,visa,226.0,debit
C13465-K1,C13465,16053,555.0,150.0,visa,226.0,debit
C03272-K1,C03272,16773,555.0,150.0,visa,226.0,credit
C00664-K1,C00664,11013,151.0,150.0,visa,226.0,debit
C07832-K1,C07832,22649,369.0,150.0,mastercard,224.0,debit
C07156-K1,C07156,15054,,150.0,visa,226.0,debit
C10678-K1,C10678,17816,555.0,150.0,visa,195.0,debit
C06894-K1,C06894,22842,555.0,169.0,visa,102.0,credit
C04739-K1,C04739,16491,555.0,150.0,visa,226.0,debit
C05804-K1,C05804,17965,555.0,150.0,visa,226.0,debit
C13295-K1,C13295,13072,108.0,150.0,mastercard,117.0,debit
C08801-K1,C08801,20207,555.0,152.0,visa,226.0,debit
C08747-K1,C08747,17186,224.0,106.0,mastercard,224.0,credit
C10746-K1,C10746,21524,555.0,119.0,visa,137.0,credit
C07193-K1,C07193,10904,543.0,150.0,mastercard,224.0,debit
C12090-K1,C12090,21185,555.0,134.0,visa,226.0,credit
C06979-K1,C06979,20965,555.0,150.0,visa,226.0,credit
C03664-K1,C03664,15227,555.0,150.0,visa,226.0,credit
C02895-K1,C02895,20903,555.0,100.0,mastercard,137.0,credit
C01192-K1,C01192,11015,555.0,189.0,visa,137.0,debit
C10655-K1,C10655,11663,465.0,150.0,visa,226.0,credit
C00110-K1,C00110,11043,543.0,150.0,mastercard,224.0,debit
C04971-K1,C04971,20584,321.0,150.0,mastercard,,credit
C06118-K1,C06118,12311,143.0,150.0,visa,226.0,debit
C02655-K1,C02655,21720,555.0,179.0,visa,138.0,debit
C05140-K1,C05140,18891,555.0,185.0,visa,226.0,debit
C08377-K1,C08377,16898,151.0,150.0,visa,226.0,debit
C10101-K1,C10101,23411,399.0,150.0,american express,223.0,credit
C03339-K1,C03339,21626,555.0,150.0,visa,226.0,debit
C06263-K1,C06263,20988,555.0,177.0,visa,137.0,debit
C07366-K1,C07366,12571,543.0,150.0,mastercard,117.0,debit
C01073-K1,C01073,16391,554.0,150.0,visa,166.0,debit
C08279-K1,C08279,14456,553.0,150.0,visa,226.0,debit
C12130-K1,C12130,21090,480.0,150.0,mastercard,195.0,debit
C02063-K1,C02063,19663,555.0,150.0,visa,226.0,debit
C07885-K1,C07885,16040,555.0,150.0,mastercard,126.0,debit
C05939-K1,C05939,19175,555.0,150.0,visa,226.0,debit
C05483-K1,C05483,20192,514.0,150.0,mastercard,224.0,credit
C01882-K1,C01882,21249,555.0,204.0,visa,138.0,debit
C02459-K1,C02459,11135,555.0,150.0,visa,226.0,debit
C08458-K1,C08458,10462,555.0,150.0,visa,226.0,debit
C10156-K1,C10156,14284,399.0,150.0,american express,137.0,credit
C10074-K1,C10074,19859,554.0,150.0,visa,226.0,debit
C11877-K1,C11877,15372,555.0,150.0,mastercard,137.0,credit
C07538-K1,C07538,14002,555.0,146.0,visa,137.0,credit
C11967-K1,C11967,15777,,150.0,visa,166.0,debit
C05205-K2,C05205,18706,512.0,150.0,mastercard,224.0,debit
C00404-K1,C00404,19793,481.0,150.0,mastercard,102.0,credit
C13225-K1,C13225,21164,369.0,150.0,mastercard,224.0,debit
C04338-K1,C04338,16990,520.0,150.0,american express,143.0,credit
C10119-K1,C10119,19705,555.0,150.0,visa,226.0,debit
C07126-K1,C07126,19326,543.0,150.0,mastercard,224.0,debit
C04601-K2,C04601,17164,555.0,106.0,mastercard,137.0,debit
C05366-K2,C05366,23239,396.0,150.0,mastercard,166.0,debit
C06733-K1,C06733,22166,310.0,150.0,mastercard,224.0,debit
C11493-K1,C11493,17787,181.0,150.0,visa,226.0,credit
C09783-K1,C09783,15808,555.0,197.0,visa,137.0,credit
C03866-K1,C03866,11261,480.0,150.0,mastercard,224.0,debit
C09409-K1,C09409,13831,555.0,121.0,visa,162.0,credit
C01633-K1,C01633,16911,555.0,152.0,visa,226.0,debit
C08670-K1,C08670,19610,555.0,150.0,visa,226.0,debit
C07951-K1,C07951,17918,420.0,150.0,mastercard,224.0,debit
C11402-K1,C11402,17335,580.0,106.0,visa,138.0,debit
C11827-K1,C11827,18737,555.0,150.0,visa,226.0,debit
C11039-K2,C11039,15220,555.0,200.0,,226.0,credit
C11457-K1,C11457,18422,555.0,150.0,visa,166.0,debit
C07447-K1,C07447,17793,490.0,150.0,visa,226.0,debit
C11040-K1,C11040,16365,555.0,150.0,mastercard,203.0,credit
C00484-K1,C00484,11528,480.0,150.0,mastercard,117.0,debit
C00437-K1,C00437,21467,555.0,146.0,mastercard,224.0,credit
C09370-K1,C09370,14966,555.0,150.0,visa,226.0,debit
C12081-K1,C12081,15116,555.0,146.0,visa,137.0,credit
C03124-K1,C03124,21596,555.0,119.0,mastercard,232.0,credit
C00953-K1,C00953,17061,555.0,223.0,visa,226.0,credit
C09348-K1,C09348,20810,555.0,150.0,visa,226.0,debit
C13229-K1,C13229,16974,390.0,150.0,mastercard,117.0,debit
C08846-K1,C08846,19572,483.0,150.0,mastercard,195.0,debit
C01228-K1,C01228,13582,321.0,150.0,visa,226.0,debit
C02035-K1,C02035,13544,,150.0,visa,226.0,credit
C02494-K1,C02494,16872,302.0,150.0,visa,226.0,debit
C13169-K1,C13169,10174,555.0,106.0,visa,226.0,credit
C05151-K1,C05151,15684,166.0,150.0,visa,195.0,debit
C09321-K1,C09321,19761,583.0,150.0,visa,226.0,debit
C03332-K1,C03332,14249,420.0,150.0,mastercard,224.0,debit
C04088-K1,C04088,16084,555.0,150.0,visa,226.0,debit
C09357-K2,C09357,20452,111.0,150.0,mastercard,195.0,credit
C12821-K1,C12821,14155,555.0,166.0,visa,226.0,debit
C07332-K1,C07332,21492,203.0,150.0,visa,166.0,debit
C07163-K1,C07163,18458,302.0,150.0,visa,195.0,credit
C06041-K1,C06041,21952,134.0,119.0,visa,226.0,debit
C04595-K1,C04595,19877,254.0,150.0,visa,226.0,debit
C00933-K1,C00933,22371,555.0,150.0,mastercard,166.0,debit
C05511-K1,C05511,20019,555.0,146.0,visa,166.0,debit
C07469-K1,C07469,18108,399.0,150.0,american express,237.0,credit
C00261-K1,C00261,21323,555.0,210.0,visa,137.0,credit
C01265-K1,C01265,15064,480.0,150.0,mastercard,224.0,debit
C07973-K1,C07973,11839,478.0,150.0,visa,228.0,credit
C07049-K1,C07049,21792,480.0,150.0,mastercard,195.0,debit
C08189-K1,C08189,12608,555.0,150.0,visa,226.0,debit
C13504-K1,C13504,10384,555.0,223.0,visa,226.0,credit
C06752-K1,C06752,13841,369.0,150.0,mastercard,224.0,debit
C06430-K1,C06430,17043,555.0,150.0,mastercard,126.0,debit
C06613-K1,C06613,22259,555.0,138.0,mastercard,102.0,credit
C04210-K1,C04210,11755,225.0,150.0,mastercard,224.0,debit
C10744-K1,C10744,21905,520.0,150.0,american express,190.0,credit
C08468-K1,C08468,19398,555.0,146.0,mastercard,224.0,credit
C01037-K1,C01037,16163,520.0,150.0,american express,143.0,credit
C12524-K1,C12524,22138,321.0,150.0,visa,226.0,debit
C02183-K1,C02183,13560,360.0,150.0,mastercard,117.0,debit
C06393-K1,C06393,15562,275.0,150.0,mastercard,224.0,debit
C02927-K1,C02927,22568,307.0,150.0,visa,226.0,credit
C08910-K1,C08910,23409,402.0,150.0,visa,195.0,debit
C04677-K1,C04677,10253,555.0,150.0,mastercard,102.0,credit
C05945-K1,C05945,13504,555.0,150.0,visa,226.0,credit
C03074-K1,C03074,10529,555.0,106.0,visa,137.0,debit
C09948-K1,C09948,13372,225.0,150.0,mastercard,195.0,credit
C06547-K1,C06547,14628,321.0,150.0,mastercard,141.0,credit
C12714-K1,C12714,21271,554.0,150.0,mastercard,224.0,debit
C05216-K1,C05216,15362,555.0,119.0,visa,137.0,credit
C02875-K1,C02875,21237,369.0,150.0,mastercard,117.0,debit
C04168-K1,C04168,13155,555.0,150.0,visa,226.0,debit
C02150-K1,C02150,13493,463.0,144.0,visa,226.0,credit
C07958-K1,C07958,12863,420.0,150.0,mastercard,224.0,debit
C11899-K1,C11899,15078,555.0,150.0,visa,194.0,credit
C11641-K1,C11641,14572,555.0,150.0,visa,195.0,debit
C02522-K1,C02522,18483,134.0,219.0,visa,162.0,credit
C02021-K1,C02021,14184,134.0,219.0,visa,162.0,credit
C04821-K1,C04821,21577,555.0,150.0,visa,226.0,debit
C04888-K1,C04888,20682,555.0,152.0,mastercard,224.0,credit
C10539-K1,C10539,10292,555.0,185.0,mastercard,224.0,debit
C11478-K1,C11478,20240,555.0,150.0,mastercard,224.0,credit
C10265-K1,C10265,21670,555.0,150.0,visa,226.0,debit
C08881-K1,C08881,20813,514.0,150.0,mastercard,224.0,debit
C10681-K1,C10681,18599,480.0,150.0,mastercard,224.0,debit
C00287-K1,C00287,11028,555.0,100.0,mastercard,224.0,credit
C12595-K1,C12595,20685,555.0,150.0,visa,226.0,debit
C06137-K1,C06137,10197,368.0,102.0,visa,226.0,credit
C10376-K1,C10376,13794,555.0,144.0,american express,198.0,credit
C04119-K1,C04119,13066,555.0,134.0,visa,137.0,credit
C08515-K1,C08515,12012,555.0,150.0,visa,226.0,debit
C12010-K1,C12010,15192,555.0,119.0,mastercard,137.0,credit
C05541-K1,C05541,15959,224.0,106.0,mastercard,224.0,credit
C12228-K1,C12228,23169,555.0,102.0,visa,137.0,credit
C03816-K1,C03816,21694,438.0,106.0,visa,226.0,credit
C03613-K1,C03613,14914,125.0,150.0,american express,,credit
C01057-K1,C01057,19003,,150.0,mastercard,,credit
C02287-K2,C02287,16245,555.0,131.0,mastercard,166.0,debit
C13387-K1,C13387,21003,105.0,150.0,visa,195.0,debit
C08024-K2,C08024,16297,336.0,150.0,visa,226.0,debit
C02620-K1,C02620,23523,399.0,150.0,american express,137.0,credit
C04704-K1,C04704,16409,555.0,150.0,visa,226.0,debit
C03653-K1,C03653,12463,555.0,150.0,visa,226.0,credit
C00830-K1,C00830,16992,390.0,150.0,mastercard,224.0,debit
C05523-K1,C05523,15865,555.0,213.0,mastercard,137.0,credit
C00123-K1,C00123,21354,555.0,121.0,mastercard,232.0,credit
C09309-K1,C09309,20617,555.0,150.0,visa,226.0,credit
C02550-K1,C02550,11964,225.0,150.0,mastercard,224.0,debit
C08419-K1,C08419,21856,555.0,150.0,visa,226.0,debit
C00480-K1,C00480,21091,543.0,150.0,mastercard,224.0,debit
C11720-K1,C11720,10572,390.0,150.0,mastercard,224.0,debit
C00548-K1,C00548,12042,555.0,131.0,mastercard,219.0,credit
C13121-K1,C13121,16206,555.0,150.0,visa,195.0,credit
C11151-K1,C11151,13435,555.0,119.0,mastercard,137.0,credit
C11954-K1,C11954,20219,389.0,150.0,visa,195.0,debit
C07576-K1,C07576,19840,555.0,100.0,visa,137.0,credit
C01829-K1,C01829,21454,555.0,147.0,visa,226.0,credit
C07746-K1,C07746,11740,445.0,150.0,mastercard,102.0,credit
C02175-K1,C02175,11863,555.0,150.0,visa,226.0,debit
C01927-K1,C01927,17056,555.0,150.0,visa,226.0,debit
C10943-K1,C10943,15138,555.0,150.0,visa,226.0,debit
C06146-K1,C06146,16279,225.0,150.0,mastercard,224.0,debit
C01991-K1,C01991,20108,404.0,143.0,mastercard,102.0,credit
C00894-K1,C00894,17049,555.0,150.0,visa,226.0,debit
C00719-K1,C00719,22803,369.0,150.0,mastercard,224.0,debit
C02672-K1,C02672,19751,555.0,162.0,visa,226.0,credit
C02195-K1,C02195,22116,555.0,195.0,visa,102.0,credit
C04902-K1,C04902,10109,399.0,150.0,american express,146.0,credit
C03300-K1,C03300,11003,555.0,198.0,visa,162.0,credit
C09248-K1,C09248,20456,555.0,150.0,visa,226.0,credit
C07711-K1,C07711,23509,555.0,150.0,visa,226.0,debit
C06816-K1,C06816,11754,555.0,209.0,visa,226.0,debit
C09341-K1,C09341,21936,265.0,150.0,visa,226.0,debit
C02146-K1,C02146,22469,368.0,102.0,mastercard,195.0,credit
C08187-K1,C08187,11018,555.0,100.0,visa,102.0,credit
C06526-K1,C06526,21399,302.0,150.0,visa,226.0,credit
C07005-K1,C07005,14585,396.0,150.0,mastercard,219.0,credit
C11267-K1,C11267,14338,555.0,150.0,visa,226.0,debit
C01968-K1,C01968,18631,555.0,102.0,visa,226.0,credit
C12874-K1,C12874,10880,543.0,150.0,mastercard,224.0,debit
C07565-K1,C07565,10990,543.0,150.0,mastercard,117.0,debit
C07557-K2,C07557,19661,345.0,150.0,mastercard,202.0,debit
C02229-K1,C02229,19379,439.0,144.0,mastercard,190.0,credit
C07045-K1,C07045,23269,555.0,150.0,visa,226.0,debit
C12873-K1,C12873,22516,517.0,150.0,mastercard,224.0,debit
C11682-K1,C11682,16886,555.0,150.0,visa,226.0,debit
C08826-K1,C08826,16874,583.0,150.0,mastercard,219.0,credit
C07931-K1,C07931,10446,555.0,102.0,visa,166.0,debit
C09447-K1,C09447,22024,555.0,150.0,visa,226.0,debit
C06647-K1,C06647,10295,532.0,150.0,mastercard,224.0,debit
C07863-K1,C07863,18565,390.0,150.0,mastercard,224.0,debit
C12799-K1,C12799,20101,302.0,150.0,visa,226.0,credit
C05643-K1,C05643,16981,583.0,150.0,visa,226.0,credit
C04100-K1,C04100,10016,277.0,144.0,mastercard,197.0,credit
C12129-K1,C12129,15361,480.0,150.0,mastercard,224.0,debit
C00075-K1,C00075,16971,555.0,150.0,visa,162.0,credit
C02113-K1,C02113,17925,555.0,150.0,visa,226.0,credit
C00530-K1,C00530,21917,555.0,150.0,visa,226.0,debit
C10217-K1,C10217,14949,399.0,150.0,american express,223.0,credit
C03805-K1,C03805,18977,520.0,150.0,american express,190.0,credit
C10775-K1,C10775,22860,517.0,150.0,mastercard,224.0,debit
C00311-K1,C00311,22264,543.0,150.0,mastercard,224.0,debit
C03869-K1,C03869,23397,555.0,150.0,mastercard,195.0,debit
C02349-K1,C02349,20181,480.0,150.0,mastercard,224.0,debit
C02996-K1,C02996,11116,555.0,150.0,mastercard,224.0,debit
C13283-K1,C13283,16184,555.0,150.0,visa,226.0,credit
C04064-K1,C04064,13646,555.0,150.0,visa,195.0,debit
C12725-K1,C12725,14466,480.0,150.0,mastercard,117.0,debit
C05686-K1,C05686,16283,555.0,150.0,visa,226.0,debit
C07285-K1,C07285,20502,555.0,150.0,visa,226.0,debit
C08612-K1,C08612,11255,555.0,223.0,mastercard,102.0,debit
C00598-K1,C00598,19181,555.0,150.0,visa,226.0,debit
C05226-K1,C05226,22855,555.0,150.0,visa,226.0,debit
C12467-K1,C12467,22739,555.0,107.0,visa,102.0,credit
C03798-K1,C03798,16531,555.0,214.0,visa,137.0,credit
C00666-K1,C00666,11879,543.0,150.0,mastercard,117.0,debit
C01929-K1,C01929,13836,555.0,117.0,mastercard,115.0,credit
C07155-K1,C07155,19385,543.0,150.0,mastercard,224.0,debit
C10511-K1,C10511,16431,490.0,150.0,visa,,credit
C00095-K1,C00095,12490,555.0,150.0,mastercard,166.0,debit
C04319-K1,C04319,23538,580.0,106.0,visa,147.0,credit
C03482-K1,C03482,17705,420.0,150.0,mastercard,224.0,debit
C08149-K1,C08149,21033,555.0,150.0,visa,226.0,debit
C09894-K1,C09894,21289,321.0,150.0,visa,226.0,debit
C10987-K1,C10987,22809,310.0,150.0,mastercard,195.0,debit
C09434-K1,C09434,20012,123.0,144.0,visa,195.0,credit
C02729-K1,C02729,21228,555.0,150.0,visa,226.0,debit
C04634-K1,C04634,15016,555.0,150.0,visa,226.0,debit
C01355-K1,C01355,11474,545.0,185.0,visa,138.0,debit
C04180-K1,C04180,11069,555.0,150.0,mastercard,224.0,credit
C10912-K2,C10912,18899,321.0,150.0,visa,226.0,debit
C01652-K1,C01652,20375,555.0,150.0,visa,226.0,credit
C05382-K1,C05382,19832,,150.0,visa,195.0,credit
C06219-K1,C06219,17134,555.0,135.0,mastercard,137.0,credit
C00575-K1,C00575,19016,555.0,150.0,visa,226.0,debit
C01331-K1,C01331,11166,467.0,150.0,visa,226.0,debit
C02544-K1,C02544,16447,555.0,106.0,visa,226.0,debit
C07801-K1,C07801,12374,555.0,150.0,mastercard,195.0,credit
C00709-K1,C00709,22961,302.0,150.0,visa,226.0,debit
C07323-K1,C07323,22098,321.0,150.0,visa,226.0,debit
C03393-K1,C03393,12247,555.0,150.0,visa,226.0,debit
C13414-K1,C13414,22925,555.0,185.0,visa,137.0,credit
C02414-K1,C02414,22187,555.0,146.0,visa,195.0,credit
C07912-K1,C07912,22543,555.0,150.0,visa,166.0,debit
C08277-K1,C08277,21846,555.0,150.0,visa,226.0,debit
C06459-K1,C06459,13599,555.0,150.0,visa,226.0,debit
C13012-K1,C13012,23104,215.0,150.0,visa,226.0,debit
C00717-K1,C00717,17833,555.0,150.0,visa,226.0,credit
C10960-K1,C10960,17247,,150.0,visa,226.0,debit
C11963-K1,C11963,19120,310.0,150.0,mastercard,195.0,debit
C12296-K1,C12296,10031,555.0,160.0,visa,138.0,debit
C05496-K1,C05496,15806,555.0,147.0,visa,137.0,credit
C05022-K1,C05022,15995,555.0,102.0,visa,228.0,credit
C08710-K1,C08710,10802,463.0,150.0,visa,144.0,credit
C02348-K1,C02348,20458,517.0,150.0,mastercard,224.0,debit
C01024-K1,C01024,11137,555.0,119.0,visa,102.0,credit
C11848-K1,C11848,21632,555.0,150.0,visa,226.0,credit
C06973-K1,C06973,17895,352.0,159.0,mastercard,134.0,credit
C13260-K1,C13260,22282,125.0,150.0,american express,,credit
C08042-K1,C08042,12467,390.0,150.0,mastercard,117.0,debit
C09142-K2,C09142,17002,555.0,162.0,mastercard,166.0,debit
C12685-K1,C12685,16693,555.0,149.0,visa,137.0,credit
C03599-K1,C03599,15491,543.0,150.0,mastercard,195.0,debit
C08778-K1,C08778,12665,555.0,150.0,visa,226.0,debit
C11829-K1,C11829,22672,555.0,150.0,visa,226.0,debit
C01873-K1,C01873,17452,520.0,150.0,american express,190.0,credit
C04469-K1,C04469,18641,275.0,150.0,mastercard,224.0,debit
C06249-K1,C06249,10022,555.0,162.0,visa,226.0,credit
C01561-K1,C01561,16692,390.0,150.0,mastercard,224.0,debit
C07127-K1,C07127,21347,390.0,150.0,mastercard,117.0,debit
C08274-K1,C08274,22449,543.0,150.0,mastercard,224.0,debit
C03337-K1,C03337,11488,478.0,150.0,visa,144.0,credit
C06612-K1,C06612,19071,555.0,150.0,visa,226.0,credit
C13090-K1,C13090,15965,555.0,150.0,mastercard,102.0,credit
C06849-K1,C06849,11280,302.0,150.0,visa,226.0,debit
C12409-K1,C12409,10744,555.0,206.0,visa,226.0,debit
C00163-K1,C00163,18680,125.0,150.0,american express,,credit
C13441-K1,C13441,10878,138.0,200.0,visa,226.0,debit
C02161-K1,C02161,11073,555.0,135.0,mastercard,137.0,credit
C05156-K1,C05156,17062,555.0,205.0,visa,102.0,credit
C05989-K1,C05989,14357,520.0,150.0,american express,190.0,credit
C07589-K1,C07589,10640,555.0,150.0,visa,226.0,credit
C04910-K1,C04910,23000,321.0,150.0,visa,226.0,debit
C03547-K1,C03547,22758,555.0,134.0,visa,137.0,credit
C09843-K1,C09843,14176,396.0,150.0,mastercard,190.0,credit
C02727-K1,C02727,19079,555.0,150.0,visa,226.0,debit
C12089-K1,C12089,11168,532.0,150.0,mastercard,224.0,debit
C02758-K1,C02758,14373,384.0,150.0,visa,226.0,debit
C08258-K1,C08258,17529,546.0,147.0,mastercard,219.0,credit
C09041-K1,C09041,17908,555.0,150.0,mastercard,224.0,credit
C02586-K1,C02586,21099,321.0,150.0,visa,226.0,debit
C00109-K1,C00109,21599,399.0,150.0,american express,150.0,credit
C01384-K1,C01384,21257,543.0,150.0,mastercard,224.0,debit
C12475-K1,C12475,15071,543.0,150.0,mastercard,224.0,debit
C06748-K1,C06748,16154,555.0,197.0,mastercard,232.0,credit
C04577-K1,C04577,18166,555.0,150.0,mastercard,102.0,credit
C08755-K2,C08755,12804,300.0,150.0,visa,166.0,debit
C00699-K1,C00699,15834,555.0,166.0,visa,137.0,credit
C05757-K1,C05757,15975,555.0,150.0,visa,226.0,credit
C09018-K1,C09018,21533,399.0,150.0,american express,223.0,credit
C10831-K1,C10831,22600,543.0,150.0,mastercard,224.0,debit
C01964-K1,C01964,17311,555.0,150.0,visa,226.0,debit
C05991-K1,C05991,22429,555.0,150.0,visa,226.0,debit
C04779-K1,C04779,22847,399.0,150.0,american express,223.0,credit
C13435-K1,C13435,14372,555.0,150.0,visa,226.0,credit
C01206-K1,C01206,16079,543.0,150.0,mastercard,182.0,debit
C05696-K1,C05696,16765,380.0,150.0,visa,226.0,credit
C00317-K1,C00317,14491,555.0,133.0,visa,102.0,debit
C10394-K1,C10394,20191,390.0,150.0,mastercard,117.0,debit
C04894-K4,C04894,18538,555.0,152.0,mastercard,,credit
C04482-K1,C04482,18658,369.0,150.0,mastercard,224.0,debit
C07112-K1,C07112,11382,127.0,150.0,mastercard,117.0,debit
C08601-K1,C08601,14780,555.0,213.0,visa,137.0,credit
C05274-K1,C05274,17682,555.0,150.0,visa,226.0,debit
C03948-K1,C03948,10647,555.0,150.0,visa,226.0,debit
C02904-K1,C02904,13723,310.0,150.0,mastercard,195.0,debit
C06462-K1,C06462,12121,302.0,150.0,visa,226.0,debit
C05779-K1,C05779,11064,321.0,150.0,visa,226.0,debit
C09180-K1,C09180,16383,555.0,150.0,visa,226.0,debit
C08151-K1,C08151,11511,321.0,150.0,visa,226.0,debit
C11473-K1,C11473,22796,555.0,150.0,visa,226.0,debit
C08992-K1,C08992,10408,225.0,150.0,mastercard,224.0,debit
C08651-K1,C08651,18122,368.0,102.0,mastercard,224.0,debit
C01194-K1,C01194,17127,555.0,146.0,visa,166.0,debit
C09217-K1,C09217,23010,310.0,150.0,mastercard,224.0,debit
C11994-K1,C11994,17496,321.0,150.0,visa,195.0,debit
C06714-K1,C06714,20848,321.0,150.0,visa,226.0,debit
C04214-K1,C04214,15286,555.0,214.0,visa,162.0,credit
C06474-K1,C06474,23008,555.0,190.0,mastercard,224.0,credit
C13483-K1,C13483,19436,399.0,150.0,american express,223.0,credit
C07710-K1,C07710,10925,555.0,171.0,visa,165.0,debit
C09504-K1,C09504,17364,302.0,150.0,visa,226.0,debit
C04881-K1,C04881,21768,555.0,150.0,visa,226.0,credit
C10095-K1,C10095,19342,555.0,102.0,visa,102.0,credit
C05536-K1,C05536,22390,554.0,150.0,visa,226.0,credit
C00078-K2,C00078,13297,233.0,150.0,visa,226.0,credit
C01813-K1,C01813,10693,555.0,150.0,visa,226.0,debit
C04159-K1,C04159,10837,543.0,150.0,mastercard,224.0,debit
C05252-K1,C05252,13542,111.0,150.0,visa,226.0,debit
C09955-K1,C09955,16789,399.0,150.0,american express,185.0,credit
C02839-K1,C02839,16978,537.0,150.0,visa,226.0,debit
C03836-K1,C03836,20063,,226.0,visa,102.0,debit
C09075-K1,C09075,11957,310.0,150.0,mastercard,224.0,debit
C01554-K1,C01554,21771,555.0,117.0,visa,226.0,debit
C13511-K2,C13511,21339,490.0,150.0,visa,226.0,debit
C01181-K1,C01181,23244,555.0,150.0,visa,226.0,debit
C00926-K1,C00926,23247,555.0,150.0,visa,226.0,credit
C03159-K1,C03159,16540,554.0,150.0,mastercard,224.0,credit
C06540-K1,C06540,14525,555.0,150.0,visa,226.0,debit
C07430-K1,C07430,18522,480.0,150.0,mastercard,117.0,debit
C04817-K1,C04817,13717,555.0,150.0,visa,226.0,debit
C05206-K1,C05206,13096,498.0,150.0,mastercard,195.0,debit
C07326-K1,C07326,20734,555.0,150.0,visa,226.0,debit
C09030-K1,C09030,17975,225.0,150.0,mastercard,195.0,debit
C13418-K1,C13418,12586,310.0,150.0,mastercard,182.0,debit
C10134-K1,C10134,14892,555.0,100.0,mastercard,102.0,credit
C03899-K1,C03899,21529,555.0,150.0,visa,226.0,debit
C09384-K1,C09384,10845,555.0,111.0,visa,226.0,debit
C07391-K1,C07391,22107,555.0,185.0,visa,166.0,debit
C00977-K1,C00977,10747,555.0,150.0,visa,226.0,debit
C05023-K1,C05023,21736,555.0,144.0,mastercard,195.0,credit
C06913-K1,C06913,10615,275.0,150.0,mastercard,224.0,debit
C03469-K1,C03469,22324,399.0,150.0,american express,223.0,credit
C06284-K1,C06284,14533,555.0,150.0,visa,226.0,debit
C06864-K1,C06864,15180,555.0,150.0,visa,195.0,debit
C05320-K1,C05320,21030,555.0,150.0,visa,226.0,debit
C10166-K1,C10166,12845,,143.0,visa,162.0,credit
C09336-K1,C09336,18051,555.0,223.0,mastercard,102.0,debit
C05158-K1,C05158,21487,555.0,150.0,visa,226.0,credit
C11961-K1,C11961,17822,543.0,150.0,mastercard,224.0,debit
C12378-K1,C12378,23467,555.0,150.0,visa,226.0,debit
C08562-K1,C08562,14106,447.0,150.0,visa,226.0,debit
C13418-K2,C13418,12586,310.0,150.0,mastercard,195.0,debit
C00089-K1,C00089,18634,531.0,150.0,mastercard,166.0,debit
C09564-K1,C09564,10205,128.0,150.0,visa,195.0,debit
C01315-K1,C01315,17234,480.0,150.0,mastercard,224.0,debit
C11139-K1,C11139,13074,555.0,144.0,visa,166.0,debit
C00627-K1,C00627,12577,555.0,189.0,visa,194.0,credit
C03678-K2,C03678,19323,321.0,150.0,visa,226.0,debit
C12472-K1,C12472,12167,555.0,150.0,visa,226.0,debit
C12505-K2,C12505,12736,512.0,150.0,mastercard,117.0,debit
C12540-K1,C12540,14125,555.0,100.0,mastercard,224.0,credit
C07343-K1,C07343,21416,369.0,150.0,mastercard,224.0,debit
C00944-K1,C00944,16063,555.0,215.0,visa,226.0,debit
C00852-K1,C00852,16923,224.0,106.0,mastercard,224.0,credit
C02532-K1,C02532,20340,555.0,150.0,visa,226.0,debit
C00946-K1,C00946,17988,555.0,195.0,mastercard,224.0,debit
C04947-K2,C04947,18684,360.0,150.0,mastercard,177.0,debit
C01917-K1,C01917,23249,555.0,213.0,visa,137.0,credit
C04841-K1,C04841,15943,514.0,150.0,mastercard,203.0,credit
C01886-K1,C01886,14990,543.0,150.0,mastercard,224.0,debit
C01376-K1,C01376,11193,,150.0,mastercard,,credit
C12607-K1,C12607,19916,480.0,150.0,mastercard,117.0,debit
C07262-K1,C07262,11139,543.0,150.0,mastercard,195.0,debit
C06502-K1,C06502,14734,225.0,150.0,mastercard,224.0,debit
C10170-K1,C10170,12662,360.0,150.0,visa,166.0,debit
C03150-K1,C03150,15186,275.0,150.0,mastercard,224.0,debit
C10718-K2,C10718,21419,555.0,117.0,mastercard,,credit
C01292-K1,C01292,16078,555.0,102.0,visa,226.0,credit
C10664-K1,C10664,20244,138.0,200.0,visa,226.0,debit
C09373-K1,C09373,22361,555.0,150.0,visa,226.0,credit
C03122-K1,C03122,14021,238.0,185.0,visa,226.0,credit
C13231-K1,C13231,15815,554.0,150.0,visa,226.0,debit
C09320-K1,C09320,11368,276.0,150.0,visa,144.0,credit
C12962-K1,C12962,10034,553.0,150.0,visa,226.0,credit
C09678-K1,C09678,18728,555.0,150.0,visa,226.0,debit
C03347-K1,C03347,10913,555.0,137.0,visa,226.0,debit
C12284-K1,C12284,19636,492.0,150.0,mastercard,117.0,debit
C05719-K1,C05719,14573,203.0,150.0,visa,226.0,debit
C04969-K1,C04969,10867,481.0,150.0,visa,226.0,debit
C06272-K1,C06272,10785,,150.0,visa,226.0,debit
C12968-K1,C12968,16753,369.0,150.0,mastercard,224.0,debit
C00398-K1,C00398,21793,555.0,195.0,visa,226.0,debit
C11342-K1,C11342,10481,455.0,150.0,mastercard,126.0,debit
C13443-K1,C13443,18974,555.0,150.0,visa,226.0,debit
C01246-K1,C01246,19911,555.0,150.0,visa,226.0,credit
C11434-K1,C11434,22521,555.0,121.0,visa,226.0,credit
C03325-K1,C03325,10005,555.0,210.0,mastercard,224.0,credit
C00868-K1,C00868,15683,554.0,150.0,visa,166.0,debit
C07174-K1,C07174,11200,555.0,150.0,visa,226.0,debit
C05112-K1,C05112,17743,555.0,149.0,visa,226.0,credit
C01883-K1,C01883,15833,555.0,135.0,mastercard,224.0,debit
C12463-K1,C12463,20934,555.0,150.0,visa,226.0,debit
C04623-K1,C04623,21203,555.0,177.0,mastercard,137.0,debit
C06356-K1,C06356,20742,555.0,150.0,visa,226.0,credit
C01499-K1,C01499,13571,321.0,150.0,visa,226.0,debit
C07793-K1,C07793,13139,143.0,150.0,visa,195.0,debit
C07118-K2,C07118,20872,320.0,150.0,mastercard,166.0,debit
C06466-K1,C06466,10756,543.0,150.0,mastercard,224.0,debit
C00613-K1,C00613,11966,555.0,150.0,visa,194.0,credit
C02206-K1,C02206,13487,555.0,106.0,mastercard,137.0,debit
C10980-K2,C10980,18359,555.0,150.0,mastercard,195.0,debit
C00561-K1,C00561,10874,360.0,150.0,visa,166.0,debit
C08532-K1,C08532,20982,225.0,150.0,mastercard,224.0,debit
C01645-K1,C01645,17970,275.0,150.0,mastercard,195.0,debit
C07454-K1,C07454,10400,480.0,150.0,mastercard,117.0,debit
C01167-K1,C01167,20038,555.0,102.0,mastercard,224.0,debit
C02124-K1,C02124,13322,420.0,150.0,mastercard,117.0,debit
C06293-K1,C06293,19622,555.0,150.0,visa,226.0,debit
C09010-K1,C09010,14705,555.0,182.0,visa,226.0,credit
C03143-K1,C03143,19565,498.0,150.0,mastercard,219.0,debit
C03416-K1,C03416,21312,555.0,119.0,mastercard,224.0,credit
C12495-K1,C12495,22668,390.0,231.0,mastercard,117.0,debit
C10430-K1,C10430,10063,555.0,150.0,visa,226.0,debit
C04666-K1,C04666,16352,555.0,150.0,visa,226.0,credit
C05520-K1,C05520,13622,555.0,212.0,visa,226.0,debit
C10049-K1,C10049,19083,520.0,150.0,american express,190.0,credit
C01313-K1,C01313,15274,390.0,150.0,mastercard,224.0,debit
C09773-K1,C09773,21080,555.0,150.0,visa,226.0,debit
C12689-K2,C12689,23057,,150.0,visa,226.0,debit
C08229-K1,C08229,14520,383.0,150.0,visa,226.0,credit
C09927-K2,C09927,15434,142.0,185.0,mastercard,224.0,debit
C02492-K1,C02492,15782,555.0,150.0,visa,226.0,debit
C05432-K1,C05432,22881,555.0,150.0,visa,226.0,credit
C05255-K1,C05255,21669,543.0,150.0,mastercard,224.0,debit
C09595-K1,C09595,20018,512.0,150.0,visa,195.0,debit
C04807-K1,C04807,20202,225.0,150.0,mastercard,117.0,debit
C00431-K1,C00431,15057,555.0,214.0,mastercard,102.0,credit
C07920-K1,C07920,13219,555.0,150.0,visa,226.0,credit
C05024-K1,C05024,11905,463.0,144.0,visa,226.0,credit
C04867-K1,C04867,10226,555.0,203.0,visa,137.0,credit
C13022-K1,C13022,13068,555.0,150.0,visa,226.0,debit
C01910-K1,C01910,20173,555.0,150.0,mastercard,219.0,debit
C03175-K1,C03175,16501,555.0,150.0,visa,226.0,debit
C00265-K1,C00265,15258,555.0,150.0,mastercard,117.0,debit
C11006-K1,C11006,10628,225.0,150.0,mastercard,195.0,debit
C07363-K1,C07363,18017,555.0,150.0,visa,226.0,debit
C12410-K1,C12410,13992,399.0,150.0,american express,146.0,credit
C07966-K1,C07966,20228,555.0,222.0,visa,137.0,debit
C08790-K1,C08790,16458,321.0,150.0,visa,226.0,debit
C00219-K1,C00219,14200,512.0,150.0,mastercard,224.0,debit
C05651-K1,C05651,19135,560.0,150.0,visa,226.0,credit
C13367-K1,C13367,21095,414.0,143.0,visa,226.0,credit
C01518-K1,C01518,14182,350.0,150.0,mastercard,224.0,credit
C06123-K1,C06123,19282,555.0,150.0,visa,226.0,debit
C10609-K1,C10609,21265,555.0,150.0,visa,226.0,credit
C05430-K1,C05430,16845,555.0,150.0,mastercard,102.0,credit
C08941-K1,C08941,17571,369.0,150.0,mastercard,224.0,debit
C05825-K1,C05825,22074,360.0,150.0,mastercard,126.0,debit
C01479-K1,C01479,16461,555.0,150.0,visa,141.0,credit
C03088-K1,C03088,15779,225.0,150.0,mastercard,117.0,debit
C12039-K1,C12039,18927,122.0,150.0,mastercard,126.0,debit
C09762-K1,C09762,15610,349.0,117.0,visa,226.0,debit
C01713-K1,C01713,15315,555.0,121.0,mastercard,190.0,credit
C11398-K1,C11398,14880,225.0,150.0,mastercard,224.0,debit
C08897-K1,C08897,18801,555.0,150.0,visa,226.0,debit
C05298-K1,C05298,20261,275.0,150.0,mastercard,224.0,debit
C02796-K1,C02796,15857,108.0,150.0,mastercard,195.0,debit
C00930-K1,C00930,22523,216.0,150.0,visa,141.0,credit
C10696-K1,C10696,10164,555.0,150.0,visa,226.0,debit
C03654-K1,C03654,15350,508.0,150.0,visa,226.0,debit
C01586-K1,C01586,12222,555.0,150.0,visa,226.0,debit
C12091-K1,C12091,11762,367.0,150.0,mastercard,117.0,debit
C02890-K2,C02890,13365,512.0,150.0,mastercard,117.0,debit
C04330-K2,C04330,15149,512.0,150.0,mastercard,117.0,debit
C08287-K1,C08287,18138,228.0,106.0,visa,226.0,debit
C03407-K1,C03407,17692,555.0,213.0,mastercard,166.0,debit
C02746-K1,C02746,10768,179.0,106.0,visa,137.0,credit
C10363-K1,C10363,20257,310.0,150.0,mastercard,224.0,debit
C11930-K1,C11930,12722,555.0,150.0,visa,226.0,debit
C04486-K1,C04486,10354,555.0,146.0,visa,226.0,credit
C09418-K1,C09418,20720,336.0,150.0,visa,226.0,debit
C11421-K1,C11421,18342,555.0,131.0,visa,226.0,credit
C00324-K1,C00324,22936,368.0,212.0,visa,226.0,credit
C04417-K1,C04417,15751,399.0,150.0,american express,104.0,credit
C07028-K1,C07028,17276,161.0,150.0,mastercard,203.0,credit
C07704-K1,C07704,22846,555.0,150.0,visa,226.0,debit
C08631-K1,C08631,17450,480.0,150.0,mastercard,224.0,debit
C10377-K2,C10377,13447,514.0,150.0,mastercard,195.0,credit
C05627-K1,C05627,10227,243.0,150.0,visa,141.0,credit
C13340-K2,C13340,17156,206.0,150.0,visa,166.0,debit
C11436-K1,C11436,10411,480.0,150.0,mastercard,117.0,debit
C05387-K1,C05387,20435,543.0,150.0,mastercard,117.0,debit
C00322-K1,C00322,12828,555.0,150.0,visa,226.0,debit
C02771-K1,C02771,10971,,150.0,visa,195.0,credit
C10400-K1,C10400,17107,555.0,149.0,visa,137.0,credit
C01229-K1,C01229,14565,,174.0,visa,,debit
C03931-K1,C03931,11913,555.0,150.0,visa,226.0,debit
C10491-K1,C10491,16410,480.0,150.0,mastercard,117.0,debit
C09269-K1,C09269,19623,555.0,150.0,visa,226.0,debit
C07178-K1,C07178,20917,479.0,150.0,visa,195.0,credit
C09142-K1,C09142,17002,555.0,162.0,mastercard,126.0,debit
C01928-K1,C01928,23536,225.0,150.0,mastercard,224.0,debit
C12646-K2,C12646,21131,561.0,150.0,visa,166.0,debit
C09236-K1,C09236,21584,111.0,150.0,visa,226.0,debit
C04138-K1,C04138,18071,555.0,150.0,visa,226.0,debit
C11876-K1,C11876,17738,555.0,150.0,mastercard,117.0,debit
C08096-K1,C08096,19584,555.0,150.0,visa,226.0,debit
C07351-K1,C07351,19585,127.0,150.0,mastercard,102.0,credit
C12621-K1,C12621,14080,225.0,150.0,mastercard,224.0,debit
C11511-K1,C11511,10597,555.0,150.0,visa,195.0,debit
C12896-K1,C12896,20033,399.0,150.0,american express,132.0,credit
C01962-K1,C01962,21582,543.0,150.0,mastercard,224.0,debit
C04958-K1,C04958,20798,517.0,150.0,mastercard,224.0,debit
C01259-K1,C01259,13994,360.0,150.0,mastercard,126.0,debit
C11845-K2,C11845,16474,512.0,150.0,mastercard,117.0,debit
C12430-K1,C12430,14964,555.0,182.0,mastercard,102.0,credit
C12122-K1,C12122,21058,555.0,121.0,mastercard,137.0,credit
C04663-K1,C04663,20027,555.0,213.0,mastercard,166.0,debit
C06093-K1,C06093,14462,108.0,150.0,mastercard,117.0,debit
C04835-K1,C04835,19228,555.0,185.0,visa,138.0,debit
C10928-K1,C10928,15749,555.0,147.0,mastercard,219.0,credit
C08717-K1,C08717,12391,555.0,100.0,visa,226.0,credit
C13194-K1,C13194,22310,555.0,205.0,visa,137.0,credit
C03023-K1,C03023,18496,555.0,150.0,visa,226.0,debit
C01737-K1,C01737,19550,519.0,150.0,mastercard,117.0,debit
C01821-K1,C01821,13938,439.0,150.0,mastercard,203.0,credit
C11122-K1,C11122,14197,390.0,150.0,mastercard,102.0,credit
C00615-K1,C00615,18324,481.0,150.0,mastercard,137.0,credit
C12513-K2,C12513,16072,512.0,150.0,mastercard,117.0,debit
C03401-K1,C03401,18822,543.0,150.0,mastercard,224.0,debit
C10084-K1,C10084,21067,555.0,150.0,visa,226.0,debit
C06569-K1,C06569,16115,555.0,131.0,mastercard,224.0,credit
C09054-K1,C09054,15551,174.0,150.0,visa,144.0,credit
C08233-K1,C08233,21121,360.0,150.0,mastercard,166.0,debit
C03631-K1,C03631,20514,321.0,150.0,visa,195.0,debit
C01817-K1,C01817,22707,569.0,117.0,visa,137.0,credit
C00021-K1,C00021,14680,555.0,150.0,visa,226.0,debit
C03812-K1,C03812,22553,555.0,150.0,visa,226.0,credit
C00439-K1,C00439,15664,543.0,150.0,mastercard,224.0,debit
C07068-K1,C07068,14789,555.0,150.0,visa,226.0,debit
C12499-K1,C12499,11587,369.0,150.0,mastercard,195.0,debit
C00120-K1,C00120,12710,555.0,150.0,visa,226.0,debit
C11277-K1,C11277,15827,512.0,150.0,mastercard,224.0,debit
C13541-K1,C13541,10690,555.0,150.0,mastercard,229.0,debit
C10002-K1,C10002,14248,555.0,150.0,visa,226.0,debit
C01233-K1,C01233,15593,158.0,150.0,visa,195.0,debit
C03790-K1,C03790,10956,555.0,150.0,visa,226.0,debit
C09319-K1,C09319,18165,555.0,166.0,visa,226.0,debit
C01767-K1,C01767,13565,320.0,150.0,mastercard,126.0,debit
C05821-K1,C05821,22889,555.0,117.0,mastercard,195.0,credit
C13324-K1,C13324,21081,360.0,150.0,visa,226.0,debit
C08418-K2,C08418,16101,555.0,150.0,visa,144.0,credit
C11436-K2,C11436,10411,512.0,150.0,mastercard,117.0,debit
C09715-K1,C09715,20979,360.0,150.0,mastercard,126.0,debit
C03684-K1,C03684,22903,555.0,117.0,american express,166.0,debit
C00229-K1,C00229,18992,555.0,229.0,visa,226.0,credit
C02935-K1,C02935,21319,480.0,150.0,mastercard,224.0,debit
C09465-K1,C09465,12896,455.0,150.0,mastercard,126.0,debit
C09350-K1,C09350,14529,555.0,150.0,mastercard,203.0,credit
C01980-K1,C01980,19983,555.0,150.0,visa,226.0,debit
C03809-K1,C03809,19028,555.0,185.0,visa,228.0,credit
C10735-K1,C10735,20788,516.0,150.0,mastercard,224.0,debit
C12447-K1,C12447,23318,555.0,150.0,visa,141.0,credit
C12534-K1,C12534,15238,555.0,150.0,visa,226.0,debit
C01650-K1,C01650,19482,343.0,150.0,visa,226.0,credit
C04431-K1,C04431,16566,555.0,150.0,visa,226.0,credit
C04875-K1,C04875,18170,427.0,150.0,mastercard,195.0,debit
C08734-K1,C08734,15524,555.0,150.0,visa,226.0,credit
C02792-K1,C02792,15531,399.0,150.0,american express,185.0,credit
C09224-K1,C09224,22702,555.0,146.0,visa,226.0,credit
C02700-K1,C02700,15957,555.0,106.0,visa,137.0,debit
C09943-K1,C09943,14268,554.0,150.0,visa,226.0,credit
C11327-K2,C11327,21957,555.0,150.0,mastercard,229.0,debit
C09421-K2,C09421,11899,,150.0,mastercard,,credit
C06454-K1,C06454,20274,490.0,150.0,visa,195.0,debit
C05239-K2,C05239,14413,327.0,150.0,discover,100.0,debit
C00203-K1,C00203,22776,555.0,150.0,visa,226.0,credit
C05632-K1,C05632,12063,543.0,150.0,mastercard,224.0,debit
C10432-K1,C10432,20767,127.0,150.0,mastercard,224.0,debit
C12155-K2,C12155,13678,512.0,150.0,mastercard,117.0,debit
C01051-K1,C01051,22628,491.0,150.0,visa,195.0,debit
C06676-K1,C06676,11146,555.0,150.0,visa,226.0,debit
C03134-K1,C03134,16902,555.0,150.0,visa,226.0,credit
C01903-K1,C01903,16683,512.0,150.0,mastercard,224.0,debit
C02467-K1,C02467,16113,555.0,150.0,visa,226.0,debit
C00876-K1,C00876,11989,555.0,150.0,visa,226.0,debit
C12146-K2,C12146,12932,206.0,150.0,mastercard,229.0,debit
C05863-K2,C05863,12432,512.0,150.0,mastercard,224.0,debit
C02743-K1,C02743,23255,555.0,150.0,visa,226.0,debit
C04250-K1,C04250,23058,555.0,150.0,visa,226.0,debit
C11896-K1,C11896,15942,174.0,150.0,visa,226.0,credit
C05072-K2,C05072,18743,512.0,150.0,mastercard,224.0,debit
C02931-K2,C02931,22953,512.0,150.0,mastercard,224.0,debit
C06721-K1,C06721,11654,555.0,128.0,visa,138.0,debit
C08739-K1,C08739,23152,122.0,143.0,mastercard,126.0,debit
C06431-K1,C06431,13882,555.0,150.0,visa,226.0,debit
C04792-K1,C04792,22807,303.0,150.0,visa,226.0,debit
C11452-K2,C11452,17074,555.0,150.0,mastercard,117.0,debit
C10681-K2,C10681,18599,512.0,150.0,mastercard,224.0,debit
C01766-K1,C01766,14580,225.0,150.0,mastercard,100.0,debit
C03076-K1,C03076,14016,225.0,150.0,mastercard,224.0,debit
C12781-K1,C12781,10160,321.0,150.0,visa,226.0,debit
C06033-K1,C06033,22826,225.0,150.0,mastercard,102.0,credit
C07500-K1,C07500,20124,555.0,150.0,visa,226.0,credit
C05865-K1,C05865,12957,517.0,150.0,mastercard,224.0,debit
C01101-K1,C01101,21744,555.0,150.0,visa,226.0,debit
C02622-K1,C02622,20151,399.0,150.0,american express,137.0,credit
C03739-K1,C03739,15874,460.0,150.0,mastercard,195.0,debit
C09838-K1,C09838,15915,555.0,150.0,visa,226.0,debit
C07982-K1,C07982,15200,,150.0,visa,226.0,debit
C12609-K1,C12609,22514,423.0,150.0,visa,226.0,credit
C09308-K1,C09308,19964,,150.0,visa,166.0,debit
C13470-K3,C13470,16089,345.0,150.0,mastercard,229.0,debit
C01753-K1,C01753,16398,490.0,150.0,visa,226.0,debit
C02335-K1,C02335,12669,,150.0,visa,226.0,credit
C11114-K1,C11114,23052,383.0,150.0,visa,195.0,debit
C00617-K1,C00617,11773,555.0,150.0,visa,226.0,credit
C05922-K1,C05922,12154,,150.0,mastercard,,credit
C08078-K1,C08078,15008,335.0,150.0,visa,226.0,credit
C09852-K1,C09852,22089,555.0,134.0,mastercard,224.0,credit
C08822-K2,C08822,14245,512.0,150.0,mastercard,117.0,debit
C05440-K1,C05440,21410,414.0,143.0,visa,226.0,credit
C06344-K1,C06344,10297,555.0,150.0,visa,226.0,debit
C11851-K1,C11851,22878,408.0,185.0,visa,226.0,debit
C06600-K2,C06600,16652,512.0,150.0,mastercard,117.0,debit
C06115-K1,C06115,23340,512.0,150.0,mastercard,195.0,credit
C09267-K2,C09267,17687,512.0,150.0,mastercard,224.0,debit
C13073-K1,C13073,14004,555.0,150.0,mastercard,224.0,credit
C03548-K1,C03548,17428,512.0,150.0,mastercard,224.0,debit
C05951-K1,C05951,21389,555.0,215.0,visa,195.0,debit
C06350-K1,C06350,15917,555.0,150.0,mastercard,117.0,debit
C11263-K1,C11263,21817,520.0,150.0,american express,190.0,credit
C01423-K1,C01423,22424,127.0,150.0,mastercard,117.0,debit
C05842-K1,C05842,23116,555.0,150.0,visa,226.0,debit
C04721-K1,C04721,19039,127.0,150.0,mastercard,224.0,debit
C09134-K2,C09134,21377,512.0,150.0,mastercard,117.0,debit
C11781-K2,C11781,14549,512.0,150.0,mastercard,117.0,debit
C05016-K1,C05016,14837,369.0,150.0,mastercard,117.0,debit
C08588-K1,C08588,11251,500.0,185.0,mastercard,,credit
C00630-K1,C00630,19782,143.0,150.0,visa,226.0,debit
C10860-K1,C10860,14506,543.0,150.0,mastercard,117.0,debit
C05642-K1,C05642,21008,555.0,197.0,visa,226.0,credit
C07838-K1,C07838,14130,360.0,150.0,mastercard,126.0,debit
C07607-K1,C07607,22535,512.0,150.0,visa,226.0,debit
C01783-K1,C01783,11262,321.0,150.0,visa,226.0,debit
C07977-K1,C07977,20056,336.0,150.0,visa,226.0,credit
C01134-K2,C01134,19502,512.0,150.0,mastercard,195.0,debit
C02854-K1,C02854,12075,225.0,150.0,mastercard,195.0,debit
C13016-K1,C13016,14148,555.0,150.0,visa,226.0,debit
C02007-K1,C02007,13524,555.0,150.0,mastercard,102.0,credit
C06050-K1,C06050,18888,555.0,150.0,visa,195.0,debit
C09210-K1,C09210,11620,555.0,119.0,visa,162.0,credit
C07468-K2,C07468,12257,305.0,106.0,mastercard,224.0,debit
C10784-K1,C10784,10328,543.0,150.0,mastercard,224.0,debit
C00688-K1,C00688,19772,,150.0,american express,,credit
C12369-K1,C12369,14730,213.0,117.0,mastercard,126.0,debit
C10438-K1,C10438,15803,555.0,150.0,visa,226.0,debit
C02800-K2,C02800,10725,279.0,150.0,visa,194.0,credit
C00207-K1,C00207,13178,555.0,198.0,visa,226.0,credit
C07449-K1,C07449,21804,512.0,150.0,mastercard,195.0,debit
C09285-K1,C09285,17755,512.0,150.0,visa,226.0,debit
C13547-K1,C13547,16253,394.0,150.0,visa,226.0,credit
C10057-K1,C10057,16270,555.0,150.0,visa,226.0,debit
C01985-K1,C01985,17028,555.0,150.0,visa,226.0,debit
C12501-K1,C12501,11054,290.0,150.0,visa,195.0,debit
C06817-K1,C06817,21527,555.0,146.0,visa,137.0,credit
C12546-K1,C12546,19478,555.0,134.0,visa,137.0,credit
C12092-K2,C12092,10493,224.0,106.0,mastercard,137.0,debit
C13280-K1,C13280,13848,555.0,150.0,visa,226.0,debit
C07147-K1,C07147,16861,399.0,150.0,american express,223.0,credit
C13503-K2,C13503,23433,512.0,150.0,mastercard,224.0,debit
C01731-K1,C01731,15034,130.0,185.0,visa,138.0,debit
C00390-K1,C00390,11248,555.0,150.0,visa,226.0,debit
C04747-K2,C04747,11068,512.0,150.0,mastercard,117.0,debit
C04471-K2,C04471,21982,512.0,150.0,mastercard,102.0,credit
C04440-K2,C04440,16748,512.0,150.0,mastercard,224.0,debit
C02760-K1,C02760,21962,360.0,150.0,visa,100.0,debit
C04039-K1,C04039,19224,321.0,150.0,visa,226.0,debit
C07222-K1,C07222,10508,555.0,119.0,visa,226.0,debit
C00980-K1,C00980,14832,554.0,150.0,visa,226.0,credit
C04061-K1,C04061,12181,289.0,185.0,mastercard,195.0,debit
C04546-K1,C04546,10470,471.0,150.0,mastercard,126.0,debit
C10732-K1,C10732,17193,555.0,111.0,visa,138.0,debit
C10594-K1,C10594,21444,555.0,119.0,mastercard,102.0,credit
C08326-K1,C08326,17285,555.0,150.0,visa,226.0,credit
C10053-K2,C10053,21485,321.0,150.0,visa,226.0,debit
C02540-K1,C02540,11045,390.0,150.0,mastercard,224.0,debit
C13025-K1,C13025,18121,181.0,150.0,visa,195.0,credit
C00495-K2,C00495,21010,439.0,144.0,mastercard,,credit
C13523-K1,C13523,18144,520.0,150.0,american express,190.0,credit
C00341-K1,C00341,15400,555.0,150.0,visa,226.0,debit
C07810-K1,C07810,23327,143.0,150.0,visa,226.0,debit
C00928-K2,C00928,10697,512.0,150.0,mastercard,224.0,debit
C09209-K1,C09209,17528,555.0,150.0,visa,195.0,debit
C12611-K1,C12611,18557,555.0,137.0,visa,102.0,credit
C00821-K1,C00821,22471,555.0,150.0,visa,226.0,debit
C06379-K1,C06379,19664,555.0,144.0,mastercard,137.0,credit
C09697-K1,C09697,17057,390.0,150.0,mastercard,195.0,debit
C09567-K1,C09567,14840,555.0,150.0,visa,226.0,debit
C09722-K1,C09722,19208,555.0,102.0,visa,226.0,credit
C09215-K1,C09215,18806,166.0,150.0,visa,194.0,credit
C05732-K1,C05732,23309,555.0,150.0,visa,226.0,debit
C13210-K2,C13210,19804,512.0,150.0,mastercard,224.0,debit
C11991-K1,C11991,13859,555.0,150.0,visa,226.0,debit
C04314-K1,C04314,14588,555.0,212.0,mastercard,137.0,credit
C02228-K1,C02228,10848,555.0,182.0,mastercard,224.0,debit
C13285-K1,C13285,14662,555.0,119.0,mastercard,102.0,credit
C06018-K1,C06018,14165,555.0,150.0,visa,226.0,debit
C09646-K1,C09646,12972,555.0,121.0,mastercard,224.0,credit
C07370-K1,C07370,12878,555.0,135.0,mastercard,233.0,debit
C11487-K1,C11487,11617,555.0,210.0,visa,226.0,credit
C06049-K1,C06049,22273,351.0,106.0,visa,137.0,credit
C06937-K1,C06937,17390,554.0,150.0,visa,226.0,credit
C13271-K2,C13271,10350,567.0,150.0,mastercard,229.0,debit
C07787-K1,C07787,10844,520.0,150.0,american express,190.0,credit
C13310-K1,C13310,11848,555.0,150.0,mastercard,224.0,debit
C06506-K1,C06506,16005,310.0,150.0,mastercard,224.0,debit
C07024-K1,C07024,20553,555.0,137.0,visa,137.0,credit
C11070-K1,C11070,12911,555.0,150.0,visa,226.0,debit
C09649-K1,C09649,20888,399.0,150.0,american express,137.0,credit
C02484-K2,C02484,10324,555.0,213.0,mastercard,233.0,debit
C00740-K1,C00740,14556,377.0,150.0,visa,195.0,debit
C12504-K3,C12504,23350,512.0,150.0,mastercard,224.0,debit
C09004-K1,C09004,18945,555.0,150.0,visa,226.0,debit
C04033-K2,C04033,17780,156.0,146.0,visa,,credit
C08545-K1,C08545,16187,302.0,150.0,visa,195.0,debit
C12788-K1,C12788,19530,555.0,129.0,mastercard,102.0,credit
C06289-K1,C06289,22391,555.0,150.0,visa,226.0,debit
C02235-K1,C02235,17883,555.0,146.0,visa,226.0,credit
C07117-K2,C07117,21767,512.0,150.0,mastercard,224.0,debit
C12470-K1,C12470,16961,206.0,150.0,mastercard,229.0,debit
C06195-K1,C06195,19777,555.0,106.0,visa,138.0,debit
C08892-K1,C08892,16249,490.0,150.0,mastercard,117.0,debit
C06063-K1,C06063,23261,567.0,150.0,visa,,credit
C10174-K1,C10174,10353,555.0,150.0,visa,144.0,credit
C01057-K2,C01057,19003,555.0,150.0,mastercard,224.0,debit
C04853-K1,C04853,14001,512.0,150.0,mastercard,224.0,debit
C04612-K1,C04612,11071,555.0,229.0,visa,226.0,credit
C09432-K1,C09432,13668,369.0,150.0,mastercard,224.0,debit
C06011-K1,C06011,16899,452.0,150.0,mastercard,126.0,debit
C03481-K1,C03481,12871,174.0,150.0,visa,195.0,credit
C05451-K1,C05451,12150,390.0,150.0,mastercard,224.0,debit
C07945-K1,C07945,19346,555.0,144.0,mastercard,197.0,credit
C10392-K1,C10392,14330,399.0,150.0,american express,223.0,credit
C00500-K1,C00500,21810,555.0,150.0,visa,226.0,debit
C05201-K1,C05201,10184,555.0,135.0,mastercard,224.0,debit
C02381-K1,C02381,14335,555.0,150.0,visa,195.0,credit
C11573-K1,C11573,17426,555.0,150.0,visa,226.0,debit
C04640-K1,C04640,11408,512.0,150.0,mastercard,224.0,debit
C08647-K1,C08647,13099,534.0,150.0,mastercard,117.0,debit
C10780-K1,C10780,14181,555.0,150.0,visa,226.0,debit
C07226-K1,C07226,19009,268.0,150.0,visa,166.0,debit
C12329-K1,C12329,18628,512.0,150.0,mastercard,224.0,debit
C02750-K3,C02750,17290,360.0,150.0,mastercard,229.0,debit
C07487-K1,C07487,12963,543.0,150.0,mastercard,126.0,debit
C08449-K1,C08449,22939,,150.0,visa,,credit
C07359-K1,C07359,13230,489.0,150.0,mastercard,102.0,credit
C05014-K1,C05014,22497,555.0,121.0,mastercard,224.0,credit
C06085-K1,C06085,22009,125.0,150.0,american express,,credit
C12618-K1,C12618,22307,189.0,150.0,visa,195.0,debit
C04894-K1,C04894,18538,555.0,150.0,mastercard,,credit
C04919-K1,C04919,13784,206.0,150.0,mastercard,229.0,debit
C07601-K1,C07601,12243,555.0,150.0,visa,226.0,debit
C02509-K2,C02509,10574,512.0,150.0,mastercard,117.0,debit
C04067-K1,C04067,14153,138.0,200.0,visa,226.0,debit
C07135-K1,C07135,21277,555.0,117.0,visa,226.0,debit
C12559-K1,C12559,17421,555.0,150.0,visa,226.0,debit
C06983-K1,C06983,18045,583.0,150.0,visa,226.0,credit
C05066-K1,C05066,19514,555.0,150.0,visa,138.0,debit
C10005-K1,C10005,22148,555.0,121.0,mastercard,137.0,credit
C04140-K1,C04140,14223,555.0,150.0,visa,195.0,debit
C06229-K1,C06229,22548,555.0,150.0,mastercard,216.0,credit
C11549-K1,C11549,16740,127.0,150.0,mastercard,224.0,debit
C05046-K2,C05046,16916,555.0,150.0,visa,166.0,debit
C07389-K2,C07389,18297,120.0,203.0,mastercard,226.0,credit
C00772-K1,C00772,21504,555.0,185.0,mastercard,224.0,debit
C05762-K1,C05762,17208,,150.0,visa,226.0,debit
C02239-K2,C02239,14708,158.0,150.0,visa,166.0,debit
C04304-K1,C04304,17744,369.0,150.0,mastercard,117.0,debit
C10976-K1,C10976,19412,555.0,143.0,mastercard,224.0,debit
C00319-K1,C00319,22376,266.0,185.0,visa,137.0,credit
C06642-K2,C06642,10600,555.0,150.0,mastercard,229.0,debit
C08618-K1,C08618,16308,555.0,150.0,mastercard,126.0,debit
C05609-K1,C05609,13956,321.0,150.0,visa,226.0,debit
C02724-K2,C02724,13200,126.0,150.0,visa,138.0,debit
C12354-K2,C12354,10333,321.0,150.0,visa,226.0,debit
C08215-K1,C08215,14421,379.0,102.0,visa,137.0,credit
C09749-K1,C09749,21456,390.0,150.0,mastercard,224.0,debit
C10048-K1,C10048,17803,555.0,150.0,visa,226.0,debit
C02675-K1,C02675,11777,514.0,150.0,mastercard,195.0,debit
C09089-K1,C09089,19280,555.0,131.0,mastercard,126.0,debit
C03028-K1,C03028,11077,390.0,150.0,mastercard,195.0,debit
C09423-K1,C09423,16583,554.0,150.0,visa,226.0,debit
C07683-K1,C07683,16702,555.0,150.0,visa,226.0,debit
C04037-K1,C04037,15709,555.0,102.0,visa,137.0,credit
C05272-K2,C05272,14003,512.0,150.0,mastercard,224.0,debit
C05338-K1,C05338,19442,555.0,217.0,mastercard,137.0,credit
C13312-K1,C13312,13844,533.0,150.0,mastercard,197.0,credit
C08346-K1,C08346,19102,555.0,223.0,visa,226.0,credit
C04398-K1,C04398,14630,555.0,223.0,visa,226.0,credit
C09280-K1,C09280,22695,555.0,223.0,mastercard,224.0,debit
C08319-K1,C08319,15241,360.0,150.0,mastercard,126.0,debit
C11155-K1,C11155,13427,225.0,150.0,mastercard,224.0,debit
C09325-K1,C09325,11347,321.0,150.0,visa,144.0,credit
C00991-K1,C00991,13033,512.0,150.0,mastercard,117.0,debit
C07435-K1,C07435,12500,555.0,150.0,visa,226.0,debit
C09351-K1,C09351,23388,555.0,150.0,mastercard,224.0,credit
C02763-K1,C02763,23438,555.0,106.0,mastercard,137.0,debit
C03030-K1,C03030,21725,543.0,150.0,mastercard,224.0,debit
C09925-K1,C09925,15368,512.0,150.0,mastercard,117.0,debit
C02643-K1,C02643,11987,555.0,121.0,visa,102.0,credit
C05507-K1,C05507,21899,399.0,150.0,american express,223.0,credit
C01929-K2,C01929,13836,555.0,117.0,mastercard,194.0,credit
C05073-K1,C05073,20343,555.0,150.0,visa,226.0,credit
C01639-K2,C01639,19647,512.0,150.0,mastercard,224.0,debit
C03978-K1,C03978,12360,360.0,150.0,visa,100.0,debit
C09924-K2,C09924,21211,512.0,150.0,mastercard,117.0,debit
C04031-K1,C04031,13168,555.0,150.0,visa,226.0,debit
C08409-K1,C08409,10918,555.0,106.0,visa,226.0,credit
C07328-K1,C07328,10409,125.0,150.0,american express,,credit
C07290-K2,C07290,22957,512.0,150.0,mastercard,224.0,debit
C09551-K1,C09551,10819,520.0,150.0,american express,190.0,credit
C08103-K1,C08103,16781,555.0,150.0,visa,226.0,debit
C06738-K1,C06738,16752,216.0,150.0,mastercard,102.0,credit
C02663-K1,C02663,15630,514.0,150.0,mastercard,195.0,debit
C09025-K1,C09025,22382,168.0,144.0,visa,195.0,credit
C11967-K2,C11967,15777,490.0,150.0,visa,166.0,debit
C05737-K1,C05737,16548,555.0,150.0,visa,226.0,debit
C07805-K1,C07805,11876,555.0,150.0,visa,226.0,credit
C10418-K1,C10418,20725,399.0,150.0,american express,137.0,credit
C12483-K2,C12483,13336,512.0,150.0,mastercard,117.0,debit
C08880-K1,C08880,13246,555.0,146.0,visa,226.0,debit
C00440-K1,C00440,14972,555.0,223.0,visa,226.0,credit
C03245-K1,C03245,22292,399.0,150.0,american express,223.0,credit
C09208-K1,C09208,15851,225.0,150.0,mastercard,224.0,debit
C04239-K1,C04239,11212,555.0,119.0,visa,162.0,credit
C06493-K1,C06493,13156,,150.0,visa,,credit
C10135-K1,C10135,11636,555.0,150.0,visa,226.0,credit
C11142-K1,C11142,12197,555.0,150.0,visa,226.0,debit
C07013-K1,C07013,13564,555.0,150.0,mastercard,126.0,debit
C05179-K1,C05179,21829,555.0,150.0,visa,195.0,debit
C03818-K1,C03818,14230,555.0,150.0,visa,195.0,debit
C07118-K1,C07118,20872,320.0,150.0,mastercard,126.0,debit
C02433-K2,C02433,16828,360.0,150.0,mastercard,126.0,debit
C10587-K1,C10587,17995,543.0,150.0,mastercard,117.0,debit
C04223-K1,C04223,14418,305.0,106.0,mastercard,224.0,credit
C06383-K1,C06383,12612,399.0,150.0,american express,150.0,credit
C10785-K1,C10785,14877,555.0,150.0,visa,226.0,debit
C01205-K1,C01205,18237,520.0,150.0,american express,190.0,credit
C09745-K1,C09745,18829,228.0,106.0,visa,228.0,credit
C03327-K1,C03327,21861,555.0,144.0,american express,223.0,credit
C05575-K1,C05575,22789,381.0,150.0,visa,195.0,debit
C06194-K2,C06194,10733,206.0,150.0,visa,166.0,debit
C05463-K1,C05463,10024,555.0,100.0,visa,147.0,credit
C13495-K2,C13495,17678,512.0,150.0,mastercard,224.0,debit
C04203-K1,C04203,12914,302.0,150.0,visa,226.0,debit
C02287-K1,C02287,16245,555.0,131.0,mastercard,126.0,debit
C01880-K1,C01880,22504,555.0,150.0,visa,226.0,credit
C07913-K1,C07913,11097,555.0,150.0,mastercard,,credit
C04126-K1,C04126,23155,455.0,150.0,mastercard,126.0,debit
C03983-K1,C03983,14279,555.0,150.0,visa,226.0,debit
C04452-K1,C04452,11652,555.0,150.0,visa,226.0,debit
C12340-K2,C12340,18723,,146.0,visa,226.0,credit
C00004-K1,C00004,14056,512.0,150.0,mastercard,117.0,debit
C02514-K1,C02514,13184,555.0,150.0,american express,228.0,credit
C03258-K2,C03258,11870,512.0,150.0,mastercard,117.0,debit
C07072-K1,C07072,14656,447.0,150.0,visa,226.0,debit
C03414-K1,C03414,10066,555.0,150.0,visa,226.0,debit
C10340-K1,C10340,18094,555.0,150.0,visa,226.0,credit
C00250-K1,C00250,14555,555.0,150.0,visa,226.0,credit
C03800-K1,C03800,21430,555.0,150.0,visa,195.0,debit
C05471-K1,C05471,13135,208.0,150.0,mastercard,219.0,credit
C01950-K1,C01950,18601,555.0,150.0,visa,226.0,debit
C07778-K1,C07778,12411,554.0,150.0,visa,226.0,credit
C10204-K1,C10204,10070,555.0,150.0,mastercard,117.0,debit
C10041-K2,C10041,11779,512.0,150.0,mastercard,126.0,debit
C12988-K1,C12988,16677,369.0,150.0,mastercard,117.0,debit
C11111-K1,C11111,19712,414.0,143.0,visa,137.0,debit
C06128-K1,C06128,16438,321.0,150.0,visa,226.0,debit
C03355-K1,C03355,22854,555.0,150.0,visa,226.0,credit
C05947-K1,C05947,22147,,,,,
C02664-K1,C02664,19335,555.0,150.0,mastercard,102.0,credit
C04974-K3,C04974,13360,360.0,150.0,mastercard,229.0,debit
C06469-K2,C06469,11239,,150.0,visa,,credit
C03604-K1,C03604,20809,555.0,150.0,visa,,credit
C13406-K1,C13406,10811,438.0,106.0,visa,,debit
C11735-K1,C11735,19907,275.0,150.0,mastercard,224.0,debit
C12290-K1,C12290,19242,555.0,147.0,visa,228.0,credit
C10419-K1,C10419,15242,360.0,150.0,mastercard,126.0,debit
C04351-K1,C04351,23290,275.0,150.0,mastercard,224.0,debit
C11282-K1,C11282,21540,369.0,150.0,mastercard,224.0,debit
C11612-K2,C11612,19719,206.0,150.0,visa,166.0,debit
C12025-K1,C12025,21830,555.0,150.0,visa,226.0,debit
C11002-K1,C11002,17487,555.0,231.0,visa,226.0,debit
C07433-K1,C07433,18614,543.0,150.0,mastercard,224.0,debit
C09019-K1,C09019,10310,512.0,150.0,mastercard,117.0,debit
C07482-K2,C07482,17020,578.0,150.0,visa,166.0,debit
C01520-K1,C01520,12474,555.0,150.0,visa,226.0,credit
C11717-K2,C11717,12621,512.0,150.0,mastercard,224.0,debit
C05222-K1,C05222,21686,310.0,150.0,mastercard,224.0,debit
C09790-K1,C09790,19188,399.0,150.0,american express,236.0,credit
C05273-K1,C05273,17967,512.0,150.0,mastercard,117.0,debit
C10545-K1,C10545,11461,321.0,150.0,visa,226.0,debit
C02605-K1,C02605,14479,555.0,150.0,visa,195.0,debit
C00857-K1,C00857,10159,555.0,150.0,visa,162.0,credit
C12459-K1,C12459,19928,555.0,150.0,visa,226.0,credit
C00996-K1,C00996,22033,555.0,143.0,visa,226.0,credit
C01510-K1,C01510,16542,106.0,150.0,visa,226.0,credit
C11365-K1,C11365,17409,555.0,150.0,visa,226.0,debit
C00095-K2,C00095,12490,555.0,150.0,mastercard,229.0,debit
C10586-K1,C10586,13227,520.0,150.0,american express,143.0,credit
C06509-K2,C06509,22392,512.0,150.0,mastercard,224.0,debit
C05835-K3,C05835,13627,310.0,150.0,mastercard,224.0,debit
C10271-K1,C10271,19872,537.0,150.0,mastercard,166.0,debit
C06528-K1,C06528,12085,310.0,150.0,mastercard,224.0,debit
C09728-K1,C09728,18288,,150.0,visa,226.0,debit
C00743-K1,C00743,17906,555.0,150.0,visa,226.0,credit
C07210-K1,C07210,17469,555.0,223.0,visa,226.0,debit
C03107-K1,C03107,12356,275.0,150.0,mastercard,224.0,debit
C10961-K1,C10961,16030,555.0,107.0,visa,226.0,debit
C01261-K1,C01261,13764,555.0,150.0,visa,226.0,debit
C05874-K1,C05874,17629,447.0,150.0,visa,226.0,debit
C11727-K1,C11727,10657,138.0,200.0,visa,226.0,debit
C09308-K2,C09308,19964,553.0,150.0,visa,166.0,debit
C02865-K1,C02865,20817,548.0,150.0,visa,226.0,debit
C08477-K2,C08477,12333,110.0,150.0,visa,138.0,credit
C13113-K1,C13113,14492,151.0,150.0,visa,226.0,debit
C03269-K1,C03269,23425,555.0,124.0,mastercard,137.0,credit
C13393-K1,C13393,21550,562.0,150.0,mastercard,197.0,credit
C05527-K1,C05527,22909,555.0,150.0,mastercard,117.0,debit
C10348-K1,C10348,11912,555.0,150.0,visa,226.0,debit
C00492-K1,C00492,16784,553.0,150.0,visa,226.0,credit
C10972-K1,C10972,15605,,134.0,visa,226.0,debit
C13529-K1,C13529,16285,543.0,150.0,mastercard,224.0,debit
C05013-K1,C05013,19166,555.0,150.0,visa,226.0,debit
C08987-K1,C08987,20386,555.0,150.0,american express,143.0,credit
C05869-K1,C05869,14594,532.0,150.0,mastercard,224.0,debit
C12014-K1,C12014,15717,555.0,150.0,visa,226.0,debit
C11571-K1,C11571,10140,555.0,150.0,visa,226.0,debit
C11027-K1,C11027,19450,555.0,150.0,visa,226.0,credit
C12328-K1,C12328,17922,321.0,150.0,visa,226.0,debit
C10431-K1,C10431,16707,555.0,150.0,visa,226.0,credit
C09763-K1,C09763,20176,,150.0,visa,195.0,credit
C01380-K1,C01380,19444,555.0,150.0,visa,195.0,debit
C00935-K1,C00935,18562,310.0,150.0,mastercard,195.0,debit
C06345-K1,C06345,14076,127.0,150.0,mastercard,224.0,debit
C10650-K1,C10650,22919,138.0,200.0,visa,226.0,debit
C04845-K1,C04845,20966,555.0,150.0,visa,226.0,credit
C01593-K1,C01593,22045,399.0,150.0,american express,185.0,credit
C07191-K1,C07191,14342,555.0,150.0,visa,226.0,credit
C12240-K2,C12240,17033,211.0,150.0,visa,166.0,debit
C12587-K1,C12587,22183,555.0,213.0,visa,226.0,credit
C01263-K1,C01263,21734,520.0,150.0,american express,190.0,credit
C05195-K2,C05195,12707,512.0,150.0,mastercard,117.0,debit
C02872-K1,C02872,19055,161.0,150.0,mastercard,203.0,credit
C11480-K1,C11480,16588,225.0,150.0,mastercard,117.0,debit
C11052-K1,C11052,20292,555.0,150.0,visa,226.0,debit
C11137-K1,C11137,15522,555.0,121.0,visa,137.0,credit
C12099-K1,C12099,15732,555.0,135.0,mastercard,219.0,credit
C04695-K1,C04695,11854,555.0,150.0,visa,226.0,debit
C02690-K1,C02690,14963,,150.0,visa,226.0,credit
C09754-K1,C09754,11891,532.0,150.0,mastercard,102.0,credit
C01648-K1,C01648,15708,555.0,150.0,visa,226.0,debit
C00867-K1,C00867,20766,322.0,150.0,american express,131.0,credit
C12827-K1,C12827,11444,555.0,150.0,visa,226.0,credit
C11740-K2,C11740,17669,512.0,150.0,mastercard,224.0,debit
C01348-K2,C01348,18039,555.0,150.0,mastercard,233.0,debit
C03315-K1,C03315,17782,191.0,150.0,mastercard,102.0,credit
C04627-K1,C04627,16015,583.0,150.0,visa,226.0,credit
C12718-K1,C12718,14345,555.0,150.0,visa,226.0,credit
C04763-K1,C04763,20662,555.0,150.0,visa,137.0,debit
C09083-K1,C09083,14190,302.0,150.0,visa,226.0,debit
C13078-K1,C13078,17039,285.0,150.0,visa,226.0,debit
C11823-K2,C11823,11393,555.0,150.0,visa,226.0,credit
C04553-K2,C04553,13740,512.0,150.0,mastercard,117.0,debit
C04508-K1,C04508,15710,,133.0,visa,226.0,credit
C12670-K1,C12670,10552,322.0,150.0,visa,226.0,debit
C01788-K1,C01788,11422,456.0,150.0,mastercard,224.0,credit
C09456-K1,C09456,17224,399.0,150.0,american express,223.0,credit
C01870-K2,C01870,20605,555.0,150.0,mastercard,117.0,debit
C04871-K1,C04871,14676,555.0,188.0,mastercard,224.0,credit
C12086-K1,C12086,14983,555.0,188.0,mastercard,224.0,credit
C02059-K1,C02059,21096,555.0,120.0,visa,,credit
C12246-K1,C12246,22991,555.0,121.0,mastercard,224.0,credit
C08932-K1,C08932,19617,360.0,150.0,mastercard,126.0,debit
C02955-K1,C02955,21580,555.0,150.0,visa,226.0,debit
C01216-K1,C01216,11958,555.0,121.0,visa,137.0,credit
C02359-K1,C02359,18383,369.0,150.0,mastercard,102.0,credit
C12206-K1,C12206,16097,517.0,150.0,mastercard,224.0,debit
C02731-K1,C02731,11999,543.0,150.0,mastercard,224.0,debit
C02274-K1,C02274,13469,,150.0,visa,,credit
C04699-K1,C04699,10421,543.0,150.0,mastercard,195.0,debit
C10487-K1,C10487,15697,555.0,146.0,mastercard,224.0,credit
C04257-K1,C04257,10953,555.0,223.0,visa,226.0,credit
C06925-K1,C06925,17513,543.0,150.0,mastercard,224.0,debit
C04302-K1,C04302,22163,108.0,150.0,mastercard,117.0,debit
C04359-K2,C04359,11933,420.0,150.0,mastercard,117.0,debit
C05076-K1,C05076,17073,203.0,150.0,visa,166.0,debit
C03423-K1,C03423,13708,555.0,150.0,visa,226.0,credit
C11213-K1,C11213,15701,383.0,150.0,visa,195.0,debit
C01307-K1,C01307,19723,555.0,135.0,visa,226.0,credit
C11367-K1,C11367,17464,555.0,150.0,visa,226.0,debit
C07219-K1,C07219,12585,555.0,144.0,mastercard,,credit
C03044-K1,C03044,21557,512.0,150.0,mastercard,117.0,debit
C02104-K1,C02104,21523,555.0,150.0,visa,226.0,credit
C04596-K1,C04596,22751,310.0,150.0,mastercard,195.0,debit
C03609-K1,C03609,14205,555.0,214.0,mastercard,137.0,credit
C08715-K1,C08715,22216,555.0,150.0,visa,166.0,debit
C10391-K1,C10391,11314,,150.0,visa,141.0,credit
C10985-K1,C10985,12426,555.0,166.0,visa,226.0,debit
C08155-K1,C08155,19062,555.0,213.0,mastercard,166.0,debit
C08572-K2,C08572,14547,512.0,150.0,mastercard,117.0,debit
C02658-K1,C02658,16246,555.0,150.0,visa,226.0,debit
C05424-K1,C05424,17624,490.0,150.0,visa,226.0,credit
C01413-K1,C01413,12782,555.0,150.0,visa,226.0,credit
C11228-K1,C11228,22337,555.0,150.0,visa,226.0,debit
C07715-K1,C07715,17429,345.0,150.0,visa,226.0,credit
C07288-K2,C07288,15493,127.0,150.0,mastercard,224.0,debit
C01218-K2,C01218,20609,174.0,150.0,mastercard,117.0,debit
C01321-K1,C01321,17636,555.0,143.0,visa,102.0,credit
C09109-K1,C09109,20477,216.0,150.0,mastercard,222.0,credit
C09746-K1,C09746,19207,399.0,150.0,american express,146.0,credit
C09793-K1,C09793,15494,555.0,146.0,visa,226.0,credit
C00696-K1,C00696,21332,555.0,168.0,visa,166.0,debit
C08213-K2,C08213,10654,174.0,150.0,mastercard,117.0,debit
C00770-K1,C00770,19082,555.0,130.0,mastercard,219.0,credit
C04658-K1,C04658,22947,399.0,150.0,american express,223.0,credit
C13509-K1,C13509,15979,555.0,150.0,visa,226.0,debit
C00507-K1,C00507,10165,555.0,198.0,visa,226.0,debit
C02685-K2,C02685,14306,512.0,150.0,mastercard,117.0,debit
C02227-K1,C02227,21522,310.0,150.0,mastercard,224.0,debit
C08998-K2,C08998,17936,143.0,150.0,visa,226.0,debit
C07557-K1,C07557,19661,345.0,150.0,mastercard,166.0,debit
C07401-K1,C07401,19043,555.0,117.0,visa,226.0,credit
C13221-K1,C13221,19669,512.0,150.0,mastercard,195.0,debit
C08019-K1,C08019,21986,555.0,159.0,visa,226.0,debit
C07287-K1,C07287,16269,555.0,150.0,visa,226.0,credit
C01398-K2,C01398,14411,555.0,138.0,mastercard,224.0,debit
C07740-K1,C07740,14928,555.0,150.0,mastercard,195.0,debit
C01610-K1,C01610,19547,555.0,133.0,mastercard,111.0,credit
C07883-K1,C07883,19976,512.0,150.0,mastercard,117.0,debit
C10867-K1,C10867,22461,,,,,
C01337-K1,C01337,18242,,,,,
C06010-K1,C06010,10232,,,,,
C12234-K1,C12234,12525,,,,,
C08038-K1,C08038,21923,124.0,150.0,visa,226.0,credit
C05513-K1,C05513,12253,,,,,
C01526-K1,C01526,10978,517.0,150.0,mastercard,224.0,debit
C12674-K1,C12674,10675,111.0,150.0,visa,226.0,credit
C11818-K1,C11818,17399,,,,,
C05622-K1,C05622,18228,,,,,
C04946-K1,C04946,20799,583.0,150.0,visa,226.0,credit
C06831-K1,C06831,17004,,,,,
C08027-K1,C08027,12346,,,,,
C05135-K1,C05135,16452,,,,,
C06552-K1,C06552,15682,,,,,
C07173-K1,C07173,12506,,,,,
C08052-K1,C08052,19716,555.0,150.0,visa,226.0,debit
C07411-K1,C07411,19527,,,,,
C13343-K1,C13343,15516,,,,,
C03061-K1,C03061,16341,,,,,
C04361-K1,C04361,20009,,,,,
C02026-K1,C02026,12211,,,,,
C13080-K1,C13080,18516,555.0,119.0,visa,137.0,credit
C08112-K3,C08112,17774,,,,,
C08640-K1,C08640,21889,552.0,150.0,visa,226.0,credit
C04500-K1,C04500,11462,,,,,
C03577-K1,C03577,18608,555.0,200.0,mastercard,224.0,credit
C05782-K1,C05782,20135,,,,,
C12862-K1,C12862,11833,310.0,150.0,mastercard,195.0,debit
C02044-K1,C02044,19955,,,,,
C07335-K1,C07335,18385,,,,,
C08924-K1,C08924,19392,,,,,
C11576-K1,C11576,19929,,,,,
C07835-K1,C07835,12305,126.0,150.0,visa,226.0,debit
C11304-K1,C11304,20957,555.0,150.0,mastercard,195.0,credit
C00759-K1,C00759,20140,321.0,150.0,mastercard,203.0,credit
C09982-K1,C09982,16832,555.0,150.0,visa,226.0,credit
C06400-K1,C06400,14488,555.0,229.0,visa,137.0,credit
C03022-K1,C03022,19253,555.0,144.0,mastercard,166.0,debit
C05880-K1,C05880,17140,321.0,150.0,visa,226.0,debit
C01164-K1,C01164,21055,302.0,150.0,visa,226.0,debit
C04388-K1,C04388,22160,555.0,131.0,mastercard,126.0,debit
C10003-K1,C10003,13065,225.0,150.0,mastercard,224.0,debit
C00933-K2,C00933,22371,555.0,150.0,mastercard,229.0,debit
C04284-K1,C04284,21120,555.0,150.0,visa,226.0,debit
C02950-K2,C02950,11344,512.0,150.0,mastercard,117.0,debit
C04740-K2,C04740,16734,512.0,150.0,mastercard,117.0,debit
C00072-K2,C00072,12282,512.0,150.0,mastercard,224.0,debit
C03537-K1,C03537,10838,555.0,144.0,visa,166.0,debit
C04691-K2,C04691,16881,321.0,150.0,visa,166.0,debit
C07592-K1,C07592,12407,555.0,134.0,mastercard,224.0,credit
C04256-K1,C04256,18840,265.0,150.0,visa,226.0,debit
C10592-K1,C10592,12749,265.0,150.0,visa,226.0,debit
C08915-K1,C08915,10056,555.0,185.0,mastercard,224.0,credit
C06485-K2,C06485,18821,512.0,150.0,mastercard,117.0,debit
C08610-K1,C08610,10289,555.0,213.0,mastercard,166.0,debit
C01107-K1,C01107,21843,555.0,162.0,visa,166.0,debit
C02062-K1,C02062,21259,420.0,150.0,mastercard,224.0,debit
C05514-K1,C05514,20079,206.0,150.0,mastercard,126.0,debit
C11286-K1,C11286,16242,302.0,150.0,visa,195.0,debit
C10632-K2,C10632,19830,512.0,150.0,mastercard,224.0,debit
C06022-K1,C06022,17104,,,,,
C01349-K1,C01349,17029,,,,,
C13015-K1,C13015,18959,,,,,
C01936-K1,C01936,22585,,,,,
C12895-K1,C12895,19595,517.0,150.0,mastercard,224.0,debit
C07982-K2,C07982,15200,555.0,150.0,visa,226.0,debit
C00723-K1,C00723,17927,,,,,
C03783-K1,C03783,17355,,,,,
C12504-K1,C12504,23350,,,,,
C07212-K1,C07212,15876,,,,,
C06987-K1,C06987,14774,,,,,
C11374-K1,C11374,11820,194.0,150.0,mastercard,166.0,debit
C05459-K1,C05459,22011,,,,,
C13359-K1,C13359,22968,,,,,
C11959-K1,C11959,21110,,,,,
C04597-K1,C04597,22904,,,,,
C05126-K1,C05126,13029,,,,,
C09766-K1,C09766,16746,138.0,200.0,mastercard,224.0,credit
C06751-K1,C06751,19033,,,,,
C11934-K1,C11934,18978,310.0,150.0,mastercard,224.0,debit
C05788-K2,C05788,17470,512.0,150.0,mastercard,224.0,debit
C10651-K1,C10651,12679,,,,,
C12181-K1,C12181,22686,,,,,
C01932-K1,C01932,11750,,,,,
C12999-K1,C12999,16068,,,,,
C07568-K1,C07568,13055,,150.0,visa,226.0,credit
C02189-K1,C02189,20819,,,,,
C13486-K1,C13486,10468,,,,,
C03536-K2,C03536,22580,555.0,150.0,mastercard,195.0,debit
C00915-K1,C00915,17864,,,,,
C09971-K1,C09971,22895,,,,,
C04752-K1,C04752,12415,399.0,150.0,american express,236.0,credit
C11021-K1,C11021,18286,555.0,150.0,visa,195.0,debit
C04812-K1,C04812,11822,554.0,150.0,visa,226.0,credit
C02134-K1,C02134,13600,,,,,
C03977-K1,C03977,14173,,,,,
C08178-K1,C08178,17600,560.0,150.0,visa,166.0,debit
C08195-K1,C08195,12379,111.0,150.0,mastercard,224.0,debit
C06481-K1,C06481,11732,,,,,
C03532-K1,C03532,13422,,,,,
C03406-K1,C03406,19357,,,,,
C07825-K1,C07825,17246,,,,,
C09053-K2,C09053,18797,514.0,150.0,mastercard,229.0,debit
C09974-K1,C09974,11991,555.0,102.0,visa,228.0,credit
C00628-K1,C00628,22916,555.0,100.0,mastercard,224.0,credit
C01369-K1,C01369,20300,,150.0,mastercard,,credit
C10078-K1,C10078,10479,555.0,150.0,visa,226.0,credit
C04082-K1,C04082,22080,512.0,150.0,visa,166.0,debit
C08916-K1,C08916,16552,390.0,150.0,mastercard,195.0,debit
C07463-K1,C07463,14299,555.0,131.0,mastercard,137.0,credit
C03850-K1,C03850,10351,543.0,150.0,mastercard,224.0,debit
C13460-K2,C13460,14745,512.0,150.0,mastercard,224.0,debit
C07015-K1,C07015,21398,555.0,212.0,visa,147.0,debit
C12530-K1,C12530,21102,555.0,150.0,visa,226.0,credit
C10209-K1,C10209,13951,420.0,150.0,mastercard,195.0,debit
C11812-K1,C11812,17425,555.0,146.0,visa,166.0,debit
C03759-K1,C03759,11761,225.0,150.0,mastercard,117.0,debit
C04229-K2,C04229,13491,543.0,150.0,mastercard,137.0,credit
C12187-K1,C12187,18738,555.0,150.0,visa,226.0,debit
C11336-K1,C11336,16339,555.0,150.0,visa,226.0,debit
C03400-K1,C03400,12708,555.0,150.0,visa,226.0,credit
C09846-K1,C09846,18188,321.0,150.0,visa,226.0,debit
C04231-K1,C04231,21048,313.0,150.0,visa,195.0,debit
C08194-K1,C08194,22967,512.0,150.0,mastercard,117.0,debit
C11358-K1,C11358,10489,555.0,150.0,visa,226.0,debit
C12644-K1,C12644,11979,555.0,129.0,mastercard,224.0,credit
C12126-K1,C12126,20010,555.0,150.0,visa,195.0,credit
C13549-K1,C13549,14946,512.0,150.0,mastercard,224.0,debit
C01536-K1,C01536,15669,555.0,144.0,american express,100.0,debit
C12859-K1,C12859,20558,555.0,144.0,mastercard,197.0,credit
C01055-K1,C01055,23297,555.0,149.0,visa,226.0,credit
C08511-K1,C08511,11896,555.0,150.0,mastercard,,credit
C09363-K1,C09363,18494,,,,,
C09116-K1,C09116,16790,,,,,
C02533-K1,C02533,23348,,,,,
C06233-K1,C06233,11182,555.0,150.0,visa,166.0,debit
C00232-K1,C00232,21426,,,,,
C11216-K1,C11216,18725,,,,,
C11799-K1,C11799,10605,,,,,
C05835-K1,C05835,13627,,,,,
C02025-K1,C02025,18657,,,,,
C00642-K1,C00642,19203,,,,,
C02481-K1,C02481,19315,,,,,
C08634-K1,C08634,22986,,,,,
C02440-K1,C02440,16715,,,,,
C07456-K1,C07456,19826,,,,,
C00081-K1,C00081,10465,,,,,
C00164-K1,C00164,22964,,,,,
C10846-K1,C10846,10366,,,,,
C05077-K1,C05077,14706,,,,,
C13531-K1,C13531,10318,,,,,
C11833-K1,C11833,12008,,,,,
C05448-K1,C05448,23286,,,,,
C12064-K1,C12064,14519,,,,,
C04543-K1,C04543,22924,,,,,
C10151-K1,C10151,15872,555.0,150.0,visa,226.0,credit
C02575-K1,C02575,21514,,,,,
C01525-K1,C01525,22351,,,,,
C05330-K1,C05330,11289,,,,,
C02464-K1,C02464,10992,555.0,150.0,visa,195.0,debit
C03551-K3,C03551,10286,,,,,
C01102-K1,C01102,10484,,,,,
C07848-K1,C07848,15122,,,,,
C11438-K1,C11438,17153,,,,,
C08321-K1,C08321,11668,,,,,
C11241-K2,C11241,12657,310.0,150.0,mastercard,224.0,debit
C08100-K1,C08100,20064,512.0,150.0,visa,226.0,debit
C00029-K1,C00029,10731,310.0,150.0,mastercard,224.0,debit
C12222-K1,C12222,12338,543.0,150.0,mastercard,224.0,debit
C03515-K1,C03515,18920,555.0,106.0,visa,138.0,debit
C12286-K1,C12286,13103,361.0,150.0,visa,228.0,credit
C11392-K1,C11392,19481,555.0,150.0,visa,226.0,credit
C04204-K1,C04204,13763,555.0,150.0,visa,226.0,debit
C02624-K1,C02624,17586,555.0,150.0,visa,162.0,credit
C09611-K2,C09611,12723,512.0,150.0,mastercard,224.0,debit
C03007-K2,C03007,19365,555.0,117.0,mastercard,126.0,debit
C06546-K1,C06546,21687,111.0,150.0,visa,226.0,debit
C06416-K1,C06416,10402,555.0,146.0,mastercard,224.0,credit
C10261-K1,C10261,13234,555.0,150.0,visa,226.0,credit
C12751-K1,C12751,10071,476.0,150.0,visa,166.0,debit
C10914-K1,C10914,22811,555.0,102.0,mastercard,224.0,credit
C11880-K1,C11880,19628,555.0,150.0,visa,226.0,credit
C04345-K1,C04345,13635,543.0,150.0,mastercard,224.0,debit
C10638-K1,C10638,22718,517.0,150.0,mastercard,224.0,debit
C03297-K1,C03297,23026,436.0,150.0,visa,226.0,credit
C06250-K1,C06250,11148,555.0,150.0,visa,226.0,debit
C08051-K1,C08051,19044,555.0,188.0,visa,226.0,credit
C07903-K1,C07903,10129,543.0,150.0,mastercard,224.0,debit
C09421-K3,C09421,11899,,150.0,mastercard,197.0,debit
C05189-K1,C05189,21112,420.0,150.0,mastercard,224.0,debit
C05178-K1,C05178,12620,555.0,159.0,visa,226.0,debit
C09648-K1,C09648,17739,555.0,188.0,visa,137.0,credit
C08935-K1,C08935,23076,555.0,134.0,visa,226.0,credit
C13442-K1,C13442,17562,555.0,210.0,visa,102.0,credit
C11795-K1,C11795,19812,490.0,150.0,mastercard,137.0,debit
C10256-K1,C10256,17257,225.0,150.0,mastercard,117.0,debit
C07085-K1,C07085,18397,138.0,200.0,visa,226.0,debit
C03132-K1,C03132,18744,553.0,150.0,visa,226.0,debit
C08485-K1,C08485,20635,555.0,150.0,visa,226.0,debit
C10904-K1,C10904,17486,555.0,150.0,visa,226.0,debit
C07088-K1,C07088,21098,555.0,150.0,visa,226.0,credit
C09623-K1,C09623,16415,,,,,
C01119-K1,C01119,12040,,,,,
C00746-K1,C00746,22546,529.0,150.0,mastercard,224.0,debit
C04499-K1,C04499,11309,,,,,
C13399-K1,C13399,18966,,,,,
C11677-K1,C11677,10737,,,,,
C08845-K4,C08845,11928,,,,,
C07750-K1,C07750,14562,,,,,
C07558-K1,C07558,21171,,,,,
C06197-K3,C06197,20206,,,,,
C04847-K1,C04847,20295,,,,,
C11514-K1,C11514,12998,,,,,
C02673-K1,C02673,19692,,,,,
C10009-K1,C10009,22253,,,,,
C10707-K1,C10707,10591,555.0,150.0,visa,226.0,debit
C13264-K1,C13264,18577,,,,,
C06665-K1,C06665,10270,,,,,
C09331-K1,C09331,15825,310.0,150.0,mastercard,195.0,debit
C12352-K1,C12352,20601,,,,,
C06915-K1,C06915,20113,165.0,150.0,mastercard,195.0,debit
C03015-K1,C03015,13481,,,,,
C09802-K1,C09802,22115,,,,,
C08206-K1,C08206,12038,,,,,
C04974-K1,C04974,13360,,,,,
C04276-K1,C04276,20526,,,,,
C07299-K1,C07299,23459,,,,,
C00520-K1,C00520,18990,,,,,
C10814-K1,C10814,11751,,,,,
C13419-K1,C13419,20258,543.0,150.0,mastercard,117.0,debit
C02632-K1,C02632,15809,,,,,
C02010-K1,C02010,16299,369.0,150.0,mastercard,224.0,debit
C09701-K1,C09701,12106,,,,,
C00599-K1,C00599,13287,,,,,
C12931-K1,C12931,18809,,,,,
C13470-K1,C13470,16089,,,,,
C03391-K1,C03391,13567,555.0,119.0,visa,226.0,debit
C06672-K1,C06672,11512,310.0,150.0,mastercard,224.0,debit
C07814-K1,C07814,11634,555.0,150.0,visa,226.0,debit
C05984-K1,C05984,13962,,150.0,visa,166.0,debit
C12485-K1,C12485,17722,310.0,150.0,mastercard,224.0,debit
C11433-K1,C11433,13291,,150.0,mastercard,,credit
C03384-K1,C03384,22868,,150.0,mastercard,,credit
C09833-K1,C09833,15474,520.0,150.0,american express,190.0,credit
C02047-K1,C02047,10759,555.0,141.0,mastercard,224.0,credit
C13145-K1,C13145,18668,555.0,150.0,visa,226.0,debit
C09831-K1,C09831,15333,555.0,119.0,mastercard,137.0,credit
C07249-K1,C07249,22066,111.0,150.0,visa,226.0,debit
C05427-K1,C05427,13929,555.0,150.0,visa,226.0,debit
C07942-K1,C07942,14701,225.0,150.0,mastercard,224.0,debit
C08204-K1,C08204,22989,310.0,150.0,mastercard,224.0,debit
C02733-K1,C02733,16921,543.0,150.0,mastercard,117.0,debit
C00781-K1,C00781,21724,555.0,117.0,mastercard,177.0,debit
C10267-K1,C10267,16608,554.0,150.0,visa,226.0,credit
C03574-K1,C03574,11825,555.0,150.0,visa,226.0,credit
C03553-K1,C03553,21021,490.0,150.0,mastercard,224.0,debit
C07385-K1,C07385,20482,125.0,150.0,american express,,credit
C07398-K2,C07398,21219,512.0,150.0,mastercard,224.0,debit
C07153-K1,C07153,21757,555.0,150.0,visa,195.0,debit
C00697-K2,C00697,22669,512.0,150.0,mastercard,117.0,debit
C04212-K1,C04212,22651,575.0,150.0,mastercard,195.0,debit
C02920-K1,C02920,19510,321.0,150.0,visa,226.0,credit
C04947-K1,C04947,18684,360.0,150.0,mastercard,166.0,debit
C09292-K2,C09292,11272,555.0,150.0,mastercard,,credit
C12649-K1,C12649,21302,555.0,119.0,visa,137.0,credit
C05550-K1,C05550,12604,555.0,223.0,mastercard,102.0,debit
C04689-K1,C04689,10606,111.0,150.0,visa,195.0,debit
C01560-K1,C01560,22683,555.0,150.0,visa,195.0,debit
C00066-K1,C00066,13368,555.0,150.0,visa,226.0,debit
C03276-K1,C03276,18257,555.0,150.0,visa,226.0,debit
C05830-K1,C05830,13795,310.0,150.0,mastercard,224.0,debit
C11279-K1,C11279,22200,555.0,150.0,visa,226.0,debit
C11846-K1,C11846,16988,,,,,
C04438-K1,C04438,19696,,,,,
C11445-K1,C11445,21993,,,,,
C08166-K1,C08166,15042,,,,,
C02000-K1,C02000,16800,,,,,
C04748-K1,C04748,16091,,,,,
C02750-K1,C02750,17290,,,,,
C09299-K1,C09299,14717,,,,,
C06961-K1,C06961,21543,321.0,150.0,visa,226.0,debit
C13024-K1,C13024,13129,555.0,150.0,visa,195.0,debit
C04993-K1,C04993,10067,555.0,119.0,mastercard,137.0,credit
C12727-K1,C12727,16624,,,,,
C00240-K1,C00240,22998,381.0,150.0,mastercard,135.0,credit
C07109-K1,C07109,12799,,,,,
C00931-K1,C00931,15287,321.0,150.0,visa,226.0,debit
C12902-K1,C12902,11524,,,,,
C09714-K1,C09714,15700,122.0,150.0,mastercard,126.0,debit
C10629-K2,C10629,12631,512.0,150.0,mastercard,224.0,debit
C10892-K1,C10892,16050,,,,,
C03507-K1,C03507,23549,143.0,150.0,visa,226.0,debit
C00168-K1,C00168,21886,,,,,
C09250-K1,C09250,22988,,,,,
C02990-K1,C02990,18380,,,,,
C06927-K1,C06927,23287,,,,,
C11966-K1,C11966,18273,,,,,
C09148-K1,C09148,19308,,,,,
C10008-K1,C10008,17664,,,,,
C08552-K1,C08552,14766,138.0,200.0,visa,226.0,debit
C03711-K1,C03711,15040,,,,,
C08569-K1,C08569,11104,,,,,
C03486-K1,C03486,21109,,,,,
C01749-K1,C01749,13046,,,,,
C12628-K1,C12628,16597,,,,,
C02721-K1,C02721,12575,,,,,
C01693-K1,C01693,18533,555.0,150.0,visa,226.0,debit
C08285-K1,C08285,14778,,,,,
C01742-K1,C01742,19246,,,,,
C04676-K1,C04676,18683,,,,,
C02628-K1,C02628,15929,,,,,
C08076-K1,C08076,17609,555.0,150.0,visa,226.0,credit
C09545-K1,C09545,20453,555.0,214.0,visa,,credit
C07070-K1,C07070,17320,390.0,150.0,mastercard,224.0,debit
C13304-K1,C13304,20171,555.0,150.0,visa,226.0,credit
C11835-K1,C11835,22342,543.0,150.0,mastercard,224.0,debit
C07632-K1,C07632,13062,555.0,150.0,visa,226.0,debit
C10079-K1,C10079,22922,346.0,150.0,mastercard,195.0,credit
C05433-K2,C05433,12630,512.0,150.0,mastercard,224.0,debit
C10763-K1,C10763,22716,555.0,146.0,visa,137.0,credit
C11966-K2,C11966,18273,555.0,150.0,mastercard,195.0,debit
C09928-K1,C09928,22038,555.0,138.0,mastercard,224.0,credit
C01844-K1,C01844,18146,555.0,150.0,visa,226.0,debit
C06684-K1,C06684,22250,532.0,150.0,mastercard,195.0,credit
C13055-K1,C13055,14199,501.0,150.0,visa,166.0,debit
C09764-K1,C09764,20392,555.0,150.0,visa,195.0,debit
C07309-K1,C07309,19038,512.0,150.0,mastercard,224.0,debit
C06553-K1,C06553,13225,399.0,150.0,american express,223.0,credit
C07921-K1,C07921,13823,285.0,150.0,visa,226.0,debit
C01083-K1,C01083,17072,352.0,117.0,mastercard,219.0,credit
C08369-K1,C08369,13438,383.0,150.0,visa,195.0,debit
C08784-K1,C08784,16449,555.0,183.0,mastercard,,credit
C00822-K1,C00822,16896,272.0,150.0,mastercard,224.0,credit
C12633-K1,C12633,12184,555.0,119.0,mastercard,102.0,credit
C00268-K2,C00268,22030,138.0,200.0,mastercard,233.0,debit
C09480-K1,C09480,21913,555.0,150.0,visa,195.0,debit
C13136-K1,C13136,23235,272.0,150.0,visa,226.0,credit
C06950-K1,C06950,10857,555.0,150.0,visa,162.0,credit
C07600-K1,C07600,11460,555.0,212.0,mastercard,224.0,credit
C05531-K1,C05531,17824,111.0,150.0,visa,195.0,debit
C00377-K1,C00377,10720,555.0,100.0,visa,147.0,credit
C04125-K1,C04125,21477,,,,,
C12323-K1,C12323,16374,,,,,
C03313-K1,C03313,14329,,,,,
C03782-K1,C03782,17220,,,,,
C02824-K1,C02824,10929,,,,,
C11668-K1,C11668,17662,,,,,
C12387-K1,C12387,14619,,,,,
C08270-K1,C08270,18616,302.0,150.0,visa,226.0,debit
C00326-K1,C00326,18960,111.0,150.0,mastercard,224.0,debit
C11261-K1,C11261,23345,519.0,150.0,mastercard,117.0,debit
C00880-K1,C00880,14738,555.0,150.0,visa,226.0,debit
C08026-K1,C08026,17166,555.0,150.0,visa,226.0,debit
C05301-K1,C05301,17270,555.0,150.0,visa,195.0,debit
C02716-K1,C02716,18652,,,,,
C12616-K1,C12616,12288,555.0,150.0,visa,195.0,debit
C07624-K1,C07624,14216,514.0,150.0,mastercard,137.0,credit
C08609-K2,C08609,17116,275.0,150.0,mastercard,224.0,debit
C06415-K1,C06415,10293,,,,,
C12256-K1,C12256,19627,174.0,150.0,visa,226.0,debit
C00641-K1,C00641,14137,,,,,
C11408-K1,C11408,20616,555.0,153.0,visa,226.0,debit
C08674-K1,C08674,20111,,,,,
C12182-K1,C12182,14783,132.0,150.0,visa,195.0,debit
C09421-K1,C09421,11899,,,,,
C02893-K1,C02893,18004,390.0,150.0,mastercard,224.0,debit
C03374-K1,C03374,15166,,,,,
C10013-K1,C10013,17758,,,,,
C01497-K1,C01497,16416,512.0,150.0,mastercard,117.0,debit
C08398-K1,C08398,11507,,,,,
C04927-K1,C04927,15233,555.0,150.0,visa,226.0,credit
C12909-K2,C12909,23454,555.0,150.0,mastercard,,credit
C11368-K1,C11368,13805,543.0,150.0,mastercard,224.0,debit
C11918-K1,C11918,10431,,,,,
C06245-K1,C06245,16931,554.0,150.0,mastercard,224.0,debit
C04087-K1,C04087,10665,321.0,150.0,visa,226.0,debit
C00540-K1,C00540,23260,,,,,
C03443-K1,C03443,10701,,,,,
C11235-K1,C11235,23470,555.0,150.0,visa,226.0,debit
C08563-K1,C08563,14256,,,,,
C08350-K1,C08350,13779,534.0,150.0,mastercard,195.0,debit
C03002-K1,C03002,14608,,,,,
C12866-K1,C12866,22604,555.0,150.0,visa,226.0,debit
C10477-K1,C10477,16812,555.0,150.0,visa,226.0,debit
C11649-K1,C11649,18474,555.0,150.0,visa,226.0,debit
C11819-K1,C11819,18556,555.0,150.0,visa,226.0,debit
C11864-K1,C11864,12859,543.0,150.0,mastercard,224.0,debit
C12045-K1,C12045,21158,,,,,
C03985-K1,C03985,16742,543.0,150.0,mastercard,224.0,debit
C09686-K1,C09686,16510,555.0,119.0,visa,137.0,credit
C03388-K2,C03388,17957,512.0,150.0,mastercard,117.0,debit
C02135-K1,C02135,19372,555.0,220.0,visa,147.0,debit
C08641-K1,C08641,21714,543.0,150.0,mastercard,195.0,debit
C11117-K1,C11117,19744,,150.0,visa,226.0,credit
C05915-K1,C05915,21149,543.0,150.0,mastercard,224.0,debit
C01976-K1,C01976,18673,138.0,200.0,visa,226.0,debit
C11136-K1,C11136,15793,555.0,119.0,visa,137.0,credit
C12037-K1,C12037,11650,512.0,150.0,mastercard,117.0,debit
C09310-K1,C09310,18132,555.0,150.0,visa,226.0,credit
C12596-K1,C12596,20083,268.0,150.0,visa,166.0,debit
C01443-K1,C01443,19854,555.0,150.0,visa,226.0,debit
C06260-K1,C06260,13006,390.0,150.0,mastercard,195.0,debit
C05241-K1,C05241,11123,555.0,150.0,visa,226.0,credit
C01271-K2,C01271,19703,512.0,150.0,mastercard,117.0,debit
C01477-K1,C01477,12364,555.0,150.0,visa,226.0,debit
C06615-K1,C06615,13609,555.0,150.0,visa,166.0,debit
C07888-K1,C07888,15144,555.0,150.0,visa,226.0,debit
C00647-K1,C00647,19247,555.0,150.0,visa,226.0,debit
C09552-K1,C09552,14724,390.0,150.0,mastercard,117.0,debit
C11054-K1,C11054,19057,268.0,150.0,visa,166.0,debit
C11697-K2,C11697,17025,512.0,150.0,mastercard,117.0,debit
C08301-K1,C08301,19093,555.0,185.0,mastercard,224.0,credit
C04158-K1,C04158,13976,555.0,146.0,visa,226.0,credit
C08394-K1,C08394,14599,543.0,150.0,mastercard,224.0,debit
C04791-K1,C04791,10091,490.0,150.0,visa,195.0,debit
C11748-K1,C11748,22177,555.0,150.0,visa,226.0,debit
C01206-K2,C01206,16079,543.0,150.0,mastercard,195.0,debit
C05920-K1,C05920,19816,,150.0,visa,,credit
C02216-K2,C02216,23393,555.0,100.0,mastercard,224.0,credit
C07390-K1,C07390,20508,555.0,182.0,visa,102.0,credit
C02333-K1,C02333,13374,455.0,150.0,mastercard,126.0,debit
C03331-K1,C03331,15971,,,,,
C02633-K1,C02633,21215,517.0,150.0,mastercard,224.0,debit
C10942-K1,C10942,15198,,,,,
C09800-K1,C09800,12563,,,,,
C10697-K1,C10697,20002,,,,,
C05085-K1,C05085,18777,,,,,
C08667-K1,C08667,19040,,,,,
C02580-K1,C02580,13619,225.0,150.0,mastercard,117.0,debit
C08451-K1,C08451,20218,,,,,
C13511-K1,C13511,21339,,,,,
C05079-K1,C05079,13235,,,,,
C03100-K1,C03100,15303,,,,,
C10552-K1,C10552,16023,,,,,
C13041-K1,C13041,11033,,,,,
C10053-K1,C10053,21485,,,,,
C00078-K1,C00078,13297,,,,,
C04142-K1,C04142,16747,,,,,
C06354-K1,C06354,20342,,,,,
C05284-K1,C05284,16995,,,,,
C04012-K1,C04012,21310,555.0,150.0,visa,226.0,credit
C02340-K1,C02340,11506,,,,,
C03589-K1,C03589,15068,,,,,
C02004-K1,C02004,20278,555.0,146.0,mastercard,224.0,credit
C00107-K1,C00107,15729,,,,,
C01326-K1,C01326,13654,,,,,
C08873-K1,C08873,10397,111.0,150.0,visa,226.0,debit
C04773-K1,C04773,23463,,,,,
C11596-K1,C11596,13866,,,,,
C06139-K1,C06139,13424,,,,,
C06941-K1,C06941,15295,555.0,150.0,visa,226.0,debit
C02595-K1,C02595,22828,,,,,
C04419-K2,C04419,12889,512.0,150.0,mastercard,224.0,debit
C02216-K1,C02216,23393,,,,,
C02266-K1,C02266,17608,,,,,
C12176-K1,C12176,12358,275.0,150.0,mastercard,224.0,debit
C04172-K1,C04172,10779,,,,,
C03564-K1,C03564,21571,404.0,150.0,mastercard,102.0,credit
C03222-K1,C03222,22211,555.0,150.0,visa,226.0,debit
C00418-K1,C00418,16229,514.0,150.0,mastercard,195.0,debit
C01195-K1,C01195,16697,543.0,150.0,mastercard,224.0,debit
C12834-K1,C12834,23321,390.0,150.0,mastercard,224.0,debit
C07887-K1,C07887,21341,,,,,
C03617-K1,C03617,23158,520.0,150.0,american express,190.0,credit
C04750-K1,C04750,14620,555.0,150.0,visa,226.0,credit
C10611-K1,C10611,16838,,,,,
C11003-K1,C11003,16571,,,,,
C11692-K1,C11692,10346,555.0,150.0,mastercard,219.0,debit
C12379-K1,C12379,21169,151.0,150.0,visa,195.0,debit
C01558-K1,C01558,13431,321.0,150.0,visa,226.0,debit
C03110-K1,C03110,15020,543.0,150.0,mastercard,224.0,debit
C09012-K1,C09012,12192,543.0,150.0,mastercard,224.0,debit
C09706-K1,C09706,11635,555.0,150.0,visa,226.0,debit
C03468-K1,C03468,13666,228.0,106.0,visa,195.0,credit
C09953-K2,C09953,13521,512.0,150.0,mastercard,117.0,debit
C10887-K1,C10887,15966,555.0,150.0,visa,226.0,credit
C02016-K1,C02016,21773,555.0,150.0,mastercard,137.0,credit
C12482-K1,C12482,15603,555.0,150.0,visa,166.0,debit
C05803-K1,C05803,20307,555.0,150.0,visa,226.0,debit
C05198-K1,C05198,18819,310.0,150.0,mastercard,195.0,credit
C08033-K1,C08033,16268,555.0,150.0,american express,116.0,credit
C08031-K2,C08031,11704,512.0,150.0,mastercard,224.0,debit
C00916-K1,C00916,19179,555.0,137.0,visa,226.0,credit
C00328-K1,C00328,12418,555.0,150.0,visa,226.0,credit
C12398-K2,C12398,15045,512.0,150.0,mastercard,224.0,debit
C05309-K2,C05309,14736,181.0,150.0,visa,226.0,credit
C05898-K1,C05898,11023,467.0,150.0,visa,195.0,debit
C00814-K2,C00814,19892,512.0,150.0,mastercard,224.0,debit
C02268-K1,C02268,10050,555.0,212.0,visa,226.0,credit
C06419-K1,C06419,19151,543.0,150.0,mastercard,224.0,debit
C09250-K2,C09250,22988,321.0,150.0,visa,226.0,debit
C02495-K1,C02495,18836,512.0,150.0,mastercard,224.0,debit
C03627-K1,C03627,13961,555.0,150.0,visa,226.0,credit
C04131-K2,C04131,17987,490.0,150.0,mastercard,117.0,debit
C08227-K1,C08227,21092,555.0,190.0,visa,137.0,debit
C11200-K1,C11200,21586,179.0,106.0,visa,137.0,debit
C10200-K1,C10200,18940,390.0,150.0,mastercard,195.0,debit
C11133-K1,C11133,22658,344.0,150.0,mastercard,102.0,credit
C10689-K1,C10689,13301,111.0,150.0,visa,166.0,debit
C08603-K1,C08603,18459,555.0,150.0,visa,226.0,debit
C00365-K1,C00365,15659,555.0,150.0,visa,141.0,credit
C00497-K1,C00497,10078,555.0,150.0,visa,226.0,debit
C05310-K1,C05310,16963,310.0,150.0,mastercard,126.0,debit
C06760-K2,C06760,14452,512.0,150.0,mastercard,117.0,debit
C07540-K1,C07540,20089,225.0,150.0,mastercard,117.0,debit
C05926-K1,C05926,12945,555.0,150.0,visa,226.0,debit
C11221-K1,C11221,20061,490.0,150.0,mastercard,166.0,debit
C00366-K1,C00366,19645,302.0,150.0,visa,226.0,debit
C12423-K1,C12423,18747,143.0,150.0,visa,226.0,debit
C04053-K1,C04053,15840,517.0,150.0,mastercard,224.0,debit
C01483-K1,C01483,21967,321.0,150.0,visa,226.0,debit
C11066-K1,C11066,20254,555.0,150.0,visa,226.0,debit
C04008-K1,C04008,17856,360.0,150.0,visa,166.0,debit
C02984-K1,C02984,21034,555.0,150.0,visa,226.0,credit
C10105-K1,C10105,15142,555.0,117.0,visa,166.0,debit
C05104-K1,C05104,22522,555.0,150.0,visa,226.0,debit
C10104-K1,C10104,18101,321.0,150.0,visa,226.0,debit
C06505-K1,C06505,11770,555.0,141.0,mastercard,224.0,credit
C00775-K1,C00775,18955,555.0,223.0,mastercard,224.0,credit
C13545-K1,C13545,13883,543.0,150.0,mastercard,195.0,debit
C01345-K1,C01345,10009,555.0,150.0,visa,226.0,debit
C10302-K2,C10302,18246,512.0,150.0,mastercard,224.0,debit
C04813-K1,C04813,13398,555.0,150.0,visa,226.0,debit
C09555-K1,C09555,15790,555.0,150.0,visa,226.0,debit
C10277-K1,C10277,16651,555.0,108.0,mastercard,,debit
C00167-K1,C00167,17909,546.0,147.0,mastercard,166.0,debit
C04495-K1,C04495,11176,527.0,150.0,visa,226.0,debit
C00340-K1,C00340,17599,517.0,150.0,mastercard,224.0,debit
C07815-K1,C07815,13616,555.0,150.0,visa,226.0,credit
C03690-K1,C03690,12103,555.0,150.0,visa,226.0,debit
C02798-K2,C02798,12441,512.0,150.0,mastercard,117.0,debit
C04110-K1,C04110,20896,555.0,137.0,mastercard,224.0,credit
C07415-K1,C07415,23426,543.0,150.0,mastercard,224.0,debit
C06825-K1,C06825,15662,170.0,150.0,visa,,credit
C12917-K1,C12917,14872,275.0,150.0,mastercard,224.0,debit
C11605-K1,C11605,20623,225.0,150.0,mastercard,117.0,debit
C01839-K1,C01839,17139,555.0,150.0,visa,226.0,debit
C01913-K1,C01913,10343,555.0,119.0,mastercard,102.0,credit
C07034-K1,C07034,19075,310.0,150.0,mastercard,224.0,debit
C06226-K1,C06226,16919,555.0,150.0,visa,226.0,debit
C11338-K1,C11338,14919,399.0,150.0,american express,146.0,credit
C07785-K1,C07785,23187,126.0,150.0,visa,226.0,debit
C03031-K1,C03031,15402,369.0,150.0,mastercard,117.0,debit
C03907-K1,C03907,13177,555.0,150.0,mastercard,102.0,credit
C09359-K2,C09359,12385,224.0,106.0,mastercard,224.0,debit
C02081-K1,C02081,12182,216.0,150.0,visa,226.0,credit
C13107-K1,C13107,23181,555.0,150.0,visa,226.0,debit
C11115-K1,C11115,20408,555.0,150.0,visa,226.0,debit
C08255-K1,C08255,17676,555.0,150.0,visa,226.0,debit
C12650-K1,C12650,12558,555.0,152.0,mastercard,224.0,debit
C12725-K2,C12725,14466,512.0,150.0,mastercard,117.0,debit
C07943-K1,C07943,17438,517.0,150.0,mastercard,224.0,debit
C12294-K1,C12294,20782,555.0,150.0,visa,226.0,credit
C04497-K2,C04497,13467,143.0,150.0,visa,226.0,debit
C12134-K1,C12134,19608,350.0,150.0,mastercard,117.0,debit
C11412-K2,C11412,18886,512.0,150.0,mastercard,195.0,debit
C01511-K1,C01511,20387,225.0,150.0,mastercard,117.0,debit
C04892-K1,C04892,23140,369.0,150.0,mastercard,224.0,debit
C01054-K1,C01054,13258,555.0,150.0,visa,226.0,debit
C04459-K1,C04459,19757,360.0,150.0,visa,166.0,debit
C08441-K2,C08441,11035,512.0,150.0,mastercard,224.0,debit
C01505-K1,C01505,14187,512.0,150.0,mastercard,224.0,debit
C02349-K2,C02349,20181,512.0,150.0,mastercard,224.0,debit
C11783-K2,C11783,21001,398.0,150.0,mastercard,107.0,credit
C08003-K1,C08003,16260,532.0,150.0,mastercard,102.0,credit
C12325-K2,C12325,12789,174.0,150.0,mastercard,117.0,debit
C08879-K1,C08879,16408,111.0,150.0,visa,226.0,credit
C07289-K1,C07289,18613,555.0,150.0,visa,226.0,debit
C05085-K2,C05085,18777,555.0,150.0,visa,226.0,credit
C09740-K1,C09740,19834,554.0,150.0,visa,226.0,debit
C06985-K1,C06985,16298,369.0,150.0,mastercard,195.0,debit
C01433-K1,C01433,21699,273.0,185.0,mastercard,224.0,credit
C06448-K1,C06448,17985,543.0,150.0,mastercard,224.0,debit
C09214-K1,C09214,20092,555.0,213.0,mastercard,190.0,credit
C02619-K2,C02619,14209,174.0,150.0,mastercard,117.0,debit
C13164-K1,C13164,22839,555.0,150.0,visa,226.0,debit
C01955-K1,C01955,18479,390.0,150.0,mastercard,117.0,debit
C01811-K1,C01811,16522,555.0,225.0,mastercard,102.0,credit
C04331-K1,C04331,11306,555.0,150.0,discover,,credit
C02186-K1,C02186,20822,555.0,150.0,visa,226.0,debit
C01541-K1,C01541,14494,379.0,102.0,visa,195.0,credit
C12560-K1,C12560,22190,555.0,150.0,visa,226.0,debit
C08444-K1,C08444,15256,555.0,150.0,mastercard,,credit
C09858-K1,C09858,18456,,150.0,visa,195.0,credit
C02257-K1,C02257,16192,555.0,150.0,visa,226.0,debit
C04939-K1,C04939,23015,545.0,185.0,visa,137.0,credit
C01778-K1,C01778,22314,399.0,150.0,american express,133.0,credit
C00333-K1,C00333,21346,555.0,176.0,visa,226.0,debit
C01532-K1,C01532,22270,555.0,150.0,visa,226.0,credit
C06806-K1,C06806,16576,555.0,150.0,visa,226.0,debit
C09492-K1,C09492,16938,459.0,185.0,mastercard,166.0,debit
C00242-K1,C00242,16315,555.0,150.0,visa,226.0,credit
C00678-K1,C00678,14602,555.0,100.0,mastercard,224.0,credit
C13158-K1,C13158,15127,555.0,190.0,visa,226.0,debit
C05042-K1,C05042,20863,555.0,150.0,visa,195.0,debit
C04630-K1,C04630,12162,273.0,185.0,mastercard,224.0,credit
C01445-K1,C01445,14333,555.0,135.0,visa,226.0,debit
C00899-K1,C00899,10168,420.0,150.0,mastercard,224.0,debit
C10129-K1,C10129,21351,555.0,185.0,mastercard,224.0,credit
C06003-K1,C06003,21926,555.0,150.0,visa,226.0,debit
C05280-K1,C05280,11459,268.0,150.0,visa,166.0,debit
C03113-K1,C03113,22933,225.0,150.0,mastercard,117.0,debit
C10353-K1,C10353,21556,512.0,150.0,mastercard,117.0,debit
C04539-K1,C04539,17913,555.0,150.0,visa,226.0,debit
C00603-K1,C00603,15292,399.0,150.0,american express,185.0,credit
C08278-K1,C08278,18861,555.0,150.0,visa,195.0,credit
C02951-K1,C02951,15479,543.0,150.0,mastercard,224.0,debit
C02258-K1,C02258,17384,555.0,150.0,visa,226.0,debit
C07788-K1,C07788,14071,187.0,144.0,visa,166.0,debit
C04869-K1,C04869,12173,225.0,150.0,mastercard,224.0,debit
C01956-K1,C01956,13826,543.0,150.0,mastercard,224.0,debit
C12808-K1,C12808,10441,555.0,102.0,mastercard,126.0,debit
C01992-K2,C01992,12404,390.0,150.0,mastercard,117.0,debit
C10211-K1,C10211,10259,555.0,146.0,visa,137.0,credit
C12004-K1,C12004,13275,555.0,208.0,mastercard,219.0,credit
C08581-K1,C08581,14846,265.0,150.0,visa,226.0,debit
C09300-K1,C09300,15578,555.0,135.0,visa,226.0,credit
C03884-K1,C03884,19536,555.0,150.0,mastercard,102.0,debit
C05873-K1,C05873,17531,555.0,150.0,visa,226.0,debit
C00402-K1,C00402,21630,543.0,150.0,mastercard,224.0,debit
C02224-K1,C02224,11917,399.0,150.0,american express,146.0,credit
C08472-K1,C08472,13790,555.0,150.0,visa,226.0,credit
C01583-K1,C01583,12692,555.0,150.0,visa,226.0,debit
C11051-K1,C11051,13067,555.0,229.0,visa,226.0,credit
C11023-K1,C11023,22205,555.0,150.0,visa,226.0,debit
C12087-K1,C12087,20032,555.0,150.0,visa,226.0,debit
C07144-K1,C07144,20229,555.0,150.0,visa,226.0,debit
C11832-K1,C11832,12776,512.0,150.0,mastercard,224.0,debit
C09254-K1,C09254,14958,555.0,150.0,visa,226.0,debit
C07183-K1,C07183,14526,555.0,150.0,visa,226.0,debit
C10864-K1,C10864,23082,119.0,150.0,visa,166.0,debit
C12582-K1,C12582,15001,361.0,150.0,visa,195.0,debit
C02080-K1,C02080,19014,138.0,200.0,visa,226.0,debit
C00881-K1,C00881,19884,134.0,119.0,visa,102.0,credit
C02370-K1,C02370,17047,555.0,150.0,visa,226.0,debit
C12713-K1,C12713,10273,555.0,150.0,visa,226.0,debit
C07111-K1,C07111,12918,517.0,150.0,mastercard,195.0,debit
C10069-K1,C10069,22905,555.0,185.0,mastercard,197.0,credit
C09388-K1,C09388,13734,310.0,150.0,mastercard,224.0,debit
C05792-K1,C05792,12992,543.0,150.0,mastercard,224.0,debit
C11508-K2,C11508,14304,512.0,150.0,mastercard,117.0,debit
C08788-K1,C08788,20154,512.0,150.0,mastercard,117.0,debit
C03710-K1,C03710,16045,543.0,150.0,mastercard,224.0,debit
C04287-K1,C04287,17823,,150.0,visa,,credit
C04913-K1,C04913,18261,555.0,200.0,mastercard,137.0,credit
C02156-K2,C02156,12622,321.0,150.0,visa,226.0,debit
C04463-K1,C04463,20667,141.0,185.0,visa,226.0,credit
C07475-K1,C07475,18813,265.0,150.0,visa,226.0,debit
C13533-K1,C13533,18303,555.0,185.0,mastercard,166.0,debit
C04099-K1,C04099,21569,517.0,150.0,mastercard,224.0,debit
C09428-K1,C09428,22091,555.0,223.0,mastercard,102.0,credit
C03180-K1,C03180,10706,555.0,188.0,visa,137.0,credit
C06999-K1,C06999,16218,555.0,148.0,visa,226.0,credit
C09896-K1,C09896,13573,555.0,150.0,visa,226.0,credit
C04023-K1,C04023,20606,390.0,150.0,mastercard,224.0,debit
C02524-K1,C02524,18475,555.0,150.0,visa,226.0,debit
C08062-K1,C08062,18592,275.0,150.0,mastercard,117.0,debit
C10710-K1,C10710,13685,321.0,150.0,visa,226.0,debit
C10978-K1,C10978,23168,399.0,150.0,american express,137.0,credit
C10096-K1,C10096,21718,514.0,150.0,mastercard,224.0,credit
C13396-K1,C13396,17321,555.0,150.0,visa,226.0,debit
C08970-K1,C08970,21413,555.0,150.0,visa,226.0,debit
C00879-K2,C00879,12847,514.0,150.0,visa,,credit
C00526-K1,C00526,13304,555.0,150.0,visa,226.0,credit
C01202-K1,C01202,11085,517.0,150.0,mastercard,224.0,debit
C03041-K1,C03041,10501,445.0,150.0,mastercard,100.0,debit
C09932-K1,C09932,13818,543.0,150.0,mastercard,224.0,debit
C13496-K1,C13496,13787,555.0,150.0,visa,226.0,credit
C05400-K1,C05400,17553,303.0,150.0,visa,226.0,debit
C01329-K1,C01329,21975,555.0,100.0,mastercard,102.0,credit
C02271-K1,C02271,22845,555.0,102.0,visa,137.0,credit
C11908-K2,C11908,12594,174.0,150.0,mastercard,117.0,debit
C05389-K1,C05389,15555,555.0,150.0,visa,226.0,credit
C02941-K1,C02941,13332,490.0,150.0,visa,,credit
C02721-K2,C02721,12575,555.0,128.0,visa,226.0,debit
C01114-K1,C01114,22025,555.0,150.0,visa,226.0,debit
C07301-K1,C07301,16095,555.0,150.0,visa,226.0,debit
C08004-K1,C08004,13759,555.0,131.0,visa,226.0,credit
C05867-K1,C05867,11420,194.0,150.0,mastercard,166.0,debit
C08396-K1,C08396,18776,,150.0,visa,226.0,debit
C11576-K2,C11576,19929,555.0,150.0,visa,226.0,debit
C05829-K1,C05829,11804,225.0,150.0,mastercard,117.0,debit
C10718-K1,C10718,21419,,150.0,mastercard,224.0,credit
C04475-K1,C04475,20128,555.0,150.0,visa,226.0,debit
C07036-K1,C07036,12997,447.0,150.0,visa,226.0,debit
C09412-K1,C09412,11930,512.0,150.0,visa,195.0,debit
C02109-K1,C02109,17121,555.0,150.0,mastercard,137.0,credit
C03399-K1,C03399,17788,555.0,150.0,visa,226.0,credit
C09183-K1,C09183,21275,555.0,188.0,visa,226.0,credit
C06997-K1,C06997,17424,497.0,150.0,visa,226.0,credit
C08388-K1,C08388,14484,390.0,150.0,mastercard,195.0,debit
C07047-K1,C07047,22829,555.0,150.0,visa,195.0,debit
C06447-K1,C06447,22754,555.0,150.0,visa,226.0,debit
C08066-K1,C08066,22652,481.0,150.0,mastercard,219.0,credit
C07099-K1,C07099,18980,460.0,150.0,mastercard,195.0,debit
C09526-K1,C09526,22866,555.0,150.0,visa,195.0,debit
C09462-K1,C09462,16067,399.0,150.0,american express,223.0,credit
C12133-K1,C12133,15602,555.0,150.0,visa,226.0,debit
C04987-K1,C04987,23280,196.0,150.0,visa,226.0,credit
C13224-K1,C13224,16387,555.0,150.0,visa,226.0,debit
C11887-K1,C11887,18862,555.0,150.0,mastercard,224.0,debit
C00705-K1,C00705,15125,543.0,150.0,mastercard,224.0,debit
C06830-K1,C06830,17907,225.0,150.0,mastercard,195.0,debit
C11866-K1,C11866,11376,555.0,185.0,mastercard,126.0,debit
C08667-K2,C08667,19040,390.0,150.0,mastercard,117.0,debit
C11977-K2,C11977,21512,512.0,150.0,mastercard,224.0,debit
C06880-K1,C06880,13050,555.0,188.0,visa,138.0,debit
C05329-K1,C05329,23325,555.0,210.0,visa,226.0,debit
C08621-K1,C08621,19651,555.0,150.0,visa,226.0,debit
C00283-K1,C00283,15643,555.0,183.0,visa,162.0,credit
C00900-K1,C00900,22642,399.0,150.0,american express,146.0,credit
C06757-K1,C06757,10621,541.0,150.0,mastercard,117.0,debit
C13197-K1,C13197,14263,225.0,150.0,mastercard,117.0,debit
C13490-K1,C13490,20936,420.0,150.0,mastercard,224.0,debit
C11373-K1,C11373,16644,399.0,150.0,american express,223.0,credit
C09117-K1,C09117,14957,111.0,150.0,visa,195.0,credit
C02557-K1,C02557,22143,225.0,150.0,mastercard,224.0,debit
C05862-K1,C05862,22706,555.0,150.0,visa,226.0,debit
C05674-K1,C05674,18573,399.0,150.0,american express,185.0,credit
C03541-K1,C03541,11785,,150.0,visa,137.0,credit
C08036-K1,C08036,15983,111.0,150.0,visa,195.0,credit
C09819-K2,C09819,19399,305.0,106.0,mastercard,224.0,debit
C01432-K1,C01432,12427,555.0,119.0,visa,102.0,credit
C11911-K1,C11911,22222,555.0,150.0,visa,195.0,debit
C11810-K2,C11810,11099,567.0,150.0,mastercard,229.0,debit
C03692-K1,C03692,22913,555.0,150.0,visa,226.0,debit
C08777-K1,C08777,13534,478.0,150.0,visa,226.0,credit
C12974-K1,C12974,16361,,150.0,visa,,credit
C00499-K1,C00499,20730,555.0,150.0,visa,195.0,debit
C01243-K1,C01243,23118,555.0,197.0,visa,102.0,debit
C03309-K1,C03309,13381,359.0,150.0,visa,195.0,debit
C06538-K1,C06538,19232,268.0,150.0,visa,166.0,debit
C09216-K1,C09216,23206,439.0,150.0,mastercard,141.0,credit
C12082-K1,C12082,14786,555.0,117.0,visa,226.0,debit
C10589-K1,C10589,23120,555.0,149.0,mastercard,137.0,credit
C12956-K1,C12956,22063,555.0,210.0,visa,226.0,credit
C00910-K1,C00910,15514,350.0,150.0,mastercard,195.0,credit
C06589-K1,C06589,18624,555.0,210.0,mastercard,232.0,credit
C08506-K1,C08506,22644,310.0,150.0,mastercard,224.0,debit
C04654-K1,C04654,21378,555.0,150.0,visa,226.0,credit
C12978-K1,C12978,17221,,150.0,visa,,credit
C08470-K1,C08470,10931,555.0,150.0,visa,226.0,debit
C07659-K1,C07659,15563,555.0,213.0,visa,226.0,credit
C00751-K1,C00751,11812,517.0,150.0,mastercard,224.0,debit
C05564-K1,C05564,12846,555.0,185.0,mastercard,224.0,credit
C09277-K1,C09277,21283,555.0,150.0,visa,226.0,credit
C09864-K1,C09864,22877,555.0,150.0,visa,226.0,debit
C01516-K1,C01516,15456,555.0,149.0,mastercard,137.0,credit
C04911-K1,C04911,20288,555.0,150.0,visa,226.0,credit
C03544-K1,C03544,15606,,,,,
C09279-K1,C09279,18026,555.0,198.0,mastercard,224.0,credit
C02441-K1,C02441,10909,555.0,150.0,visa,226.0,debit
C09847-K1,C09847,19935,555.0,150.0,mastercard,102.0,credit
C07643-K1,C07643,18258,481.0,150.0,visa,226.0,credit
C01522-K2,C01522,15268,512.0,150.0,mastercard,117.0,debit
C01496-K1,C01496,13506,555.0,146.0,mastercard,224.0,credit
C11295-K1,C11295,12783,225.0,150.0,mastercard,224.0,debit
C10844-K1,C10844,19561,555.0,100.0,mastercard,224.0,credit
C04298-K1,C04298,14108,321.0,150.0,visa,226.0,debit
C00170-K1,C00170,21693,555.0,150.0,visa,,credit
C13075-K1,C13075,19656,161.0,150.0,mastercard,,credit
C06236-K1,C06236,22233,555.0,162.0,visa,226.0,debit
C02498-K1,C02498,18296,455.0,150.0,visa,226.0,debit
C06196-K1,C06196,20964,555.0,150.0,visa,226.0,credit
C04485-K1,C04485,14635,512.0,150.0,mastercard,224.0,debit
C02390-K1,C02390,10730,390.0,150.0,mastercard,224.0,debit
C05538-K1,C05538,18919,310.0,150.0,mastercard,117.0,debit
C05465-K1,C05465,17649,517.0,150.0,mastercard,224.0,debit
C07195-K1,C07195,11878,543.0,150.0,mastercard,224.0,debit
C02332-K1,C02332,13940,545.0,185.0,visa,137.0,credit
C01847-K1,C01847,11687,420.0,150.0,mastercard,117.0,debit
C00023-K1,C00023,11791,555.0,150.0,visa,226.0,debit
C07649-K1,C07649,14385,,150.0,visa,226.0,debit
C09138-K1,C09138,20500,555.0,150.0,visa,226.0,credit
C09958-K1,C09958,14234,517.0,150.0,mastercard,224.0,debit
C04372-K1,C04372,10614,390.0,150.0,mastercard,224.0,debit
C12623-K1,C12623,12704,555.0,150.0,visa,195.0,credit
C12741-K1,C12741,12204,555.0,150.0,visa,226.0,credit
C01527-K1,C01527,10482,302.0,150.0,visa,195.0,debit
C10178-K2,C10178,10717,512.0,150.0,mastercard,117.0,debit
C11038-K1,C11038,16191,534.0,150.0,visa,226.0,credit
C12065-K1,C12065,21764,225.0,150.0,mastercard,195.0,debit
C12541-K1,C12541,13660,555.0,150.0,visa,195.0,debit
C11993-K1,C11993,15483,555.0,126.0,mastercard,224.0,debit
C01745-K1,C01745,12279,555.0,150.0,visa,195.0,debit
C08085-K1,C08085,20797,555.0,150.0,visa,226.0,debit
C00444-K1,C00444,13041,364.0,146.0,mastercard,166.0,debit
C10408-K2,C10408,13188,555.0,150.0,mastercard,117.0,debit
C02706-K1,C02706,19030,555.0,150.0,visa,226.0,debit
C08677-K1,C08677,12816,555.0,150.0,visa,226.0,debit
C00707-K1,C00707,12752,520.0,150.0,american express,190.0,credit
C03162-K1,C03162,21561,555.0,150.0,visa,226.0,credit
C04700-K1,C04700,15981,473.0,150.0,mastercard,117.0,debit
C12229-K1,C12229,14445,490.0,150.0,visa,226.0,debit
C07702-K2,C07702,20260,512.0,150.0,mastercard,117.0,debit
C01475-K1,C01475,21642,555.0,150.0,visa,226.0,debit
C11814-K1,C11814,11639,364.0,146.0,mastercard,224.0,credit
C05502-K1,C05502,16437,555.0,150.0,visa,226.0,debit
C00487-K1,C00487,21591,543.0,150.0,mastercard,224.0,debit
C11451-K1,C11451,12645,336.0,150.0,visa,195.0,credit
C01679-K1,C01679,16267,302.0,150.0,visa,226.0,debit
C10186-K1,C10186,15433,555.0,150.0,visa,195.0,debit
C12446-K1,C12446,10563,555.0,134.0,,224.0,credit
C12724-K1,C12724,17391,555.0,150.0,visa,226.0,credit
C03834-K1,C03834,12873,224.0,106.0,mastercard,224.0,credit
C01729-K1,C01729,14374,555.0,150.0,visa,226.0,debit
C11535-K1,C11535,16356,555.0,150.0,visa,226.0,debit
C11072-K1,C11072,14673,555.0,150.0,visa,226.0,debit
C06541-K1,C06541,21729,517.0,150.0,mastercard,195.0,debit
C10076-K1,C10076,22322,555.0,213.0,visa,228.0,credit
C00730-K2,C00730,10839,110.0,150.0,visa,,credit
C03480-K1,C03480,20620,555.0,117.0,mastercard,166.0,debit
C00987-K1,C00987,22676,455.0,150.0,mastercard,126.0,debit
C04491-K1,C04491,20832,555.0,100.0,mastercard,102.0,credit
C01722-K1,C01722,14217,555.0,150.0,visa,226.0,credit
C09034-K1,C09034,10029,410.0,150.0,visa,226.0,credit
C09282-K1,C09282,21749,127.0,150.0,mastercard,224.0,debit
C04723-K1,C04723,17640,555.0,106.0,visa,137.0,credit
C01930-K1,C01930,12386,555.0,150.0,visa,226.0,debit
C12924-K1,C12924,20814,123.0,144.0,visa,226.0,credit
C04772-K1,C04772,11566,555.0,106.0,visa,226.0,debit
C10499-K1,C10499,20235,555.0,150.0,visa,226.0,debit
C09920-K1,C09920,20740,126.0,150.0,visa,226.0,debit
C07707-K1,C07707,21676,555.0,222.0,visa,226.0,credit
C04341-K1,C04341,14715,463.0,144.0,visa,226.0,credit
C09889-K1,C09889,22519,555.0,117.0,mastercard,224.0,credit
C05562-K1,C05562,16940,399.0,150.0,american express,223.0,credit
C08959-K1,C08959,13045,443.0,150.0,mastercard,224.0,credit
C12215-K1,C12215,14161,517.0,150.0,mastercard,224.0,debit
C06488-K1,C06488,14545,396.0,150.0,mastercard,166.0,debit
C05167-K1,C05167,19446,580.0,106.0,visa,147.0,credit
C04786-K1,C04786,17535,225.0,150.0,mastercard,224.0,debit
C06153-K1,C06153,18655,555.0,150.0,mastercard,195.0,debit
C02964-K1,C02964,21366,555.0,150.0,visa,226.0,debit
C11438-K2,C11438,17153,138.0,200.0,visa,226.0,debit
C12613-K1,C12613,11739,420.0,150.0,mastercard,195.0,debit
C03860-K1,C03860,17262,555.0,134.0,visa,226.0,credit
C01160-K1,C01160,15869,360.0,150.0,mastercard,126.0,debit
C07251-K1,C07251,10687,555.0,150.0,visa,226.0,credit
C07259-K1,C07259,15022,170.0,150.0,visa,226.0,credit
C11974-K1,C11974,21940,555.0,150.0,mastercard,195.0,debit
C10702-K1,C10702,14351,554.0,150.0,mastercard,224.0,credit
C01535-K1,C01535,14366,111.0,150.0,visa,195.0,credit
C03265-K1,C03265,21880,501.0,150.0,visa,226.0,debit
C08516-K1,C08516,19918,555.0,150.0,visa,226.0,debit
C03568-K1,C03568,19861,321.0,150.0,visa,226.0,debit
C01567-K1,C01567,19649,555.0,150.0,visa,226.0,debit
C08816-K1,C08816,21772,534.0,150.0,mastercard,195.0,debit
C00537-K1,C00537,16604,555.0,150.0,visa,166.0,debit
C13385-K1,C13385,12867,555.0,150.0,visa,195.0,debit
C12360-K1,C12360,11483,555.0,189.0,visa,102.0,credit
C06822-K1,C06822,17036,321.0,150.0,visa,226.0,debit
C09959-K1,C09959,11832,228.0,106.0,visa,138.0,debit
C13159-K1,C13159,16628,520.0,150.0,american express,190.0,credit
C10533-K1,C10533,17219,369.0,150.0,mastercard,224.0,debit
C12631-K1,C12631,15398,553.0,150.0,american express,131.0,charge card
C04374-K1,C04374,12954,554.0,150.0,mastercard,102.0,credit
C12049-K1,C12049,17915,555.0,150.0,visa,226.0,credit
C06713-K1,C06713,18396,555.0,150.0,visa,195.0,debit
C11090-K1,C11090,17504,554.0,150.0,visa,226.0,credit
C04690-K1,C04690,16580,555.0,134.0,visa,226.0,credit
C04997-K1,C04997,18445,122.0,150.0,mastercard,126.0,debit
C12361-K1,C12361,19621,555.0,150.0,visa,226.0,debit
C07922-K1,C07922,16140,555.0,150.0,visa,226.0,credit
C05929-K1,C05929,10386,555.0,146.0,visa,137.0,credit
C10645-K1,C10645,16920,555.0,162.0,mastercard,126.0,debit
C05878-K1,C05878,10304,228.0,106.0,mastercard,178.0,credit
C12085-K1,C12085,13383,321.0,150.0,visa,226.0,debit
C04805-K2,C04805,21743,512.0,150.0,mastercard,224.0,debit
C11785-K1,C11785,19124,138.0,200.0,visa,226.0,debit
C06839-K1,C06839,22972,555.0,150.0,mastercard,102.0,credit
C09364-K1,C09364,14095,555.0,150.0,mastercard,203.0,credit
C12893-K1,C12893,12921,514.0,150.0,mastercard,195.0,debit
C04116-K1,C04116,10894,512.0,150.0,mastercard,100.0,debit
C02384-K1,C02384,13179,555.0,150.0,visa,226.0,debit
C06107-K2,C06107,14590,512.0,150.0,mastercard,117.0,debit
C00413-K1,C00413,19629,369.0,150.0,mastercard,224.0,debit
C13069-K1,C13069,21239,555.0,150.0,visa,195.0,debit
C12624-K1,C12624,12058,555.0,150.0,visa,194.0,credit
C11439-K1,C11439,13342,543.0,150.0,mastercard,224.0,debit
C08702-K1,C08702,14283,,150.0,visa,226.0,credit
C07546-K1,C07546,19880,555.0,150.0,visa,226.0,debit
C01113-K1,C01113,16083,390.0,150.0,mastercard,195.0,debit
C06848-K1,C06848,22141,532.0,150.0,mastercard,126.0,debit
C01632-K1,C01632,15838,555.0,150.0,visa,226.0,credit
C06720-K1,C06720,12366,512.0,150.0,mastercard,117.0,debit
C11058-K1,C11058,12724,555.0,150.0,visa,226.0,credit
C04219-K1,C04219,17839,555.0,162.0,visa,226.0,credit
C04662-K1,C04662,16459,246.0,150.0,visa,226.0,credit
C10443-K1,C10443,10106,265.0,150.0,visa,226.0,debit
C04045-K1,C04045,16653,555.0,150.0,visa,195.0,debit
C05204-K1,C05204,21107,580.0,106.0,visa,226.0,credit
C06060-K1,C06060,15327,555.0,150.0,visa,195.0,credit
C07690-K1,C07690,19459,555.0,134.0,visa,226.0,credit
C03296-K1,C03296,15324,555.0,150.0,visa,226.0,debit
C05591-K1,C05591,22897,555.0,150.0,visa,226.0,debit
C02957-K1,C02957,20448,512.0,150.0,mastercard,117.0,debit
C02736-K1,C02736,17992,310.0,150.0,mastercard,195.0,debit
C07967-K1,C07967,11432,555.0,144.0,mastercard,102.0,credit
C02234-K2,C02234,14353,305.0,106.0,mastercard,224.0,debit
C11763-K1,C11763,21730,555.0,188.0,visa,138.0,debit
C02220-K1,C02220,21813,532.0,150.0,mastercard,224.0,debit
C10115-K1,C10115,22870,555.0,150.0,visa,166.0,debit
C06405-K1,C06405,21989,555.0,150.0,visa,226.0,credit
C09113-K1,C09113,16873,555.0,117.0,mastercard,126.0,debit
C04975-K1,C04975,13425,390.0,150.0,mastercard,224.0,debit
C07292-K1,C07292,10987,302.0,150.0,visa,226.0,debit
C01356-K1,C01356,20697,555.0,150.0,visa,226.0,credit
C09497-K1,C09497,22161,555.0,150.0,visa,226.0,debit
C04558-K1,C04558,20152,532.0,150.0,mastercard,224.0,debit
C03994-K1,C03994,19753,555.0,117.0,visa,226.0,debit
C03742-K1,C03742,18130,555.0,197.0,visa,102.0,credit
C10913-K1,C10913,14739,447.0,150.0,visa,226.0,debit
C09071-K1,C09071,16318,555.0,219.0,mastercard,224.0,debit
C06375-K2,C06375,20069,543.0,150.0,mastercard,224.0,debit
C01043-K1,C01043,19980,555.0,150.0,visa,226.0,credit
C07545-K1,C07545,19229,143.0,150.0,visa,226.0,debit
C05637-K1,C05637,13583,138.0,200.0,visa,226.0,debit
C11305-K1,C11305,11480,555.0,134.0,visa,137.0,credit
C03963-K1,C03963,23209,225.0,150.0,mastercard,224.0,debit
C07184-K1,C07184,11782,512.0,150.0,mastercard,117.0,debit
C00373-K1,C00373,15542,545.0,185.0,visa,226.0,credit
C01315-K2,C01315,17234,512.0,150.0,mastercard,224.0,debit
C02367-K1,C02367,10703,555.0,150.0,visa,226.0,credit
C11619-K1,C11619,21450,554.0,150.0,visa,226.0,debit
C03342-K1,C03342,19056,555.0,150.0,visa,226.0,debit
C13366-K1,C13366,10285,555.0,150.0,mastercard,117.0,debit
C06377-K1,C06377,23177,555.0,223.0,mastercard,102.0,debit
C09585-K1,C09585,12125,555.0,150.0,visa,226.0,debit
C06392-K2,C06392,12874,512.0,150.0,mastercard,224.0,debit
C08390-K2,C08390,16733,555.0,150.0,visa,226.0,debit
C02728-K1,C02728,19278,555.0,150.0,visa,226.0,debit
C07754-K1,C07754,13785,555.0,150.0,visa,226.0,credit
C03462-K1,C03462,10655,555.0,150.0,visa,195.0,debit
C13522-K1,C13522,20299,321.0,150.0,visa,226.0,debit
C07670-K1,C07670,20904,307.0,150.0,visa,195.0,credit
C06207-K1,C06207,16933,555.0,150.0,visa,226.0,debit
C03857-K1,C03857,16999,555.0,150.0,visa,226.0,debit
C10758-K1,C10758,17206,467.0,150.0,visa,226.0,debit
C01136-K1,C01136,15941,555.0,150.0,visa,226.0,debit
C05701-K1,C05701,22560,555.0,152.0,mastercard,224.0,credit
C00673-K1,C00673,17243,,182.0,visa,162.0,credit
C08974-K1,C08974,20681,555.0,150.0,visa,195.0,credit
C07972-K1,C07972,21362,555.0,138.0,visa,137.0,credit
C03674-K1,C03674,23088,555.0,150.0,visa,226.0,debit
C12363-K1,C12363,13636,555.0,150.0,mastercard,126.0,debit
C07488-K1,C07488,18243,310.0,150.0,mastercard,195.0,debit
C03727-K1,C03727,13440,277.0,181.0,visa,226.0,debit
C06452-K1,C06452,19675,120.0,203.0,mastercard,137.0,credit
C10195-K1,C10195,16719,399.0,150.0,american express,223.0,credit
C09682-K1,C09682,14699,555.0,223.0,visa,226.0,debit
C07985-K1,C07985,15903,100.0,150.0,mastercard,195.0,credit
C08423-K1,C08423,20380,399.0,150.0,american express,185.0,credit
C01989-K1,C01989,22887,543.0,150.0,mastercard,224.0,debit
C05295-K2,C05295,12684,555.0,150.0,mastercard,117.0,debit
C05406-K1,C05406,12239,555.0,106.0,visa,138.0,debit
C06656-K1,C06656,20938,332.0,150.0,visa,226.0,debit
C06359-K1,C06359,22556,310.0,150.0,mastercard,224.0,debit
C05796-K2,C05796,18470,206.0,150.0,mastercard,229.0,debit
C06994-K1,C06994,14481,310.0,150.0,mastercard,224.0,debit
C02861-K1,C02861,18951,360.0,150.0,visa,226.0,debit
C09912-K1,C09912,20675,555.0,150.0,visa,226.0,debit
C00975-K1,C00975,13089,555.0,150.0,visa,226.0,debit
C01013-K1,C01013,23254,225.0,150.0,mastercard,117.0,debit
C10232-K1,C10232,15958,555.0,150.0,visa,226.0,credit
C09271-K1,C09271,14956,555.0,146.0,visa,226.0,debit
C04878-K1,C04878,18914,555.0,150.0,visa,226.0,credit
C09323-K1,C09323,11271,555.0,150.0,visa,226.0,debit
C05974-K1,C05974,16674,310.0,150.0,mastercard,224.0,debit
C06489-K1,C06489,15598,555.0,150.0,visa,226.0,credit
C10727-K1,C10727,13268,555.0,119.0,mastercard,102.0,credit
C11836-K1,C11836,19668,555.0,150.0,visa,226.0,debit
C13048-K1,C13048,23422,555.0,157.0,visa,226.0,debit
C08772-K1,C08772,17168,369.0,150.0,mastercard,224.0,debit
C01272-K1,C01272,13165,555.0,182.0,visa,226.0,debit
C02301-K1,C02301,10048,141.0,185.0,visa,147.0,credit
C01631-K1,C01631,10762,514.0,150.0,mastercard,102.0,credit
C10318-K1,C10318,22632,555.0,150.0,visa,226.0,debit
C05993-K1,C05993,23288,467.0,150.0,visa,226.0,debit
C10764-K1,C10764,19393,555.0,117.0,american express,223.0,charge card
C03227-K1,C03227,11181,555.0,150.0,visa,226.0,debit
C08202-K1,C08202,21604,517.0,150.0,mastercard,224.0,debit
C08407-K1,C08407,10786,111.0,150.0,visa,195.0,credit
C06585-K1,C06585,19997,555.0,150.0,visa,226.0,credit
C07441-K1,C07441,15280,520.0,150.0,american express,190.0,credit
C09895-K1,C09895,11435,555.0,141.0,visa,226.0,debit
C04303-K1,C04303,18123,512.0,150.0,mastercard,117.0,debit
C11431-K1,C11431,22530,555.0,150.0,visa,194.0,credit
C04069-K1,C04069,17281,555.0,188.0,visa,137.0,credit
C12510-K2,C12510,10255,348.0,150.0,visa,194.0,credit
C02009-K2,C02009,12651,512.0,150.0,mastercard,224.0,debit
C07713-K1,C07713,11772,399.0,150.0,american express,137.0,credit
C02536-K1,C02536,23109,555.0,168.0,visa,147.0,credit
C06112-K1,C06112,10017,555.0,150.0,visa,226.0,debit
C07902-K1,C07902,22068,555.0,167.0,visa,137.0,debit
C08986-K1,C08986,18076,555.0,119.0,visa,226.0,credit
C02979-K1,C02979,14853,399.0,150.0,american express,132.0,credit
C13130-K1,C13130,17838,369.0,150.0,mastercard,102.0,credit
C04850-K1,C04850,18904,555.0,182.0,visa,226.0,credit
C01893-K1,C01893,16368,369.0,150.0,mastercard,224.0,debit
C10237-K1,C10237,17404,265.0,150.0,visa,195.0,debit
C01841-K1,C01841,15014,555.0,182.0,visa,102.0,debit
C10877-K1,C10877,16670,555.0,106.0,mastercard,224.0,debit
C07722-K1,C07722,22496,555.0,150.0,mastercard,102.0,credit
C12174-K1,C12174,22629,576.0,229.0,mastercard,190.0,credit
C06946-K1,C06946,17359,555.0,159.0,visa,195.0,debit
C08338-K1,C08338,18328,399.0,150.0,american express,146.0,credit
C05071-K1,C05071,14601,126.0,150.0,visa,226.0,debit
C08267-K1,C08267,10302,420.0,150.0,mastercard,224.0,debit
C07767-K1,C07767,11404,312.0,150.0,visa,226.0,credit
C09091-K1,C09091,11170,512.0,150.0,visa,226.0,debit
C00064-K1,C00064,15329,586.0,150.0,mastercard,137.0,credit
C04155-K1,C04155,21857,555.0,121.0,mastercard,137.0,credit
C03236-K1,C03236,12509,555.0,117.0,american express,166.0,debit
C05963-K1,C05963,11002,,150.0,visa,166.0,debit
C12506-K1,C12506,19497,555.0,119.0,mastercard,137.0,credit
C00079-K1,C00079,22236,517.0,150.0,mastercard,224.0,debit
C08583-K2,C08583,21610,512.0,150.0,mastercard,224.0,debit
C02243-K1,C02243,15251,225.0,150.0,mastercard,224.0,debit
C05038-K1,C05038,20460,390.0,150.0,mastercard,224.0,debit
C12533-K1,C12533,22821,369.0,150.0,mastercard,224.0,debit
C04148-K1,C04148,19076,555.0,150.0,visa,226.0,debit
C12851-K1,C12851,21290,130.0,185.0,visa,102.0,credit
C05680-K1,C05680,13379,224.0,106.0,mastercard,,credit
C06019-K1,C06019,22869,555.0,150.0,visa,226.0,debit
C10523-K1,C10523,22056,555.0,185.0,visa,226.0,credit
C01120-K1,C01120,23148,555.0,185.0,mastercard,224.0,credit
C06378-K1,C06378,15650,555.0,150.0,visa,226.0,credit
C11372-K1,C11372,19741,555.0,150.0,visa,226.0,debit
C02781-K1,C02781,11993,520.0,150.0,american express,190.0,credit
C01822-K1,C01822,20773,555.0,135.0,mastercard,219.0,credit
C07520-K1,C07520,22675,555.0,150.0,visa,226.0,debit
C12553-K1,C12553,13251,555.0,150.0,visa,226.0,credit
C04390-K1,C04390,15283,555.0,150.0,visa,226.0,credit
C00302-K1,C00302,21842,555.0,150.0,visa,226.0,debit
C02022-K1,C02022,23537,467.0,150.0,visa,226.0,debit
C01894-K1,C01894,17612,555.0,150.0,visa,226.0,debit
C10649-K1,C10649,12079,555.0,137.0,visa,137.0,credit
C05789-K1,C05789,21851,399.0,150.0,american express,132.0,credit
C08130-K1,C08130,17457,567.0,150.0,mastercard,195.0,credit
C00318-K1,C00318,17522,420.0,150.0,mastercard,224.0,debit
C06458-K2,C06458,19205,555.0,188.0,mastercard,224.0,debit
C00176-K1,C00176,16517,555.0,214.0,visa,137.0,credit
C08858-K1,C08858,14470,512.0,150.0,mastercard,117.0,debit
C00781-K2,C00781,21724,555.0,146.0,mastercard,166.0,debit
C08200-K1,C08200,20339,138.0,200.0,visa,226.0,debit
C01314-K1,C01314,17365,543.0,150.0,mastercard,224.0,debit
C12384-K1,C12384,11044,397.0,150.0,visa,195.0,debit
C05006-K1,C05006,14292,,182.0,visa,147.0,credit
C04857-K1,C04857,19049,555.0,134.0,visa,228.0,credit
C11333-K1,C11333,14277,555.0,138.0,visa,226.0,credit
C08171-K1,C08171,14711,567.0,150.0,visa,226.0,debit
C00948-K1,C00948,22901,138.0,200.0,mastercard,233.0,debit
C04819-K1,C04819,22657,512.0,150.0,mastercard,224.0,debit
C09922-K1,C09922,13387,555.0,150.0,mastercard,126.0,debit
C05959-K1,C05959,19563,,117.0,visa,228.0,credit
C08230-K1,C08230,10199,555.0,150.0,visa,226.0,debit
C13172-K1,C13172,13448,555.0,224.0,mastercard,224.0,credit
C05394-K1,C05394,20785,554.0,150.0,visa,226.0,debit
C04171-K1,C04171,17577,555.0,121.0,mastercard,232.0,credit
C12193-K1,C12193,18368,555.0,150.0,visa,226.0,debit
C01309-K1,C01309,23154,543.0,150.0,mastercard,224.0,debit
C03431-K1,C03431,23410,555.0,150.0,visa,226.0,debit
C12803-K1,C12803,16264,555.0,106.0,visa,137.0,debit
C04189-K1,C04189,18672,285.0,150.0,visa,226.0,debit
C05369-K2,C05369,23086,512.0,150.0,mastercard,117.0,debit
C11248-K1,C11248,19126,555.0,130.0,visa,226.0,credit
C07939-K1,C07939,20700,,210.0,visa,226.0,debit
C03190-K1,C03190,14188,508.0,150.0,visa,226.0,debit
C05012-K1,C05012,12851,555.0,150.0,visa,226.0,credit
C09485-K1,C09485,18395,555.0,131.0,visa,226.0,credit
C12184-K3,C12184,11981,512.0,150.0,mastercard,224.0,debit
C12573-K1,C12573,10722,555.0,150.0,visa,226.0,credit
C05405-K1,C05405,14429,555.0,150.0,visa,226.0,credit
C05482-K1,C05482,15836,381.0,150.0,visa,194.0,credit
C00118-K1,C00118,18205,555.0,150.0,mastercard,141.0,credit
C09190-K1,C09190,12844,555.0,131.0,visa,226.0,credit
C12584-K1,C12584,18040,555.0,150.0,visa,195.0,debit
C08886-K1,C08886,11001,555.0,210.0,visa,226.0,credit
C12535-K1,C12535,18855,555.0,150.0,visa,166.0,debit
C03962-K1,C03962,22932,532.0,150.0,mastercard,224.0,debit
C11631-K1,C11631,11935,543.0,150.0,mastercard,224.0,debit
C12353-K1,C12353,23045,455.0,150.0,mastercard,126.0,debit
C00131-K1,C00131,14069,,150.0,visa,226.0,debit
C01256-K1,C01256,14186,555.0,214.0,mastercard,224.0,credit
C08745-K1,C08745,19931,555.0,150.0,visa,226.0,debit
C09794-K1,C09794,11916,,150.0,mastercard,195.0,debit
C10409-K1,C10409,15203,555.0,150.0,visa,226.0,debit
C11212-K1,C11212,14542,555.0,150.0,visa,226.0,credit
C12273-K1,C12273,21553,302.0,150.0,visa,195.0,debit
C13379-K1,C13379,16017,399.0,150.0,american express,137.0,credit
C01042-K1,C01042,16721,555.0,213.0,visa,226.0,credit
C06796-K1,C06796,20696,555.0,169.0,mastercard,111.0,debit
C07598-K1,C07598,17015,555.0,150.0,visa,226.0,credit
C05857-K1,C05857,20568,275.0,150.0,mastercard,224.0,debit
C10269-K1,C10269,15093,555.0,106.0,visa,226.0,credit
C03126-K2,C03126,16603,512.0,150.0,mastercard,117.0,debit
C12580-K1,C12580,17368,555.0,150.0,visa,226.0,debit
C09322-K1,C09322,20305,555.0,150.0,visa,226.0,credit
C04842-K1,C04842,13078,555.0,150.0,visa,195.0,credit
C06442-K1,C06442,16327,555.0,150.0,visa,226.0,credit
C12204-K2,C12204,20417,512.0,150.0,mastercard,117.0,debit
C07877-K1,C07877,18438,555.0,150.0,visa,226.0,debit
C03522-K1,C03522,14907,520.0,150.0,american express,190.0,credit
C07774-K1,C07774,16329,555.0,150.0,visa,169.0,credit
C09243-K2,C09243,22189,512.0,150.0,mastercard,224.0,debit
C03953-K1,C03953,20774,303.0,150.0,visa,226.0,debit
C03859-K1,C03859,21673,555.0,150.0,visa,226.0,credit
C10060-K1,C10060,13624,399.0,150.0,american express,237.0,credit
C05900-K1,C05900,21541,555.0,150.0,visa,226.0,credit
C11693-K1,C11693,12760,555.0,150.0,visa,226.0,credit
C00883-K1,C00883,18486,463.0,144.0,visa,195.0,credit
C12783-K1,C12783,18581,111.0,150.0,visa,226.0,debit
C02912-K1,C02912,23303,256.0,150.0,visa,194.0,credit
C01086-K1,C01086,17585,555.0,150.0,visa,195.0,debit
C11686-K1,C11686,12225,583.0,150.0,visa,226.0,credit
C01506-K1,C01506,10788,543.0,150.0,mastercard,224.0,debit
C09230-K1,C09230,16582,555.0,159.0,visa,226.0,debit
C01247-K1,C01247,10207,555.0,102.0,visa,226.0,credit
C03529-K1,C03529,11143,569.0,117.0,visa,226.0,debit
C09275-K1,C09275,15902,555.0,117.0,mastercard,224.0,debit
C02704-K1,C02704,13683,555.0,150.0,visa,226.0,debit
C00143-K2,C00143,22170,512.0,150.0,mastercard,224.0,debit
C10801-K1,C10801,11134,512.0,150.0,mastercard,224.0,debit
C02426-K1,C02426,12983,555.0,131.0,mastercard,137.0,credit
C03849-K1,C03849,12215,321.0,150.0,visa,226.0,debit
C04092-K2,C04092,21925,512.0,150.0,mastercard,117.0,debit
C12551-K1,C12551,14391,555.0,213.0,mastercard,190.0,credit
C06596-K1,C06596,14712,349.0,117.0,visa,226.0,credit
C09199-K1,C09199,17719,321.0,150.0,visa,226.0,debit
C11104-K1,C11104,15311,555.0,102.0,visa,226.0,credit
C00030-K1,C00030,22130,593.0,150.0,visa,195.0,debit
C01576-K1,C01576,20603,384.0,150.0,mastercard,195.0,debit
C00091-K1,C00091,16998,555.0,222.0,visa,226.0,credit
C06882-K1,C06882,22465,490.0,150.0,mastercard,203.0,credit
C07820-K1,C07820,13475,364.0,146.0,mastercard,166.0,debit
C09859-K1,C09859,17165,555.0,150.0,visa,226.0,debit
C01754-K1,C01754,13752,491.0,150.0,visa,195.0,debit
C07573-K1,C07573,23546,554.0,150.0,visa,226.0,debit
C04837-K1,C04837,16820,246.0,150.0,visa,226.0,credit
C03260-K1,C03260,17841,555.0,185.0,visa,138.0,debit
C00316-K1,C00316,12140,555.0,204.0,mastercard,166.0,debit
C02058-K1,C02058,19954,555.0,150.0,visa,226.0,credit
C09874-K1,C09874,17414,555.0,150.0,visa,226.0,credit
C01022-K1,C01022,21039,555.0,150.0,visa,226.0,debit
C13330-K1,C13330,18159,345.0,150.0,mastercard,203.0,credit
C05525-K1,C05525,14530,554.0,150.0,visa,102.0,credit
C02735-K1,C02735,12462,555.0,121.0,visa,226.0,credit
C08487-K1,C08487,21904,532.0,150.0,mastercard,224.0,debit
C03624-K1,C03624,17991,399.0,150.0,american express,223.0,credit
C07427-K1,C07427,21517,399.0,150.0,american express,185.0,credit
C10782-K1,C10782,16395,520.0,150.0,american express,190.0,credit
C04631-K1,C04631,11053,390.0,150.0,mastercard,117.0,debit
C07549-K1,C07549,15866,517.0,150.0,mastercard,224.0,debit
C10336-K1,C10336,10244,553.0,150.0,visa,195.0,credit
C07018-K1,C07018,14298,555.0,198.0,visa,137.0,credit
C06475-K1,C06475,12189,555.0,150.0,visa,226.0,debit
C03886-K1,C03886,19196,161.0,150.0,visa,195.0,debit
C05910-K1,C05910,13731,543.0,150.0,mastercard,102.0,credit
C00370-K2,C00370,15731,512.0,150.0,mastercard,224.0,debit
C08220-K1,C08220,17549,176.0,185.0,mastercard,224.0,debit
C02116-K1,C02116,18370,555.0,147.0,visa,137.0,credit
C03875-K1,C03875,10530,555.0,150.0,visa,226.0,debit
C10489-K1,C10489,19946,122.0,150.0,mastercard,166.0,debit
C06902-K1,C06902,12051,111.0,150.0,mastercard,195.0,debit
C07079-K1,C07079,22999,555.0,150.0,visa,226.0,credit
C09801-K1,C09801,13308,555.0,150.0,visa,226.0,credit
C00680-K1,C00680,12159,555.0,150.0,visa,226.0,debit
C03475-K1,C03475,20583,111.0,150.0,mastercard,129.0,credit
C04323-K1,C04323,11674,553.0,150.0,visa,226.0,debit
C08626-K2,C08626,22312,366.0,162.0,mastercard,111.0,credit
C12220-K1,C12220,12797,555.0,150.0,visa,226.0,debit
C07666-K2,C07666,21947,512.0,150.0,mastercard,102.0,credit
C04692-K1,C04692,13850,553.0,150.0,visa,226.0,debit
C05144-K1,C05144,21083,555.0,106.0,visa,137.0,credit
C01736-K1,C01736,14109,555.0,150.0,visa,195.0,debit
C05706-K1,C05706,10388,512.0,150.0,mastercard,117.0,debit
C01008-K2,C01008,20178,512.0,150.0,mastercard,224.0,debit
C08548-K1,C08548,22542,555.0,150.0,visa,226.0,debit
C04973-K2,C04973,13371,216.0,150.0,mastercard,223.0,credit
C10160-K1,C10160,15037,143.0,150.0,visa,195.0,debit
C05035-K1,C05035,14905,321.0,150.0,visa,226.0,debit
C11042-K1,C11042,14596,555.0,150.0,visa,226.0,debit
C08631-K2,C08631,17450,512.0,150.0,mastercard,224.0,debit
C08129-K3,C08129,13070,555.0,150.0,visa,226.0,credit
C03779-K1,C03779,15143,583.0,150.0,visa,226.0,credit
C08158-K1,C08158,14142,321.0,150.0,visa,226.0,debit
C12972-K1,C12972,10914,399.0,150.0,american express,223.0,credit
C08740-K1,C08740,18134,512.0,150.0,visa,226.0,debit
C10854-K1,C10854,19070,567.0,150.0,visa,226.0,credit
C08843-K1,C08843,23458,390.0,150.0,mastercard,117.0,debit
C13474-K1,C13474,12057,178.0,150.0,mastercard,195.0,debit
C12790-K1,C12790,15515,,150.0,mastercard,,credit
C04711-K1,C04711,11345,555.0,150.0,visa,226.0,debit
C08624-K2,C08624,17910,512.0,150.0,mastercard,224.0,debit
C11514-K3,C11514,12998,512.0,150.0,mastercard,224.0,debit
C11325-K1,C11325,17639,225.0,150.0,mastercard,224.0,debit
C10290-K1,C10290,20043,555.0,195.0,mastercard,224.0,credit
C07098-K1,C07098,11127,364.0,146.0,mastercard,224.0,credit
C03606-K1,C03606,12128,555.0,150.0,visa,226.0,debit
C06654-K2,C06654,23545,514.0,150.0,mastercard,229.0,debit
C04608-K1,C04608,17471,469.0,203.0,mastercard,190.0,credit
C07202-K1,C07202,22112,555.0,213.0,visa,138.0,debit
C04849-K1,C04849,16090,420.0,150.0,mastercard,224.0,debit
C04221-K1,C04221,11226,555.0,197.0,visa,226.0,credit
C01725-K1,C01725,10423,555.0,150.0,visa,166.0,debit
C10536-K1,C10536,22070,555.0,150.0,visa,226.0,debit
C05764-K2,C05764,17817,512.0,150.0,mastercard,224.0,debit
C10090-K1,C10090,16700,555.0,102.0,mastercard,166.0,debit
C09699-K1,C09699,17846,143.0,150.0,visa,226.0,debit
C06921-K1,C06921,14310,215.0,150.0,mastercard,126.0,debit
C10882-K1,C10882,16622,390.0,150.0,mastercard,126.0,debit
C02601-K1,C02601,10972,310.0,150.0,mastercard,224.0,debit
C01366-K1,C01366,17216,518.0,150.0,visa,195.0,debit
C09023-K1,C09023,22740,555.0,122.0,mastercard,102.0,credit
C05771-K1,C05771,20277,555.0,150.0,visa,226.0,debit
C01449-K1,C01449,12839,555.0,150.0,visa,226.0,debit
C09505-K1,C09505,17333,555.0,102.0,visa,226.0,credit
C06273-K1,C06273,13021,555.0,210.0,visa,102.0,credit
C09534-K1,C09534,20777,555.0,150.0,visa,226.0,debit
C06066-K1,C06066,12401,174.0,150.0,visa,226.0,credit
C03455-K1,C03455,22578,512.0,150.0,mastercard,229.0,debit
C08714-K1,C08714,18222,555.0,150.0,mastercard,224.0,debit
C00256-K2,C00256,19544,174.0,150.0,mastercard,195.0,debit
C01625-K1,C01625,19396,555.0,150.0,visa,226.0,debit
C12200-K1,C12200,16124,555.0,150.0,visa,226.0,debit
C07395-K1,C07395,11840,555.0,150.0,mastercard,126.0,debit
C11016-K1,C11016,19914,555.0,150.0,visa,226.0,credit
C07783-K1,C07783,14887,151.0,150.0,visa,226.0,debit
C03958-K1,C03958,14900,532.0,150.0,mastercard,195.0,debit
C00349-K1,C00349,16610,143.0,150.0,visa,226.0,debit
C12013-K1,C12013,16185,555.0,106.0,mastercard,224.0,debit
C13168-K1,C13168,10849,,150.0,visa,,credit
C07610-K1,C07610,21980,321.0,150.0,visa,226.0,debit
C08054-K1,C08054,12689,414.0,143.0,mastercard,102.0,credit
C03045-K1,C03045,13231,555.0,225.0,visa,102.0,credit
C13363-K1,C13363,13696,555.0,150.0,visa,226.0,debit
C11869-K1,C11869,18796,512.0,150.0,mastercard,117.0,debit
C04490-K1,C04490,22567,554.0,150.0,visa,226.0,credit
C04584-K1,C04584,17919,555.0,150.0,visa,226.0,credit
C06507-K1,C06507,21755,543.0,150.0,mastercard,224.0,debit
C11349-K1,C11349,20383,555.0,150.0,visa,226.0,debit
C10521-K1,C10521,15856,555.0,121.0,mastercard,137.0,credit
C09875-K1,C09875,14720,555.0,146.0,visa,226.0,credit
C10436-K1,C10436,22757,501.0,150.0,visa,125.0,debit
C02600-K1,C02600,16829,555.0,148.0,mastercard,126.0,debit
C00412-K1,C00412,15948,390.0,150.0,mastercard,224.0,debit
C13074-K1,C13074,21127,555.0,150.0,visa,226.0,debit
C11902-K1,C11902,21919,555.0,204.0,visa,226.0,debit
C05139-K1,C05139,17437,,197.0,visa,102.0,credit
C04187-K1,C04187,16170,,150.0,american express,,credit
C08216-K1,C08216,16699,555.0,188.0,mastercard,224.0,credit
C08442-K1,C08442,12676,310.0,150.0,mastercard,224.0,debit
C11234-K1,C11234,13904,418.0,150.0,visa,166.0,debit
C06141-K1,C06141,11527,573.0,143.0,mastercard,137.0,credit
C10510-K1,C10510,19131,555.0,188.0,visa,137.0,credit
C11551-K1,C11551,15805,125.0,150.0,american express,,credit
C05000-K1,C05000,22389,555.0,150.0,visa,226.0,credit
C13477-K1,C13477,20294,512.0,150.0,mastercard,224.0,debit
C08633-K1,C08633,16573,555.0,100.0,visa,166.0,debit
C00217-K1,C00217,19483,555.0,150.0,visa,226.0,debit
C07132-K1,C07132,21438,512.0,150.0,mastercard,195.0,debit
C11752-K1,C11752,17263,555.0,150.0,mastercard,219.0,debit
C01097-K1,C01097,17397,583.0,150.0,visa,226.0,credit
C10028-K1,C10028,11765,555.0,150.0,visa,226.0,debit
C11572-K1,C11572,23374,555.0,150.0,visa,226.0,debit
C03055-K1,C03055,18570,369.0,150.0,mastercard,102.0,credit
C06163-K1,C06163,21548,268.0,150.0,mastercard,166.0,debit
C09738-K1,C09738,10716,399.0,150.0,american express,223.0,credit
C11218-K1,C11218,20672,555.0,150.0,visa,226.0,credit
C06106-K1,C06106,10424,555.0,150.0,visa,226.0,debit
C08763-K1,C08763,21895,134.0,150.0,mastercard,197.0,debit
C07324-K1,C07324,23185,555.0,188.0,mastercard,224.0,credit
C11521-K1,C11521,20851,555.0,188.0,mastercard,224.0,credit
C13356-K1,C13356,15597,555.0,150.0,visa,226.0,credit
C04364-K1,C04364,19689,555.0,166.0,visa,226.0,debit
C06389-K1,C06389,22808,181.0,150.0,visa,226.0,credit
C11922-K1,C11922,16468,206.0,150.0,mastercard,229.0,debit
C12138-K1,C12138,15949,555.0,150.0,visa,226.0,debit
C07853-K1,C07853,21465,555.0,150.0,visa,195.0,debit
C05667-K1,C05667,14917,321.0,150.0,visa,226.0,debit
C10194-K1,C10194,13248,555.0,150.0,visa,226.0,debit
C08435-K1,C08435,17361,543.0,150.0,mastercard,195.0,debit
C09408-K1,C09408,10380,543.0,150.0,mastercard,224.0,debit
C01914-K1,C01914,16537,555.0,190.0,visa,147.0,credit
C07672-K1,C07672,12673,555.0,150.0,visa,226.0,credit
C01785-K1,C01785,21918,181.0,150.0,visa,226.0,credit
C06725-K1,C06725,14835,555.0,146.0,visa,137.0,debit
C00046-K1,C00046,17735,555.0,150.0,visa,226.0,debit
C02051-K1,C02051,15961,555.0,106.0,visa,137.0,debit
C02603-K1,C02603,18885,562.0,150.0,mastercard,102.0,credit
C00605-K1,C00605,12606,390.0,150.0,mastercard,195.0,debit
C13112-K1,C13112,21990,555.0,150.0,visa,195.0,debit
C00074-K1,C00074,11152,369.0,150.0,mastercard,117.0,debit
C04217-K1,C04217,23452,555.0,223.0,visa,137.0,credit
C12021-K1,C12021,14678,555.0,159.0,mastercard,137.0,credit
C09263-K1,C09263,22058,555.0,150.0,visa,226.0,debit
C12331-K1,C12331,11328,399.0,150.0,american express,133.0,credit
C07532-K1,C07532,21739,555.0,162.0,visa,195.0,credit
C04906-K1,C04906,12990,321.0,150.0,visa,226.0,debit
C09866-K1,C09866,13861,,,,,
C00011-K1,C00011,16584,390.0,150.0,mastercard,224.0,debit
C01934-K1,C01934,15533,176.0,185.0,mastercard,102.0,debit
C08221-K1,C08221,12883,555.0,137.0,visa,226.0,credit
C08988-K1,C08988,13728,543.0,150.0,mastercard,224.0,debit
C05177-K1,C05177,23049,555.0,150.0,visa,226.0,debit
C04991-K1,C04991,21292,555.0,150.0,visa,195.0,debit
C03233-K1,C03233,19709,555.0,150.0,mastercard,195.0,debit
C02060-K1,C02060,22942,553.0,150.0,visa,226.0,debit
C06355-K1,C06355,20430,555.0,150.0,visa,226.0,debit
C02061-K1,C02061,12041,,213.0,visa,,credit
C06916-K1,C06916,13123,305.0,106.0,mastercard,224.0,credit
C10116-K1,C10116,14511,321.0,150.0,visa,226.0,debit
C11924-K1,C11924,12977,437.0,150.0,visa,195.0,debit
C04617-K1,C04617,13941,225.0,150.0,mastercard,117.0,debit
C05237-K1,C05237,18880,427.0,150.0,mastercard,102.0,credit
C11179-K1,C11179,17337,555.0,150.0,visa,226.0,debit
C01453-K1,C01453,22039,161.0,150.0,mastercard,,credit
C11570-K1,C11570,16713,543.0,150.0,mastercard,117.0,debit
C11106-K1,C11106,15296,555.0,150.0,visa,226.0,debit
C02473-K1,C02473,14523,138.0,200.0,visa,226.0,debit
C13551-K1,C13551,19290,420.0,150.0,mastercard,195.0,debit
C06953-K1,C06953,14939,555.0,188.0,visa,195.0,credit
C13217-K1,C13217,11709,214.0,150.0,visa,226.0,debit
C08139-K1,C08139,22805,512.0,150.0,mastercard,224.0,debit
C05299-K1,C05299,22859,555.0,150.0,visa,226.0,debit
C00077-K1,C00077,11606,555.0,138.0,visa,226.0,debit
C13106-K1,C13106,10453,122.0,150.0,mastercard,100.0,debit
C02820-K1,C02820,11124,555.0,150.0,visa,226.0,credit
C12392-K1,C12392,10089,580.0,106.0,visa,137.0,credit
C01804-K1,C01804,15694,555.0,150.0,visa,226.0,debit
C06321-K1,C06321,22650,555.0,146.0,visa,137.0,credit
C12766-K1,C12766,23450,555.0,137.0,visa,226.0,credit
C04132-K1,C04132,20744,277.0,144.0,visa,137.0,credit
C02011-K1,C02011,16869,555.0,150.0,visa,226.0,credit
C09844-K1,C09844,18780,555.0,150.0,visa,226.0,debit
C04955-K1,C04955,17917,302.0,150.0,visa,226.0,debit
C01235-K1,C01235,14207,512.0,150.0,mastercard,224.0,debit
C10979-K1,C10979,20647,174.0,150.0,visa,228.0,credit
C08282-K1,C08282,14801,543.0,150.0,mastercard,117.0,debit
C09374-K1,C09374,13137,555.0,162.0,visa,226.0,credit
C09702-K1,C09702,22962,512.0,150.0,mastercard,117.0,debit
C04005-K1,C04005,16473,399.0,150.0,american express,223.0,credit
C05626-K1,C05626,10334,555.0,150.0,visa,226.0,debit
C05374-K1,C05374,11947,399.0,150.0,american express,223.0,credit
C09645-K1,C09645,13380,555.0,150.0,visa,226.0,debit
C08328-K1,C08328,13356,555.0,150.0,visa,226.0,credit
C04909-K1,C04909,12743,512.0,150.0,visa,226.0,debit
C01455-K1,C01455,22113,555.0,150.0,visa,226.0,debit
C03256-K1,C03256,10798,228.0,106.0,visa,147.0,credit
C02666-K1,C02666,17016,485.0,150.0,mastercard,126.0,debit
C09256-K1,C09256,20625,478.0,150.0,visa,166.0,debit
C08655-K1,C08655,19274,555.0,119.0,visa,137.0,credit
C05545-K1,C05545,22799,555.0,210.0,visa,226.0,credit
C09973-K1,C09973,14834,555.0,150.0,visa,226.0,credit
C13127-K1,C13127,18305,512.0,150.0,mastercard,195.0,debit
C04233-K1,C04233,15661,555.0,197.0,mastercard,102.0,credit
C00315-K2,C00315,19806,512.0,150.0,mastercard,224.0,debit
C00694-K1,C00694,15753,302.0,150.0,visa,195.0,credit
C08838-K1,C08838,10461,520.0,150.0,american express,190.0,credit
C12190-K1,C12190,20138,555.0,191.0,visa,226.0,credit
C06209-K1,C06209,11938,111.0,150.0,mastercard,203.0,credit
C03811-K1,C03811,12120,555.0,131.0,mastercard,224.0,credit
C05990-K1,C05990,23233,555.0,189.0,mastercard,195.0,debit
C12373-K1,C12373,22400,,150.0,american express,,credit
C10762-K1,C10762,20815,242.0,150.0,visa,195.0,debit
C10198-K1,C10198,18164,555.0,150.0,visa,195.0,debit
C10235-K1,C10235,14842,555.0,117.0,visa,226.0,debit
C03928-K1,C03928,15074,275.0,150.0,mastercard,224.0,debit
C11895-K1,C11895,14893,,150.0,visa,195.0,credit
C10312-K1,C10312,15881,543.0,150.0,mastercard,224.0,debit
C12995-K1,C12995,10934,215.0,150.0,mastercard,203.0,credit
C11561-K2,C11561,22018,555.0,150.0,visa,226.0,debit
C00099-K1,C00099,23446,369.0,150.0,mastercard,224.0,debit
C13454-K1,C13454,14476,583.0,150.0,visa,195.0,debit
C12607-K2,C12607,19916,512.0,150.0,mastercard,117.0,debit
C01190-K1,C01190,16754,555.0,100.0,visa,226.0,credit
C07613-K1,C07613,21579,555.0,150.0,visa,226.0,credit
C10806-K1,C10806,19509,555.0,150.0,visa,226.0,credit
C01075-K1,C01075,21495,555.0,100.0,mastercard,102.0,credit
C03781-K1,C03781,14836,555.0,147.0,mastercard,134.0,credit
C03094-K1,C03094,22856,517.0,150.0,mastercard,224.0,debit
C05019-K1,C05019,19174,555.0,150.0,visa,226.0,debit
C05319-K1,C05319,12152,555.0,144.0,visa,137.0,credit
C05307-K3,C05307,20655,142.0,185.0,visa,189.0,debit
C04033-K3,C04033,17780,156.0,146.0,visa,226.0,credit
C06252-K1,C06252,15842,555.0,141.0,mastercard,219.0,credit
C07767-K2,C07767,11404,312.0,150.0,visa,226.0,debit
C06583-K1,C06583,11389,555.0,210.0,visa,226.0,credit
C09577-K1,C09577,16159,555.0,150.0,visa,226.0,debit
C08538-K1,C08538,23147,555.0,150.0,visa,226.0,debit
C10233-K1,C10233,22015,555.0,150.0,visa,226.0,debit
C12539-K1,C12539,13104,555.0,150.0,visa,226.0,debit
C00125-K1,C00125,15743,310.0,150.0,mastercard,224.0,debit
C13265-K1,C13265,20326,555.0,150.0,visa,226.0,debit
C13352-K1,C13352,16973,555.0,146.0,mastercard,166.0,debit
C00903-K1,C00903,14236,555.0,150.0,visa,166.0,debit
C07913-K2,C07913,11097,555.0,150.0,mastercard,117.0,debit
C00669-K1,C00669,10200,321.0,150.0,mastercard,195.0,credit
C04321-K1,C04321,17911,543.0,150.0,mastercard,224.0,debit
C13003-K1,C13003,21500,555.0,150.0,visa,226.0,debit
C02259-K1,C02259,10524,225.0,150.0,mastercard,224.0,debit
C04227-K1,C04227,12055,555.0,150.0,visa,226.0,debit
C01324-K1,C01324,22203,555.0,182.0,visa,102.0,credit
C07661-K1,C07661,17472,126.0,150.0,visa,226.0,debit
C03027-K1,C03027,22133,302.0,150.0,visa,195.0,debit
C03268-K1,C03268,22254,399.0,150.0,american express,223.0,credit
C08116-K1,C08116,22494,555.0,150.0,mastercard,117.0,debit
C11988-K1,C11988,17894,555.0,212.0,visa,137.0,credit
C00292-K1,C00292,20614,555.0,150.0,mastercard,102.0,debit
C01858-K1,C01858,11236,555.0,162.0,visa,137.0,debit
C09661-K1,C09661,22271,555.0,201.0,visa,226.0,credit
C08511-K2,C08511,11896,555.0,150.0,mastercard,229.0,debit
C12914-K1,C12914,16108,543.0,150.0,mastercard,224.0,debit
C05200-K1,C05200,21216,555.0,117.0,american express,166.0,debit
C04276-K3,C04276,20526,512.0,150.0,mastercard,117.0,debit
C10154-K1,C10154,19729,555.0,150.0,visa,226.0,debit
C07799-K1,C07799,18996,555.0,223.0,mastercard,111.0,credit
C01957-K1,C01957,22771,243.0,150.0,visa,226.0,debit
C11492-K1,C11492,15387,554.0,150.0,visa,226.0,credit
C01623-K1,C01623,20126,555.0,100.0,mastercard,137.0,credit
C06317-K1,C06317,20998,555.0,150.0,visa,226.0,debit
C04636-K1,C04636,17097,555.0,150.0,visa,226.0,debit
C13534-K1,C13534,13150,420.0,150.0,mastercard,102.0,credit
C12436-K1,C12436,16082,554.0,150.0,mastercard,224.0,debit
C12474-K1,C12474,15720,555.0,150.0,visa,226.0,credit
C12570-K1,C12570,16225,555.0,150.0,visa,226.0,debit
C06517-K1,C06517,10899,555.0,188.0,visa,102.0,credit
C10819-K1,C10819,22781,555.0,162.0,visa,226.0,debit
C08061-K1,C08061,18963,555.0,210.0,mastercard,232.0,credit
C00794-K1,C00794,17557,491.0,150.0,visa,226.0,debit
C09910-K1,C09910,20306,555.0,150.0,visa,226.0,debit
C02988-K1,C02988,17986,490.0,150.0,visa,226.0,debit
C10146-K1,C10146,11164,420.0,150.0,mastercard,195.0,debit
C04520-K1,C04520,15265,555.0,188.0,visa,137.0,credit
C04981-K1,C04981,23236,512.0,150.0,mastercard,117.0,debit
C12693-K1,C12693,11434,543.0,150.0,mastercard,224.0,debit
C13232-K1,C13232,11631,174.0,150.0,mastercard,,credit
C12683-K1,C12683,22729,512.0,150.0,mastercard,163.0,debit
C06982-K1,C06982,12936,111.0,150.0,mastercard,195.0,debit
C07268-K1,C07268,21868,321.0,150.0,visa,226.0,debit
C08118-K1,C08118,11500,555.0,133.0,visa,195.0,credit
C01386-K1,C01386,16858,555.0,150.0,visa,226.0,debit
C05577-K1,C05577,21665,555.0,150.0,visa,226.0,credit
C12817-K1,C12817,15173,512.0,150.0,mastercard,224.0,debit
C07203-K2,C07203,22129,,150.0,mastercard,,debit
C05598-K1,C05598,17317,543.0,150.0,mastercard,224.0,debit
C01039-K1,C01039,16807,555.0,150.0,visa,226.0,debit
C07049-K2,C07049,21792,512.0,150.0,mastercard,195.0,debit
C13444-K1,C13444,17473,321.0,150.0,visa,226.0,debit
C12565-K2,C12565,20887,514.0,150.0,mastercard,195.0,credit
C00478-K1,C00478,20843,554.0,150.0,visa,226.0,debit
C01945-K1,C01945,13989,555.0,150.0,visa,226.0,debit
C04246-K1,C04246,22708,555.0,142.0,mastercard,195.0,credit
C04309-K2,C04309,16892,555.0,150.0,mastercard,102.0,debit
C03350-K1,C03350,11705,555.0,177.0,mastercard,224.0,debit
C11579-K1,C11579,18604,543.0,150.0,mastercard,195.0,debit
C06334-K1,C06334,13264,390.0,150.0,mastercard,195.0,debit
C03170-K1,C03170,16934,321.0,150.0,visa,195.0,debit
C01708-K1,C01708,14947,555.0,142.0,mastercard,137.0,debit
C11318-K1,C11318,22042,555.0,150.0,visa,226.0,debit
C10714-K1,C10714,12649,265.0,150.0,visa,226.0,debit
C07955-K1,C07955,15628,302.0,150.0,visa,226.0,debit
C04139-K1,C04139,16360,555.0,150.0,american express,143.0,credit
C03993-K1,C03993,11714,390.0,150.0,mastercard,117.0,debit
C02267-K1,C02267,19401,555.0,150.0,visa,226.0,debit
C09705-K1,C09705,18926,225.0,150.0,mastercard,195.0,debit
C12735-K1,C12735,22356,225.0,150.0,mastercard,102.0,credit
C09879-K1,C09879,16476,543.0,150.0,mastercard,224.0,debit
C00645-K1,C00645,11105,,150.0,visa,195.0,debit
C04924-K1,C04924,16665,555.0,150.0,visa,226.0,debit
C04950-K2,C04950,15348,512.0,150.0,mastercard,224.0,debit
C03046-K1,C03046,10052,489.0,150.0,mastercard,195.0,credit
C07113-K1,C07113,10088,555.0,146.0,visa,137.0,credit
C04412-K1,C04412,18037,543.0,150.0,mastercard,224.0,debit
C10584-K1,C10584,19262,143.0,150.0,visa,226.0,debit
C04625-K1,C04625,11457,555.0,121.0,mastercard,224.0,credit
C06155-K1,C06155,16417,555.0,150.0,visa,226.0,credit
C06192-K1,C06192,20337,111.0,150.0,mastercard,195.0,debit
C00586-K1,C00586,17677,555.0,150.0,visa,226.0,debit
C07496-K1,C07496,22582,555.0,150.0,visa,226.0,debit
C09272-K1,C09272,22728,298.0,150.0,mastercard,137.0,credit
C09062-K1,C09062,13746,225.0,150.0,mastercard,195.0,debit
C01312-K1,C01312,16008,142.0,185.0,mastercard,114.0,credit
C13553-K1,C13553,20627,134.0,142.0,visa,162.0,credit
C03961-K1,C03961,19755,555.0,150.0,visa,166.0,debit
C09292-K3,C09292,11272,555.0,150.0,mastercard,117.0,debit
C03775-K1,C03775,21821,555.0,149.0,mastercard,137.0,credit
C01038-K1,C01038,12618,555.0,150.0,visa,195.0,debit
C08864-K1,C08864,14642,225.0,150.0,mastercard,117.0,debit
C09182-K1,C09182,18366,555.0,150.0,visa,194.0,credit
C05119-K1,C05119,14824,555.0,150.0,mastercard,219.0,debit
C01151-K1,C01151,10396,555.0,150.0,mastercard,219.0,credit
C01530-K1,C01530,20549,225.0,150.0,mastercard,137.0,credit
C00372-K1,C00372,11851,555.0,150.0,visa,195.0,debit
C00170-K2,C00170,21693,555.0,150.0,visa,226.0,credit
C02901-K1,C02901,17191,352.0,117.0,visa,226.0,debit
C01189-K1,C01189,18489,348.0,150.0,mastercard,224.0,credit
C01967-K1,C01967,13586,418.0,150.0,visa,141.0,credit
C03572-K1,C03572,22495,399.0,150.0,american express,132.0,credit
C02570-K1,C02570,11360,143.0,150.0,visa,226.0,debit
C00600-K1,C00600,19155,117.0,150.0,visa,195.0,debit
C08309-K1,C08309,10201,555.0,150.0,visa,226.0,debit
C06144-K1,C06144,20470,580.0,106.0,visa,147.0,credit
C10008-K3,C10008,17664,445.0,150.0,mastercard,166.0,debit
C05286-K1,C05286,22615,554.0,150.0,visa,226.0,credit
C07550-K1,C07550,13553,555.0,150.0,visa,195.0,debit
C01191-K1,C01191,15435,555.0,162.0,visa,226.0,debit
C00405-K2,C00405,19320,176.0,185.0,visa,102.0,debit
C12401-K1,C12401,14593,463.0,144.0,visa,147.0,credit
C00506-K1,C00506,20670,555.0,185.0,mastercard,126.0,debit
C11608-K1,C11608,10985,310.0,150.0,mastercard,195.0,debit
C06632-K1,C06632,22760,555.0,188.0,mastercard,232.0,credit
C04004-K2,C04004,11722,134.0,185.0,mastercard,102.0,credit
C10557-K1,C10557,17890,275.0,150.0,mastercard,163.0,debit
C11252-K1,C11252,13241,555.0,134.0,mastercard,126.0,debit
C09887-K1,C09887,15768,555.0,150.0,visa,166.0,debit
C08088-K1,C08088,15050,555.0,150.0,visa,195.0,debit
C11786-K1,C11786,18818,555.0,150.0,visa,226.0,credit
C03591-K1,C03591,11119,225.0,150.0,mastercard,166.0,debit
C01029-K1,C01029,13274,321.0,150.0,visa,226.0,debit
C07305-K1,C07305,18944,514.0,150.0,mastercard,224.0,credit
C07753-K2,C07753,18466,111.0,150.0,visa,226.0,debit
C11888-K1,C11888,11040,555.0,185.0,mastercard,224.0,debit
C11811-K1,C11811,16470,555.0,150.0,visa,226.0,debit
C10447-K1,C10447,17233,126.0,150.0,visa,226.0,debit
C07525-K1,C07525,20398,555.0,150.0,visa,226.0,credit
C01239-K1,C01239,18444,490.0,150.0,visa,195.0,debit
C04054-K1,C04054,14938,310.0,150.0,mastercard,224.0,debit
C06057-K1,C06057,10947,310.0,150.0,mastercard,224.0,debit
C08835-K1,C08835,12962,555.0,195.0,visa,226.0,debit
C13494-K2,C13494,14765,555.0,150.0,visa,226.0,debit
C06201-K1,C06201,16011,555.0,150.0,visa,226.0,debit
C02296-K1,C02296,13408,,150.0,visa,162.0,credit
C07796-K1,C07796,16495,555.0,150.0,visa,226.0,debit
C10497-K1,C10497,21576,321.0,150.0,visa,226.0,debit
C04254-K1,C04254,10497,514.0,150.0,mastercard,224.0,credit
C09115-K1,C09115,15637,555.0,150.0,visa,226.0,credit
C04851-K1,C04851,17147,555.0,150.0,visa,226.0,debit
C04018-K1,C04018,17068,512.0,150.0,visa,226.0,debit
C06828-K1,C06828,18758,555.0,150.0,visa,226.0,credit
C09021-K1,C09021,11094,555.0,150.0,visa,226.0,debit
C04820-K1,C04820,21409,555.0,150.0,visa,226.0,debit
C02210-K1,C02210,17241,225.0,150.0,mastercard,224.0,debit
C05478-K1,C05478,14516,555.0,162.0,visa,226.0,credit
C04216-K1,C04216,22483,555.0,150.0,visa,126.0,debit
C13235-K1,C13235,13239,555.0,144.0,visa,226.0,credit
C05509-K2,C05509,19569,,143.0,visa,226.0,credit
C02369-K1,C02369,18968,555.0,106.0,mastercard,102.0,debit
C02697-K1,C02697,21782,399.0,150.0,american express,132.0,credit
C11650-K1,C11650,22743,555.0,102.0,visa,138.0,debit
C06594-K1,C06594,22365,126.0,150.0,visa,226.0,debit
C10628-K1,C10628,17307,555.0,142.0,visa,102.0,credit
C05751-K2,C05751,18642,,150.0,visa,226.0,debit
C03791-K1,C03791,12251,390.0,150.0,mastercard,117.0,debit
C11764-K1,C11764,13113,555.0,150.0,visa,226.0,debit
C04823-K1,C04823,23251,520.0,150.0,american express,190.0,credit
C08975-K2,C08975,12511,100.0,150.0,visa,226.0,debit
C10567-K1,C10567,14084,555.0,150.0,visa,226.0,credit
C05582-K1,C05582,11175,555.0,213.0,visa,138.0,debit
C00554-K1,C00554,18832,555.0,198.0,visa,226.0,debit
C00225-K1,C00225,13396,,150.0,visa,,credit
C01971-K1,C01971,10646,364.0,146.0,mastercard,126.0,debit
C10106-K1,C10106,18114,543.0,150.0,mastercard,224.0,debit
C12522-K1,C12522,22918,512.0,150.0,mastercard,117.0,debit
C03795-K1,C03795,14082,555.0,150.0,visa,226.0,debit
C12502-K1,C12502,15114,399.0,150.0,american express,223.0,credit
C04687-K1,C04687,16471,555.0,117.0,visa,226.0,debit
C07408-K1,C07408,11080,555.0,200.0,,226.0,debit
C12156-K1,C12156,19363,520.0,150.0,american express,190.0,credit
C00738-K1,C00738,19894,399.0,150.0,american express,236.0,credit
C08497-K1,C08497,16402,555.0,146.0,visa,226.0,credit
C00950-K1,C00950,10917,555.0,147.0,mastercard,126.0,debit
C05752-K1,C05752,10543,555.0,150.0,visa,226.0,debit
C06889-K1,C06889,13657,555.0,191.0,visa,226.0,credit
C09103-K1,C09103,10599,143.0,150.0,visa,226.0,debit
C08057-K1,C08057,11864,555.0,135.0,visa,226.0,credit
C00720-K1,C00720,22210,555.0,185.0,visa,102.0,credit
C06967-K1,C06967,17255,368.0,100.0,visa,137.0,credit
C01327-K1,C01327,19499,555.0,150.0,mastercard,126.0,debit
C09978-K1,C09978,14015,555.0,150.0,visa,226.0,debit
C13148-K1,C13148,19857,554.0,150.0,visa,226.0,debit
C05972-K1,C05972,12349,555.0,150.0,visa,226.0,credit
C01720-K2,C01720,11673,111.0,150.0,visa,226.0,debit
C00015-K2,C00015,17172,512.0,150.0,mastercard,117.0,debit
C11705-K1,C11705,17628,555.0,150.0,visa,226.0,debit
C00461-K1,C00461,17013,555.0,150.0,visa,195.0,debit
C03746-K1,C03746,19186,555.0,182.0,mastercard,232.0,credit
C12440-K2,C12440,21433,185.0,150.0,visa,226.0,debit
C06695-K1,C06695,15962,555.0,222.0,visa,137.0,credit
C03033-K1,C03033,22555,143.0,150.0,visa,226.0,debit
C11664-K1,C11664,18431,512.0,150.0,visa,226.0,debit
C11519-K1,C11519,14605,555.0,150.0,visa,226.0,debit
C07797-K1,C07797,12107,555.0,150.0,visa,226.0,debit
C01214-K1,C01214,15549,555.0,144.0,mastercard,166.0,debit
C11824-K1,C11824,17058,299.0,150.0,visa,226.0,debit
C06729-K1,C06729,22198,555.0,150.0,visa,226.0,debit
C00378-K1,C00378,15254,554.0,150.0,visa,226.0,credit
C06095-K1,C06095,19788,567.0,150.0,mastercard,195.0,debit
C06374-K1,C06374,21914,399.0,150.0,american express,185.0,credit
C09659-K1,C09659,22634,517.0,150.0,mastercard,224.0,debit
C07980-K1,C07980,13083,555.0,150.0,visa,226.0,credit
C07046-K1,C07046,18290,555.0,150.0,visa,226.0,debit
C04209-K1,C04209,17209,555.0,150.0,visa,226.0,debit
C00279-K1,C00279,16464,225.0,150.0,mastercard,195.0,debit
C06476-K1,C06476,14531,555.0,150.0,visa,226.0,debit
C11948-K1,C11948,12879,555.0,100.0,mastercard,232.0,credit
C02892-K1,C02892,18741,512.0,150.0,mastercard,224.0,credit
C01629-K1,C01629,20252,143.0,150.0,visa,226.0,debit
C01937-K1,C01937,14194,,150.0,mastercard,,credit
C01127-K1,C01127,19713,555.0,150.0,visa,226.0,credit
C00080-K1,C00080,12284,555.0,134.0,visa,226.0,credit
C13339-K1,C13339,12940,321.0,150.0,visa,226.0,debit
C06914-K1,C06914,22280,399.0,150.0,american express,223.0,credit
C00013-K1,C00013,19046,555.0,144.0,mastercard,141.0,credit
C06332-K1,C06332,14276,225.0,150.0,mastercard,102.0,credit
C02652-K1,C02652,20902,555.0,210.0,mastercard,137.0,credit
C05220-K1,C05220,21733,555.0,150.0,visa,226.0,debit
C10331-K2,C10331,22630,512.0,150.0,mastercard,117.0,debit
C04373-K1,C04373,15413,399.0,150.0,american express,223.0,credit
C10676-K1,C10676,12929,555.0,150.0,visa,226.0,credit
C13203-K1,C13203,21666,555.0,150.0,visa,138.0,debit
C09881-K1,C09881,13653,555.0,150.0,visa,226.0,debit
C05981-K1,C05981,19437,553.0,150.0,visa,226.0,credit
C08911-K1,C08911,12452,555.0,190.0,visa,102.0,debit
C04136-K1,C04136,11184,399.0,150.0,american express,223.0,credit
C05067-K1,C05067,21603,555.0,150.0,visa,226.0,credit
C00690-K1,C00690,22315,512.0,150.0,visa,141.0,credit
C04510-K1,C04510,15221,512.0,150.0,mastercard,117.0,debit
C07984-K1,C07984,14690,555.0,135.0,mastercard,224.0,credit
C00053-K1,C00053,19448,555.0,150.0,mastercard,195.0,debit
C06162-K1,C06162,20706,,150.0,visa,226.0,credit
C03728-K1,C03728,22601,399.0,150.0,american express,119.0,credit
C12140-K1,C12140,21674,235.0,150.0,visa,195.0,debit
C10482-K1,C10482,21638,555.0,150.0,visa,226.0,credit
C08208-K1,C08208,18200,310.0,150.0,mastercard,224.0,debit
C12807-K1,C12807,13271,352.0,117.0,mastercard,134.0,credit
C00447-K1,C00447,14311,555.0,150.0,visa,226.0,debit
C07429-K1,C07429,20569,555.0,150.0,mastercard,117.0,debit
C01607-K1,C01607,15255,321.0,150.0,visa,226.0,debit
C12706-K1,C12706,19112,555.0,213.0,visa,200.0,debit
C13075-K2,C13075,19656,161.0,150.0,mastercard,219.0,credit
C00551-K1,C00551,18824,555.0,150.0,visa,226.0,credit
C06104-K1,C06104,20884,555.0,150.0,visa,226.0,credit
C03248-K1,C03248,12367,555.0,150.0,visa,226.0,credit
C02846-K1,C02846,11141,,150.0,visa,226.0,credit
C03217-K1,C03217,18865,310.0,150.0,mastercard,224.0,debit
C01948-K1,C01948,20051,,150.0,visa,,credit
C00411-K1,C00411,22297,520.0,150.0,american express,190.0,credit
C09835-K1,C09835,10149,378.0,106.0,mastercard,219.0,debit
C05922-K2,C05922,12154,,150.0,mastercard,117.0,debit
C07266-K1,C07266,15495,543.0,150.0,mastercard,117.0,debit
C13254-K2,C13254,20645,555.0,185.0,mastercard,139.0,debit
C01865-K1,C01865,10967,555.0,182.0,visa,147.0,credit
C12739-K1,C12739,20755,520.0,150.0,american express,190.0,credit
C02973-K1,C02973,12753,,150.0,visa,166.0,debit
C12000-K1,C12000,17265,,150.0,visa,,credit
C02100-K1,C02100,12069,555.0,150.0,visa,226.0,debit
C06144-K2,C06144,20470,580.0,106.0,visa,147.0,debit
C10540-K1,C10540,20045,321.0,150.0,mastercard,126.0,debit
C12864-K1,C12864,19768,555.0,150.0,visa,226.0,debit
C07900-K1,C07900,20338,555.0,150.0,visa,226.0,credit
C10967-K2,C10967,15204,443.0,150.0,mastercard,102.0,debit
C07315-K1,C07315,22176,554.0,150.0,mastercard,224.0,credit
C06645-K2,C06645,14079,555.0,150.0,visa,226.0,debit
C05950-K1,C05950,21397,555.0,150.0,visa,226.0,credit
C03942-K1,C03942,12719,203.0,150.0,mastercard,195.0,credit
C08466-K2,C08466,18901,,143.0,visa,226.0,credit
C10818-K1,C10818,16956,555.0,150.0,visa,195.0,debit
C02943-K1,C02943,17950,555.0,150.0,visa,226.0,debit
C12271-K1,C12271,16543,310.0,150.0,mastercard,195.0,debit
C04163-K1,C04163,23487,555.0,150.0,visa,226.0,debit
C08568-K1,C08568,16964,,182.0,visa,147.0,credit
C11093-K1,C11093,20867,399.0,150.0,american express,132.0,credit
C01412-K1,C01412,19769,225.0,150.0,mastercard,224.0,debit
C12377-K1,C12377,11379,443.0,150.0,mastercard,224.0,debit
C03966-K1,C03966,23217,555.0,150.0,visa,195.0,debit
C06082-K1,C06082,18111,555.0,213.0,visa,226.0,credit
C10868-K1,C10868,23135,,150.0,mastercard,,credit
C02361-K1,C02361,12312,,150.0,visa,226.0,credit
C02144-K1,C02144,16250,555.0,150.0,visa,195.0,debit
C02252-K1,C02252,15896,555.0,150.0,visa,226.0,debit
C01074-K1,C01074,15448,555.0,141.0,mastercard,224.0,credit
C13202-K1,C13202,21841,555.0,150.0,visa,226.0,debit
C11113-K1,C11113,19774,236.0,150.0,visa,226.0,credit
C11969-K1,C11969,19454,555.0,166.0,mastercard,224.0,debit
C02185-K1,C02185,20317,554.0,150.0,mastercard,224.0,debit
C00371-K1,C00371,14081,555.0,150.0,visa,226.0,debit
C07271-K1,C07271,18087,555.0,150.0,visa,226.0,credit
C07718-K1,C07718,12634,520.0,150.0,american express,190.0,credit
C01724-K1,C01724,20123,127.0,150.0,mastercard,102.0,credit
C04920-K1,C04920,19895,275.0,150.0,mastercard,224.0,debit
C07813-K1,C07813,21778,225.0,150.0,mastercard,117.0,debit
C13250-K1,C13250,19060,555.0,150.0,visa,226.0,credit
C11396-K1,C11396,12352,555.0,150.0,visa,226.0,debit
C04953-K1,C04953,16536,555.0,137.0,visa,102.0,credit
C07498-K2,C07498,17115,580.0,106.0,visa,147.0,debit
C02497-K1,C02497,10505,489.0,150.0,mastercard,197.0,credit
C04079-K1,C04079,15860,555.0,183.0,visa,162.0,credit
C06711-K1,C06711,19429,555.0,149.0,mastercard,224.0,credit
C09194-K1,C09194,20701,555.0,150.0,mastercard,117.0,debit
C01198-K1,C01198,16897,555.0,117.0,mastercard,126.0,debit
C00327-K1,C00327,12353,,150.0,visa,223.0,credit
C06781-K1,C06781,21376,512.0,150.0,mastercard,117.0,debit
C01591-K2,C01591,11154,,150.0,mastercard,224.0,debit
C10669-K1,C10669,22691,555.0,143.0,mastercard,224.0,debit
C03736-K1,C03736,17054,555.0,229.0,mastercard,224.0,credit
C12998-K1,C12998,22458,555.0,150.0,visa,226.0,credit
C09569-K1,C09569,14451,364.0,146.0,mastercard,166.0,debit
C07780-K1,C07780,20324,399.0,150.0,american express,137.0,credit
C12135-K1,C12135,14812,,150.0,american express,,credit
C04982-K1,C04982,22388,517.0,150.0,mastercard,224.0,debit
C00565-K2,C00565,11204,555.0,150.0,visa,226.0,debit
C08203-K2,C08203,23331,555.0,150.0,mastercard,117.0,debit
C10077-K1,C10077,19876,555.0,150.0,visa,226.0,debit
C11166-K1,C11166,20291,554.0,150.0,visa,226.0,credit
C06785-K1,C06785,15512,555.0,148.0,mastercard,137.0,credit
C04517-K2,C04517,14204,555.0,150.0,visa,226.0,credit
C02856-K1,C02856,13224,555.0,150.0,visa,226.0,credit
C07426-K1,C07426,22169,302.0,150.0,visa,226.0,debit
C12218-K1,C12218,18985,225.0,150.0,mastercard,166.0,debit
C13469-K1,C13469,21882,478.0,150.0,visa,226.0,credit
C06498-K1,C06498,22150,543.0,150.0,mastercard,224.0,debit
C05339-K1,C05339,13745,543.0,150.0,mastercard,224.0,debit
C01170-K1,C01170,18976,420.0,150.0,mastercard,195.0,debit
C08898-K1,C08898,20592,555.0,223.0,mastercard,102.0,debit
C09066-K1,C09066,17389,111.0,150.0,visa,226.0,debit
C01371-K1,C01371,10974,554.0,150.0,visa,226.0,debit
C12746-K1,C12746,17292,555.0,117.0,mastercard,224.0,credit
C08592-K2,C08592,16232,305.0,106.0,mastercard,224.0,debit
C09989-K1,C09989,10622,225.0,150.0,visa,195.0,credit
C06414-K1,C06414,14683,586.0,150.0,mastercard,137.0,credit
C07875-K1,C07875,11853,555.0,150.0,visa,226.0,debit
C09498-K1,C09498,11803,545.0,185.0,visa,138.0,debit
C02155-K1,C02155,17491,390.0,150.0,mastercard,224.0,debit
C10047-K1,C10047,20035,555.0,150.0,visa,226.0,debit
C00619-K1,C00619,17642,555.0,150.0,visa,226.0,credit
C09921-K1,C09921,14804,420.0,150.0,mastercard,224.0,debit
C11578-K1,C11578,12546,321.0,150.0,visa,226.0,debit
C12316-K1,C12316,17041,555.0,150.0,visa,226.0,debit
C07970-K1,C07970,11318,517.0,150.0,mastercard,224.0,debit
C02650-K1,C02650,19275,555.0,150.0,visa,226.0,credit
C09204-K2,C09204,21264,554.0,150.0,mastercard,219.0,credit
C13277-K1,C13277,12203,555.0,155.0,visa,,credit
C09907-K1,C09907,14244,527.0,150.0,visa,226.0,debit
C05763-K1,C05763,17564,555.0,150.0,visa,226.0,credit
C05311-K1,C05311,12234,554.0,150.0,visa,226.0,credit
C03104-K1,C03104,10450,399.0,150.0,american express,137.0,credit
C10094-K1,C10094,15155,179.0,106.0,visa,137.0,credit
C12184-K1,C12184,11981,473.0,150.0,mastercard,224.0,debit
C02802-K1,C02802,10705,555.0,150.0,visa,195.0,debit
C10109-K1,C10109,20657,555.0,150.0,visa,226.0,debit
C08129-K2,C08129,13070,555.0,150.0,visa,195.0,debit
C00470-K1,C00470,22677,555.0,150.0,visa,226.0,debit
C01965-K2,C01965,13659,275.0,150.0,mastercard,224.0,debit
C05541-K2,C05541,15959,224.0,106.0,mastercard,224.0,debit
C06346-K1,C06346,19883,555.0,150.0,mastercard,224.0,debit
C07090-K1,C07090,10028,555.0,150.0,mastercard,117.0,debit
C10537-K1,C10537,13503,555.0,150.0,mastercard,117.0,debit
C05123-K1,C05123,16388,399.0,150.0,american express,137.0,credit
C05717-K1,C05717,13625,555.0,106.0,mastercard,224.0,credit
C07656-K1,C07656,17902,399.0,150.0,american express,223.0,credit
C05580-K1,C05580,22319,555.0,131.0,mastercard,224.0,credit
C12627-K1,C12627,12007,399.0,150.0,american express,223.0,credit
C04615-K1,C04615,19613,194.0,150.0,mastercard,190.0,credit
C02449-K1,C02449,20076,390.0,150.0,mastercard,195.0,debit
C10640-K1,C10640,23062,225.0,150.0,mastercard,195.0,debit
C04880-K1,C04880,17201,555.0,102.0,mastercard,166.0,debit
C04836-K2,C04836,18834,434.0,150.0,visa,226.0,credit
C03039-K1,C03039,21692,555.0,133.0,mastercard,126.0,debit
C05117-K1,C05117,13328,527.0,150.0,visa,195.0,debit
C03794-K1,C03794,11374,222.0,150.0,visa,226.0,credit
C07553-K1,C07553,15417,543.0,150.0,mastercard,224.0,debit
C07143-K1,C07143,13499,321.0,150.0,visa,226.0,debit
C02900-K1,C02900,22102,162.0,150.0,visa,226.0,credit
C05363-K2,C05363,10763,555.0,166.0,visa,226.0,debit
C12828-K1,C12828,20349,275.0,150.0,mastercard,224.0,debit
C05258-K1,C05258,10381,473.0,150.0,mastercard,224.0,debit
C02457-K1,C02457,19400,543.0,150.0,mastercard,224.0,debit
C11470-K1,C11470,16758,268.0,150.0,visa,166.0,debit
C03090-K1,C03090,23473,555.0,150.0,visa,226.0,debit
C06859-K1,C06859,14336,555.0,150.0,visa,226.0,debit
C05353-K1,C05353,11062,543.0,150.0,mastercard,224.0,debit
C03461-K1,C03461,15015,555.0,150.0,visa,226.0,credit
C05488-K1,C05488,11813,151.0,150.0,visa,226.0,debit
C05261-K1,C05261,22146,302.0,150.0,visa,226.0,credit
C09439-K1,C09439,10851,111.0,150.0,visa,141.0,credit
C10274-K1,C10274,12236,554.0,150.0,visa,226.0,credit
C06641-K1,C06641,15587,554.0,150.0,visa,226.0,debit
C07207-K1,C07207,14214,399.0,150.0,american express,133.0,credit
C13378-K1,C13378,18080,555.0,150.0,visa,226.0,debit
C05744-K2,C05744,21071,310.0,150.0,mastercard,224.0,debit
C09509-K1,C09509,13170,369.0,150.0,mastercard,224.0,debit
C05931-K1,C05931,11951,555.0,150.0,visa,226.0,debit
C13510-K1,C13510,19198,310.0,150.0,mastercard,224.0,debit
C07087-K1,C07087,19405,404.0,150.0,mastercard,102.0,credit
C10332-K1,C10332,15378,221.0,150.0,visa,226.0,credit
C05532-K1,C05532,20427,555.0,150.0,visa,226.0,credit
C08298-K1,C08298,14578,,150.0,visa,226.0,debit
C03137-K2,C03137,11836,555.0,150.0,visa,226.0,debit
C06810-K1,C06810,22425,555.0,150.0,visa,226.0,credit
C01577-K1,C01577,18253,555.0,150.0,discover,100.0,debit
C01793-K1,C01793,13770,555.0,162.0,visa,226.0,credit
C13393-K2,C13393,21550,562.0,150.0,mastercard,197.0,debit
C11012-K1,C11012,19373,555.0,150.0,visa,226.0,debit
C04926-K1,C04926,13400,555.0,150.0,visa,226.0,credit
C01798-K1,C01798,19153,,150.0,mastercard,,credit
C00183-K1,C00183,11843,555.0,183.0,visa,137.0,credit
C01098-K1,C01098,18430,555.0,134.0,visa,102.0,credit
C11950-K1,C11950,21526,414.0,143.0,visa,226.0,credit
C05271-K1,C05271,14903,543.0,150.0,mastercard,224.0,debit
C11671-K1,C11671,10320,143.0,150.0,visa,226.0,debit
C06449-K1,C06449,14710,360.0,150.0,visa,100.0,debit
C03186-K1,C03186,15082,555.0,149.0,mastercard,126.0,debit
C09065-K1,C09065,22463,399.0,150.0,american express,137.0,credit
C07250-K1,C07250,18662,490.0,150.0,visa,100.0,debit
C04458-K1,C04458,11733,555.0,223.0,visa,102.0,debit
C12438-K1,C12438,11593,555.0,100.0,visa,166.0,debit
C13358-K1,C13358,15586,543.0,150.0,mastercard,224.0,debit
C03430-K1,C03430,17611,390.0,150.0,mastercard,224.0,debit
C11022-K1,C11022,22875,555.0,150.0,mastercard,102.0,credit
C03509-K1,C03509,14266,310.0,150.0,mastercard,224.0,debit
C08690-K1,C08690,19052,580.0,106.0,visa,,debit
C08050-K1,C08050,21497,555.0,150.0,visa,226.0,credit
C04389-K1,C04389,18848,390.0,150.0,mastercard,224.0,debit
C01900-K1,C01900,16334,225.0,150.0,mastercard,117.0,debit
C13223-K1,C13223,17854,555.0,144.0,mastercard,195.0,credit
C09067-K1,C09067,21414,390.0,150.0,mastercard,224.0,debit
C03359-K2,C03359,20462,512.0,150.0,mastercard,224.0,debit
C09747-K1,C09747,13085,555.0,215.0,mastercard,224.0,debit
C03250-K1,C03250,21505,181.0,150.0,visa,226.0,credit
C02843-K1,C02843,16137,390.0,150.0,mastercard,224.0,debit
C00495-K1,C00495,21010,,150.0,mastercard,,credit
C13394-K1,C13394,14475,111.0,150.0,visa,226.0,credit
C04986-K1,C04986,12769,420.0,150.0,mastercard,195.0,credit
C00434-K1,C00434,20841,555.0,150.0,visa,226.0,credit
C03163-K1,C03163,21956,555.0,150.0,visa,226.0,debit
C09940-K1,C09940,16149,555.0,117.0,visa,102.0,credit
C06829-K1,C06829,19795,555.0,150.0,visa,,credit
C00065-K1,C00065,19270,555.0,190.0,visa,137.0,credit
C10403-K1,C10403,21276,225.0,150.0,mastercard,224.0,debit
C08599-K1,C08599,17086,555.0,150.0,visa,195.0,debit
C01484-K1,C01484,12302,555.0,150.0,visa,226.0,debit
C09086-K1,C09086,13446,529.0,150.0,visa,226.0,debit
C08253-K1,C08253,22139,555.0,141.0,visa,102.0,debit
C09845-K1,C09845,17159,555.0,100.0,mastercard,137.0,credit
C05333-K1,C05333,12446,555.0,150.0,visa,226.0,debit
C09865-K1,C09865,13394,555.0,106.0,mastercard,224.0,debit
C08182-K1,C08182,11219,555.0,150.0,visa,226.0,credit
C05134-K1,C05134,10677,555.0,146.0,visa,226.0,credit
C01503-K1,C01503,21181,225.0,150.0,mastercard,117.0,debit
C07409-K1,C07409,18617,366.0,162.0,visa,226.0,credit
C08201-K1,C08201,11187,555.0,133.0,mastercard,224.0,debit
C09450-K1,C09450,21009,142.0,185.0,visa,228.0,credit
C11119-K1,C11119,16908,,150.0,visa,226.0,credit
C06347-K1,C06347,16696,543.0,150.0,mastercard,224.0,debit
C11185-K1,C11185,18032,555.0,150.0,mastercard,117.0,debit
C10940-K2,C10940,22067,555.0,150.0,mastercard,232.0,credit
C11223-K1,C11223,10125,,150.0,visa,226.0,debit
C08370-K1,C08370,23022,100.0,150.0,mastercard,224.0,credit
C00321-K1,C00321,22955,555.0,150.0,visa,226.0,debit
C00387-K1,C00387,11443,543.0,150.0,mastercard,224.0,debit
C00003-K1,C00003,20184,555.0,150.0,visa,195.0,credit
C13322-K1,C13322,19906,555.0,133.0,visa,166.0,debit
C08676-K1,C08676,16710,555.0,133.0,visa,137.0,debit
C10260-K1,C10260,21854,265.0,150.0,visa,226.0,debit
C13066-K1,C13066,11240,555.0,150.0,visa,205.0,debit
C05059-K1,C05059,16221,555.0,150.0,visa,226.0,debit
C00613-K2,C00613,11966,555.0,150.0,visa,226.0,credit
C08933-K1,C08933,22384,399.0,150.0,american express,198.0,credit
C05599-K1,C05599,16025,555.0,150.0,visa,195.0,debit
C05357-K1,C05357,11172,555.0,117.0,visa,137.0,debit
C09726-K1,C09726,14468,555.0,150.0,visa,226.0,debit
C07599-K1,C07599,13309,369.0,150.0,mastercard,117.0,debit
C10351-K1,C10351,14627,399.0,150.0,american express,223.0,credit
C09213-K1,C09213,10858,160.0,150.0,visa,195.0,credit
C11046-K1,C11046,17802,554.0,150.0,visa,226.0,credit
C12490-K1,C12490,17832,292.0,150.0,visa,226.0,credit
C08295-K1,C08295,10678,275.0,150.0,mastercard,224.0,debit
C13135-K1,C13135,23130,420.0,150.0,mastercard,224.0,debit
C12078-K1,C12078,15323,555.0,133.0,mastercard,112.0,debit
C02678-K1,C02678,21614,512.0,150.0,mastercard,219.0,credit
C13455-K1,C13455,16567,555.0,150.0,visa,226.0,credit
C03855-K1,C03855,21819,555.0,222.0,mastercard,195.0,credit
C09175-K1,C09175,14815,390.0,150.0,mastercard,224.0,debit
C13154-K1,C13154,10828,,150.0,visa,226.0,debit
C01806-K1,C01806,15849,555.0,100.0,mastercard,224.0,credit
C06395-K1,C06395,17052,555.0,182.0,mastercard,102.0,credit
C01478-K1,C01478,19449,527.0,150.0,visa,195.0,debit
C05227-K1,C05227,16354,555.0,150.0,visa,195.0,debit
C10043-K1,C10043,20199,512.0,150.0,mastercard,195.0,debit
C08046-K2,C08046,17716,555.0,150.0,visa,195.0,debit
C09904-K1,C09904,22414,463.0,144.0,visa,137.0,credit
C12647-K1,C12647,20004,555.0,146.0,visa,226.0,credit
C00401-K1,C00401,11827,555.0,150.0,mastercard,195.0,debit
C10410-K1,C10410,11766,555.0,150.0,visa,162.0,credit
C12335-K2,C12335,16842,321.0,150.0,visa,226.0,debit
C04894-K2,C04894,18538,555.0,150.0,mastercard,117.0,debit
C13544-K1,C13544,23150,368.0,102.0,mastercard,224.0,credit
C01213-K1,C01213,16445,555.0,150.0,visa,226.0,credit
C01354-K1,C01354,10961,225.0,150.0,visa,226.0,debit
C07758-K1,C07758,12924,554.0,150.0,visa,226.0,credit
C11435-K1,C11435,21785,439.0,144.0,mastercard,126.0,debit
C11317-K1,C11317,23083,512.0,150.0,mastercard,117.0,debit
C09518-K1,C09518,18155,321.0,150.0,visa,226.0,debit
C06774-K1,C06774,15490,490.0,150.0,visa,226.0,credit
C06217-K1,C06217,14896,390.0,150.0,mastercard,224.0,debit
C03748-K1,C03748,21883,321.0,150.0,visa,195.0,debit
C07846-K1,C07846,14687,174.0,150.0,visa,226.0,debit
C07580-K1,C07580,22688,555.0,150.0,visa,226.0,debit
C00862-K1,C00862,12643,138.0,200.0,visa,226.0,debit
C00275-K1,C00275,11194,310.0,150.0,mastercard,224.0,debit
C02527-K1,C02527,10749,543.0,150.0,mastercard,195.0,debit
C09472-K1,C09472,16051,555.0,150.0,visa,226.0,debit
C05557-K1,C05557,19588,481.0,150.0,visa,226.0,credit
C01677-K1,C01677,14061,555.0,150.0,visa,226.0,credit
C04994-K1,C04994,10915,555.0,150.0,visa,226.0,credit
C04908-K1,C04908,17928,555.0,133.0,mastercard,126.0,debit
C07425-K1,C07425,10817,555.0,150.0,visa,226.0,debit
C01592-K1,C01592,20487,321.0,150.0,visa,226.0,debit
C07769-K1,C07769,14440,555.0,107.0,visa,162.0,credit
C10272-K1,C10272,14647,555.0,150.0,mastercard,166.0,debit
C06626-K1,C06626,13082,225.0,150.0,mastercard,117.0,debit
C13342-K2,C13342,11588,194.0,150.0,mastercard,229.0,debit
C11706-K1,C11706,23542,555.0,150.0,visa,226.0,debit
C08265-K1,C08265,20352,580.0,106.0,visa,138.0,debit
C03038-K1,C03038,13102,555.0,150.0,visa,226.0,debit
C05909-K1,C05909,15499,321.0,150.0,visa,226.0,debit
C00503-K1,C00503,14052,225.0,150.0,mastercard,117.0,debit
C10446-K1,C10446,22777,122.0,150.0,mastercard,126.0,debit
C12521-K1,C12521,19157,555.0,150.0,visa,226.0,credit
C08809-K1,C08809,19286,555.0,126.0,mastercard,224.0,credit
C12224-K1,C12224,19652,321.0,150.0,visa,195.0,debit
C02234-K1,C02234,14353,305.0,106.0,mastercard,224.0,credit
C02647-K1,C02647,10876,555.0,150.0,visa,226.0,debit
C11193-K1,C11193,17693,572.0,150.0,visa,195.0,credit
C10427-K1,C10427,11954,555.0,121.0,mastercard,102.0,credit
C00423-K1,C00423,10824,543.0,150.0,mastercard,224.0,debit
C08805-K1,C08805,22559,310.0,150.0,mastercard,224.0,debit
C05186-K1,C05186,18906,555.0,150.0,visa,141.0,credit
C04894-K3,C04894,18538,555.0,150.0,mastercard,224.0,debit
C05190-K1,C05190,17005,543.0,150.0,mastercard,224.0,debit
C07375-K1,C07375,17474,512.0,150.0,mastercard,117.0,debit
C09898-K1,C09898,19343,553.0,150.0,visa,226.0,credit
C06661-K1,C06661,10307,555.0,119.0,mastercard,224.0,credit
C00687-K1,C00687,14885,555.0,150.0,mastercard,203.0,credit
C12433-K1,C12433,18083,520.0,150.0,american express,190.0,credit
C01557-K1,C01557,14390,310.0,150.0,mastercard,224.0,debit
C03262-K1,C03262,22043,,150.0,mastercard,,debit
C00028-K1,C00028,20791,420.0,150.0,mastercard,224.0,debit
C08919-K1,C08919,13642,555.0,134.0,visa,226.0,credit
C08736-K1,C08736,12178,381.0,150.0,visa,226.0,credit
C04047-K1,C04047,12417,555.0,150.0,visa,226.0,debit
C06861-K1,C06861,13923,512.0,150.0,visa,100.0,debit
C09812-K1,C09812,21306,305.0,106.0,mastercard,224.0,credit
C04504-K1,C04504,15299,555.0,175.0,visa,166.0,debit
C05262-K1,C05262,20985,225.0,150.0,mastercard,224.0,debit
C01215-K1,C01215,17646,277.0,227.0,visa,226.0,debit
C01427-K1,C01427,19019,512.0,150.0,mastercard,117.0,debit
C11672-K1,C11672,11157,369.0,150.0,mastercard,224.0,debit
C12643-K1,C12643,19868,555.0,150.0,visa,162.0,credit
C08071-K1,C08071,22445,275.0,150.0,mastercard,224.0,debit
C12749-K1,C12749,18619,369.0,150.0,mastercard,,debit
C06158-K1,C06158,11738,555.0,150.0,visa,226.0,credit
C07710-K2,C07710,10925,555.0,171.0,visa,191.0,debit
C00778-K1,C00778,23095,596.0,150.0,mastercard,126.0,debit
C12164-K1,C12164,10256,543.0,150.0,mastercard,224.0,debit
C08048-K1,C08048,16741,555.0,150.0,mastercard,203.0,credit
C00133-K1,C00133,16424,462.0,150.0,visa,195.0,debit
C13261-K1,C13261,21656,555.0,150.0,visa,226.0,debit
C00339-K1,C00339,23023,520.0,150.0,american express,190.0,credit
C06375-K1,C06375,20069,473.0,150.0,mastercard,224.0,debit
C07670-K2,C07670,20904,555.0,150.0,visa,195.0,credit
C06622-K1,C06622,17603,447.0,150.0,visa,195.0,debit
C07442-K1,C07442,19721,555.0,119.0,mastercard,224.0,credit
C06685-K1,C06685,20120,321.0,150.0,visa,226.0,debit
C10141-K1,C10141,17422,321.0,150.0,visa,226.0,debit
C11587-K1,C11587,16968,555.0,198.0,visa,226.0,credit
C06304-K1,C06304,18093,555.0,217.0,visa,137.0,credit
C08411-K1,C08411,13867,,150.0,visa,195.0,debit
C13257-K1,C13257,13217,138.0,200.0,visa,226.0,debit
C00872-K1,C00872,23014,108.0,150.0,mastercard,117.0,debit
C10017-K1,C10017,16125,555.0,222.0,mastercard,224.0,debit
C12019-K1,C12019,11974,555.0,150.0,visa,226.0,debit
C08357-K1,C08357,15328,337.0,150.0,visa,226.0,credit
C08650-K1,C08650,17284,,150.0,visa,,credit
C03379-K1,C03379,14325,555.0,150.0,mastercard,100.0,debit
C02469-K1,C02469,10969,,150.0,mastercard,223.0,debit
C05371-K1,C05371,20376,555.0,150.0,visa,226.0,credit
C06152-K1,C06152,14806,555.0,150.0,visa,226.0,credit
C03120-K1,C03120,20828,512.0,150.0,mastercard,117.0,debit
C12950-K2,C12950,19330,,150.0,visa,226.0,debit
C00166-K1,C00166,23481,420.0,150.0,mastercard,224.0,credit
C09452-K1,C09452,22969,126.0,150.0,visa,226.0,debit
C03286-K1,C03286,15346,555.0,147.0,mastercard,224.0,credit
C13286-K1,C13286,14131,490.0,150.0,visa,195.0,debit
C04949-K1,C04949,22593,399.0,150.0,american express,131.0,credit
C09778-K1,C09778,13242,555.0,150.0,mastercard,102.0,credit
C06939-K1,C06939,23496,481.0,150.0,visa,226.0,credit
C07494-K1,C07494,22396,321.0,150.0,visa,226.0,debit
C01124-K1,C01124,22827,451.0,150.0,visa,226.0,credit
C04643-K1,C04643,22996,555.0,150.0,visa,195.0,debit
C03861-K1,C03861,20613,555.0,150.0,visa,226.0,credit
C07465-K1,C07465,10180,555.0,150.0,mastercard,102.0,credit
C11043-K1,C11043,21268,520.0,150.0,american express,143.0,credit
C03954-K1,C03954,23526,555.0,146.0,mastercard,137.0,credit
C09201-K1,C09201,17314,532.0,150.0,mastercard,224.0,debit
C09360-K1,C09360,19050,302.0,150.0,visa,195.0,debit
C11467-K1,C11467,12901,555.0,150.0,visa,226.0,credit
C05823-K1,C05823,22069,558.0,150.0,visa,226.0,credit
C09463-K1,C09463,16216,463.0,139.0,visa,226.0,debit
C11401-K1,C11401,13846,390.0,150.0,mastercard,224.0,debit
C13459-K1,C13459,22475,316.0,150.0,visa,195.0,debit
C00562-K1,C00562,20086,555.0,150.0,visa,226.0,debit
C00358-K1,C00358,10298,583.0,150.0,visa,226.0,credit
C08157-K1,C08157,14024,555.0,119.0,mastercard,224.0,credit
C05089-K1,C05089,17842,225.0,150.0,mastercard,224.0,debit
C08518-K1,C08518,14769,553.0,150.0,visa,195.0,debit
C11593-K1,C11593,16234,543.0,150.0,mastercard,224.0,debit
C03281-K1,C03281,18212,352.0,117.0,visa,226.0,debit
C03373-K1,C03373,16633,490.0,150.0,visa,226.0,debit
C13063-K1,C13063,12882,555.0,150.0,visa,226.0,debit
C06684-K2,C06684,22250,532.0,150.0,mastercard,195.0,debit
C11310-K1,C11310,12384,555.0,162.0,mastercard,126.0,debit
C04049-K1,C04049,20034,399.0,150.0,american express,185.0,credit
C08580-K1,C08580,21077,555.0,135.0,visa,102.0,credit
C07533-K1,C07533,14210,555.0,150.0,mastercard,117.0,debit
C04745-K1,C04745,18006,225.0,150.0,mastercard,117.0,debit
C09789-K1,C09789,12068,520.0,150.0,american express,190.0,credit
C02712-K1,C02712,13452,555.0,166.0,visa,226.0,credit
C01573-K1,C01573,12201,555.0,150.0,visa,226.0,credit
C07438-K1,C07438,11969,555.0,150.0,visa,166.0,debit
C11387-K1,C11387,14940,302.0,150.0,visa,226.0,credit
C10464-K1,C10464,11856,555.0,150.0,visa,226.0,debit
C12567-K1,C12567,21408,555.0,172.0,visa,147.0,debit
C12721-K1,C12721,20845,390.0,150.0,mastercard,117.0,debit
C06666-K1,C06666,15558,390.0,150.0,mastercard,224.0,debit
C11598-K1,C11598,10414,555.0,127.0,mastercard,195.0,credit
C04113-K1,C04113,12629,321.0,150.0,visa,226.0,debit
C01419-K1,C01419,10829,555.0,150.0,visa,226.0,debit
C10688-K1,C10688,17306,555.0,150.0,visa,226.0,debit
C05886-K1,C05886,19206,108.0,150.0,mastercard,195.0,credit
C01453-K2,C01453,22039,161.0,150.0,mastercard,102.0,credit
C06523-K1,C06523,16197,555.0,150.0,visa,226.0,debit
C12769-K2,C12769,12476,555.0,150.0,mastercard,117.0,debit
C01602-K1,C01602,14232,490.0,150.0,visa,226.0,credit
C08948-K1,C08948,18857,555.0,162.0,mastercard,224.0,debit
C06957-K1,C06957,11869,555.0,118.0,visa,226.0,credit
C08132-K1,C08132,13384,555.0,150.0,visa,226.0,debit
C02953-K1,C02953,23427,512.0,150.0,mastercard,117.0,debit
C06747-K1,C06747,18034,512.0,150.0,mastercard,117.0,debit
C01360-K1,C01360,18530,512.0,150.0,visa,226.0,debit
C01951-K1,C01951,10278,517.0,150.0,mastercard,224.0,debit
C07930-K1,C07930,11111,520.0,150.0,american express,190.0,credit
C08539-K1,C08539,12497,543.0,150.0,mastercard,224.0,debit
C11626-K1,C11626,14782,138.0,200.0,visa,226.0,debit
C08554-K1,C08554,18893,555.0,147.0,visa,137.0,credit
C10694-K1,C10694,11492,399.0,150.0,american express,223.0,credit
C06634-K1,C06634,15375,555.0,150.0,mastercard,126.0,debit
C13519-K1,C13519,21865,404.0,143.0,mastercard,102.0,credit
C01697-K1,C01697,21535,555.0,150.0,visa,226.0,debit
C08365-K1,C08365,11214,390.0,150.0,mastercard,117.0,debit
C01476-K1,C01476,17548,555.0,210.0,mastercard,232.0,credit
C05510-K1,C05510,13919,555.0,131.0,mastercard,137.0,credit
C06017-K2,C06017,10724,251.0,150.0,visa,226.0,credit
C04685-K1,C04685,10836,458.0,150.0,visa,226.0,credit
C05691-K2,C05691,12136,555.0,150.0,visa,226.0,credit
C05964-K1,C05964,20048,517.0,150.0,mastercard,224.0,debit
C10228-K1,C10228,17385,555.0,150.0,visa,195.0,debit
C11376-K1,C11376,12025,206.0,150.0,mastercard,229.0,debit
C05675-K1,C05675,16404,578.0,150.0,mastercard,166.0,debit
C05928-K1,C05928,18002,578.0,150.0,visa,226.0,debit
C11475-K2,C11475,17746,514.0,150.0,mastercard,129.0,credit
C13097-K1,C13097,14922,555.0,150.0,visa,226.0,debit
C13299-K1,C13299,21335,555.0,150.0,visa,226.0,debit
C10231-K1,C10231,14014,555.0,150.0,visa,226.0,debit
C11817-K1,C11817,16174,353.0,150.0,mastercard,102.0,credit
C00363-K1,C00363,23100,555.0,121.0,visa,147.0,credit
C02518-K1,C02518,17959,555.0,150.0,visa,226.0,credit
C09772-K1,C09772,16479,555.0,150.0,visa,226.0,debit
C08530-K1,C08530,22664,555.0,150.0,visa,226.0,credit
C05919-K1,C05919,15502,213.0,117.0,mastercard,166.0,debit
C01150-K1,C01150,10265,555.0,147.0,visa,226.0,credit
C05462-K1,C05462,16412,224.0,106.0,mastercard,137.0,credit
C07516-K1,C07516,23072,555.0,150.0,visa,226.0,debit
C01125-K1,C01125,14048,555.0,150.0,visa,226.0,credit
C02083-K2,C02083,21348,555.0,150.0,mastercard,,credit
C13377-K1,C13377,17994,555.0,150.0,visa,226.0,debit
C02994-K1,C02994,20399,555.0,150.0,visa,195.0,debit
C11057-K1,C11057,17232,593.0,150.0,visa,141.0,credit
C10172-K1,C10172,17485,555.0,144.0,mastercard,137.0,credit
C04564-K1,C04564,16120,555.0,117.0,visa,226.0,credit
C07325-K1,C07325,13874,555.0,150.0,visa,226.0,debit
C08721-K1,C08721,14886,302.0,150.0,visa,226.0,debit
C11081-K1,C11081,10940,379.0,102.0,mastercard,224.0,credit
C04479-K1,C04479,16393,512.0,150.0,mastercard,224.0,debit
C04897-K1,C04897,11228,399.0,150.0,american express,223.0,credit
C10479-K1,C10479,18202,555.0,217.0,visa,137.0,credit
C06959-K1,C06959,22831,216.0,150.0,visa,195.0,credit
C07284-K1,C07284,21251,543.0,150.0,mastercard,166.0,debit
C10613-K1,C10613,16771,127.0,150.0,mastercard,224.0,debit
C01441-K1,C01441,19660,564.0,150.0,visa,226.0,credit
C01655-K1,C01655,21279,555.0,166.0,visa,137.0,credit
C00760-K1,C00760,13614,516.0,150.0,mastercard,224.0,debit
C09751-K1,C09751,18427,367.0,150.0,mastercard,117.0,debit
C08942-K1,C08942,21869,,150.0,visa,226.0,debit
C12148-K1,C12148,18054,225.0,150.0,mastercard,224.0,debit
C07719-K1,C07719,12171,555.0,141.0,mastercard,137.0,debit
C06410-K1,C06410,14512,555.0,119.0,mastercard,224.0,debit
C02906-K1,C02906,11565,381.0,150.0,mastercard,195.0,debit
C00616-K1,C00616,22498,555.0,150.0,visa,226.0,credit
C12612-K1,C12612,11486,555.0,102.0,mastercard,224.0,debit
C04191-K1,C04191,14381,310.0,150.0,mastercard,195.0,debit
C10796-K1,C10796,11115,399.0,150.0,american express,148.0,credit
C02563-K1,C02563,10959,399.0,150.0,american express,198.0,credit
C03497-K1,C03497,22134,349.0,117.0,visa,226.0,debit
C05515-K1,C05515,17302,321.0,150.0,visa,226.0,debit
C06727-K1,C06727,22427,536.0,150.0,visa,226.0,credit
C00793-K1,C00793,14566,478.0,150.0,visa,226.0,credit
C03006-K1,C03006,19866,346.0,150.0,mastercard,195.0,credit
C02507-K1,C02507,21364,420.0,150.0,mastercard,117.0,debit
C10901-K1,C10901,21845,555.0,146.0,mastercard,190.0,credit
C01103-K1,C01103,11771,246.0,150.0,visa,195.0,debit
C13089-K1,C13089,22339,555.0,121.0,visa,195.0,credit
C02998-K1,C02998,22035,555.0,137.0,visa,226.0,credit
C00553-K2,C00553,19382,532.0,150.0,mastercard,195.0,debit
C09634-K1,C09634,11126,543.0,150.0,mastercard,224.0,debit
C10108-K1,C10108,23179,555.0,150.0,visa,226.0,credit
C11639-K1,C11639,18952,482.0,150.0,visa,226.0,credit
C06966-K2,C06966,15989,378.0,149.0,mastercard,224.0,debit
C01642-K1,C01642,17924,555.0,150.0,visa,226.0,credit
C09226-K1,C09226,16875,122.0,150.0,mastercard,126.0,debit
C01234-K1,C01234,15763,555.0,134.0,visa,228.0,credit
C00220-K1,C00220,22419,390.0,150.0,mastercard,224.0,debit
C06736-K1,C06736,23153,555.0,198.0,visa,226.0,credit
C12404-K1,C12404,23046,555.0,127.0,mastercard,137.0,debit
C06688-K1,C06688,20840,310.0,150.0,mastercard,195.0,debit
C11144-K1,C11144,18053,279.0,150.0,visa,226.0,credit
C05278-K1,C05278,14808,390.0,150.0,mastercard,195.0,debit
C09668-K1,C09668,15219,555.0,185.0,visa,138.0,debit
C11723-K1,C11723,19564,555.0,150.0,visa,226.0,debit
C07770-K1,C07770,15954,555.0,150.0,visa,195.0,debit
C07114-K1,C07114,11229,554.0,150.0,visa,226.0,credit
C06686-K1,C06686,19991,555.0,150.0,visa,226.0,credit
C10514-K1,C10514,18786,543.0,150.0,mastercard,117.0,debit
C06692-K1,C06692,13098,512.0,150.0,visa,226.0,debit
C07122-K1,C07122,20374,555.0,150.0,visa,226.0,credit
C04325-K1,C04325,22206,555.0,150.0,visa,226.0,credit
C04472-K1,C04472,10163,554.0,150.0,visa,226.0,debit
C13242-K1,C13242,17124,225.0,150.0,mastercard,224.0,debit
C03641-K1,C03641,11514,111.0,150.0,visa,195.0,debit
C01157-K2,C01157,11086,512.0,150.0,mastercard,117.0,debit
C02944-K1,C02944,11976,555.0,150.0,visa,226.0,credit
C11976-K1,C11976,22132,275.0,150.0,mastercard,224.0,debit
C11886-K1,C11886,10544,225.0,150.0,mastercard,224.0,debit
C06352-K1,C06352,19624,,117.0,visa,226.0,debit
C09605-K1,C09605,21560,583.0,150.0,visa,226.0,credit
C04872-K1,C04872,20762,555.0,150.0,visa,226.0,credit
C04839-K1,C04839,13004,138.0,200.0,visa,226.0,debit
C05160-K1,C05160,17863,555.0,150.0,visa,166.0,debit
C02225-K1,C02225,12314,364.0,146.0,mastercard,166.0,debit
C05848-K1,C05848,22417,555.0,150.0,visa,226.0,debit
C00829-K1,C00829,18928,555.0,150.0,visa,226.0,debit
C11324-K1,C11324,10498,175.0,150.0,visa,195.0,debit
C06469-K3,C06469,11239,,150.0,visa,226.0,credit
C11303-K1,C11303,22678,127.0,150.0,mastercard,224.0,debit
C09856-K1,C09856,22013,555.0,150.0,visa,226.0,debit
C08239-K2,C08239,22513,555.0,102.0,mastercard,168.0,debit
C08976-K1,C08976,21148,390.0,150.0,mastercard,195.0,debit
C05578-K1,C05578,10875,555.0,180.0,mastercard,137.0,credit
C08791-K1,C08791,19139,555.0,150.0,visa,226.0,credit
C07349-K1,C07349,10893,512.0,150.0,mastercard,224.0,debit
C10682-K1,C10682,15472,517.0,150.0,mastercard,224.0,debit
C07154-K1,C07154,18096,555.0,150.0,visa,226.0,debit
C03083-K1,C03083,12698,555.0,141.0,mastercard,219.0,credit
C03384-K2,C03384,22868,,150.0,mastercard,117.0,debit
C04183-K1,C04183,13945,490.0,150.0,mastercard,235.0,credit
C12663-K1,C12663,23176,555.0,146.0,visa,102.0,credit
C13463-K1,C13463,11670,555.0,150.0,visa,226.0,debit
C00354-K1,C00354,20141,,150.0,visa,166.0,debit
C10618-K1,C10618,17873,555.0,204.0,mastercard,224.0,credit
C05349-K1,C05349,11301,321.0,150.0,visa,226.0,debit
C04114-K1,C04114,19520,321.0,150.0,visa,226.0,debit
C10428-K1,C10428,23520,170.0,150.0,visa,226.0,credit
C02918-K1,C02918,19432,555.0,150.0,visa,226.0,debit
C04399-K1,C04399,14427,162.0,150.0,visa,226.0,credit
C03559-K1,C03559,12890,555.0,150.0,mastercard,102.0,credit
C05703-K1,C05703,18870,555.0,150.0,visa,195.0,debit
C04493-K1,C04493,22108,555.0,150.0,visa,226.0,debit
C12719-K1,C12719,18293,399.0,150.0,american express,104.0,credit
C09240-K1,C09240,10662,555.0,182.0,mastercard,224.0,debit
C10582-K1,C10582,14693,555.0,119.0,visa,137.0,debit
C06926-K1,C06926,19517,146.0,150.0,mastercard,102.0,credit
C09972-K1,C09972,20180,,150.0,mastercard,117.0,debit
C04192-K1,C04192,18451,512.0,150.0,mastercard,117.0,debit
C09332-K1,C09332,20775,555.0,150.0,visa,226.0,credit
C02061-K2,C02061,12041,,213.0,visa,226.0,debit
C02005-K1,C02005,14308,111.0,150.0,visa,226.0,debit
C05005-K1,C05005,17456,321.0,150.0,visa,226.0,debit
C00921-K1,C00921,10442,555.0,185.0,mastercard,224.0,credit
C11454-K1,C11454,22849,555.0,150.0,visa,226.0,debit
C04532-K1,C04532,11877,543.0,150.0,mastercard,224.0,debit
C10731-K1,C10731,13562,555.0,150.0,visa,226.0,credit
C08212-K1,C08212,11397,381.0,150.0,visa,226.0,debit
C03097-K1,C03097,10676,555.0,150.0,visa,226.0,credit
C00757-K1,C00757,22308,467.0,150.0,visa,226.0,debit
C07382-K1,C07382,17370,555.0,150.0,visa,226.0,credit
C07288-K1,C07288,15493,,,,,
C11742-K1,C11742,21461,225.0,150.0,visa,226.0,debit
C12322-K1,C12322,17930,,,,,
C09827-K1,C09827,15051,,,,,
C10562-K1,C10562,12780,,,,,
C11417-K1,C11417,16640,543.0,150.0,mastercard,224.0,debit
C03868-K1,C03868,18705,302.0,150.0,visa,226.0,debit
C01675-K1,C01675,12751,,,,,
C07512-K1,C07512,15363,555.0,114.0,visa,138.0,debit
C02272-K1,C02272,10870,,,,,
C11687-K3,C11687,18152,,,,,
C10922-K1,C10922,20438,,,,,
C10912-K1,C10912,18899,,,,,
C04038-K1,C04038,20163,,,,,
C03137-K1,C03137,11836,,,,,
C08217-K1,C08217,18327,,,,,
C06101-K2,C06101,16926,555.0,150.0,visa,226.0,credit
C11515-K1,C11515,18925,,,,,
C03157-K1,C03157,13292,,,,,
C08191-K1,C08191,12218,399.0,150.0,american express,132.0,credit
C12340-K1,C12340,18723,,,,,
C12455-K1,C12455,12132,399.0,150.0,american express,223.0,credit
C05318-K1,C05318,16026,,,,,
C12245-K1,C12245,18812,,,,,
C12396-K1,C12396,18781,,,,,
C02260-K1,C02260,20224,555.0,102.0,visa,226.0,credit
C09732-K1,C09732,17501,555.0,150.0,visa,195.0,debit
C10449-K1,C10449,10877,555.0,150.0,visa,226.0,debit
C06970-K1,C06970,20232,108.0,150.0,mastercard,195.0,debit
C11990-K1,C11990,21814,555.0,150.0,visa,226.0,debit
C01508-K1,C01508,14423,555.0,150.0,visa,226.0,debit
C10666-K1,C10666,12017,302.0,150.0,visa,226.0,credit
C04365-K1,C04365,17613,252.0,150.0,visa,162.0,credit
C02428-K1,C02428,16244,555.0,150.0,visa,226.0,debit
C06636-K2,C06636,21750,555.0,146.0,visa,137.0,credit
C05256-K1,C05256,12373,543.0,150.0,mastercard,195.0,debit
C12698-K1,C12698,19390,555.0,105.0,mastercard,137.0,credit
C08544-K1,C08544,10291,555.0,150.0,visa,226.0,credit
C02698-K1,C02698,11055,225.0,150.0,mastercard,140.0,debit
C09808-K1,C09808,13221,555.0,150.0,visa,226.0,debit
C10973-K1,C10973,14613,555.0,150.0,visa,226.0,credit
C13141-K1,C13141,13386,543.0,150.0,mastercard,224.0,debit
C11407-K1,C11407,11366,,,,,
C11556-K1,C11556,12603,555.0,162.0,visa,166.0,debit
C01372-K1,C01372,13894,,,,,
C11140-K1,C11140,11960,,,,,
C12593-K1,C12593,16493,,,,,
C07063-K1,C07063,14800,349.0,117.0,visa,102.0,debit
C11362-K1,C11362,15365,,,,,
C12226-K1,C12226,13409,,,,,
C04536-K1,C04536,21942,,,,,
C00754-K1,C00754,12072,,,,,
C04833-K1,C04833,22596,,,,,
C03251-K1,C03251,21073,,,,,
C11971-K1,C11971,15566,,,,,
C06021-K1,C06021,22165,,,,,
C12335-K1,C12335,16842,,,,,
C10708-K1,C10708,19850,555.0,150.0,visa,226.0,debit
C11627-K1,C11627,17090,,,,,
C09897-K1,C09897,15560,,,,,
C12225-K1,C12225,19015,,,,,
C00332-K1,C00332,18869,,,,,
C05107-K1,C05107,18003,,,,,
C01374-K1,C01374,10190,,,,,
C08126-K1,C08126,10767,555.0,150.0,visa,226.0,credit
C01298-K1,C01298,11277,555.0,150.0,visa,226.0,debit
C04090-K1,C04090,12817,310.0,150.0,mastercard,224.0,debit
C09892-K1,C09892,11695,302.0,150.0,visa,226.0,debit
C03820-K1,C03820,15212,111.0,150.0,visa,226.0,debit
C07636-K1,C07636,11336,,150.0,mastercard,117.0,debit
C10454-K1,C10454,12726,554.0,150.0,visa,226.0,credit
C01781-K1,C01781,18783,555.0,150.0,visa,226.0,debit
C00126-K1,C00126,19537,399.0,150.0,american express,132.0,credit
C02787-K1,C02787,18653,555.0,149.0,mastercard,222.0,credit
C11116-K1,C11116,20999,555.0,150.0,visa,226.0,credit
C09162-K1,C09162,10108,555.0,135.0,mastercard,224.0,credit
C07139-K1,C07139,13705,583.0,150.0,visa,226.0,credit
C00009-K1,C00009,17267,555.0,150.0,visa,226.0,debit
C10031-K1,C10031,22060,555.0,188.0,visa,162.0,credit
C07960-K1,C07960,20208,555.0,150.0,mastercard,102.0,credit
C12337-K1,C12337,10456,555.0,117.0,visa,209.0,debit
C00425-K1,C00425,21079,555.0,150.0,visa,226.0,debit
C05758-K1,C05758,13612,216.0,150.0,mastercard,195.0,credit
C01891-K1,C01891,16528,399.0,150.0,american express,185.0,credit
C06386-K1,C06386,21894,520.0,150.0,american express,190.0,credit
C06993-K1,C06993,14406,,150.0,visa,195.0,debit
C07116-K1,C07116,19937,,,,,
C09051-K1,C09051,11330,,,,,
C13032-K1,C13032,12969,,,,,
C08695-K1,C08695,18909,,,,,
C02083-K1,C02083,21348,,,,,
C08390-K1,C08390,16733,,,,,
C11774-K1,C11774,15567,,,,,
C13258-K1,C13258,22228,310.0,150.0,mastercard,195.0,debit
C09985-K1,C09985,11433,512.0,150.0,mastercard,224.0,debit
C07074-K1,C07074,15038,,,,,
C02474-K1,C02474,21472,,,,,
C01163-K1,C01163,19164,,,,,
C12124-K1,C12124,11638,,,,,
C02433-K1,C02433,16828,,,,,
C06875-K1,C06875,19992,,,,,
C09312-K1,C09312,11637,,,,,
C10234-K1,C10234,15908,,,,,
C04656-K1,C04656,11316,,,,,
C06867-K1,C06867,15110,399.0,150.0,american express,185.0,credit
C07626-K1,C07626,13712,,,,,
C01916-K1,C01916,21168,399.0,150.0,american express,223.0,credit
C07032-K1,C07032,10986,216.0,150.0,mastercard,195.0,credit
C05027-K1,C05027,20011,555.0,228.0,mastercard,219.0,debit
C12511-K1,C12511,11311,555.0,213.0,mastercard,224.0,credit
C01284-K1,C01284,12635,555.0,203.0,mastercard,224.0,debit
C00523-K1,C00523,16847,512.0,150.0,mastercard,117.0,debit
C09945-K1,C09945,21355,277.0,144.0,visa,137.0,credit
C10216-K1,C10216,17940,399.0,150.0,american express,223.0,credit
C02538-K1,C02538,20303,555.0,131.0,mastercard,126.0,debit
C09455-K1,C09455,11907,555.0,182.0,visa,226.0,debit
C05316-K1,C05316,12539,555.0,173.0,mastercard,137.0,credit
C12756-K1,C12756,12602,490.0,150.0,visa,195.0,debit
C01240-K1,C01240,16278,111.0,150.0,visa,195.0,debit
C13484-K1,C13484,13559,399.0,150.0,american express,237.0,credit
C08907-K1,C08907,19087,555.0,150.0,visa,226.0,debit
C13059-K1,C13059,22928,520.0,150.0,american express,190.0,credit
C11079-K1,C11079,20279,259.0,150.0,mastercard,195.0,debit
C00934-K1,C00934,18500,,159.0,visa,166.0,debit
C08783-K1,C08783,20523,512.0,150.0,mastercard,117.0,debit
C10591-K1,C10591,18627,555.0,150.0,visa,226.0,debit
C13216-K1,C13216,19283,555.0,150.0,visa,226.0,credit
C02828-K1,C02828,16658,,,,,
C01695-K1,C01695,14371,,,,,
C07937-K1,C07937,16882,174.0,150.0,visa,162.0,credit
C06675-K1,C06675,22674,361.0,150.0,,,debit
C12204-K1,C12204,20417,,,,,
C06905-K1,C06905,19081,,,,,
C02105-K1,C02105,23160,,,,,
C02014-K1,C02014,14623,,,,,
C02145-K1,C02145,12728,,,,,
C03639-K1,C03639,18203,,,,,
C03058-K1,C03058,18177,555.0,151.0,visa,138.0,debit
C07211-K1,C07211,10826,512.0,150.0,mastercard,224.0,debit
C04447-K1,C04447,22155,555.0,100.0,visa,137.0,credit
C11996-K1,C11996,19176,,,,,
C02219-K1,C02219,10025,,,,,
C00057-K1,C00057,15385,,,,,
C04575-K1,C04575,22077,,,,,
C09376-K1,C09376,17207,554.0,150.0,mastercard,224.0,credit
C08796-K1,C08796,11177,,,,,
C08573-K1,C08573,21272,310.0,150.0,mastercard,195.0,debit
C00041-K1,C00041,11340,555.0,144.0,mastercard,126.0,debit
C07042-K1,C07042,11712,,150.0,visa,195.0,debit
C06480-K1,C06480,18712,555.0,150.0,visa,226.0,credit
C01081-K1,C01081,20864,555.0,150.0,visa,226.0,debit
C06860-K1,C06860,16722,555.0,135.0,mastercard,219.0,credit
C05688-K1,C05688,14624,555.0,167.0,mastercard,111.0,credit
C10791-K1,C10791,14850,555.0,198.0,visa,226.0,credit
C01960-K1,C01960,11490,553.0,150.0,visa,166.0,debit
C11167-K1,C11167,15727,555.0,212.0,mastercard,102.0,credit
C01741-K1,C01741,21811,512.0,150.0,mastercard,117.0,debit
C06504-K1,C06504,20003,123.0,144.0,mastercard,197.0,credit
C03835-K1,C03835,15612,512.0,150.0,visa,226.0,debit
C10192-K1,C10192,17393,,117.0,american express,,credit
C00875-K1,C00875,13960,,,,,
C10361-K1,C10361,10142,,,,,
C12249-K1,C12249,14162,,,,,
C10035-K1,C10035,22863,,,,,
C02812-K1,C02812,12856,,,,,
C08249-K1,C08249,21141,,,,,
C00962-K1,C00962,22987,,,,,
C03726-K1,C03726,14399,390.0,150.0,mastercard,224.0,debit
C06520-K1,C06520,14874,,,,,
C05596-K1,C05596,10284,,,,,
C10466-K1,C10466,18828,,,,,
C09311-K1,C09311,15086,,,,,
C02167-K1,C02167,19927,,,,,
C10223-K1,C10223,10888,,,,,
C04309-K1,C04309,16892,,,,,
C05714-K1,C05714,20450,,,,,
C07319-K1,C07319,11659,,,,,
C05935-K1,C05935,15248,,,,,
C01682-K1,C01682,11857,,,,,
C02479-K1,C02479,12226,,,,,
C13230-K1,C13230,17675,,,,,
C04229-K1,C04229,13491,,,,,
C12395-K3,C12395,14953,,,,,
C05094-K1,C05094,10588,,,,,
C07019-K1,C07019,23512,163.0,150.0,mastercard,203.0,credit
C08705-K1,C08705,11245,,150.0,american express,,credit
C09580-K1,C09580,18610,,150.0,visa,226.0,credit
C10039-K1,C10039,16660,555.0,150.0,visa,226.0,debit
C04445-K1,C04445,17540,555.0,150.0,visa,226.0,credit
C01088-K1,C01088,10208,555.0,185.0,american express,151.0,credit
C08682-K1,C08682,21605,555.0,177.0,mastercard,219.0,debit
C00303-K1,C00303,19662,555.0,150.0,visa,226.0,debit
C00085-K1,C00085,23143,555.0,150.0,visa,226.0,debit
C00206-K1,C00206,21072,555.0,150.0,visa,166.0,debit
C13294-K1,C13294,10355,555.0,155.0,mastercard,224.0,credit
C13198-K1,C13198,20090,543.0,150.0,mastercard,195.0,debit
C02416-K1,C02416,20804,555.0,111.0,visa,226.0,debit
C06483-K1,C06483,22717,138.0,200.0,mastercard,224.0,credit
C08704-K1,C08704,20875,555.0,150.0,visa,226.0,credit
C00811-K1,C00811,17558,302.0,150.0,visa,226.0,debit
C00920-K1,C00920,10182,275.0,150.0,mastercard,224.0,debit
C08060-K1,C08060,13771,399.0,150.0,american express,223.0,credit
C11017-K1,C11017,13774,555.0,180.0,visa,226.0,debit
C03081-K1,C03081,17762,555.0,150.0,visa,228.0,credit
C04385-K1,C04385,19936,555.0,150.0,visa,226.0,credit
C10996-K1,C10996,13042,,,,,
C03611-K1,C03611,15191,,,,,
C01320-K1,C01320,17872,,,,,
C07962-K1,C07962,19215,,,,,
C00419-K1,C00419,12082,,,,,
C09431-K1,C09431,21589,,,,,
C05744-K1,C05744,21071,,,,,
C08314-K1,C08314,23332,,,,,
C07781-K1,C07781,23547,,,,,
C11722-K1,C11722,19932,,,,,
C09482-K1,C09482,11686,555.0,100.0,mastercard,137.0,credit
C06920-K1,C06920,13173,555.0,150.0,visa,195.0,debit
C06098-K1,C06098,22851,,,,,
C01395-K1,C01395,19912,555.0,150.0,visa,226.0,debit
C04456-K1,C04456,11032,,,,,
C01342-K1,C01342,13769,,,,,
C08235-K1,C08235,11118,,,,,
C07753-K1,C07753,18466,,,,,
C12165-K1,C12165,11760,,,,,
C06963-K1,C06963,16135,,,,,
C12973-K1,C12973,15215,,,,,
C01300-K1,C01300,20367,,,,,
C05594-K1,C05594,12498,,,,,
C02853-K2,C02853,11783,381.0,150.0,visa,226.0,debit
C07543-K1,C07543,12709,555.0,150.0,visa,226.0,credit
C00879-K3,C00879,12847,514.0,150.0,visa,226.0,debit
C08729-K1,C08729,19679,555.0,150.0,visa,226.0,debit
C01262-K1,C01262,10670,555.0,150.0,mastercard,126.0,debit
C06856-K1,C06856,12507,555.0,119.0,visa,102.0,credit
C09522-K1,C09522,23550,555.0,184.0,visa,138.0,debit
C13102-K1,C13102,18835,555.0,150.0,visa,226.0,debit
C00607-K1,C00607,11613,246.0,150.0,visa,226.0,debit
C13156-K1,C13156,15446,543.0,150.0,mastercard,224.0,debit
C09069-K1,C09069,11357,555.0,150.0,visa,226.0,credit
C02631-K1,C02631,18715,490.0,150.0,visa,226.0,debit
C00014-K1,C00014,12342,215.0,150.0,visa,226.0,debit
C11504-K2,C11504,20529,512.0,150.0,mastercard,224.0,debit
C12129-K2,C12129,15361,512.0,150.0,mastercard,224.0,debit
C03526-K1,C03526,19726,555.0,213.0,visa,226.0,credit
C05364-K1,C05364,12056,555.0,118.0,mastercard,137.0,credit
C13000-K1,C13000,21490,,,,,
C04678-K1,C04678,16801,555.0,214.0,,194.0,credit
C06300-K1,C06300,11367,,,,,
C11194-K1,C11194,10979,,,,,
C08010-K1,C08010,14841,,,,,
C06923-K1,C06923,17714,,,,,
C09430-K1,C09430,19332,,,,,
C01999-K1,C01999,13839,,,,,
C06755-K1,C06755,14349,,,,,
C12356-K1,C12356,13441,,,,,
C05986-K3,C05986,14655,,,,,
C11347-K1,C11347,10812,,,,,
C09716-K1,C09716,13572,,,,,
C04476-K1,C04476,14996,555.0,150.0,visa,226.0,credit
C05604-K1,C05604,11953,,,,,
C11326-K1,C11326,16590,277.0,227.0,visa,226.0,credit
C01488-K1,C01488,17454,,,,,
C00215-K1,C00215,11936,555.0,163.0,mastercard,137.0,credit
C10089-K2,C10089,10883,143.0,150.0,visa,226.0,debit
C07491-K1,C07491,14309,555.0,150.0,visa,226.0,credit
C10909-K1,C10909,17236,555.0,121.0,visa,137.0,credit
C00608-K1,C00608,21188,555.0,150.0,visa,226.0,debit
C03581-K1,C03581,19240,555.0,150.0,visa,226.0,credit
C00597-K1,C00597,15395,555.0,150.0,visa,226.0,credit
C08967-K1,C08967,16266,555.0,150.0,visa,226.0,debit
C12816-K1,C12816,10416,127.0,150.0,mastercard,224.0,debit
C10711-K1,C10711,16207,555.0,150.0,visa,226.0,debit
C03582-K1,C03582,13263,554.0,150.0,visa,226.0,credit
C10600-K1,C10600,12489,555.0,150.0,visa,226.0,debit
C04091-K1,C04091,22306,186.0,150.0,mastercard,195.0,debit
C12113-K1,C12113,14058,532.0,150.0,mastercard,224.0,debit
C05864-K1,C05864,16614,555.0,141.0,mastercard,102.0,credit
C02462-K1,C02462,10900,555.0,121.0,visa,102.0,credit
C09340-K1,C09340,20421,555.0,198.0,visa,137.0,credit
C05569-K1,C05569,22462,555.0,188.0,mastercard,224.0,credit
C04232-K1,C04232,15788,360.0,150.0,mastercard,126.0,debit
C01199-K1,C01199,21823,555.0,217.0,visa,226.0,credit
C05093-K1,C05093,12988,555.0,188.0,visa,102.0,credit
C02898-K1,C02898,22000,555.0,185.0,mastercard,224.0,credit
C09632-K1,C09632,23366,127.0,150.0,mastercard,102.0,credit
C02520-K1,C02520,19424,166.0,150.0,visa,195.0,credit
C09383-K1,C09383,10905,151.0,150.0,visa,226.0,debit
C05481-K1,C05481,10714,583.0,150.0,visa,226.0,credit
C05518-K1,C05518,20330,555.0,150.0,visa,226.0,credit
C09620-K1,C09620,17408,577.0,150.0,mastercard,195.0,debit
C10473-K1,C10473,11295,224.0,106.0,mastercard,224.0,credit
C09441-K1,C09441,12232,555.0,222.0,visa,,debit
C05501-K1,C05501,18582,555.0,223.0,mastercard,137.0,credit
C07392-K1,C07392,16324,286.0,150.0,visa,226.0,credit
C04976-K1,C04976,12547,,117.0,visa,175.0,debit
C10136-K1,C10136,20118,555.0,144.0,american express,160.0,credit
C02496-K1,C02496,18875,555.0,150.0,visa,195.0,credit
C00843-K1,C00843,16496,555.0,150.0,visa,195.0,credit
C03314-K1,C03314,20418,512.0,150.0,mastercard,224.0,debit
C00007-K1,C00007,15316,555.0,150.0,visa,226.0,debit
C05442-K1,C05442,16738,225.0,150.0,mastercard,224.0,debit
C05656-K1,C05656,16146,321.0,150.0,visa,226.0,debit
C00234-K1,C00234,19827,555.0,150.0,visa,226.0,debit
C13421-K1,C13421,10736,225.0,150.0,mastercard,102.0,credit
C03815-K1,C03815,19455,444.0,150.0,visa,226.0,credit
C01670-K1,C01670,13480,390.0,150.0,mastercard,195.0,debit
C08308-K1,C08308,19697,512.0,150.0,visa,226.0,debit
C04846-K1,C04846,16637,555.0,150.0,visa,226.0,credit
C09189-K1,C09189,10321,,176.0,visa,166.0,debit
C11956-K1,C11956,18282,260.0,150.0,visa,226.0,credit
C04945-K1,C04945,12274,321.0,150.0,visa,226.0,debit
C10704-K1,C10704,23099,555.0,150.0,visa,226.0,credit
C03745-K1,C03745,13019,399.0,150.0,american express,223.0,credit
C12892-K1,C12892,13075,555.0,150.0,mastercard,195.0,debit
C08318-K1,C08318,10815,553.0,150.0,visa,162.0,credit
C09413-K1,C09413,16407,179.0,106.0,visa,226.0,debit
C09371-K1,C09371,12528,399.0,150.0,american express,223.0,credit
C04179-K1,C04179,20765,555.0,138.0,visa,226.0,credit
C08480-K1,C08480,20017,456.0,150.0,mastercard,102.0,credit
C10680-K1,C10680,17855,555.0,188.0,mastercard,137.0,credit
C03402-K1,C03402,14583,555.0,119.0,mastercard,102.0,credit
C10729-K1,C10729,11909,555.0,150.0,visa,226.0,credit
C01294-K1,C01294,11354,555.0,204.0,mastercard,137.0,credit
C02934-K1,C02934,21070,555.0,150.0,visa,226.0,debit
C10876-K1,C10876,15504,310.0,150.0,mastercard,224.0,debit
C04094-K1,C04094,19434,265.0,150.0,visa,195.0,debit
C00574-K1,C00574,18989,555.0,150.0,visa,226.0,debit
C04011-K1,C04011,21539,307.0,150.0,visa,166.0,debit
C12790-K2,C12790,15515,,150.0,mastercard,197.0,debit
C04198-K1,C04198,20854,555.0,100.0,mastercard,102.0,credit
C13166-K1,C13166,20077,555.0,213.0,mastercard,195.0,credit
C07181-K1,C07181,18997,481.0,150.0,visa,226.0,credit
C05765-K1,C05765,17731,555.0,119.0,mastercard,126.0,debit
C02120-K1,C02120,21508,360.0,150.0,visa,226.0,debit
C12657-K1,C12657,13733,349.0,117.0,visa,137.0,credit
C13282-K1,C13282,11083,555.0,150.0,mastercard,195.0,debit
C08000-K1,C08000,12028,555.0,144.0,mastercard,137.0,credit
C03172-K1,C03172,11431,555.0,150.0,mastercard,229.0,debit
C02241-K1,C02241,13563,555.0,150.0,visa,226.0,debit
C06062-K1,C06062,11163,555.0,150.0,visa,195.0,debit
C01824-K1,C01824,14027,555.0,150.0,visa,226.0,credit
C02878-K1,C02878,15120,555.0,150.0,visa,226.0,debit
C05217-K1,C05217,14945,367.0,150.0,mastercard,117.0,debit
C11074-K1,C11074,14328,555.0,102.0,visa,226.0,debit
C00062-K1,C00062,13912,555.0,213.0,mastercard,224.0,credit
C02610-K1,C02610,16550,555.0,126.0,mastercard,137.0,credit
C08431-K1,C08431,16709,555.0,169.0,visa,138.0,debit
C09731-K1,C09731,15224,420.0,150.0,mastercard,117.0,debit
C08983-K1,C08983,10672,555.0,150.0,visa,226.0,credit
C04653-K1,C04653,10379,225.0,150.0,visa,166.0,debit
C05375-K1,C05375,10761,,150.0,visa,166.0,debit
C07786-K1,C07786,14175,399.0,150.0,american express,223.0,credit
C11481-K1,C11481,14802,555.0,150.0,visa,226.0,debit
C07527-K1,C07527,10707,512.0,150.0,mastercard,117.0,debit
C03425-K1,C03425,22561,555.0,150.0,visa,226.0,debit
C02926-K1,C02926,23548,555.0,150.0,visa,195.0,debit
C10739-K1,C10739,16103,555.0,150.0,visa,226.0,debit
C11894-K2,C11894,12590,,150.0,visa,226.0,debit
C11283-K1,C11283,23376,543.0,150.0,mastercard,224.0,debit
C01835-K1,C01835,11131,555.0,121.0,visa,195.0,credit
C07923-K1,C07923,13757,555.0,150.0,visa,226.0,debit
C11383-K1,C11383,18163,555.0,150.0,visa,226.0,debit
C04706-K1,C04706,20286,555.0,168.0,mastercard,224.0,debit
C01415-K1,C01415,22010,399.0,150.0,american express,132.0,credit
C06187-K1,C06187,12779,469.0,213.0,mastercard,166.0,debit
C05036-K1,C05036,17727,399.0,150.0,american express,223.0,credit
C11909-K1,C11909,16854,554.0,150.0,visa,226.0,credit
C09536-K1,C09536,18180,543.0,150.0,mastercard,224.0,debit
C03503-K1,C03503,21360,555.0,147.0,visa,226.0,credit
C06739-K1,C06739,16484,310.0,150.0,mastercard,224.0,debit
C08560-K1,C08560,10571,416.0,150.0,visa,226.0,credit
C03261-K1,C03261,21515,512.0,150.0,mastercard,126.0,debit
C09206-K3,C09206,16121,,143.0,visa,226.0,credit
C12619-K1,C12619,20344,555.0,150.0,visa,226.0,credit
C08092-K1,C08092,18411,555.0,150.0,visa,226.0,debit
C08416-K1,C08416,15791,420.0,150.0,mastercard,224.0,credit
C03404-K1,C03404,17328,555.0,150.0,visa,226.0,debit
C11301-K1,C11301,11551,555.0,150.0,visa,195.0,debit
C04165-K1,C04165,23182,555.0,105.0,mastercard,,credit
C07894-K1,C07894,14011,390.0,150.0,mastercard,224.0,debit
C11463-K1,C11463,21525,399.0,150.0,american express,132.0,credit
C12915-K1,C12915,20699,555.0,150.0,visa,195.0,debit
C04611-K1,C04611,16373,307.0,150.0,visa,195.0,debit
C01260-K1,C01260,22340,555.0,150.0,visa,226.0,debit
C01640-K1,C01640,10741,554.0,150.0,visa,226.0,credit
C06203-K1,C06203,11332,555.0,223.0,visa,226.0,debit
C03629-K1,C03629,16310,555.0,137.0,visa,147.0,credit
C02659-K1,C02659,23552,555.0,188.0,visa,226.0,credit
C00711-K1,C00711,22562,555.0,150.0,visa,226.0,debit
C03174-K1,C03174,22437,555.0,102.0,visa,138.0,debit
C10018-K1,C10018,11082,555.0,133.0,visa,162.0,credit
C05672-K1,C05672,19558,179.0,106.0,visa,137.0,debit
C06294-K1,C06294,14078,555.0,150.0,visa,226.0,debit
C00494-K1,C00494,14083,481.0,150.0,mastercard,224.0,debit
C04914-K1,C04914,22275,555.0,150.0,mastercard,224.0,credit
C07808-K1,C07808,22965,555.0,150.0,visa,226.0,debit
C12849-K1,C12849,19222,321.0,150.0,visa,226.0,debit
C03016-K1,C03016,18597,360.0,150.0,visa,100.0,debit
C04057-K1,C04057,14936,555.0,190.0,visa,102.0,credit
C02680-K1,C02680,13361,420.0,150.0,mastercard,195.0,debit
C01626-K1,C01626,21784,520.0,150.0,american express,190.0,credit
C08810-K1,C08810,21973,555.0,150.0,visa,226.0,debit
C08567-K1,C08567,20599,555.0,229.0,mastercard,137.0,credit
C05615-K1,C05615,18688,127.0,150.0,mastercard,224.0,debit
C02874-K1,C02874,22662,555.0,217.0,mastercard,137.0,credit
C03287-K1,C03287,21900,555.0,150.0,visa,226.0,debit
C00005-K1,C00005,17978,555.0,162.0,visa,102.0,credit
C02630-K1,C02630,18847,555.0,150.0,visa,226.0,debit
C00753-K1,C00753,21086,555.0,197.0,visa,147.0,credit
C00668-K1,C00668,20956,555.0,134.0,mastercard,224.0,credit
C07752-K1,C07752,12185,181.0,150.0,visa,226.0,credit
C02896-K1,C02896,18453,,150.0,mastercard,,credit
C11403-K2,C11403,21488,543.0,150.0,mastercard,219.0,debit
C03830-K1,C03830,12437,555.0,150.0,visa,141.0,credit
C03311-K1,C03311,19267,321.0,150.0,visa,195.0,debit
C08657-K1,C08657,19322,555.0,229.0,visa,137.0,credit
C11675-K1,C11675,12372,420.0,150.0,mastercard,224.0,debit
C02836-K1,C02836,20094,555.0,150.0,mastercard,166.0,debit
C01303-K1,C01303,19908,310.0,150.0,mastercard,224.0,debit
C05745-K1,C05745,18128,555.0,150.0,visa,226.0,credit
C05768-K1,C05768,20968,555.0,150.0,visa,226.0,credit
C09416-K1,C09416,14170,555.0,150.0,mastercard,,credit
C00119-K1,C00119,12784,555.0,100.0,mastercard,224.0,credit
C02572-K1,C02572,22185,555.0,150.0,visa,226.0,credit
C10581-K1,C10581,23274,555.0,150.0,visa,226.0,debit
C06258-K1,C06258,16340,555.0,159.0,visa,226.0,debit
C11775-K1,C11775,20679,390.0,150.0,mastercard,224.0,debit
C07291-K1,C07291,18498,399.0,150.0,american express,188.0,credit
C10140-K1,C10140,11799,185.0,150.0,visa,226.0,debit
C01636-K1,C01636,12647,589.0,150.0,visa,195.0,debit
C08249-K2,C08249,21141,543.0,150.0,mastercard,117.0,debit
C10286-K1,C10286,23462,555.0,152.0,mastercard,224.0,debit
C08373-K1,C08373,19200,555.0,215.0,mastercard,101.0,debit
C12963-K1,C12963,16904,555.0,210.0,visa,147.0,credit
C09479-K1,C09479,17526,555.0,150.0,visa,226.0,credit
C08325-K1,C08325,21859,555.0,137.0,visa,226.0,credit
C04703-K1,C04703,12052,555.0,223.0,visa,226.0,credit
C03164-K1,C03164,10077,488.0,117.0,mastercard,137.0,credit
C02159-K1,C02159,20439,555.0,150.0,visa,226.0,debit
C11067-K1,C11067,15392,555.0,150.0,visa,226.0,debit
C02896-K2,C02896,18453,310.0,150.0,mastercard,224.0,debit
C12306-K1,C12306,17480,555.0,184.0,visa,226.0,debit
C00268-K1,C00268,22030,138.0,200.0,mastercard,224.0,debit
C08165-K1,C08165,10432,517.0,150.0,mastercard,224.0,debit
C10630-K1,C10630,15907,352.0,117.0,mastercard,190.0,credit
C02621-K1,C02621,23293,321.0,150.0,visa,226.0,debit
C10699-K1,C10699,22857,555.0,150.0,visa,226.0,debit
C12543-K1,C12543,13519,390.0,150.0,mastercard,195.0,debit
C09566-K1,C09566,13205,555.0,150.0,visa,226.0,credit
C07721-K1,C07721,21012,554.0,150.0,visa,195.0,debit
C03920-K1,C03920,22343,555.0,150.0,visa,226.0,debit
C08224-K1,C08224,15859,580.0,106.0,visa,226.0,debit
C07617-K1,C07617,13595,555.0,150.0,visa,226.0,credit
C12728-K1,C12728,19743,555.0,231.0,visa,226.0,credit
C12185-K1,C12185,10916,302.0,150.0,visa,226.0,debit
C01490-K1,C01490,22036,555.0,150.0,visa,226.0,debit
C08543-K1,C08543,14527,555.0,162.0,mastercard,126.0,debit
C11377-K1,C11377,22217,555.0,147.0,visa,166.0,debit
C09147-K1,C09147,23013,555.0,150.0,visa,226.0,credit
C09122-K1,C09122,15486,555.0,150.0,visa,226.0,debit
C09130-K1,C09130,20874,555.0,150.0,visa,226.0,credit
C06896-K1,C06896,14625,555.0,150.0,visa,226.0,debit
C06473-K1,C06473,22681,555.0,222.0,visa,138.0,debit
C02289-K1,C02289,13305,555.0,100.0,mastercard,224.0,credit
C11721-K1,C11721,11931,555.0,169.0,visa,102.0,credit
C11170-K1,C11170,17278,555.0,121.0,mastercard,137.0,credit
C12765-K1,C12765,15182,138.0,200.0,visa,226.0,debit
C11986-K1,C11986,10080,390.0,150.0,mastercard,102.0,credit
C05218-K1,C05218,18792,555.0,171.0,mastercard,224.0,debit
C06804-K1,C06804,14758,,150.0,visa,166.0,debit
C04206-K1,C04206,14870,555.0,182.0,visa,102.0,credit
C03115-K1,C03115,16029,,150.0,visa,226.0,debit
C09393-K1,C09393,13520,305.0,106.0,mastercard,224.0,credit
C13211-K1,C13211,17173,555.0,150.0,visa,226.0,debit
C13238-K1,C13238,16342,543.0,150.0,mastercard,224.0,debit
C08264-K1,C08264,14538,555.0,150.0,visa,166.0,debit
C05492-K1,C05492,15117,555.0,150.0,visa,226.0,debit
C05644-K1,C05644,18772,183.0,150.0,visa,162.0,credit
C05805-K1,C05805,11165,350.0,150.0,visa,226.0,credit
C03217-K2,C03217,18865,555.0,150.0,mastercard,117.0,debit
C03289-K1,C03289,17176,308.0,150.0,visa,195.0,debit
C02099-K1,C02099,14629,555.0,150.0,visa,226.0,credit
C10726-K1,C10726,21159,,144.0,visa,102.0,credit
C12075-K1,C12075,22363,,150.0,visa,195.0,credit
C08248-K1,C08248,17034,555.0,121.0,mastercard,232.0,credit
C01351-K1,C01351,16594,555.0,127.0,visa,102.0,credit
C04680-K1,C04680,22131,555.0,121.0,mastercard,232.0,credit
C08630-K1,C08630,10863,555.0,210.0,mastercard,224.0,debit
C02744-K1,C02744,21428,170.0,150.0,mastercard,102.0,credit
C02960-K1,C02960,13557,555.0,150.0,american express,215.0,debit
C04441-K1,C04441,10630,555.0,150.0,mastercard,102.0,credit
C04918-K1,C04918,10855,127.0,150.0,mastercard,102.0,credit
C00714-K1,C00714,22144,555.0,150.0,visa,226.0,debit
C05074-K1,C05074,17315,555.0,150.0,visa,195.0,debit
C07911-K1,C07911,10407,555.0,147.0,visa,226.0,credit
C00165-K1,C00165,20852,361.0,150.0,visa,226.0,debit
C11707-K2,C11707,17214,555.0,150.0,visa,226.0,credit
C10093-K1,C10093,15922,555.0,150.0,visa,195.0,credit
C05113-K1,C05113,20666,555.0,144.0,mastercard,126.0,debit
C03891-K1,C03891,22348,555.0,146.0,mastercard,224.0,debit
C04589-K1,C04589,10704,225.0,150.0,visa,166.0,debit
C01267-K1,C01267,22234,399.0,150.0,american express,185.0,credit
C07946-K1,C07946,18773,555.0,198.0,visa,166.0,debit
C02777-K1,C02777,13620,302.0,150.0,visa,226.0,debit
C02302-K1,C02302,22034,555.0,150.0,visa,226.0,debit
C01092-K1,C01092,20052,225.0,150.0,mastercard,117.0,debit
C12255-K1,C12255,18465,111.0,143.0,mastercard,224.0,credit
C02157-K1,C02157,12376,543.0,150.0,mastercard,224.0,debit
C01080-K1,C01080,11145,555.0,150.0,visa,226.0,credit
C09182-K2,C09182,18366,555.0,150.0,visa,226.0,credit
C00475-K1,C00475,19844,555.0,150.0,visa,226.0,debit
C12205-K1,C12205,13546,327.0,150.0,discover,166.0,debit
C00486-K1,C00486,12238,555.0,223.0,mastercard,224.0,debit
C12691-K1,C12691,19441,555.0,150.0,visa,166.0,debit
C06072-K1,C06072,19637,,150.0,visa,102.0,credit
C10080-K1,C10080,12614,555.0,150.0,visa,195.0,debit
C02821-K1,C02821,19453,555.0,150.0,visa,226.0,debit
C03927-K1,C03927,23009,555.0,102.0,visa,226.0,credit
C10323-K1,C10323,19688,555.0,102.0,visa,226.0,credit
C13252-K1,C13252,13238,490.0,150.0,visa,226.0,credit
C08664-K1,C08664,23111,111.0,150.0,visa,195.0,debit
C01159-K1,C01159,14110,555.0,102.0,mastercard,224.0,debit
C02256-K1,C02256,16950,543.0,150.0,mastercard,195.0,debit
C01187-K1,C01187,11160,555.0,210.0,mastercard,232.0,credit
C05293-K1,C05293,16258,555.0,150.0,visa,226.0,credit
C09145-K1,C09145,13484,555.0,146.0,mastercard,102.0,credit
C04420-K1,C04420,22193,501.0,150.0,visa,195.0,debit
C09946-K1,C09946,19790,543.0,150.0,mastercard,224.0,debit
C11217-K1,C11217,22020,554.0,150.0,visa,226.0,credit
C09739-K1,C09739,10003,555.0,111.0,mastercard,224.0,credit
C05730-K1,C05730,14591,555.0,210.0,mastercard,102.0,credit
C12856-K1,C12856,20939,321.0,150.0,visa,226.0,debit
C06863-K1,C06863,23530,181.0,150.0,visa,195.0,credit
C09449-K1,C09449,15140,390.0,150.0,mastercard,224.0,debit
C03471-K1,C03471,21663,514.0,150.0,mastercard,224.0,credit
C05376-K1,C05376,15585,555.0,223.0,mastercard,224.0,debit
C05181-K1,C05181,18611,549.0,150.0,visa,226.0,credit
C02166-K1,C02166,22816,360.0,150.0,visa,166.0,debit
C04137-K1,C04137,16694,555.0,150.0,mastercard,195.0,debit
C04900-K1,C04900,19540,555.0,111.0,mastercard,224.0,credit
C05236-K1,C05236,14499,,150.0,visa,195.0,debit
C06394-K1,C06394,23212,555.0,150.0,visa,226.0,credit
C02519-K1,C02519,15463,,150.0,visa,138.0,debit
C00652-K1,C00652,11680,555.0,150.0,visa,195.0,debit
C04349-K1,C04349,16235,321.0,150.0,visa,226.0,debit
C10952-K1,C10952,10532,555.0,188.0,visa,137.0,credit
C02517-K1,C02517,10523,555.0,150.0,visa,226.0,credit
C08643-K1,C08643,17493,492.0,150.0,american express,131.0,credit
C02769-K1,C02769,20528,555.0,121.0,mastercard,102.0,credit
C07175-K1,C07175,19119,225.0,150.0,mastercard,137.0,credit
C03801-K1,C03801,16553,174.0,150.0,mastercard,195.0,debit
C08063-K1,C08063,19352,399.0,150.0,american express,185.0,credit
C01556-K1,C01556,20871,555.0,119.0,mastercard,224.0,credit
C00221-K1,C00221,14273,126.0,150.0,visa,226.0,debit
C08931-K1,C08931,19959,543.0,150.0,mastercard,224.0,debit
C09821-K1,C09821,21622,360.0,150.0,mastercard,126.0,debit
C10425-K1,C10425,13943,555.0,213.0,mastercard,166.0,debit
C03111-K1,C03111,20916,555.0,150.0,mastercard,224.0,debit
C01052-K1,C01052,19467,,150.0,visa,226.0,credit
C10954-K1,C10954,14397,555.0,150.0,visa,226.0,credit
C02654-K1,C02654,22874,555.0,100.0,mastercard,224.0,credit
C01800-K1,C01800,19101,555.0,111.0,mastercard,219.0,credit
C06722-K1,C06722,18426,529.0,150.0,visa,226.0,credit
C12599-K1,C12599,18016,445.0,150.0,mastercard,219.0,credit
C10595-K1,C10595,13161,555.0,150.0,visa,226.0,debit
C03410-K1,C03410,15503,555.0,150.0,mastercard,126.0,debit
C03068-K1,C03068,23145,501.0,150.0,visa,166.0,debit
C00251-K1,C00251,10299,555.0,150.0,visa,226.0,debit
C09124-K1,C09124,19291,543.0,150.0,mastercard,195.0,debit
C06759-K1,C06759,20836,,144.0,visa,166.0,debit
C06510-K1,C06510,13036,390.0,150.0,mastercard,224.0,debit
C13530-K1,C13530,19993,,150.0,visa,,credit
C03530-K1,C03530,23214,555.0,185.0,visa,226.0,debit
C05638-K1,C05638,14005,555.0,212.0,visa,195.0,credit
C06501-K1,C06501,20158,555.0,141.0,visa,226.0,debit
C11447-K1,C11447,21101,543.0,150.0,mastercard,224.0,debit
C02558-K1,C02558,11944,583.0,150.0,visa,226.0,credit
C02847-K1,C02847,21723,555.0,231.0,visa,137.0,credit
C07764-K1,C07764,11317,593.0,150.0,visa,226.0,credit
C12794-K1,C12794,10124,554.0,150.0,mastercard,224.0,debit
C01644-K1,C01644,10952,555.0,150.0,visa,226.0,debit
C13050-K1,C13050,16439,225.0,150.0,mastercard,102.0,credit
C06659-K1,C06659,15416,390.0,150.0,mastercard,195.0,debit
C05534-K1,C05534,19292,555.0,150.0,visa,226.0,debit
C03932-K1,C03932,23442,399.0,150.0,american express,223.0,credit
C03183-K1,C03183,12414,555.0,117.0,mastercard,224.0,credit
C11273-K1,C11273,20577,488.0,117.0,mastercard,222.0,credit
C11506-K1,C11506,13549,111.0,150.0,visa,226.0,credit
C10698-K1,C10698,12442,554.0,150.0,visa,226.0,credit
C02137-K1,C02137,16507,554.0,150.0,visa,226.0,credit
C12759-K1,C12759,18958,216.0,150.0,mastercard,224.0,credit
C11039-K3,C11039,15220,555.0,200.0,visa,226.0,credit
C05749-K1,C05749,16148,555.0,137.0,visa,162.0,credit
C06283-K1,C06283,16273,,150.0,visa,226.0,credit
C04992-K1,C04992,16348,490.0,150.0,visa,195.0,debit
C10937-K1,C10937,21834,390.0,150.0,mastercard,224.0,debit
C06418-K1,C06418,16808,555.0,150.0,visa,226.0,credit
C13361-K1,C13361,13047,524.0,150.0,visa,226.0,credit
C01319-K1,C01319,16724,554.0,150.0,visa,226.0,credit
C03219-K2,C03219,18362,512.0,150.0,mastercard,224.0,debit
C10701-K1,C10701,18612,520.0,150.0,american express,190.0,credit
C11925-K1,C11925,12457,342.0,150.0,visa,195.0,debit
C10816-K1,C10816,23323,343.0,133.0,mastercard,102.0,debit
C08406-K1,C08406,21837,555.0,150.0,american express,199.0,debit
C12473-K1,C12473,13140,555.0,150.0,visa,226.0,debit
C01084-K1,C01084,11651,120.0,203.0,mastercard,137.0,credit
C12277-K1,C12277,19486,555.0,150.0,visa,226.0,credit
C07665-K1,C07665,12795,302.0,150.0,visa,226.0,debit
C06335-K1,C06335,23242,555.0,150.0,visa,226.0,debit
C06182-K1,C06182,15033,554.0,150.0,visa,226.0,credit
C09532-K1,C09532,22046,555.0,136.0,mastercard,137.0,credit
C08818-K1,C08818,16358,555.0,150.0,visa,226.0,debit
C13008-K1,C13008,20567,532.0,150.0,mastercard,224.0,debit
C02790-K1,C02790,13445,543.0,150.0,mastercard,195.0,debit
C12898-K1,C12898,16032,555.0,150.0,visa,195.0,debit
C07316-K1,C07316,11604,490.0,150.0,visa,195.0,debit
C09234-K1,C09234,20574,555.0,150.0,visa,166.0,debit
C01921-K1,C01921,13414,321.0,150.0,visa,226.0,debit
C09519-K1,C09519,20407,554.0,150.0,visa,226.0,credit
C12314-K1,C12314,12666,555.0,150.0,visa,226.0,credit
C12931-K2,C12931,18809,512.0,150.0,mastercard,224.0,debit
C08836-K1,C08836,20222,555.0,117.0,visa,226.0,debit
C07554-K1,C07554,18820,555.0,219.0,mastercard,224.0,credit
C04622-K1,C04622,12770,543.0,150.0,mastercard,224.0,debit
C00148-K1,C00148,23003,517.0,150.0,mastercard,224.0,debit
C13104-K1,C13104,10245,555.0,150.0,visa,195.0,debit
C03051-K1,C03051,15457,225.0,150.0,mastercard,102.0,credit
C11724-K1,C11724,17031,580.0,106.0,visa,137.0,credit
C01299-K1,C01299,17777,369.0,150.0,mastercard,224.0,debit
C07818-K1,C07818,22744,555.0,150.0,mastercard,224.0,debit
C00476-K1,C00476,19765,555.0,117.0,visa,226.0,debit
C10750-K1,C10750,23301,555.0,150.0,visa,226.0,debit
C03689-K1,C03689,19117,399.0,150.0,american express,223.0,credit
C00231-K2,C00231,12289,544.0,150.0,visa,226.0,debit
C01825-K2,C01825,17131,390.0,150.0,mastercard,117.0,debit
C03064-K1,C03064,13824,512.0,150.0,mastercard,117.0,debit
C09572-K1,C09572,15197,555.0,180.0,mastercard,126.0,debit
C03584-K1,C03584,15506,108.0,150.0,mastercard,117.0,debit
C12175-K1,C12175,22180,122.0,150.0,mastercard,126.0,debit
C13538-K1,C13538,17298,555.0,117.0,visa,226.0,debit
C12107-K1,C12107,13840,481.0,150.0,visa,226.0,credit
C06440-K1,C06440,12706,555.0,141.0,mastercard,102.0,credit
C00298-K1,C00298,22834,463.0,144.0,visa,226.0,credit
C05169-K1,C05169,22731,555.0,188.0,visa,226.0,credit
C00624-K1,C00624,15115,569.0,117.0,visa,226.0,debit
C02072-K1,C02072,17512,555.0,150.0,visa,226.0,debit
C06787-K1,C06787,11725,555.0,117.0,mastercard,166.0,debit
C02915-K1,C02915,15757,471.0,150.0,mastercard,195.0,debit
C08893-K1,C08893,17319,555.0,204.0,visa,138.0,debit
C03987-K1,C03987,19731,555.0,144.0,visa,166.0,debit
C00320-K1,C00320,14688,555.0,150.0,visa,226.0,credit
C07819-K1,C07819,17971,555.0,188.0,mastercard,137.0,credit
C12908-K1,C12908,13465,275.0,150.0,mastercard,224.0,debit
C08659-K1,C08659,20541,399.0,150.0,american express,185.0,credit
C10598-K1,C10598,22377,555.0,150.0,visa,226.0,credit
C03196-K1,C03196,17556,399.0,150.0,american express,185.0,credit
C10721-K1,C10721,21442,555.0,150.0,visa,226.0,credit
C10255-K2,C10255,18868,,150.0,visa,226.0,debit
C09591-K1,C09591,18696,555.0,117.0,mastercard,224.0,debit
C13201-K1,C13201,13218,555.0,142.0,mastercard,102.0,credit
C01405-K1,C01405,21672,331.0,150.0,visa,195.0,credit
C02270-K1,C02270,10477,275.0,150.0,mastercard,224.0,debit
C13029-K1,C13029,19023,399.0,150.0,american express,150.0,credit
C03721-K1,C03721,10619,111.0,150.0,visa,226.0,debit
C11154-K1,C11154,12714,555.0,150.0,mastercard,195.0,debit
C05413-K1,C05413,12062,555.0,150.0,mastercard,195.0,debit
C11834-K1,C11834,12715,555.0,150.0,visa,195.0,debit
C06687-K1,C06687,21027,555.0,150.0,visa,195.0,debit
C04864-K1,C04864,13827,369.0,150.0,mastercard,117.0,debit
C05573-K1,C05573,19791,390.0,150.0,mastercard,224.0,debit
C06433-K2,C06433,19654,555.0,150.0,mastercard,,debit
C01399-K1,C01399,16579,520.0,150.0,american express,190.0,credit
C12558-K1,C12558,11415,555.0,150.0,visa,226.0,debit
C05828-K1,C05828,11084,555.0,146.0,visa,226.0,credit
C11308-K1,C11308,17811,517.0,150.0,mastercard,224.0,debit
C12072-K1,C12072,18572,555.0,198.0,visa,102.0,credit
C11665-K1,C11665,11061,303.0,150.0,visa,141.0,credit
C10056-K1,C10056,13581,555.0,146.0,mastercard,224.0,credit
C09305-K1,C09305,10502,583.0,150.0,visa,226.0,credit
C07476-K1,C07476,15728,555.0,150.0,visa,226.0,credit
C01132-K1,C01132,18661,555.0,150.0,visa,226.0,debit
C03135-K1,C03135,18214,143.0,150.0,visa,226.0,debit
C05328-K1,C05328,18066,554.0,150.0,visa,226.0,credit
C05652-K1,C05652,17252,555.0,150.0,visa,226.0,debit
C07633-K1,C07633,12807,555.0,150.0,visa,226.0,credit
C00255-K1,C00255,,,,,,
C03551-K2,C03551,,,,,,
C03744-K1,C03744,,,,,,
C06197-K2,C06197,,,,,,
C08112-K2,C08112,,,,,,
C07485-K1,C07485,,,,,,
C12033-K1,C12033,,,,,,
C12395-K2,C12395,,,,,,
C07762-K1,C07762,,,,,,
C11687-K2,C11687,,,,,,
