device_id,device_info,os,browser,screen,device_type
SM-T810 Build/NRD90M|Android 7.0|chrome 62.0 for android|2048x1536,SM-T810 Build/NRD90M,Android 7.0,chrome 62.0 for android,2048x1536,mobile
||chrome 62.0|,,,chrome 62.0,,desktop
Windows||chrome 62.0|,Windows,,chrome 62.0,,desktop
Windows|Windows 10|chrome 62.0|,Windows,Windows 10,chrome 62.0,,desktop
Moto G (5) Plus Build/NPN25.137-72||android webview 4.0|,Moto G (5) Plus Build/NPN25.137-72,,android webview 4.0,,mobile
iOS Device|iOS 11.1.2|mobile safari 11.0|1334x750,iOS Device,iOS 11.1.2,mobile safari 11.0,1334x750,mobile
SM-G930V Build/NRD90M|Android 7.0|chrome 62.0 for android|1920x1080,SM-G930V Build/NRD90M,Android 7.0,chrome 62.0 for android,1920x1080,mobile
iOS Device|iOS 11.1.2|mobile safari 11.0|1136x640,iOS Device,iOS 11.1.2,mobile safari 11.0,1136x640,mobile
Moto G (5) Build/NPP25.137-72||chrome generic|,Moto G (5) Build/NPP25.137-72,,chrome generic,,mobile
MacOS|Mac OS X 10_13_1|chrome 61.0|1440x900,MacOS,Mac OS X 10_13_1,chrome 61.0,1440x900,desktop
MacOS|Mac OS X 10_13_1|chrome 62.0|1440x900,MacOS,Mac OS X 10_13_1,chrome 62.0,1440x900,desktop
iOS Device|iOS 11.1.2|mobile safari 11.0|2208x1242,iOS Device,iOS 11.1.2,mobile safari 11.0,2208x1242,mobile
iOS Device|iOS 11.1.2|mobile safari uiwebview|2048x1536,iOS Device,iOS 11.1.2,mobile safari uiwebview,2048x1536,mobile
||chrome 61.0|,,,chrome 61.0,,desktop
||mobile safari generic|,,,mobile safari generic,,mobile
||mobile safari 10.0|,,,mobile safari 10.0,,mobile
||firefox 57.0|,,,firefox 57.0,,desktop
iOS Device|iOS 10.3.2|mobile safari 10.0|2048x1536,iOS Device,iOS 10.3.2,mobile safari 10.0,2048x1536,mobile
||mobile safari 11.0|,,,mobile safari 11.0,,mobile
iOS Device|iOS 10.0.2|mobile safari 10.0|1334x750,iOS Device,iOS 10.0.2,mobile safari 10.0,1334x750,mobile
||chrome 62.0 for ios|,,,chrome 62.0 for ios,,mobile
ALE-L23 Build/HuaweiALE-L23||chrome 46.0 for android|,ALE-L23 Build/HuaweiALE-L23,,chrome 46.0 for android,,mobile
Windows|Windows 10|chrome 62.0|1920x1080,Windows,Windows 10,chrome 62.0,1920x1080,desktop
Trident/7.0|Windows 10|ie 11.0 for desktop|1366x768,Trident/7.0,Windows 10,ie 11.0 for desktop,1366x768,desktop
Windows|Windows 7|chrome 62.0|1366x768,Windows,Windows 7,chrome 62.0,1366x768,desktop
iOS Device|iOS 10.3.3|mobile safari 10.0|1334x750,iOS Device,iOS 10.3.3,mobile safari 10.0,1334x750,mobile
Z836BL|Android 6.0.1|chrome 53.0 for android|855x480,Z836BL,Android 6.0.1,chrome 53.0 for android,855x480,mobile
MacOS|Mac OS X 10_9_5|safari generic|1280x800,MacOS,Mac OS X 10_9_5,safari generic,1280x800,desktop
SM-G930V Build/NRD90M|Android 7.0|chrome 62.0 for android|,SM-G930V Build/NRD90M,Android 7.0,chrome 62.0 for android,,mobile
LG-K580 Build/MRA58K||chrome 62.0 for android|,LG-K580 Build/MRA58K,,chrome 62.0 for android,,mobile
Trident/7.0|Windows 10|ie 11.0 for desktop|1680x1050,Trident/7.0,Windows 10,ie 11.0 for desktop,1680x1050,desktop
MacOS|Mac OS X 10_11_6|safari generic|1920x1200,MacOS,Mac OS X 10_11_6,safari generic,1920x1200,desktop
Trident/7.0|Windows 7|ie 11.0 for desktop|1920x1080,Trident/7.0,Windows 7,ie 11.0 for desktop,1920x1080,desktop
SM-G950U Build/NRD90M|Android 7.0|chrome 62.0 for android|2220x1080,SM-G950U Build/NRD90M,Android 7.0,chrome 62.0 for android,2220x1080,mobile
SAMSUNG SM-G930T Build/NRD90M|Android 7.0|samsung browser 6.2|1920x1080,SAMSUNG SM-G930T Build/NRD90M,Android 7.0,samsung browser 6.2,1920x1080,mobile
Moto G (4) Build/NPJ25.93-14.5||chrome generic|,Moto G (4) Build/NPJ25.93-14.5,,chrome generic,,mobile
Windows||chrome 61.0|,Windows,,chrome 61.0,,desktop
SM-T710 Build/NRD90M||chrome 62.0 for android|,SM-T710 Build/NRD90M,,chrome 62.0 for android,,mobile
SAMSUNG||chrome generic|,SAMSUNG,,chrome generic,,mobile
Windows|Windows 10|chrome 62.0|1366x768,Windows,Windows 10,chrome 62.0,1366x768,desktop
iOS Device|iOS 11.1.2|mobile safari generic|2436x1125,iOS Device,iOS 11.1.2,mobile safari generic,2436x1125,mobile
MacOS|Mac OS X 10_12_6|safari generic|2560x1440,MacOS,Mac OS X 10_12_6,safari generic,2560x1440,desktop
MacOS|Mac OS X 10_10_5|safari generic|2560x1440,MacOS,Mac OS X 10_10_5,safari generic,2560x1440,desktop
MacOS|Mac OS X 10_11_6|safari generic|1440x900,MacOS,Mac OS X 10_11_6,safari generic,1440x900,desktop
F3113 Build/33.2.A.4.70||chrome 62.0 for android|,F3113 Build/33.2.A.4.70,,chrome 62.0 for android,,mobile
Windows|Windows Vista|chrome 49.0|1366x768,Windows,Windows Vista,chrome 49.0,1366x768,desktop
iOS Device|iOS 11.1.2|mobile safari generic|1334x750,iOS Device,iOS 11.1.2,mobile safari generic,1334x750,mobile
D5306 Build/19.4.A.0.182||chrome 62.0 for android|,D5306 Build/19.4.A.0.182,,chrome 62.0 for android,,mobile
|Linux|chrome 59.0|1920x1080,,Linux,chrome 59.0,1920x1080,desktop
Trident/7.0|Windows 10|ie 11.0 for desktop|,Trident/7.0,Windows 10,ie 11.0 for desktop,,desktop
RCT6303W87M7 Build/MRA58K|Android 6.0|chrome 62.0 for android|1280x800,RCT6303W87M7 Build/MRA58K,Android 6.0,chrome 62.0 for android,1280x800,mobile
MacOS|Mac OS X 10_11_6|chrome 61.0|2880x1800,MacOS,Mac OS X 10_11_6,chrome 61.0,2880x1800,desktop
SAMSUNG-SM-G870A Build/MMB29M|Android 6.0.1|chrome 62.0 for android|1920x1080,SAMSUNG-SM-G870A Build/MMB29M,Android 6.0.1,chrome 62.0 for android,1920x1080,mobile
Blade V6 Build/LRX22G||chrome 62.0 for android|,Blade V6 Build/LRX22G,,chrome 62.0 for android,,mobile
iOS Device|iOS 11.1.0|mobile safari 11.0|1334x750,iOS Device,iOS 11.1.0,mobile safari 11.0,1334x750,mobile
SAMSUNG SM-J700M Build/MMB29K||samsung browser 6.2|,SAMSUNG SM-J700M Build/MMB29K,,samsung browser 6.2,,mobile
iOS Device|iOS 11.1.1|mobile safari 11.0|1334x750,iOS Device,iOS 11.1.1,mobile safari 11.0,1334x750,mobile
SM-G955U Build/NRD90M|Android 7.0|chrome 62.0 for android|,SM-G955U Build/NRD90M,Android 7.0,chrome 62.0 for android,,mobile
SM-G531H Build/LMY48B||chrome 62.0 for android|,SM-G531H Build/LMY48B,,chrome 62.0 for android,,mobile
Windows|Windows 7|chrome 62.0|1920x1080,Windows,Windows 7,chrome 62.0,1920x1080,desktop
iOS Device|iOS 11.0.3|mobile safari 11.0|1136x640,iOS Device,iOS 11.0.3,mobile safari 11.0,1136x640,mobile
SM-J727U Build/NRD90M||chrome 58.0 for android|,SM-J727U Build/NRD90M,,chrome 58.0 for android,,mobile
Blade V6 Plus Build/MRA58K||chrome 62.0 for android|,Blade V6 Plus Build/MRA58K,,chrome 62.0 for android,,mobile
Moto C Build/NRD90M.063||chrome 62.0 for android|,Moto C Build/NRD90M.063,,chrome 62.0 for android,,mobile
MacOS|Mac OS X 10_12_6|chrome 62.0|1920x1080,MacOS,Mac OS X 10_12_6,chrome 62.0,1920x1080,desktop
Trident/7.0|Windows 7|ie 11.0 for desktop|,Trident/7.0,Windows 7,ie 11.0 for desktop,,desktop
iOS Device|iOS 11.1.1|mobile safari 11.0|1136x640,iOS Device,iOS 11.1.1,mobile safari 11.0,1136x640,mobile
LG-K428 Build/MMB29M|Android 6.0.1|chrome 59.0 for android|1280x720,LG-K428 Build/MMB29M,Android 6.0.1,chrome 59.0 for android,1280x720,mobile
iOS Device|iOS 11.1.1|mobile safari 11.0|2048x1536,iOS Device,iOS 11.1.1,mobile safari 11.0,2048x1536,mobile
MacOS|Mac OS X 10_12_6|safari generic|1440x900,MacOS,Mac OS X 10_12_6,safari generic,1440x900,desktop
Trident/7.0|Windows 7|ie 11.0 for desktop|1366x768,Trident/7.0,Windows 7,ie 11.0 for desktop,1366x768,desktop
iOS Device|iOS 11.2.0|mobile safari 11.0|1136x640,iOS Device,iOS 11.2.0,mobile safari 11.0,1136x640,mobile
Windows|Windows 10|firefox 57.0|1920x1080,Windows,Windows 10,firefox 57.0,1920x1080,desktop
iOS Device|iOS 11.0.3|mobile safari 11.0|1334x750,iOS Device,iOS 11.0.3,mobile safari 11.0,1334x750,mobile
rv:52.0|Windows Vista|firefox 52.0|1920x1080,rv:52.0,Windows Vista,firefox 52.0,1920x1080,desktop
MacOS|Mac OS X 10_12_6|chrome 61.0|,MacOS,Mac OS X 10_12_6,chrome 61.0,,desktop
iOS Device|iOS|mobile safari 10.0|1334x750,iOS Device,iOS,mobile safari 10.0,1334x750,mobile
rv:57.0|Windows 10|firefox|1366x768,rv:57.0,Windows 10,firefox,1366x768,desktop
Windows||edge 14.0|,Windows,,edge 14.0,,desktop
MacOS|Mac OS X 10_13_1|safari generic|2560x1440,MacOS,Mac OS X 10_13_1,safari generic,2560x1440,desktop
MacOS|Mac OS X 10_13_1|chrome 62.0|2560x1600,MacOS,Mac OS X 10_13_1,chrome 62.0,2560x1600,desktop
Windows|Windows 10|chrome 62.0|1440x900,Windows,Windows 10,chrome 62.0,1440x900,desktop
SM-J327V Build/NRD90M|Android 7.0|chrome 62.0 for android|1280x720,SM-J327V Build/NRD90M,Android 7.0,chrome 62.0 for android,1280x720,mobile
Trident/7.0|Windows 8.1|ie 11.0 for desktop|1366x768,Trident/7.0,Windows 8.1,ie 11.0 for desktop,1366x768,desktop
Windows|Windows 10|firefox 57.0|1600x900,Windows,Windows 10,firefox 57.0,1600x900,desktop
Windows|Windows 8.1|chrome 62.0|,Windows,Windows 8.1,chrome 62.0,,desktop
iOS Device|iOS 11.0.0|mobile safari 11.0|2048x1536,iOS Device,iOS 11.0.0,mobile safari 11.0,2048x1536,mobile
iOS Device|iOS 9.3.5|mobile safari 9.0|2048x1536,iOS Device,iOS 9.3.5,mobile safari 9.0,2048x1536,mobile
Windows|Windows 7|chrome 62.0|1600x900,Windows,Windows 7,chrome 62.0,1600x900,desktop
Windows|Windows 10|chrome 62.0|1600x900,Windows,Windows 10,chrome 62.0,1600x900,desktop
Windows|Windows XP|firefox 52.0|1152x864,Windows,Windows XP,firefox 52.0,1152x864,desktop
MacOS|Mac OS X 10_13_1|safari generic|4096x2304,MacOS,Mac OS X 10_13_1,safari generic,4096x2304,desktop
Windows|Windows 8.1|chrome 62.0|1366x768,Windows,Windows 8.1,chrome 62.0,1366x768,desktop
Windows|Windows 7|ie 11.0 for desktop|,Windows,Windows 7,ie 11.0 for desktop,,desktop
QTASUN1 Build/NRD90M|Android 7.0|chrome 56.0 for android|1920x1200,QTASUN1 Build/NRD90M,Android 7.0,chrome 56.0 for android,1920x1200,mobile
Windows|Windows 10|chrome 60.0|1920x1080,Windows,Windows 10,chrome 60.0,1920x1080,desktop
LG-D693n Build/LRX22G||chrome 60.0 for android|,LG-D693n Build/LRX22G,,chrome 60.0 for android,,mobile
Trident/7.0|Windows 7|ie 11.0 for desktop|1440x900,Trident/7.0,Windows 7,ie 11.0 for desktop,1440x900,desktop
||chrome|,,,chrome,,desktop
Windows|Windows 7|chrome 62.0|1280x1024,Windows,Windows 7,chrome 62.0,1280x1024,desktop
MacOS|Mac OS X 10_11_6|safari generic|1920x1080,MacOS,Mac OS X 10_11_6,safari generic,1920x1080,desktop
HUAWEI RIO-L03 Build/HUAWEIRIO-L03||chrome 62.0 for android|,HUAWEI RIO-L03 Build/HUAWEIRIO-L03,,chrome 62.0 for android,,mobile
Trident/7.0||ie 11.0 for desktop|,Trident/7.0,,ie 11.0 for desktop,,desktop
HTC 10 Build/NRD90M|Android 7.0|chrome 62.0 for android|2560x1440,HTC 10 Build/NRD90M,Android 7.0,chrome 62.0 for android,2560x1440,mobile
Windows|Windows 7|chrome 62.0|1920x1200,Windows,Windows 7,chrome 62.0,1920x1200,desktop
SM-G550T Build/MMB29K|Android 6.0.1|chrome 59.0 for android|1280x720,SM-G550T Build/MMB29K,Android 6.0.1,chrome 59.0 for android,1280x720,mobile
MacOS|Mac|safari generic|1680x1050,MacOS,Mac,safari generic,1680x1050,desktop
Windows|Windows 10|edge 14.0|1920x1080,Windows,Windows 10,edge 14.0,1920x1080,desktop
MacOS|Mac OS X 10_10_5|safari generic|1680x1050,MacOS,Mac OS X 10_10_5,safari generic,1680x1050,desktop
5012G Build/MRA58K||chrome 55.0 for android|,5012G Build/MRA58K,,chrome 55.0 for android,,mobile
SAMSUNG SM-T587P Build/NRD90M|Android 7.0|samsung browser 6.2|1920x1200,SAMSUNG SM-T587P Build/NRD90M,Android 7.0,samsung browser 6.2,1920x1200,mobile
MacOS|Mac OS X 10_13_1|safari generic|1366x768,MacOS,Mac OS X 10_13_1,safari generic,1366x768,desktop
iOS Device|iOS 10.2.0|mobile safari 10.0|1136x640,iOS Device,iOS 10.2.0,mobile safari 10.0,1136x640,mobile
MacOS|Mac OS X 10_11_6|chrome 62.0|2560x1600,MacOS,Mac OS X 10_11_6,chrome 62.0,2560x1600,desktop
MacOS|Mac OS X 10_13_1|safari generic|2560x1600,MacOS,Mac OS X 10_13_1,safari generic,2560x1600,desktop
Windows|Windows 7|firefox 57.0|1600x900,Windows,Windows 7,firefox 57.0,1600x900,desktop
Windows|Windows 10|edge 15.0|,Windows,Windows 10,edge 15.0,,desktop
LG-V410|Android 5.0.2|chrome 61.0 for android|,LG-V410,Android 5.0.2,chrome 61.0 for android,,mobile
Trident/7.0|Windows 7|ie 11.0 for desktop|1280x720,Trident/7.0,Windows 7,ie 11.0 for desktop,1280x720,desktop
SAMSUNG SM-G891A Build/NRD90M|Android 7.0|samsung browser 6.2|1920x1080,SAMSUNG SM-G891A Build/NRD90M,Android 7.0,samsung browser 6.2,1920x1080,mobile
MacOS|Mac OS X 10_10_5|safari generic|1440x900,MacOS,Mac OS X 10_10_5,safari generic,1440x900,desktop
iOS Device|iOS 10.3.3|mobile safari 10.0|1136x640,iOS Device,iOS 10.3.3,mobile safari 10.0,1136x640,mobile
MacOS|Mac OS X 10_12_6|safari generic|2880x1800,MacOS,Mac OS X 10_12_6,safari generic,2880x1800,desktop
||mobile safari 9.0|,,,mobile safari 9.0,,mobile
Moto|Android 7.0|chrome generic|1920x1080,Moto,Android 7.0,chrome generic,1920x1080,mobile
Windows|Windows 10|edge 16.0|1366x768,Windows,Windows 10,edge 16.0,1366x768,desktop
Windows||ie 11.0 for desktop|,Windows,,ie 11.0 for desktop,,desktop
Windows|Windows 10|edge 15.0|1366x768,Windows,Windows 10,edge 15.0,1366x768,desktop
iOS Device|iOS 11.0.3|mobile safari 11.0|2048x1536,iOS Device,iOS 11.0.3,mobile safari 11.0,2048x1536,mobile
MacOS|Mac OS X 10_10_5|safari generic|1920x1080,MacOS,Mac OS X 10_10_5,safari generic,1920x1080,desktop
Trident/7.0|Windows 7|ie 11.0 for desktop|1600x900,Trident/7.0,Windows 7,ie 11.0 for desktop,1600x900,desktop
Windows|Windows 10|chrome 62.0|3000x2000,Windows,Windows 10,chrome 62.0,3000x2000,desktop
|Linux|chrome 62.0|1366x768,,Linux,chrome 62.0,1366x768,desktop
iOS Device|iOS 11.1.2|mobile safari 11.0|2048x1536,iOS Device,iOS 11.1.2,mobile safari 11.0,2048x1536,mobile
MacOS|Mac OS X 10_7_5|chrome 49.0|1920x1080,MacOS,Mac OS X 10_7_5,chrome 49.0,1920x1080,desktop
iOS Device|iOS 11.1.2|mobile safari generic|2208x1242,iOS Device,iOS 11.1.2,mobile safari generic,2208x1242,mobile
Windows|Windows 10|edge 15.0|1600x900,Windows,Windows 10,edge 15.0,1600x900,desktop
iOS Device|iOS 10.2.1|mobile safari 10.0|1136x640,iOS Device,iOS 10.2.1,mobile safari 10.0,1136x640,mobile
MacOS|Mac OS X 10_13_1|safari generic|5120x2880,MacOS,Mac OS X 10_13_1,safari generic,5120x2880,desktop
Trident/7.0|Windows 10|ie 11.0 for desktop|1920x1080,Trident/7.0,Windows 10,ie 11.0 for desktop,1920x1080,desktop
MacOS|Mac OS X 10_9_5|chrome 62.0|1920x1080,MacOS,Mac OS X 10_9_5,chrome 62.0,1920x1080,desktop
SM-J727V Build/NRD90M|Android 7.0|chrome 62.0 for android|1280x720,SM-J727V Build/NRD90M,Android 7.0,chrome 62.0 for android,1280x720,mobile
Trident/7.0|Windows 10|ie 11.0 for tablet|1920x1080,Trident/7.0,Windows 10,ie 11.0 for tablet,1920x1080,desktop
Windows|Windows 7|firefox 57.0|1920x1080,Windows,Windows 7,firefox 57.0,1920x1080,desktop
MacOS|Mac OS X 10_13_1|safari generic|1920x1080,MacOS,Mac OS X 10_13_1,safari generic,1920x1080,desktop
rv:56.0|Mac OS X 10.12|firefox 56.0|1920x1080,rv:56.0,Mac OS X 10.12,firefox 56.0,1920x1080,desktop
Windows|Windows 8.1|ie 11.0 for desktop|,Windows,Windows 8.1,ie 11.0 for desktop,,desktop
Trident/7.0|Windows 10|ie 11.0 for desktop|1600x900,Trident/7.0,Windows 10,ie 11.0 for desktop,1600x900,desktop
Windows|Windows 10|edge 15.0|1920x1080,Windows,Windows 10,edge 15.0,1920x1080,desktop
Windows|Windows 8.1|chrome 62.0|1920x1080,Windows,Windows 8.1,chrome 62.0,1920x1080,desktop
Windows|Windows 8.1|chrome 62.0|1280x1024,Windows,Windows 8.1,chrome 62.0,1280x1024,desktop
SM-G532M Build/MMB29T||chrome 60.0 for android|,SM-G532M Build/MMB29T,,chrome 60.0 for android,,mobile
GT-P5113|Android|chrome 62.0 for android|1280x800,GT-P5113,Android,chrome 62.0 for android,1280x800,mobile
iOS Device|iOS 11.0.0|mobile safari 11.0|1334x750,iOS Device,iOS 11.0.0,mobile safari 11.0,1334x750,mobile
MacOS|Mac OS X 10_13_1|safari generic|1440x900,MacOS,Mac OS X 10_13_1,safari generic,1440x900,desktop
Windows||firefox 57.0|,Windows,,firefox 57.0,,desktop
Windows|Windows 10|chrome 62.0|3840x2160,Windows,Windows 10,chrome 62.0,3840x2160,desktop
XT1254 Build/MCG24.251-5-5|Android 6.0.1|chrome 62.0 for android|2560x1440,XT1254 Build/MCG24.251-5-5,Android 6.0.1,chrome 62.0 for android,2560x1440,mobile
rv:57.0|Mac OS X 10.10|firefox 57.0|2880x1800,rv:57.0,Mac OS X 10.10,firefox 57.0,2880x1800,desktop
iOS Device|iOS 11.0.3|mobile safari 11.0|2001x1125,iOS Device,iOS 11.0.3,mobile safari 11.0,2001x1125,mobile
rv:57.0|Mac OS X 10.13|firefox 57.0|1440x900,rv:57.0,Mac OS X 10.13,firefox 57.0,1440x900,desktop
rv:57.0|Mac OS X 10.10|firefox 57.0|1920x1080,rv:57.0,Mac OS X 10.10,firefox 57.0,1920x1080,desktop
MacOS|Mac OS X 10_12_6|chrome 62.0|2880x1800,MacOS,Mac OS X 10_12_6,chrome 62.0,2880x1800,desktop
iOS Device|iOS 11.1.2|mobile safari 11.0|2436x1125,iOS Device,iOS 11.1.2,mobile safari 11.0,2436x1125,mobile
Windows|Windows 7|firefox 57.0|1366x768,Windows,Windows 7,firefox 57.0,1366x768,desktop
Windows|Windows 10|firefox 57.0|1440x900,Windows,Windows 10,firefox 57.0,1440x900,desktop
Windows|Windows 7||1638x922,Windows,Windows 7,,1638x922,desktop
rv:11.0||ie 11.0 for desktop|,rv:11.0,,ie 11.0 for desktop,,desktop
Windows|Windows 10|firefox 57.0|1366x768,Windows,Windows 10,firefox 57.0,1366x768,desktop
Windows|Windows 7|chrome 62.0|1440x900,Windows,Windows 7,chrome 62.0,1440x900,desktop
MacOS|Mac OS X 10_10_5|safari generic|1920x1200,MacOS,Mac OS X 10_10_5,safari generic,1920x1200,desktop
iOS Device|iOS 11.2.0|mobile safari 11.0|2208x1242,iOS Device,iOS 11.2.0,mobile safari 11.0,2208x1242,mobile
Windows|Windows 10|chrome 62.0|2560x1440,Windows,Windows 10,chrome 62.0,2560x1440,desktop
iOS Device|iOS 11.2.0|mobile safari 11.0|2048x1536,iOS Device,iOS 11.2.0,mobile safari 11.0,2048x1536,mobile
LG-D331 Build/LRX22G||chrome 60.0 for android|,LG-D331 Build/LRX22G,,chrome 60.0 for android,,mobile
rv:11.0|Windows 7|ie 11.0 for desktop|,rv:11.0,Windows 7,ie 11.0 for desktop,,desktop
|Android|chrome 62.0|1920x1080,,Android,chrome 62.0,1920x1080,mobile
iOS Device|iOS 9.3.5|mobile safari 9.0|1024x768,iOS Device,iOS 9.3.5,mobile safari 9.0,1024x768,mobile
MacOS|Mac OS X 10_11_3|safari generic|1920x1080,MacOS,Mac OS X 10_11_3,safari generic,1920x1080,desktop
SM-G900V Build/MMB29M|Android 6.0.1|chrome 57.0 for android|1920x1080,SM-G900V Build/MMB29M,Android 6.0.1,chrome 57.0 for android,1920x1080,mobile
Windows|Windows 10|chrome 62.0|1280x1024,Windows,Windows 10,chrome 62.0,1280x1024,desktop
MacOS|Mac OS X 10_12_6|chrome 61.0|1440x900,MacOS,Mac OS X 10_12_6,chrome 61.0,1440x900,desktop
rv:51.0||firefox|,rv:51.0,,firefox,,desktop
MacOS|Mac OS X 10_12_3|chrome 62.0|1440x900,MacOS,Mac OS X 10_12_3,chrome 62.0,1440x900,desktop
LG-M322|Android 7.0|chrome 62.0 for android|1280x720,LG-M322,Android 7.0,chrome 62.0 for android,1280x720,mobile
||chrome generic|,,,chrome generic,,desktop
Windows|Windows 10|firefox 57.0|1280x1024,Windows,Windows 10,firefox 57.0,1280x1024,desktop
iOS Device|iOS 11.0.1|mobile safari 11.0|2048x1536,iOS Device,iOS 11.0.1,mobile safari 11.0,2048x1536,mobile
SM-E500M Build/KTU84P||chrome 62.0 for android|,SM-E500M Build/KTU84P,,chrome 62.0 for android,,mobile
SM-G900T Build/MMB29M|Android 6.0.1|chrome 62.0 for android|1920x1080,SM-G900T Build/MMB29M,Android 6.0.1,chrome 62.0 for android,1920x1080,mobile
iOS Device|iOS 11.1.2|mobile safari generic|2048x1536,iOS Device,iOS 11.1.2,mobile safari generic,2048x1536,mobile
|Android|chrome 62.0|2560x1440,,Android,chrome 62.0,2560x1440,mobile
MacOS|Mac OS X 10_11_6|chrome 62.0|1366x768,MacOS,Mac OS X 10_11_6,chrome 62.0,1366x768,desktop
MacOS|Mac OS X 10_11_6|chrome 61.0|1920x1080,MacOS,Mac OS X 10_11_6,chrome 61.0,1920x1080,desktop
iOS Device|iOS 11.1.1|mobile safari generic|1334x750,iOS Device,iOS 11.1.1,mobile safari generic,1334x750,mobile
iOS Device|iOS 11.1.2|mobile safari 11.0|2001x1125,iOS Device,iOS 11.1.2,mobile safari 11.0,2001x1125,mobile
Windows|Windows 7|chrome 62.0|1360x768,Windows,Windows 7,chrome 62.0,1360x768,desktop
Z410||chrome 62.0 for android|,Z410,,chrome 62.0 for android,,mobile
SAMSUNG|Android 7.0|samsung browser 6.2|1920x1080,SAMSUNG,Android 7.0,samsung browser 6.2,1920x1080,mobile
Windows|Windows 7|chrome 62.0|1680x1050,Windows,Windows 7,chrome 62.0,1680x1050,desktop
SM-N920G Build/NRD90M||chrome 62.0 for android|,SM-N920G Build/NRD90M,,chrome 62.0 for android,,mobile
MacOS|Mac OS X 10_11_6|safari generic|2560x1600,MacOS,Mac OS X 10_11_6,safari generic,2560x1600,desktop
SAMSUNG SM-G950U1 Build/NRD90M|Android 7.0|samsung browser 6.2|2220x1080,SAMSUNG SM-G950U1 Build/NRD90M,Android 7.0,samsung browser 6.2,2220x1080,mobile
MacOS|Mac OS X 10_11_6|safari generic|1280x800,MacOS,Mac OS X 10_11_6,safari generic,1280x800,desktop
Windows|Windows 10|chrome 62.0|1680x1050,Windows,Windows 10,chrome 62.0,1680x1050,desktop
LG-H500 Build/LRX21Y||chrome 59.0 for android|,LG-H500 Build/LRX21Y,,chrome 59.0 for android,,mobile
Aquaris||chrome 61.0 for android|,Aquaris,,chrome 61.0 for android,,mobile
BLADE A602 Build/MRA58K||chrome 62.0 for android|,BLADE A602 Build/MRA58K,,chrome 62.0 for android,,mobile
XT1635-02 Build/NPN26.118-22-2||chrome 62.0 for android|,XT1635-02 Build/NPN26.118-22-2,,chrome 62.0 for android,,mobile
MacOS|Mac OS X 10_11_6|chrome 62.0|2880x1800,MacOS,Mac OS X 10_11_6,chrome 62.0,2880x1800,desktop
MacOS|Mac OS X 10_12_6|chrome 61.0|5120x2880,MacOS,Mac OS X 10_12_6,chrome 61.0,5120x2880,desktop
MacOS|Mac OS X 10_11_6|chrome 62.0|1920x1080,MacOS,Mac OS X 10_11_6,chrome 62.0,1920x1080,desktop
Windows|Windows 10|edge 16.0|1920x1200,Windows,Windows 10,edge 16.0,1920x1200,desktop
Windows|Windows 10|chrome 62.0|1024x768,Windows,Windows 10,chrome 62.0,1024x768,desktop
||firefox 56.0|,,,firefox 56.0,,desktop
SM-N920V Build/NRD90M|Android 7.0|chrome 62.0 for android|,SM-N920V Build/NRD90M,Android 7.0,chrome 62.0 for android,,mobile
HUAWEI TAG-L13 Build/HUAWEITAG-L13||chrome 62.0 for android|,HUAWEI TAG-L13 Build/HUAWEITAG-L13,,chrome 62.0 for android,,mobile
Windows|Windows 10|edge 14.0|1366x768,Windows,Windows 10,edge 14.0,1366x768,desktop
Trident/7.0|Windows 8.1|ie 11.0 for desktop|1440x900,Trident/7.0,Windows 8.1,ie 11.0 for desktop,1440x900,desktop
iOS Device|iOS 11.1.0|mobile safari 11.0|2048x1536,iOS Device,iOS 11.1.0,mobile safari 11.0,2048x1536,mobile
SM-G900F Build/MMB29M||chrome 62.0 for android|,SM-G900F Build/MMB29M,,chrome 62.0 for android,,mobile
MacOS|Mac OS X 10_13_1|safari generic|1600x900,MacOS,Mac OS X 10_13_1,safari generic,1600x900,desktop
SAMSUNG|Android 5.1.1|chrome generic|1920x1080,SAMSUNG,Android 5.1.1,chrome generic,1920x1080,mobile
|Linux|chrome 62.0|1920x1080,,Linux,chrome 62.0,1920x1080,desktop
||safari generic|,,,safari generic,,desktop
MacOS|Mac OS X 10_10_5|safari generic|1280x800,MacOS,Mac OS X 10_10_5,safari generic,1280x800,desktop
Windows|Windows 10|chrome 62.0|1280x800,Windows,Windows 10,chrome 62.0,1280x800,desktop
M4 SS4450 Build/MRA58K||other|,M4 SS4450 Build/MRA58K,,other,,mobile
Windows|Windows 10|edge 16.0|,Windows,Windows 10,edge 16.0,,desktop
Windows||edge 15.0|,Windows,,edge 15.0,,desktop
MacOS|Mac|safari generic|1440x900,MacOS,Mac,safari generic,1440x900,desktop
LG-K500 Build/MMB29M||chrome 62.0 for android|,LG-K500 Build/MMB29M,,chrome 62.0 for android,,mobile
iOS Device|iOS 10.3.3|mobile safari 10.0|2208x1242,iOS Device,iOS 10.3.3,mobile safari 10.0,2208x1242,mobile
rv:52.0|Windows 10|firefox|1440x900,rv:52.0,Windows 10,firefox,1440x900,desktop
iOS Device|iOS 10.3.3|mobile safari 10.0|2048x1536,iOS Device,iOS 10.3.3,mobile safari 10.0,2048x1536,mobile
iOS Device|iOS 11.1.2|mobile safari 11.0|2224x1668,iOS Device,iOS 11.1.2,mobile safari 11.0,2224x1668,mobile
iOS Device|iOS 11.2.0|mobile safari 11.0|2436x1125,iOS Device,iOS 11.2.0,mobile safari 11.0,2436x1125,mobile
Windows|Windows 10|edge 15.0|1280x1024,Windows,Windows 10,edge 15.0,1280x1024,desktop
Windows|Windows 10|edge 14.0|1280x1024,Windows,Windows 10,edge 14.0,1280x1024,desktop
iOS Device|iOS 11.1.2|chrome 62.0 for ios|2048x1536,iOS Device,iOS 11.1.2,chrome 62.0 for ios,2048x1536,mobile
SM-J700M Build/MMB29K||chrome 61.0 for android|,SM-J700M Build/MMB29K,,chrome 61.0 for android,,mobile
iOS Device|iOS 10.2.1|mobile safari 10.0|2208x1242,iOS Device,iOS 10.2.1,mobile safari 10.0,2208x1242,mobile
MacOS|Mac OS X 10_11_5|safari generic|1280x800,MacOS,Mac OS X 10_11_5,safari generic,1280x800,desktop
Trident/7.0|Windows 10|ie 11.0 for tablet|1366x768,Trident/7.0,Windows 10,ie 11.0 for tablet,1366x768,desktop
BLL-L23 Build/HUAWEIBLL-L23||chrome 62.0 for android|,BLL-L23 Build/HUAWEIBLL-L23,,chrome 62.0 for android,,mobile
KYOCERA-C6742A Build/LMY47V|Android 5.1.1|chrome generic|960x540,KYOCERA-C6742A Build/LMY47V,Android 5.1.1,chrome generic,960x540,mobile
SM-T700 Build/MMB29K||chrome 62.0 for android|,SM-T700 Build/MMB29K,,chrome 62.0 for android,,mobile
MacOS|Mac OS X 10_12_5|safari generic|1440x900,MacOS,Mac OS X 10_12_5,safari generic,1440x900,desktop
||chrome 49.0|,,,chrome 49.0,,desktop
Trident/7.0||ie 11.0 for tablet|,Trident/7.0,,ie 11.0 for tablet,,desktop
SM-G920V Build/NRD90M|Android 7.0|chrome 56.0 for android|2560x1440,SM-G920V Build/NRD90M,Android 7.0,chrome 56.0 for android,2560x1440,mobile
rv:56.0||firefox 56.0|,rv:56.0,,firefox 56.0,,desktop
VS500|Android 7.0|android webview 4.0|1280x720,VS500,Android 7.0,android webview 4.0,1280x720,mobile
rv:56.0|Mac OS X 10.9|firefox 56.0|1440x900,rv:56.0,Mac OS X 10.9,firefox 56.0,1440x900,desktop
KFFOWI Build/LVY48F|Android 5.1.1|chrome generic|1024x600,KFFOWI Build/LVY48F,Android 5.1.1,chrome generic,1024x600,mobile
MacOS|Mac OS X 10_9_5|safari generic|1440x900,MacOS,Mac OS X 10_9_5,safari generic,1440x900,desktop
Moto E (4) Build/NMA26.42-19||chrome generic|,Moto E (4) Build/NMA26.42-19,,chrome generic,,mobile
SAMSUNG||samsung browser 6.2|,SAMSUNG,,samsung browser 6.2,,mobile
Windows|Windows 7|chrome 61.0|1920x1080,Windows,Windows 7,chrome 61.0,1920x1080,desktop
MacOS|Mac OS X 10_11_6|safari generic|2880x1800,MacOS,Mac OS X 10_11_6,safari generic,2880x1800,desktop
Ilium L910 Build/MRA58K||chrome 62.0 for android|,Ilium L910 Build/MRA58K,,chrome 62.0 for android,,mobile
MacOS|Mac OS X 10_12_6|chrome 62.0|2560x1600,MacOS,Mac OS X 10_12_6,chrome 62.0,2560x1600,desktop
iOS Device|iOS 10.3.2|mobile safari 10.0|1334x750,iOS Device,iOS 10.3.2,mobile safari 10.0,1334x750,mobile
iOS Device|iOS 11.1.2|mobile safari 11.0|2732x2048,iOS Device,iOS 11.1.2,mobile safari 11.0,2732x2048,mobile
SM-J700M Build/MMB29K||chrome 62.0 for android|,SM-J700M Build/MMB29K,,chrome 62.0 for android,,mobile
MacOS|Mac OS X 10_13_1|safari generic|2880x1800,MacOS,Mac OS X 10_13_1,safari generic,2880x1800,desktop
iOS Device|iOS 11.1.2|mobile safari generic|2001x1125,iOS Device,iOS 11.1.2,mobile safari generic,2001x1125,mobile
LG-H420 Build/LRX21Y||other|,LG-H420 Build/LRX21Y,,other,,mobile
Windows|Windows 8.1|firefox 57.0|1024x768,Windows,Windows 8.1,firefox 57.0,1024x768,desktop
XT1032 Build/LPBS23.13-56-2||chrome 55.0 for android|,XT1032 Build/LPBS23.13-56-2,,chrome 55.0 for android,,mobile
GT-I9060M Build/KTU84P||chrome 62.0 for android|,GT-I9060M Build/KTU84P,,chrome 62.0 for android,,mobile
MacOS|Mac OS X 10_12_6|safari generic|5120x2880,MacOS,Mac OS X 10_12_6,safari generic,5120x2880,desktop
rv:38.0||firefox|,rv:38.0,,firefox,,desktop
Windows|Windows Vista|firefox 52.0|1280x800,Windows,Windows Vista,firefox 52.0,1280x800,desktop
Windows|Windows 7|chrome 62.0|,Windows,Windows 7,chrome 62.0,,desktop
LGMP260 Build/NRD90U|Android 7.0|chrome 61.0 for android|1280x720,LGMP260 Build/NRD90U,Android 7.0,chrome 61.0 for android,1280x720,mobile
TA-1003||chrome 62.0 for android|,TA-1003,,chrome 62.0 for android,,mobile
|Android|chrome 61.0|855x480,,Android,chrome 61.0,855x480,mobile
iOS Device|iOS 11.0.1|mobile safari uiwebview|2048x1536,iOS Device,iOS 11.0.1,mobile safari uiwebview,2048x1536,mobile
rv:57.0|Mac OS X 10.9|firefox 57.0|1440x900,rv:57.0,Mac OS X 10.9,firefox 57.0,1440x900,desktop
MacOS|Mac OS X 10_12_6|safari generic|2560x1600,MacOS,Mac OS X 10_12_6,safari generic,2560x1600,desktop
rv:11.0|Windows 7|ie 11.0 for desktop|1920x1080,rv:11.0,Windows 7,ie 11.0 for desktop,1920x1080,desktop
Windows|Windows Vista|chrome 49.0|1280x800,Windows,Windows Vista,chrome 49.0,1280x800,desktop
Windows|Windows 7|chrome 62.0|1024x768,Windows,Windows 7,chrome 62.0,1024x768,desktop
MacOS|Mac OS X 10_13_1|chrome 62.0|5120x2880,MacOS,Mac OS X 10_13_1,chrome 62.0,5120x2880,desktop
SAMSUNG SM-G950U Build/NRD90M|Android 7.0|samsung browser 6.2|2220x1080,SAMSUNG SM-G950U Build/NRD90M,Android 7.0,samsung browser 6.2,2220x1080,mobile
iOS Device|iOS 10.3.3|mobile safari generic|1334x750,iOS Device,iOS 10.3.3,mobile safari generic,1334x750,mobile
VS988 Build/NRD90U|Android 7.0|chrome 62.0 for android|2672x1440,VS988 Build/NRD90U,Android 7.0,chrome 62.0 for android,2672x1440,mobile
Windows|Windows 7|firefox 57.0|1440x900,Windows,Windows 7,firefox 57.0,1440x900,desktop
Windows|Windows 8.1|chrome 62.0|1600x900,Windows,Windows 8.1,chrome 62.0,1600x900,desktop
iOS Device|iOS 10.3.1|mobile safari 10.0|2001x1125,iOS Device,iOS 10.3.1,mobile safari 10.0,2001x1125,mobile
MacOS|Mac OS X 10_10_5|chrome 62.0|1680x1050,MacOS,Mac OS X 10_10_5,chrome 62.0,1680x1050,desktop
Windows NT 6.1||ie|,Windows NT 6.1,,ie,,desktop
MacOS|Mac OS X 10_11_6|chrome 61.0|2560x1600,MacOS,Mac OS X 10_11_6,chrome 61.0,2560x1600,desktop
Trident/7.0|Windows 7|ie 11.0 for desktop|1680x1050,Trident/7.0,Windows 7,ie 11.0 for desktop,1680x1050,desktop
MacOS|Mac OS X 10_12_5|safari generic|1280x800,MacOS,Mac OS X 10_12_5,safari generic,1280x800,desktop
Windows NT 6.1|Windows 7|ie|1920x1080,Windows NT 6.1,Windows 7,ie,1920x1080,desktop
iOS Device|iOS 11.0.2|mobile safari 11.0|2732x2048,iOS Device,iOS 11.0.2,mobile safari 11.0,2732x2048,mobile
iOS Device|iOS 11.2.0|mobile safari 11.0|1334x750,iOS Device,iOS 11.2.0,mobile safari 11.0,1334x750,mobile
Windows|Windows 7|chrome 62.0|2560x1440,Windows,Windows 7,chrome 62.0,2560x1440,desktop
Windows|Windows 10|chrome 62.0|1280x1025,Windows,Windows 10,chrome 62.0,1280x1025,desktop
SM-G955U Build/NRD90M|Android 7.0|chrome 62.0 for android|2220x1080,SM-G955U Build/NRD90M,Android 7.0,chrome 62.0 for android,2220x1080,mobile
iOS Device|iOS 11.2.0|mobile safari generic|2208x1242,iOS Device,iOS 11.2.0,mobile safari generic,2208x1242,mobile
Windows|Windows 10|chrome 62.0|1280x720,Windows,Windows 10,chrome 62.0,1280x720,desktop
SAMSUNG SM-J327T Build/NRD90M|Android 7.0|samsung browser 6.2|1280x720,SAMSUNG SM-J327T Build/NRD90M,Android 7.0,samsung browser 6.2,1280x720,mobile
rv:52.0|Windows Vista|firefox 52.0|1280x800,rv:52.0,Windows Vista,firefox 52.0,1280x800,desktop
SM-A710M Build/LMY47X||chrome 60.0 for android|,SM-A710M Build/LMY47X,,chrome 60.0 for android,,mobile
SM-G532M Build/MMB29T||Samsung/SM-G532M|,SM-G532M Build/MMB29T,,Samsung/SM-G532M,,mobile
Trident/7.0|Windows 8.1|ie 11.0 for desktop|,Trident/7.0,Windows 8.1,ie 11.0 for desktop,,desktop
MacOS|Mac OS X 10_12_5|chrome 61.0|2560x1600,MacOS,Mac OS X 10_12_5,chrome 61.0,2560x1600,desktop
Windows|Windows 10|firefox 52.0|1920x1080,Windows,Windows 10,firefox 52.0,1920x1080,desktop
Windows|Windows 10|chrome 62.0|2560x1080,Windows,Windows 10,chrome 62.0,2560x1080,desktop
Windows|Windows 10|edge 14.0|2160x1440,Windows,Windows 10,edge 14.0,2160x1440,desktop
iOS Device|iOS 10.3.3|mobile safari generic|2048x1536,iOS Device,iOS 10.3.3,mobile safari generic,2048x1536,mobile
iOS Device|iOS|mobile safari 8.0|1024x768,iOS Device,iOS,mobile safari 8.0,1024x768,mobile
Moto G Play Build/MPIS24.241-15.3-26||chrome 62.0 for android|,Moto G Play Build/MPIS24.241-15.3-26,,chrome 62.0 for android,,mobile
Trident/7.0|Windows 10|ie 11.0 for desktop|1280x1024,Trident/7.0,Windows 10,ie 11.0 for desktop,1280x1024,desktop
iOS Device|iOS 10.3.3|chrome 62.0 for ios|2048x1536,iOS Device,iOS 10.3.3,chrome 62.0 for ios,2048x1536,mobile
Windows|Windows 10|edge 16.0|1600x900,Windows,Windows 10,edge 16.0,1600x900,desktop
Nexus 6P Build/OPR5.170623.011|Android 8.0.0||2562x1442,Nexus 6P Build/OPR5.170623.011,Android 8.0.0,,2562x1442,mobile
|Android|chrome 62.0|801x480,,Android,chrome 62.0,801x480,mobile
Trident/7.0|Windows 10|ie 11.0 for tablet|2736x1824,Trident/7.0,Windows 10,ie 11.0 for tablet,2736x1824,desktop
SM-J510MN Build/MMB29M||chrome 62.0 for android|,SM-J510MN Build/MMB29M,,chrome 62.0 for android,,mobile
Trident/7.0|Windows 7|ie 11.0 for desktop|1280x1024,Trident/7.0,Windows 7,ie 11.0 for desktop,1280x1024,desktop
MacOS|Mac OS X 10_10_5|chrome 62.0|1440x900,MacOS,Mac OS X 10_10_5,chrome 62.0,1440x900,desktop
SM-G935F Build/NRD90M||chrome 62.0 for android|,SM-G935F Build/NRD90M,,chrome 62.0 for android,,mobile
Windows|Windows 10|edge 15.0|1680x1050,Windows,Windows 10,edge 15.0,1680x1050,desktop
Trident/7.0|Windows 8.1|ie 11.0 for desktop|1920x1080,Trident/7.0,Windows 8.1,ie 11.0 for desktop,1920x1080,desktop
Windows|Windows 7|chrome 62.0|3441x1440,Windows,Windows 7,chrome 62.0,3441x1440,desktop
Windows|Windows 10|edge 16.0|1920x1080,Windows,Windows 10,edge 16.0,1920x1080,desktop
Trident/7.0|Windows 7|ie 11.0 for desktop|1920x1200,Trident/7.0,Windows 7,ie 11.0 for desktop,1920x1200,desktop
MacOS|Mac OS X 10_11_6|chrome 62.0|4096x2304,MacOS,Mac OS X 10_11_6,chrome 62.0,4096x2304,desktop
Windows|Windows 10|firefox 57.0|,Windows,Windows 10,firefox 57.0,,desktop
Windows|Windows 10|opera 49.0|,Windows,Windows 10,opera 49.0,,desktop
MacOS|Mac OS X 10_12_6|safari generic|1920x1080,MacOS,Mac OS X 10_12_6,safari generic,1920x1080,desktop
MacOS|Mac OS X 10_9_5|opera 49.0|1280x800,MacOS,Mac OS X 10_9_5,opera 49.0,1280x800,desktop
MacOS|Mac OS X 10_12_6|chrome 62.0|1440x900,MacOS,Mac OS X 10_12_6,chrome 62.0,1440x900,desktop
SM-G935F Build/MMB29K||chrome 62.0 for android|,SM-G935F Build/MMB29K,,chrome 62.0 for android,,mobile
MacOS|Mac OS X 10_12_6|safari generic|1280x800,MacOS,Mac OS X 10_12_6,safari generic,1280x800,desktop
Windows|Windows 8.1|chrome 62.0|1728x972,Windows,Windows 8.1,chrome 62.0,1728x972,desktop
LG-X180g Build/LMY47I||chrome 46.0 for android|,LG-X180g Build/LMY47I,,chrome 46.0 for android,,mobile
SM-G925P Build/NRD90M||chrome 56.0 for android|,SM-G925P Build/NRD90M,,chrome 56.0 for android,,mobile
Windows|Windows 7||1600x900,Windows,Windows 7,,1600x900,desktop
es-us||android webview 4.0|,es-us,,android webview 4.0,,mobile
SM-A300H Build/LRX22G||chrome 62.0 for android|,SM-A300H Build/LRX22G,,chrome 62.0 for android,,mobile
Windows|Windows Vista|opera|1440x900,Windows,Windows Vista,opera,1440x900,desktop
rv:57.0|Mac OS X 10.12|firefox 57.0|2880x1800,rv:57.0,Mac OS X 10.12,firefox 57.0,2880x1800,desktop
Windows|Windows 10|edge 15.0|2736x1824,Windows,Windows 10,edge 15.0,2736x1824,desktop
|Linux|chrome 60.0|,,Linux,chrome 60.0,,desktop
iOS Device|iOS 11.1.1|mobile safari 11.0|2436x1125,iOS Device,iOS 11.1.1,mobile safari 11.0,2436x1125,mobile
SAMSUNG SM-T810 Build/NRD90M||samsung browser 6.2|,SAMSUNG SM-T810 Build/NRD90M,,samsung browser 6.2,,mobile
Moto E (4) Plus Build/NMA26.42-69||chrome generic|,Moto E (4) Plus Build/NMA26.42-69,,chrome generic,,mobile
rv:48.0|Mac OS X 10.6|firefox 48.0|1440x900,rv:48.0,Mac OS X 10.6,firefox 48.0,1440x900,desktop
iOS Device|iOS 10.3.1|mobile safari 10.0|2208x1242,iOS Device,iOS 10.3.1,mobile safari 10.0,2208x1242,mobile
LG-TP450 Build/NRD90U||chrome 60.0 for android|,LG-TP450 Build/NRD90U,,chrome 60.0 for android,,mobile
Windows|Windows 7|firefox 57.0|1920x1200,Windows,Windows 7,firefox 57.0,1920x1200,desktop
SM-G930P Build/NRD90M|Android 7.0|chrome 62.0 for android|1920x1080,SM-G930P Build/NRD90M,Android 7.0,chrome 62.0 for android,1920x1080,mobile
iOS Device|iOS 10.2.1|mobile safari 10.0|2048x1536,iOS Device,iOS 10.2.1,mobile safari 10.0,2048x1536,mobile
KFASWI Build/LVY48F|Android 5.1.1|chrome generic|,KFASWI Build/LVY48F,Android 5.1.1,chrome generic,,mobile
MacOS|Mac|safari generic|1366x768,MacOS,Mac,safari generic,1366x768,desktop
GT-I9060M Build/KTU84P||chrome 60.0 for android|,GT-I9060M Build/KTU84P,,chrome 60.0 for android,,mobile
|Linux|chrome 61.0|1366x768,,Linux,chrome 61.0,1366x768,desktop
MacOS|Mac OS X 10_11_6|chrome 61.0|1366x768,MacOS,Mac OS X 10_11_6,chrome 61.0,1366x768,desktop
iOS Device|iOS 11.0.3|mobile safari 11.0|2208x1242,iOS Device,iOS 11.0.3,mobile safari 11.0,2208x1242,mobile
SAMSUNG SM-N910A Build/MMB29M|Android 6.0.1|samsung browser 6.2|2560x1440,SAMSUNG SM-N910A Build/MMB29M,Android 6.0.1,samsung browser 6.2,2560x1440,mobile
MacOS|Mac OS X 10_10_5|chrome 62.0|2880x1800,MacOS,Mac OS X 10_10_5,chrome 62.0,2880x1800,desktop
ALE-L23 Build/HuaweiALE-L23||chrome 62.0 for android|,ALE-L23 Build/HuaweiALE-L23,,chrome 62.0 for android,,mobile
Windows|Windows 8.1|chrome 58.0|2880x1620,Windows,Windows 8.1,chrome 58.0,2880x1620,desktop
Windows|Windows 8.1|firefox 57.0|1920x1080,Windows,Windows 8.1,firefox 57.0,1920x1080,desktop
SM-G925W8||chrome 62.0 for android|,SM-G925W8,,chrome 62.0 for android,,mobile
SAMSUNG-SM-G930A Build/NRD90M|Android 7.0|chrome 62.0 for android|1920x1080,SAMSUNG-SM-G930A Build/NRD90M,Android 7.0,chrome 62.0 for android,1920x1080,mobile
Windows|Windows 7|firefox|1920x1080,Windows,Windows 7,firefox,1920x1080,desktop
iOS Device|iOS 11.2.0|mobile safari 11.0|2224x1668,iOS Device,iOS 11.2.0,mobile safari 11.0,2224x1668,mobile
Windows|Windows 10|edge 14.0|1600x900,Windows,Windows 10,edge 14.0,1600x900,desktop
Windows|Windows 7|firefox 57.0|1680x1050,Windows,Windows 7,firefox 57.0,1680x1050,desktop
Trident/7.0|Windows 7|ie 11.0 for desktop|2560x1080,Trident/7.0,Windows 7,ie 11.0 for desktop,2560x1080,desktop
Y635-L03 Build/HuaweiY635-L03||chrome 62.0 for android|,Y635-L03 Build/HuaweiY635-L03,,chrome 62.0 for android,,mobile
SM-J200M Build/LMY47X||chrome 62.0 for android|,SM-J200M Build/LMY47X,,chrome 62.0 for android,,mobile
Trident/7.0|Windows 7|ie 11.0 for desktop|1280x800,Trident/7.0,Windows 7,ie 11.0 for desktop,1280x800,desktop
Windows|Windows 10|chrome 61.0|1920x1080,Windows,Windows 10,chrome 61.0,1920x1080,desktop
MacOS|Mac OS X 10_8_5|chrome 49.0|1440x900,MacOS,Mac OS X 10_8_5,chrome 49.0,1440x900,desktop
|Linux|chrome 62.0|2220x1080,,Linux,chrome 62.0,2220x1080,desktop
rv:56.0|Windows 10|firefox|1680x1050,rv:56.0,Windows 10,firefox,1680x1050,desktop
BLADE V8 SE Build/NRD90M||chrome 62.0 for android|,BLADE V8 SE Build/NRD90M,,chrome 62.0 for android,,mobile
7055A Build/KVT49L||chrome 62.0 for android|,7055A Build/KVT49L,,chrome 62.0 for android,,mobile
MacOS|Mac OS X 10_12_6|chrome 62.0|1280x800,MacOS,Mac OS X 10_12_6,chrome 62.0,1280x800,desktop
MacOS|Mac OS X 10_10_5|safari generic|2880x1800,MacOS,Mac OS X 10_10_5,safari generic,2880x1800,desktop
iOS Device|iOS 11.1.2|mobile safari generic|1136x640,iOS Device,iOS 11.1.2,mobile safari generic,1136x640,mobile
SM-N920T Build/NRD90M|Android 7.0|chrome 62.0 for android|,SM-N920T Build/NRD90M,Android 7.0,chrome 62.0 for android,,mobile
Trident/7.0|Windows 10|ie 11.0 for desktop|1440x900,Trident/7.0,Windows 10,ie 11.0 for desktop,1440x900,desktop
SM-N950U Build/NMF26X|Android 7.1.1|chrome 62.0 for android|,SM-N950U Build/NMF26X,Android 7.1.1,chrome 62.0 for android,,mobile
Windows|Windows 10|edge 15.0|2160x1440,Windows,Windows 10,edge 15.0,2160x1440,desktop
Windows|Windows 8|chrome 62.0|,Windows,Windows 8,chrome 62.0,,desktop
Windows|Windows 10|chrome 62.0|2736x1824,Windows,Windows 10,chrome 62.0,2736x1824,desktop
SM-G950U1 Build/NRD90M|Android 7.0|chrome 62.0 for android|2220x1080,SM-G950U1 Build/NRD90M,Android 7.0,chrome 62.0 for android,2220x1080,mobile
MacOS|Mac OS X 10_10_5|chrome 61.0|1280x800,MacOS,Mac OS X 10_10_5,chrome 61.0,1280x800,desktop
iOS Device|iOS 10.2.0|mobile safari generic|2208x1242,iOS Device,iOS 10.2.0,mobile safari generic,2208x1242,mobile
Trident/7.0|Windows 10|ie 11.0 for tablet|,Trident/7.0,Windows 10,ie 11.0 for tablet,,desktop
SAMSUNG SM-G920A Build/NRD90M|Android 7.0|samsung browser 6.2|2560x1440,SAMSUNG SM-G920A Build/NRD90M,Android 7.0,samsung browser 6.2,2560x1440,mobile
iOS Device|iOS 11.1.0|mobile safari 11.0|2208x1242,iOS Device,iOS 11.1.0,mobile safari 11.0,2208x1242,mobile
rv:48.0|Mac|firefox 48.0|1280x800,rv:48.0,Mac,firefox 48.0,1280x800,desktop
Windows|Windows 10|chrome 62.0|2304x1440,Windows,Windows 10,chrome 62.0,2304x1440,desktop
MacOS|Mac|safari generic|1920x1080,MacOS,Mac,safari generic,1920x1080,desktop
rv:57.0|Mac OS X 10.13|firefox 57.0|1920x1080,rv:57.0,Mac OS X 10.13,firefox 57.0,1920x1080,desktop
|Linux|chrome 56.0|1920x1200,,Linux,chrome 56.0,1920x1200,desktop
HTC Desire 650 Build/MMB29M||chrome 60.0 for android|,HTC Desire 650 Build/MMB29M,,chrome 60.0 for android,,mobile
rv:48.0|Windows 10|firefox 48.0|1920x1080,rv:48.0,Windows 10,firefox 48.0,1920x1080,desktop
iOS Device|iOS 10.3.1|mobile safari 10.0|2048x1536,iOS Device,iOS 10.3.1,mobile safari 10.0,2048x1536,mobile
|Linux|chrome 62.0|2560x1440,,Linux,chrome 62.0,2560x1440,desktop
Pixel Build/OPR3.170623.013|Android 8.0.0||,Pixel Build/OPR3.170623.013,Android 8.0.0,,,mobile
Windows|Windows 10|firefox 57.0|1280x960,Windows,Windows 10,firefox 57.0,1280x960,desktop
iOS Device|iOS 11.1.1|mobile safari 11.0|2208x1242,iOS Device,iOS 11.1.1,mobile safari 11.0,2208x1242,mobile
iOS Device|iOS 11.1.1|mobile safari 11.0|2224x1668,iOS Device,iOS 11.1.1,mobile safari 11.0,2224x1668,mobile
iOS Device|iOS 11.1.0|mobile safari generic|1136x640,iOS Device,iOS 11.1.0,mobile safari generic,1136x640,mobile
SM-G930T Build/NRD90M|Android 7.0|chrome 62.0 for android|1920x1080,SM-G930T Build/NRD90M,Android 7.0,chrome 62.0 for android,1920x1080,mobile
||mobile|,,,mobile,,mobile
SAMSUNG SM-G892A Build/NRD90M|Android 7.0|samsung browser 6.2|2220x1080,SAMSUNG SM-G892A Build/NRD90M,Android 7.0,samsung browser 6.2,2220x1080,mobile
rv:57.0|Windows 10|firefox|1600x900,rv:57.0,Windows 10,firefox,1600x900,desktop
iOS Device|iOS 11.0.3|mobile safari generic|1334x750,iOS Device,iOS 11.0.3,mobile safari generic,1334x750,mobile
SM-J120H Build/LMY47V||chrome 61.0 for android|,SM-J120H Build/LMY47V,,chrome 61.0 for android,,mobile
iOS Device|iOS 11.1.0|mobile safari 11.0|2436x1125,iOS Device,iOS 11.1.0,mobile safari 11.0,2436x1125,mobile
Moto G (4) Build/NPJS25.93-14-10||chrome generic|,Moto G (4) Build/NPJS25.93-14-10,,chrome generic,,mobile
Redmi Note 4 Build/MMB29M||chrome 54.0 for android|,Redmi Note 4 Build/MMB29M,,chrome 54.0 for android,,mobile
Windows|Windows 10|chrome 62.0|3440x1440,Windows,Windows 10,chrome 62.0,3440x1440,desktop
KFGIWI Build/LVY48F|Android 5.1.1|chrome generic|,KFGIWI Build/LVY48F,Android 5.1.1,chrome generic,,mobile
MacOS|Mac OS X 10_13_1|chrome 62.0|1280x800,MacOS,Mac OS X 10_13_1,chrome 62.0,1280x800,desktop
Trident/7.0|Windows 10|ie 11.0 for desktop|2560x1080,Trident/7.0,Windows 10,ie 11.0 for desktop,2560x1080,desktop
Z970|Android|chrome 56.0 for android|1280x720,Z970,Android,chrome 56.0 for android,1280x720,mobile
Windows|Windows Vista|chrome 49.0|1440x900,Windows,Windows Vista,chrome 49.0,1440x900,desktop
MacOS|Mac OS X 10_12|safari generic|2560x1600,MacOS,Mac OS X 10_12,safari generic,2560x1600,desktop
Windows||edge 16.0|,Windows,,edge 16.0,,desktop
MacOS|Mac OS X 10_12_1|chrome 62.0|1280x720,MacOS,Mac OS X 10_12_1,chrome 62.0,1280x720,desktop
Lenovo PB1-750M Build/S100||chrome 62.0 for android|,Lenovo PB1-750M Build/S100,,chrome 62.0 for android,,mobile
Windows|Windows 10|ie 11.0 for desktop|,Windows,Windows 10,ie 11.0 for desktop,,desktop
iOS Device|iOS|mobile safari generic|1334x750,iOS Device,iOS,mobile safari generic,1334x750,mobile
rv:57.0|Mac OS X 10.11|firefox 57.0|1280x800,rv:57.0,Mac OS X 10.11,firefox 57.0,1280x800,desktop
LG-D373 Build/KOT49I.V10a||chrome 61.0 for android|,LG-D373 Build/KOT49I.V10a,,chrome 61.0 for android,,mobile
SM-P550 Build/MMB29M||chrome 62.0 for android|,SM-P550 Build/MMB29M,,chrome 62.0 for android,,mobile
LGMP260 Build/NRD90U|Android 7.0|chrome 62.0 for android|1280x720,LGMP260 Build/NRD90U,Android 7.0,chrome 62.0 for android,1280x720,mobile
Windows|Windows Vista|chrome 49.0|1280x1024,Windows,Windows Vista,chrome 49.0,1280x1024,desktop
MacOS|Mac OS X 10_12_6|safari generic|3360x2100,MacOS,Mac OS X 10_12_6,safari generic,3360x2100,desktop
Windows|Windows 10|firefox 56.0|1920x1080,Windows,Windows 10,firefox 56.0,1920x1080,desktop
rv:57.0||firefox 57.0|,rv:57.0,,firefox 57.0,,desktop
rv:49.0||firefox|,rv:49.0,,firefox,,desktop
Moto G (5) Plus Build/NPNS25.137-15-11||chrome generic|,Moto G (5) Plus Build/NPNS25.137-15-11,,chrome generic,,mobile
M4 SS4457 Build/MRA58K||chrome 62.0 for android|,M4 SS4457 Build/MRA58K,,chrome 62.0 for android,,mobile
SAMSUNG SM-G935F Build/NRD90M||samsung browser 6.2|,SAMSUNG SM-G935F Build/NRD90M,,samsung browser 6.2,,mobile
FRD-L04 Build/HUAWEIFRD-L04|Android 7.0|chrome 62.0 for android|1920x1080,FRD-L04 Build/HUAWEIFRD-L04,Android 7.0,chrome 62.0 for android,1920x1080,mobile
MacOS|Mac OS X 10_10_5|chrome 61.0|1366x768,MacOS,Mac OS X 10_10_5,chrome 61.0,1366x768,desktop
REX||chrome 61.0 for android|,REX,,chrome 61.0 for android,,mobile
SM-G610M Build/MMB29K||chrome 59.0 for android|,SM-G610M Build/MMB29K,,chrome 59.0 for android,,mobile
Trident/7.0|Windows 7|ie 11.0 for desktop|1024x768,Trident/7.0,Windows 7,ie 11.0 for desktop,1024x768,desktop
MacOS|Mac OS X 10_12_6|chrome 61.0|2880x1800,MacOS,Mac OS X 10_12_6,chrome 61.0,2880x1800,desktop
rv:11.0|Windows 7|ie 11.0 for desktop|1600x900,rv:11.0,Windows 7,ie 11.0 for desktop,1600x900,desktop
iOS Device|iOS 11.0.1|mobile safari 11.0|2732x2048,iOS Device,iOS 11.0.1,mobile safari 11.0,2732x2048,mobile
SM-G950U Build/NRD90M|Android 7.0|chrome 62.0 for android|2960x1440,SM-G950U Build/NRD90M,Android 7.0,chrome 62.0 for android,2960x1440,mobile
Windows|Windows 10|edge 14.0|2736x1824,Windows,Windows 10,edge 14.0,2736x1824,desktop
Ilium LT510 Build/MRA58K||chrome 60.0 for android|,Ilium LT510 Build/MRA58K,,chrome 60.0 for android,,mobile
MacOS|Mac OS X 10_13_1|chrome 62.0|1920x1080,MacOS,Mac OS X 10_13_1,chrome 62.0,1920x1080,desktop
SM-J320M Build/LMY47V||chrome 62.0 for android|,SM-J320M Build/LMY47V,,chrome 62.0 for android,,mobile
SM-G930U Build/NRD90M||chrome 62.0 for android|,SM-G930U Build/NRD90M,,chrome 62.0 for android,,mobile
MacOS|Mac OS X 10_13_1|safari generic|1280x800,MacOS,Mac OS X 10_13_1,safari generic,1280x800,desktop
CAM-L03 Build/HUAWEICAM-L03||chrome 62.0 for android|,CAM-L03 Build/HUAWEICAM-L03,,chrome 62.0 for android,,mobile
SAMSUNG-SM-G891A Build/NRD90M|Android 7.0|chrome 62.0 for android|,SAMSUNG-SM-G891A Build/NRD90M,Android 7.0,chrome 62.0 for android,,mobile
rv:57.0|Mac OS X 10.12|firefox 57.0|2560x1600,rv:57.0,Mac OS X 10.12,firefox 57.0,2560x1600,desktop
MacOS|Mac OS X 10_11_6|chrome 62.0|1920x1200,MacOS,Mac OS X 10_11_6,chrome 62.0,1920x1200,desktop
SM-G530T|Android 5.1.1|chrome 62.0 for android|960x540,SM-G530T,Android 5.1.1,chrome 62.0 for android,960x540,mobile
Z983 Build/NMF26F|Android 7.1.1|chrome 62.0 for android|1920x1080,Z983 Build/NMF26F,Android 7.1.1,chrome 62.0 for android,1920x1080,mobile
MacOS|Mac OS X 10_13_1|safari generic|1152x720,MacOS,Mac OS X 10_13_1,safari generic,1152x720,desktop
SM-G900V Build/MMB29M|Android 6.0.1|chrome 62.0 for android|1920x1080,SM-G900V Build/MMB29M,Android 6.0.1,chrome 62.0 for android,1920x1080,mobile
rv:57.0|Mac OS X 10.12|firefox 57.0|1920x1200,rv:57.0,Mac OS X 10.12,firefox 57.0,1920x1200,desktop
rv:57.0|Mac OS X 10.13|firefox 57.0|4096x2304,rv:57.0,Mac OS X 10.13,firefox 57.0,4096x2304,desktop
MacOS|Mac OS X 10_11_6|chrome 62.0|1440x900,MacOS,Mac OS X 10_11_6,chrome 62.0,1440x900,desktop
MacOS|Mac OS X 10_10_5|safari generic|5120x2880,MacOS,Mac OS X 10_10_5,safari generic,5120x2880,desktop
iOS Device|iOS 10.2.0|mobile safari 10.0|2048x1536,iOS Device,iOS 10.2.0,mobile safari 10.0,2048x1536,mobile
KFSAWI|Android 5.1.1|chrome generic|2560x1600,KFSAWI,Android 5.1.1,chrome generic,2560x1600,mobile
Windows|Windows Vista|ie|1366x768,Windows,Windows Vista,ie,1366x768,desktop
||chrome 56.0|,,,chrome 56.0,,desktop
Edison||chrome 62.0 for android|,Edison,,chrome 62.0 for android,,mobile
Windows|Windows 7|ie 11.0 for desktop|1920x1080,Windows,Windows 7,ie 11.0 for desktop,1920x1080,desktop
Windows|Windows 10|chrome 60.0|1280x1024,Windows,Windows 10,chrome 60.0,1280x1024,desktop
MacOS|Mac OS X 10_12_6|safari generic|4096x2304,MacOS,Mac OS X 10_12_6,safari generic,4096x2304,desktop
MacOS|Mac OS X 10_12_2|safari generic|1280x800,MacOS,Mac OS X 10_12_2,safari generic,1280x800,desktop
|Linux|chrome 60.0|1366x768,,Linux,chrome 60.0,1366x768,desktop
Windows|Windows 8.1|ie 11.0 for desktop|1600x900,Windows,Windows 8.1,ie 11.0 for desktop,1600x900,desktop
SM-G900H Build/MMB29K||chrome 60.0 for android|,SM-G900H Build/MMB29K,,chrome 60.0 for android,,mobile
Windows|Windows 7|chrome 60.0|1366x768,Windows,Windows 7,chrome 60.0,1366x768,desktop
TRT-L53 Build/HUAWEITRT-L53||chrome 62.0 for android|,TRT-L53 Build/HUAWEITRT-L53,,chrome 62.0 for android,,mobile
Windows|Windows 10|chrome 62.0|1152x864,Windows,Windows 10,chrome 62.0,1152x864,desktop
Windows|Windows 8.1|chrome 62.0|2304x1296,Windows,Windows 8.1,chrome 62.0,2304x1296,desktop
rv:52.0|Windows 7|firefox 52.0|1680x1050,rv:52.0,Windows 7,firefox 52.0,1680x1050,desktop
rv:56.0|Mac OS X 10.11|firefox 56.0|1440x900,rv:56.0,Mac OS X 10.11,firefox 56.0,1440x900,desktop
Windows|Windows 10|chrome 62.0|1920x1200,Windows,Windows 10,chrome 62.0,1920x1200,desktop
MacOS|Mac OS X 10_10_5|chrome 62.0|1920x1080,MacOS,Mac OS X 10_10_5,chrome 62.0,1920x1080,desktop
Windows|Windows 8.1|chrome 62.0|2400x1350,Windows,Windows 8.1,chrome 62.0,2400x1350,desktop
MacOS|Mac OS X 10_10_5|chrome 62.0|2048x1152,MacOS,Mac OS X 10_10_5,chrome 62.0,2048x1152,desktop
MacOS|Mac OS X 10_12_6|chrome 62.0|1366x768,MacOS,Mac OS X 10_12_6,chrome 62.0,1366x768,desktop
rv:57.0|Windows 10|firefox|1280x768,rv:57.0,Windows 10,firefox,1280x768,desktop
Windows|Windows 10|edge 14.0|,Windows,Windows 10,edge 14.0,,desktop
rv:52.0|Windows 10|firefox|2560x1440,rv:52.0,Windows 10,firefox,2560x1440,desktop
SM-G935P Build/NRD90M|Android 7.0|chrome 62.0 for android|1920x1080,SM-G935P Build/NRD90M,Android 7.0,chrome 62.0 for android,1920x1080,mobile
MacOS|Mac OS X 10_11_6|safari generic|1366x768,MacOS,Mac OS X 10_11_6,safari generic,1366x768,desktop
Windows|Windows 7|chrome 61.0|1680x1050,Windows,Windows 7,chrome 61.0,1680x1050,desktop
iOS Device|iOS 10.3.3|mobile safari generic|1136x640,iOS Device,iOS 10.3.3,mobile safari generic,1136x640,mobile
SM-G935V Build/NRD90M|Android 7.0|chrome 62.0 for android|1920x1080,SM-G935V Build/NRD90M,Android 7.0,chrome 62.0 for android,1920x1080,mobile
Windows|Windows 7|chrome 62.0|1280x960,Windows,Windows 7,chrome 62.0,1280x960,desktop
Windows|Windows Vista|ie|1280x720,Windows,Windows Vista,ie,1280x720,desktop
SM-G928V Build/NRD90M|Android 7.0|chrome 62.0 for android|,SM-G928V Build/NRD90M,Android 7.0,chrome 62.0 for android,,mobile
Windows|Windows 7|chrome 58.0|1600x900,Windows,Windows 7,chrome 58.0,1600x900,desktop
|Android|chrome|1366x768,,Android,chrome,1366x768,desktop
SM-G900T Build/MMB29M||chrome 62.0 for android|,SM-G900T Build/MMB29M,,chrome 62.0 for android,,mobile
SM-G920V Build/NRD90M|Android 7.0|chrome 62.0 for android|2560x1440,SM-G920V Build/NRD90M,Android 7.0,chrome 62.0 for android,2560x1440,mobile
Windows|Windows 10|chrome 62.0|1280x768,Windows,Windows 10,chrome 62.0,1280x768,desktop
SM-G610M Build/MMB29K||chrome 62.0 for android|,SM-G610M Build/MMB29K,,chrome 62.0 for android,,mobile
Windows||chrome 60.0|,Windows,,chrome 60.0,,desktop
Windows|Windows 10|chrome 62.0|2112x1188,Windows,Windows 10,chrome 62.0,2112x1188,desktop
iOS Device|iOS 11.1.1|mobile safari 11.0|2001x1125,iOS Device,iOS 11.1.1,mobile safari 11.0,2001x1125,mobile
Ilium LT500 Build/LMY47O||chrome 60.0 for android|,Ilium LT500 Build/LMY47O,,chrome 60.0 for android,,mobile
Windows|Windows 10|chrome 62.0|3201x1800,Windows,Windows 10,chrome 62.0,3201x1800,desktop
SM-G955F Build/NRD90M||chrome 62.0 for android|,SM-G955F Build/NRD90M,,chrome 62.0 for android,,mobile
rv:57.0|Mac OS X 10.13|firefox 57.0|2560x1600,rv:57.0,Mac OS X 10.13,firefox 57.0,2560x1600,desktop
MacOS|Mac OS X 10_12_5|safari generic|2560x1600,MacOS,Mac OS X 10_12_5,safari generic,2560x1600,desktop
Windows|Windows 10|edge 13.0|2160x1440,Windows,Windows 10,edge 13.0,2160x1440,desktop
M4 SS4451 Build/LMY47D||chrome 61.0 for android|,M4 SS4451 Build/LMY47D,,chrome 61.0 for android,,mobile
rv:56.0|Mac OS X 10.11|firefox 56.0|1920x1080,rv:56.0,Mac OS X 10.11,firefox 56.0,1920x1080,desktop
SAMSUNG SM-J727T1 Build/NRD90M|Android 7.0|samsung browser 5.4|1280x720,SAMSUNG SM-J727T1 Build/NRD90M,Android 7.0,samsung browser 5.4,1280x720,mobile
|Android 6.0.1|android webview 4.0|1920x1080,,Android 6.0.1,android webview 4.0,1920x1080,mobile
iOS Device|iOS 11.0.2|mobile safari generic|2048x1536,iOS Device,iOS 11.0.2,mobile safari generic,2048x1536,mobile
iOS Device|iOS 10.3.1|mobile safari 10.0|1334x750,iOS Device,iOS 10.3.1,mobile safari 10.0,1334x750,mobile
MacOS|Mac OS X 10_6_8|chrome 49.0|1920x1080,MacOS,Mac OS X 10_6_8,chrome 49.0,1920x1080,desktop
Windows|Windows 10|chrome 62.0|2400x1350,Windows,Windows 10,chrome 62.0,2400x1350,desktop
rv:57.0|Mac OS X 10.12|firefox 57.0|1920x1080,rv:57.0,Mac OS X 10.12,firefox 57.0,1920x1080,desktop
Windows|Windows 10|edge 16.0|1024x768,Windows,Windows 10,edge 16.0,1024x768,desktop
Windows|Windows 7|chrome|1280x1024,Windows,Windows 7,chrome,1280x1024,desktop
SAMSUNG SM-G950U Build/NRD90M|Android 7.0|samsung browser 6.2|,SAMSUNG SM-G950U Build/NRD90M,Android 7.0,samsung browser 6.2,,mobile
Moto Z (2|Android 7.1.1|chrome generic|2560x1440,Moto Z (2,Android 7.1.1,chrome generic,2560x1440,mobile
MacOS|Mac OS X 10_9_5|safari generic|1920x1080,MacOS,Mac OS X 10_9_5,safari generic,1920x1080,desktop
Trident/7.0|Windows 10|ie 11.0 for desktop|1920x1200,Trident/7.0,Windows 10,ie 11.0 for desktop,1920x1200,desktop
MacOS|Mac OS X 10_13_1|chrome 62.0|2880x1800,MacOS,Mac OS X 10_13_1,chrome 62.0,2880x1800,desktop
MacOS|Mac OS X 10_8_5|safari generic|2880x1800,MacOS,Mac OS X 10_8_5,safari generic,2880x1800,desktop
rv:57.0|Android 7.0|Generic/Android 7.0|1920x1080,rv:57.0,Android 7.0,Generic/Android 7.0,1920x1080,mobile
MacOS|Mac OS X 10_9_5|chrome 61.0|1440x900,MacOS,Mac OS X 10_9_5,chrome 61.0,1440x900,desktop
Pixel||chrome 62.0 for android|,Pixel,,chrome 62.0 for android,,mobile
HUAWEI VNS-L23 Build/HUAWEIVNS-L23||chrome 62.0 for android|,HUAWEI VNS-L23 Build/HUAWEIVNS-L23,,chrome 62.0 for android,,mobile
||chrome 51.0|,,,chrome 51.0,,desktop
Windows|Windows XP|firefox 52.0|1280x1024,Windows,Windows XP,firefox 52.0,1280x1024,desktop
|Linux|chrome 62.0|,,Linux,chrome 62.0,,desktop
iOS Device|iOS|mobile safari 9.0|1334x750,iOS Device,iOS,mobile safari 9.0,1334x750,mobile
Windows||chrome 59.0|,Windows,,chrome 59.0,,desktop
SM-N910V Build/MMB29M|Android 6.0.1|chrome 62.0 for android|2560x1440,SM-N910V Build/MMB29M,Android 6.0.1,chrome 62.0 for android,2560x1440,mobile
MacOS|Mac OS X 10_11_4|chrome 62.0|1280x800,MacOS,Mac OS X 10_11_4,chrome 62.0,1280x800,desktop
MacOS|Mac OS X 10_7_5|chrome 49.0|1440x900,MacOS,Mac OS X 10_7_5,chrome 49.0,1440x900,desktop
SAMSUNG-SM-T337A Build/LMY47X|Android 5.1.1|chrome 62.0 for android|,SAMSUNG-SM-T337A Build/LMY47X,Android 5.1.1,chrome 62.0 for android,,mobile
MacOS|Mac|chrome 62.0|1280x800,MacOS,Mac,chrome 62.0,1280x800,desktop
SM-J730G Build/NRD90M||chrome 62.0 for android|,SM-J730G Build/NRD90M,,chrome 62.0 for android,,mobile
SAMSUNG SM-S727VL Build/MMB29M|Android 6.0.1|samsung browser 4.0|1280x720,SAMSUNG SM-S727VL Build/MMB29M,Android 6.0.1,samsung browser 4.0,1280x720,mobile
MacOS|Mac OS X 10_12_3|safari generic|1440x900,MacOS,Mac OS X 10_12_3,safari generic,1440x900,desktop
Windows|Windows 8.1|chrome 60.0|1920x1080,Windows,Windows 8.1,chrome 60.0,1920x1080,desktop
MacOS|Mac OS X 10_9_5|safari generic|1366x768,MacOS,Mac OS X 10_9_5,safari generic,1366x768,desktop
||opera 49.0|,,,opera 49.0,,desktop
MacOS|Mac OS X 10_10_5|safari generic|2560x1600,MacOS,Mac OS X 10_10_5,safari generic,2560x1600,desktop
MacOS|Mac OS X 10_12_4|safari generic|3360x2100,MacOS,Mac OS X 10_12_4,safari generic,3360x2100,desktop
iOS Device|iOS 10.2.1|mobile safari generic|2048x1536,iOS Device,iOS 10.2.1,mobile safari generic,2048x1536,mobile
|Android|chrome 62.0|1366x768,,Android,chrome 62.0,1366x768,mobile
rv:48.0|Mac OS X 10.6|firefox 48.0|1280x800,rv:48.0,Mac OS X 10.6,firefox 48.0,1280x800,desktop
MacOS|Mac OS X 10_9_5|chrome|1440x900,MacOS,Mac OS X 10_9_5,chrome,1440x900,desktop
LG-D680 Build/KOT49I||chrome 62.0 for android|,LG-D680 Build/KOT49I,,chrome 62.0 for android,,mobile
XT1565|Android 6.0.1|chrome 62.0 for android|1920x1080,XT1565,Android 6.0.1,chrome 62.0 for android,1920x1080,mobile
Windows|Windows 10|chrome 61.0|1366x768,Windows,Windows 10,chrome 61.0,1366x768,desktop
LT22i Build/6.2.A.1.100||chrome 62.0 for android|,LT22i Build/6.2.A.1.100,,chrome 62.0 for android,,mobile
LG-H872 Build/NRD90U|Android 7.0|chrome 62.0 for android|2672x1440,LG-H872 Build/NRD90U,Android 7.0,chrome 62.0 for android,2672x1440,mobile
rv:57.0|Mac OS X 10.12|firefox 57.0|1440x900,rv:57.0,Mac OS X 10.12,firefox 57.0,1440x900,desktop
LG-H500 Build/LRX21Y||chrome 61.0 for android|,LG-H500 Build/LRX21Y,,chrome 61.0 for android,,mobile
MacOS|Mac OS X 10_8_5|chrome 49.0|1680x1050,MacOS,Mac OS X 10_8_5,chrome 49.0,1680x1050,desktop
MacOS|Mac OS X 10_9_5|safari generic|2560x1440,MacOS,Mac OS X 10_9_5,safari generic,2560x1440,desktop
MacOS|Mac OS X 10_12_5|chrome 62.0|1440x900,MacOS,Mac OS X 10_12_5,chrome 62.0,1440x900,desktop
MacOS|Mac OS X 10_12_6|safari generic|1366x768,MacOS,Mac OS X 10_12_6,safari generic,1366x768,desktop
Windows|Windows XP|chrome 49.0|1280x800,Windows,Windows XP,chrome 49.0,1280x800,desktop
MacOS|Mac|chrome 62.0|2560x1600,MacOS,Mac,chrome 62.0,2560x1600,desktop
iOS Device|iOS|mobile safari 9.0|2048x1536,iOS Device,iOS,mobile safari 9.0,2048x1536,mobile
SM-A720F Build/MMB29K||chrome 62.0 for android|,SM-A720F Build/MMB29K,,chrome 62.0 for android,,mobile
iOS Device|iOS 10.2.1|mobile safari 10.0|1334x750,iOS Device,iOS 10.2.1,mobile safari 10.0,1334x750,mobile
iOS Device|iOS 11.0.0|mobile safari 11.0|1136x640,iOS Device,iOS 11.0.0,mobile safari 11.0,1136x640,mobile
MacOS|Mac OS X 10_9_5|chrome 62.0|1280x800,MacOS,Mac OS X 10_9_5,chrome 62.0,1280x800,desktop
Windows|Windows 10|edge 15.0|1280x768,Windows,Windows 10,edge 15.0,1280x768,desktop
iOS Device|iOS 11.2.0|mobile safari 11.0|2001x1125,iOS Device,iOS 11.2.0,mobile safari 11.0,2001x1125,mobile
WAS-LX3 Build/HUAWEIWAS-LX3||chrome 62.0 for android|,WAS-LX3 Build/HUAWEIWAS-LX3,,chrome 62.0 for android,,mobile
|Android|chrome 61.0|1280x720,,Android,chrome 61.0,1280x720,mobile
MotoG3 Build/MPIS24.65-33.1-2-16||chrome 62.0 for android|,MotoG3 Build/MPIS24.65-33.1-2-16,,chrome 62.0 for android,,mobile
R8106||chrome 62.0 for android|,R8106,,chrome 62.0 for android,,mobile
SM-G925I Build/MMB29K||chrome 62.0 for android|,SM-G925I Build/MMB29K,,chrome 62.0 for android,,mobile
M4 SS4451 Build/LMY47D||chrome|,M4 SS4451 Build/LMY47D,,chrome,,mobile
MacOS|Mac OS X 10_13_1|chrome 62.0|2880x1620,MacOS,Mac OS X 10_13_1,chrome 62.0,2880x1620,desktop
MotoE2(4G-LTE||chrome generic|,MotoE2(4G-LTE,,chrome generic,,mobile
Windows|Windows 10|chrome 62.0|3200x1800,Windows,Windows 10,chrome 62.0,3200x1800,desktop
Windows|Windows 7|chrome 62.0|1280x1025,Windows,Windows 7,chrome 62.0,1280x1025,desktop
MacOS|Mac OS X 10_6_8|chrome 49.0|1280x800,MacOS,Mac OS X 10_6_8,chrome 49.0,1280x800,desktop
SM-T113NU Build/KTU84P||chrome 62.0 for android|,SM-T113NU Build/KTU84P,,chrome 62.0 for android,,mobile
Windows||chrome 55.0|,Windows,,chrome 55.0,,desktop
Windows NT 6.2||ie|,Windows NT 6.2,,ie,,desktop
|Android|chrome 61.0|1366x768,,Android,chrome 61.0,1366x768,mobile
MacOS|Mac OS X 10_10_5|chrome 60.0|1280x800,MacOS,Mac OS X 10_10_5,chrome 60.0,1280x800,desktop
SM-G900P Build/MMB29M|Android 6.0.1|chrome 62.0 for android|1920x1080,SM-G900P Build/MMB29M,Android 6.0.1,chrome 62.0 for android,1920x1080,mobile
SM-J500M Build/LMY48B||chrome 62.0 for android|,SM-J500M Build/LMY48B,,chrome 62.0 for android,,mobile
LGLS676 Build/MXB48T|Android 6.0.1|chrome 62.0 for android|1280x720,LGLS676 Build/MXB48T,Android 6.0.1,chrome 62.0 for android,1280x720,mobile
XT1032 Build/LPBS23.13-56-2||chrome 54.0 for android|,XT1032 Build/LPBS23.13-56-2,,chrome 54.0 for android,,mobile
5012G Build/MRA58K||chrome 62.0 for android|,5012G Build/MRA58K,,chrome 62.0 for android,,mobile
MacOS|Mac OS X 10_12_6|chrome 62.0|3360x2100,MacOS,Mac OS X 10_12_6,chrome 62.0,3360x2100,desktop
|Android|chrome 60.0|855x480,,Android,chrome 60.0,855x480,mobile
iOS Device|iOS 10.0.2|mobile safari 10.0|1136x640,iOS Device,iOS 10.0.2,mobile safari 10.0,1136x640,mobile
rv:52.0|Windows Vista|firefox 52.0|1366x768,rv:52.0,Windows Vista,firefox 52.0,1366x768,desktop
KFAUWI Build/LVY48F|Android 5.1.1|chrome generic|1024x600,KFAUWI Build/LVY48F,Android 5.1.1,chrome generic,1024x600,mobile
F3213 Build/36.1.A.1.86||chrome 62.0 for android|,F3213 Build/36.1.A.1.86,,chrome 62.0 for android,,mobile
iOS Device|iOS 10.3.3|mobile safari 10.0|2001x1125,iOS Device,iOS 10.3.3,mobile safari 10.0,2001x1125,mobile
MacOS|Mac OS X 10_13_1|safari generic|3200x1800,MacOS,Mac OS X 10_13_1,safari generic,3200x1800,desktop
iOS Device|iOS 9.3.5|mobile safari generic|1024x768,iOS Device,iOS 9.3.5,mobile safari generic,1024x768,mobile
SM-G920I Build/NRD90M||chrome 62.0 for android|,SM-G920I Build/NRD90M,,chrome 62.0 for android,,mobile
rv:11.0|Windows 7|ie 11.0 for desktop|1440x900,rv:11.0,Windows 7,ie 11.0 for desktop,1440x900,desktop
iOS Device|iOS 11.1.1|mobile safari generic|1136x640,iOS Device,iOS 11.1.1,mobile safari generic,1136x640,mobile
SM-G930V Build/NRD90M|Android 7.0|chrome 62.0 for android|2560x1440,SM-G930V Build/NRD90M,Android 7.0,chrome 62.0 for android,2560x1440,mobile
Trident/7.0|Windows 10|ie 11.0 for desktop|3440x1440,Trident/7.0,Windows 10,ie 11.0 for desktop,3440x1440,desktop
Windows|Windows 7|chrome 62.0|1280x800,Windows,Windows 7,chrome 62.0,1280x800,desktop
rv:57.0|Windows 7|firefox 57.0|1600x900,rv:57.0,Windows 7,firefox 57.0,1600x900,desktop
iOS Device|iOS 10.0.2|mobile safari 10.0|2048x1536,iOS Device,iOS 10.0.2,mobile safari 10.0,2048x1536,mobile
LGLS775 Build/NRD90U|Android 7.0|chrome 61.0 for android|1280x720,LGLS775 Build/NRD90U,Android 7.0,chrome 61.0 for android,1280x720,mobile
iOS Device|iOS 11.0.3|mobile safari generic|2208x1242,iOS Device,iOS 11.0.3,mobile safari generic,2208x1242,mobile
SM-J120H Build/LMY47V||chrome generic|,SM-J120H Build/LMY47V,,chrome generic,,mobile
MacOS|Mac OS X 10_13_1|chrome 61.0|1280x1024,MacOS,Mac OS X 10_13_1,chrome 61.0,1280x1024,desktop
rv:57.0|Mac OS X 10.11|firefox 57.0|1920x1080,rv:57.0,Mac OS X 10.11,firefox 57.0,1920x1080,desktop
rv:11.0|Windows 10|ie 11.0 for desktop|1920x1080,rv:11.0,Windows 10,ie 11.0 for desktop,1920x1080,desktop
Windows|Windows 10|firefox 57.0|1680x1050,Windows,Windows 10,firefox 57.0,1680x1050,desktop
iOS Device|iOS 11.1.2|chrome 62.0 for ios|2224x1668,iOS Device,iOS 11.1.2,chrome 62.0 for ios,2224x1668,mobile
Windows|Windows XP|chrome 49.0|1024x768,Windows,Windows XP,chrome 49.0,1024x768,desktop
|Android|chrome 62.0|1280x720,,Android,chrome 62.0,1280x720,mobile
Windows|Windows 8.1|chrome 58.0|,Windows,Windows 8.1,chrome 58.0,,desktop
MacOS|Mac OS X 10_9_5|safari generic|1680x1050,MacOS,Mac OS X 10_9_5,safari generic,1680x1050,desktop
MacOS|Mac OS X 10_10_5|chrome 62.0|1280x800,MacOS,Mac OS X 10_10_5,chrome 62.0,1280x800,desktop
MacOS|Mac OS X 10_8_5|chrome 49.0|1920x1080,MacOS,Mac OS X 10_8_5,chrome 49.0,1920x1080,desktop
MacOS|Mac OS X 10_12_1|safari generic|1920x1080,MacOS,Mac OS X 10_12_1,safari generic,1920x1080,desktop
LG-K410 Build/LRX22G||chrome 59.0 for android|,LG-K410 Build/LRX22G,,chrome 59.0 for android,,mobile
SM-S920L|Android 5.0.2|chrome 62.0 for android|960x540,SM-S920L,Android 5.0.2,chrome 62.0 for android,960x540,mobile
Windows|Windows 10|firefox 56.0|1600x900,Windows,Windows 10,firefox 56.0,1600x900,desktop
SM-P350 Build/MMB29M||chrome 62.0 for android|,SM-P350 Build/MMB29M,,chrome 62.0 for android,,mobile
rv:56.0|Mac OS X 10.10|firefox 56.0|2560x1600,rv:56.0,Mac OS X 10.10,firefox 56.0,2560x1600,desktop
Moto C Plus Build/NRD90M.05.022||chrome 56.0 for android|,Moto C Plus Build/NRD90M.05.022,,chrome 56.0 for android,,mobile
Windows|Windows 7|chrome 59.0|1920x1080,Windows,Windows 7,chrome 59.0,1920x1080,desktop
KFAPWI Build/KTU84M|Android|chrome generic|2560x1600,KFAPWI Build/KTU84M,Android,chrome generic,2560x1600,mobile
iOS Device|iOS 11.2.0|mobile safari generic|2048x1536,iOS Device,iOS 11.2.0,mobile safari generic,2048x1536,mobile
Windows|func|chrome 62.0|1920x1080,Windows,func,chrome 62.0,1920x1080,desktop
MacOS|Mac OS X 10_12_3|chrome 62.0|2880x1800,MacOS,Mac OS X 10_12_3,chrome 62.0,2880x1800,desktop
MacOS|Mac OS X 10_12_6|chrome 63.0|2560x1440,MacOS,Mac OS X 10_12_6,chrome 63.0,2560x1440,desktop
rv:11.0|Windows 7|ie 11.0 for desktop|1280x1024,rv:11.0,Windows 7,ie 11.0 for desktop,1280x1024,desktop
Windows|Windows 10|firefox generic|1920x1080,Windows,Windows 10,firefox generic,1920x1080,desktop
VS835|Android 7.0|chrome 62.0 for android|1280x720,VS835,Android 7.0,chrome 62.0 for android,1280x720,mobile
SM-G935T Build/NRD90M|Android 7.0|chrome 62.0 for android|1920x1080,SM-G935T Build/NRD90M,Android 7.0,chrome 62.0 for android,1920x1080,mobile
rv:11.0|Windows 7|ie 11.0 for desktop|1680x1050,rv:11.0,Windows 7,ie 11.0 for desktop,1680x1050,desktop
|Linux|chrome 56.0|1280x720,,Linux,chrome 56.0,1280x720,desktop
Windows|Windows 7|firefox 57.0|1280x1024,Windows,Windows 7,firefox 57.0,1280x1024,desktop
rv:56.0|Windows 7|firefox 56.0|1366x768,rv:56.0,Windows 7,firefox 56.0,1366x768,desktop
Windows|Windows XP|firefox 52.0|1280x800,Windows,Windows XP,firefox 52.0,1280x800,desktop
5080A Build/MRA58K||chrome 62.0 for android|,5080A Build/MRA58K,,chrome 62.0 for android,,mobile
rv:48.0|Windows 7|firefox 48.0|1600x900,rv:48.0,Windows 7,firefox 48.0,1600x900,desktop
rv:11.0|Windows 7|ie 11.0 for desktop|1366x768,rv:11.0,Windows 7,ie 11.0 for desktop,1366x768,desktop
Windows|Windows 8.1|firefox 57.0|1680x1050,Windows,Windows 8.1,firefox 57.0,1680x1050,desktop
iOS Device|iOS|mobile safari 8.0|2048x1536,iOS Device,iOS,mobile safari 8.0,2048x1536,mobile
Moto||chrome 62.0 for android|,Moto,,chrome 62.0 for android,,mobile
SAMSUNG SM-N950U Build/NMF26X|Android 7.1.1|samsung browser 6.2|,SAMSUNG SM-N950U Build/NMF26X,Android 7.1.1,samsung browser 6.2,,mobile
Windows|Windows 7|chrome 55.0|1280x1024,Windows,Windows 7,chrome 55.0,1280x1024,desktop
MacOS|Mac OS X 10_12_5|chrome 62.0|3840x2160,MacOS,Mac OS X 10_12_5,chrome 62.0,3840x2160,desktop
QMV7A|Android 4.4.2|chrome 60.0 for android|,QMV7A,Android 4.4.2,chrome 60.0 for android,,mobile
iOS Device|iOS 11.0.2|mobile safari 11.0|1334x750,iOS Device,iOS 11.0.2,mobile safari 11.0,1334x750,mobile
Windows|Windows Vista|chrome 49.0|1280x720,Windows,Windows Vista,chrome 49.0,1280x720,desktop
Windows|Windows 7|chrome 56.0|1600x900,Windows,Windows 7,chrome 56.0,1600x900,desktop
MacOS|Mac OS X 10_12|safari generic|1440x900,MacOS,Mac OS X 10_12,safari generic,1440x900,desktop
Windows|Windows 8.1|chrome 61.0|1366x768,Windows,Windows 8.1,chrome 61.0,1366x768,desktop
Windows|Windows 7|chrome|1920x1080,Windows,Windows 7,chrome,1920x1080,desktop
|Android|chrome 62.0|855x480,,Android,chrome 62.0,855x480,mobile
iOS Device|iOS|mobile safari generic|2048x1536,iOS Device,iOS,mobile safari generic,2048x1536,mobile
SAMSUNG SM-J500M Build/LMY48B||other|,SAMSUNG SM-J500M Build/LMY48B,,other,,mobile
Windows|Windows 10|firefox 57.0|1024x768,Windows,Windows 10,firefox 57.0,1024x768,desktop
CHC-U03 Build/HuaweiCHC-U03||chrome 62.0 for android|,CHC-U03 Build/HuaweiCHC-U03,,chrome 62.0 for android,,mobile
Windows|Windows 8.1|firefox 57.0|1366x768,Windows,Windows 8.1,firefox 57.0,1366x768,desktop
SAMSUNG SM-G890A Build/NRD90M|Android 7.0|samsung browser 5.4|2560x1440,SAMSUNG SM-G890A Build/NRD90M,Android 7.0,samsung browser 5.4,2560x1440,mobile
rv:52.0||firefox 52.0|,rv:52.0,,firefox 52.0,,desktop
D5803 Build/23.5.A.1.291||chrome 62.0 for android|,D5803 Build/23.5.A.1.291,,chrome 62.0 for android,,mobile
iOS Device|iOS 10.3.2|mobile safari 10.0|2208x1242,iOS Device,iOS 10.3.2,mobile safari 10.0,2208x1242,mobile
SAMSUNG SM-G955U Build/NRD90M|Android 7.0|samsung browser 6.2|,SAMSUNG SM-G955U Build/NRD90M,Android 7.0,samsung browser 6.2,,mobile
MacOS|Mac OS X 10_11_6|chrome 62.0|1280x800,MacOS,Mac OS X 10_11_6,chrome 62.0,1280x800,desktop
GT-I8190L Build/JZO54K||chrome 59.0 for android|,GT-I8190L Build/JZO54K,,chrome 59.0 for android,,mobile
iOS Device|iOS 11.1.1|mobile safari generic|2208x1242,iOS Device,iOS 11.1.1,mobile safari generic,2208x1242,mobile
MacOS|Mac OS X 10_11_6|other|1600x900,MacOS,Mac OS X 10_11_6,other,1600x900,mobile
iOS Device|iOS 11.0.2|mobile safari 11.0|2048x1536,iOS Device,iOS 11.0.2,mobile safari 11.0,2048x1536,mobile
HUAWEI VNS-L21 Build/HUAWEIVNS-L21||chrome 62.0 for android|,HUAWEI VNS-L21 Build/HUAWEIVNS-L21,,chrome 62.0 for android,,mobile
Moto G Play Build/MPIS24.241-15.3-7||chrome 61.0 for android|,Moto G Play Build/MPIS24.241-15.3-7,,chrome 61.0 for android,,mobile
LG-K200 Build/MXB48T||chrome 62.0 for android|,LG-K200 Build/MXB48T,,chrome 62.0 for android,,mobile
rv:56.0|Mac OS X 10.10|firefox 56.0|1280x800,rv:56.0,Mac OS X 10.10,firefox 56.0,1280x800,desktop
MacOS|Mac OS X 10_7_5|chrome 49.0|1280x800,MacOS,Mac OS X 10_7_5,chrome 49.0,1280x800,desktop
KFJWI|Android|silk|1920x1200,KFJWI,Android,silk,1920x1200,mobile
Windows|Windows Vista|chrome 49.0|1920x1080,Windows,Windows Vista,chrome 49.0,1920x1080,desktop
Alcatel_4060A|Android 5.1.1|chrome generic|855x480,Alcatel_4060A,Android 5.1.1,chrome generic,855x480,mobile
iOS Device|iOS|mobile safari 8.0|1136x640,iOS Device,iOS,mobile safari 8.0,1136x640,mobile
Windows|Windows 7|chrome 61.0|1280x1024,Windows,Windows 7,chrome 61.0,1280x1024,desktop
ZEIA8||chrome 62.0 for android|,ZEIA8,,chrome 62.0 for android,,mobile
SM-G900V||chrome 62.0 for android|,SM-G900V,,chrome 62.0 for android,,mobile
MOT-A6020l37 Build/LMY47V||other|,MOT-A6020l37 Build/LMY47V,,other,,mobile
Windows|Windows 10|edge 13.0|1366x768,Windows,Windows 10,edge 13.0,1366x768,desktop
MacOS|Mac OS X 10_12_5|safari generic|1920x1080,MacOS,Mac OS X 10_12_5,safari generic,1920x1080,desktop
rv:57.0|Mac OS X 10.11|firefox 57.0|1440x900,rv:57.0,Mac OS X 10.11,firefox 57.0,1440x900,desktop
LG-H810|Android 6.0|chrome 62.0 for android|2560x1440,LG-H810,Android 6.0,chrome 62.0 for android,2560x1440,mobile
Moto G (4) Build/NPJ25.93-14.7||chrome generic|,Moto G (4) Build/NPJ25.93-14.7,,chrome generic,,mobile
SM-J700M Build/LMY48B||chrome 54.0 for android|,SM-J700M Build/LMY48B,,chrome 54.0 for android,,mobile
SM-G950U Build/NRD90M||chrome 60.0 for android|,SM-G950U Build/NRD90M,,chrome 60.0 for android,,mobile
Ilium X710 Build/MRA58K||chrome 62.0 for android|,Ilium X710 Build/MRA58K,,chrome 62.0 for android,,mobile
MacOS|Mac OS X 10_13_2|chrome 62.0|1440x900,MacOS,Mac OS X 10_13_2,chrome 62.0,1440x900,desktop
SM-A710M||chrome 62.0 for android|,SM-A710M,,chrome 62.0 for android,,mobile
iOS Device|iOS 11.1.2|chrome 62.0 for ios|2732x2048,iOS Device,iOS 11.1.2,chrome 62.0 for ios,2732x2048,mobile
Trident/7.0|Windows 10|ie 11.0 for tablet|3000x2000,Trident/7.0,Windows 10,ie 11.0 for tablet,3000x2000,desktop
Moto Z2 Play Build/NPSS26.118-19-6||chrome 62.0 for android|,Moto Z2 Play Build/NPSS26.118-19-6,,chrome 62.0 for android,,mobile
MacOS|Mac OS X 10_10_5|chrome 63.0|2560x1600,MacOS,Mac OS X 10_10_5,chrome 63.0,2560x1600,desktop
Windows||opera 49.0|,Windows,,opera 49.0,,desktop
iOS Device|iOS 10.3.3|mobile safari generic|2001x1125,iOS Device,iOS 10.3.3,mobile safari generic,2001x1125,mobile
Windows|Windows 10|firefox 57.0|2736x1824,Windows,Windows 10,firefox 57.0,2736x1824,desktop
SM-J700M Build/LMY48B||chrome 60.0 for android|,SM-J700M Build/LMY48B,,chrome 60.0 for android,,mobile
SM-G610M Build/MMB29K||other|,SM-G610M Build/MMB29K,,other,,mobile
SM-N910H||chrome 62.0 for android|,SM-N910H,,chrome 62.0 for android,,mobile
rv:55.0|Mac OS X 10.10|firefox 55.0|1920x1080,rv:55.0,Mac OS X 10.10,firefox 55.0,1920x1080,desktop
XT1635-01|Android 7.1.1|chrome 62.0 for android|1920x1080,XT1635-01,Android 7.1.1,chrome 62.0 for android,1920x1080,mobile
SM-T560 Build/KTU84P||chrome 62.0 for android|,SM-T560 Build/KTU84P,,chrome 62.0 for android,,mobile
MacOS|Mac OS X 10_13_1|safari generic|2048x1152,MacOS,Mac OS X 10_13_1,safari generic,2048x1152,desktop
HUAWEI VNS-L53 Build/HUAWEIVNS-L53||chrome 62.0 for android|,HUAWEI VNS-L53 Build/HUAWEIVNS-L53,,chrome 62.0 for android,,mobile
iOS Device|iOS 11.0.0|mobile safari 11.0|2208x1242,iOS Device,iOS 11.0.0,mobile safari 11.0,2208x1242,mobile
Moto G Play Build/MPIS24.241-15.3-26||chrome 61.0 for android|,Moto G Play Build/MPIS24.241-15.3-26,,chrome 61.0 for android,,mobile
Linux x86_64||firefox 56.0|,Linux x86_64,,firefox 56.0,,desktop
iOS Device|iOS 11.0.2|mobile safari 11.0|2208x1242,iOS Device,iOS 11.0.2,mobile safari 11.0,2208x1242,mobile
iOS Device|iOS 10.3.1|mobile safari 10.0|2732x2048,iOS Device,iOS 10.3.1,mobile safari 10.0,2732x2048,mobile
MacOS|Mac OS X 10_9_5|safari generic|2560x1600,MacOS,Mac OS X 10_9_5,safari generic,2560x1600,desktop
Windows|Windows XP|chrome 49.0|1920x1080,Windows,Windows XP,chrome 49.0,1920x1080,desktop
SM-G930R4 Build/NRD90M|Android 7.0|chrome 62.0 for android|1920x1080,SM-G930R4 Build/NRD90M,Android 7.0,chrome 62.0 for android,1920x1080,mobile
E2306 Build/26.3.A.1.33||chrome 62.0 for android|,E2306 Build/26.3.A.1.33,,chrome 62.0 for android,,mobile
rv:52.0||firefox|,rv:52.0,,firefox,,desktop
iOS Device|iOS 11.1.0|mobile safari generic|2208x1242,iOS Device,iOS 11.1.0,mobile safari generic,2208x1242,mobile
iOS Device|iOS 11.1.0|mobile safari 11.0|2224x1668,iOS Device,iOS 11.1.0,mobile safari 11.0,2224x1668,mobile
SAMSUNG SM-G530H Build/LRX22G||other|,SAMSUNG SM-G530H Build/LRX22G,,other,,mobile
MacOS|Mac OS X 10_10_5|chrome 62.0|2560x1600,MacOS,Mac OS X 10_10_5,chrome 62.0,2560x1600,desktop
HTC|Android|chrome 50.0 for android|1280x720,HTC,Android,chrome 50.0 for android,1280x720,mobile
GT-I9300||chrome 62.0 for android|,GT-I9300,,chrome 62.0 for android,,mobile
SAMSUNG SM-G950F Build/NRD90M||samsung browser 6.2|,SAMSUNG SM-G950F Build/NRD90M,,samsung browser 6.2,,mobile
LG-K371|Android 7.0|chrome 62.0 for android|1280x720,LG-K371,Android 7.0,chrome 62.0 for android,1280x720,mobile
LG-X240 Build/MRA58K||chrome 62.0 for android|,LG-X240 Build/MRA58K,,chrome 62.0 for android,,mobile
LGLS991|Android 6.0|chrome 62.0 for android|2560x1440,LGLS991,Android 6.0,chrome 62.0 for android,2560x1440,mobile
Windows|Windows 10|chrome 59.0|1920x1200,Windows,Windows 10,chrome 59.0,1920x1200,desktop
iOS Device|iOS 10.1.1|mobile safari 10.0|1334x750,iOS Device,iOS 10.1.1,mobile safari 10.0,1334x750,mobile
iOS Device|iOS 11.0.1|mobile safari 11.0|2208x1242,iOS Device,iOS 11.0.1,mobile safari 11.0,2208x1242,mobile
SM-A320FL Build/MMB29K||chrome 62.0 for android|,SM-A320FL Build/MMB29K,,chrome 62.0 for android,,mobile
Windows|Windows 10|edge 13.0|,Windows,Windows 10,edge 13.0,,desktop
Windows|Windows 10|chrome 63.0|1920x1080,Windows,Windows 10,chrome 63.0,1920x1080,desktop
MacOS|Mac OS X 10_13_1|chrome 59.0|2560x1600,MacOS,Mac OS X 10_13_1,chrome 59.0,2560x1600,desktop
MacOS|Mac OS X 10_12_6|chrome 61.0|2560x1600,MacOS,Mac OS X 10_12_6,chrome 61.0,2560x1600,desktop
MacOS|Mac OS X 10_12_6|chrome 62.0|1680x1050,MacOS,Mac OS X 10_12_6,chrome 62.0,1680x1050,desktop
SM-T377P Build/NMF26X|Android 7.1.1|chrome 60.0 for android|,SM-T377P Build/NMF26X,Android 7.1.1,chrome 60.0 for android,,mobile
MacOS|Mac OS X 10_12_1|chrome 62.0|2560x1600,MacOS,Mac OS X 10_12_1,chrome 62.0,2560x1600,desktop
MacOS|Mac OS X 10_10_5|chrome 61.0|1920x1080,MacOS,Mac OS X 10_10_5,chrome 61.0,1920x1080,desktop
Android 6.0.1||android webview 4.0|,Android 6.0.1,,android webview 4.0,,mobile
MacOS|Mac OS X 10_13_1|chrome 61.0|2560x1600,MacOS,Mac OS X 10_13_1,chrome 61.0,2560x1600,desktop
Trident/7.0|Windows 8.1|ie 11.0 for desktop|1600x900,Trident/7.0,Windows 8.1,ie 11.0 for desktop,1600x900,desktop
rv:11.0|Windows 10|ie 11.0 for desktop|1680x1050,rv:11.0,Windows 10,ie 11.0 for desktop,1680x1050,desktop
rv:57.0|Mac OS X 10.10|firefox 57.0|1680x1050,rv:57.0,Mac OS X 10.10,firefox 57.0,1680x1050,desktop
Windows|Windows 8.1|chrome 62.0|1680x1050,Windows,Windows 8.1,chrome 62.0,1680x1050,desktop
MacOS|Mac OS X 10_9_5|safari generic|2880x1800,MacOS,Mac OS X 10_9_5,safari generic,2880x1800,desktop
MacOS|Mac OS X 10_13_1|chrome 62.0|2560x1440,MacOS,Mac OS X 10_13_1,chrome 62.0,2560x1440,desktop
Windows|Windows 10|chrome 62.0|1400x1050,Windows,Windows 10,chrome 62.0,1400x1050,desktop
MacOS|Mac OS X 10_11_6|chrome 61.0|1920x1200,MacOS,Mac OS X 10_11_6,chrome 61.0,1920x1200,desktop
Windows|Windows 7|chrome 63.0|1440x900,Windows,Windows 7,chrome 63.0,1440x900,desktop
rv:58.0||firefox generic|,rv:58.0,,firefox generic,,desktop
MacOS|Mac OS X 10_11_3|chrome 63.0|1600x900,MacOS,Mac OS X 10_11_3,chrome 63.0,1600x900,desktop
Windows|Windows 10|edge|1366x768,Windows,Windows 10,edge,1366x768,desktop
HUAWEI||chrome 62.0 for android|,HUAWEI,,chrome 62.0 for android,,mobile
Windows|Windows 10|edge 16.0|1680x1050,Windows,Windows 10,edge 16.0,1680x1050,desktop
SAMSUNG SM-G930P Build/NRD90M|Android 7.0|samsung browser 6.2|1920x1080,SAMSUNG SM-G930P Build/NRD90M,Android 7.0,samsung browser 6.2,1920x1080,mobile
MacOS|Mac OS X 10_8_5|safari generic|2560x1440,MacOS,Mac OS X 10_8_5,safari generic,2560x1440,desktop
LG-K530 Build/MMB29M||chrome 62.0 for android|,LG-K530 Build/MMB29M,,chrome 62.0 for android,,mobile
MacOS|Mac OS X 10_11_6|chrome 63.0|2560x1600,MacOS,Mac OS X 10_11_6,chrome 63.0,2560x1600,desktop
MacOS|Mac OS X 10_11_5|safari generic|1920x1080,MacOS,Mac OS X 10_11_5,safari generic,1920x1080,desktop
SM-G531H Build/LMY48B||chrome 57.0 for android|,SM-G531H Build/LMY48B,,chrome 57.0 for android,,mobile
MacOS|Mac OS X 10_13_1|chrome 63.0|1920x1080,MacOS,Mac OS X 10_13_1,chrome 63.0,1920x1080,desktop
BLL-L23 Build/HUAWEIBLL-L23||chrome 60.0 for android|,BLL-L23 Build/HUAWEIBLL-L23,,chrome 60.0 for android,,mobile
rv:57.0|Mac OS X 10.10|firefox 57.0|1280x800,rv:57.0,Mac OS X 10.10,firefox 57.0,1280x800,desktop
SM-T530NU Build/LRX22G|Android 5.0.2|chrome 62.0 for android|1280x800,SM-T530NU Build/LRX22G,Android 5.0.2,chrome 62.0 for android,1280x800,mobile
Windows|Windows 7|chrome 62.0|1600x1200,Windows,Windows 7,chrome 62.0,1600x1200,desktop
SGP521||chrome 62.0 for android|,SGP521,,chrome 62.0 for android,,mobile
SAMSUNG|Android|chrome generic|1920x1080,SAMSUNG,Android,chrome generic,1920x1080,mobile
KFTBWI Build/LVY48F|Android 5.1.1|chrome generic|1280x800,KFTBWI Build/LVY48F,Android 5.1.1,chrome generic,1280x800,mobile
MacOS|Mac OS X 10_12_6|chrome 62.0|4096x2304,MacOS,Mac OS X 10_12_6,chrome 62.0,4096x2304,desktop
LG-H840 Build/NRD90U||chrome 62.0 for android|,LG-H840 Build/NRD90U,,chrome 62.0 for android,,mobile
SM-G950F Build/NRD90M||chrome 61.0 for android|,SM-G950F Build/NRD90M,,chrome 61.0 for android,,mobile
rv:52.0|Windows 8.1|firefox 52.0|1920x1080,rv:52.0,Windows 8.1,firefox 52.0,1920x1080,desktop
HTC U11 Build/NMF26X||chrome 62.0 for android|,HTC U11 Build/NMF26X,,chrome 62.0 for android,,mobile
Windows|Windows 7|ie 11.0 for desktop|1280x1024,Windows,Windows 7,ie 11.0 for desktop,1280x1024,desktop
rv:57.0|Mac OS X 10.12|firefox 57.0|1600x1200,rv:57.0,Mac OS X 10.12,firefox 57.0,1600x1200,desktop
SM-G930V Build/NRD90M|Android 7.0|chrome 61.0 for android|1920x1080,SM-G930V Build/NRD90M,Android 7.0,chrome 61.0 for android,1920x1080,mobile
Trident/7.0|Windows 10|ie 11.0 for tablet|3200x1800,Trident/7.0,Windows 10,ie 11.0 for tablet,3200x1800,desktop
Windows|Windows 10|edge 15.0|1440x900,Windows,Windows 10,edge 15.0,1440x900,desktop
||chrome 63.0|,,,chrome 63.0,,desktop
iOS Device|iOS 10.3.1|mobile safari generic|1334x750,iOS Device,iOS 10.3.1,mobile safari generic,1334x750,mobile
Windows|Windows 7|chrome 63.0|,Windows,Windows 7,chrome 63.0,,desktop
iOS Device|iOS|mobile safari 9.0|1136x640,iOS Device,iOS,mobile safari 9.0,1136x640,mobile
Windows|Windows 7|chrome 63.0|1366x768,Windows,Windows 7,chrome 63.0,1366x768,desktop
rv:52.0|Windows 7|firefox 52.0|1440x900,rv:52.0,Windows 7,firefox 52.0,1440x900,desktop
MacOS|Mac OS X 10_10_5|safari generic|1024x640,MacOS,Mac OS X 10_10_5,safari generic,1024x640,desktop
MacOS|Mac OS X 10_12_1|safari generic|1440x900,MacOS,Mac OS X 10_12_1,safari generic,1440x900,desktop
SM-G386T|Android 4.4.2|chrome 62.0 for android|960x540,SM-G386T,Android 4.4.2,chrome 62.0 for android,960x540,mobile
MacOS|Mac OS X 10_11_6|chrome 60.0|2560x1440,MacOS,Mac OS X 10_11_6,chrome 60.0,2560x1440,desktop
Windows|Windows 10|opera 49.0|1366x768,Windows,Windows 10,opera 49.0,1366x768,desktop
MacOS|Mac OS X 10_10_5|chrome 63.0|1440x900,MacOS,Mac OS X 10_10_5,chrome 63.0,1440x900,desktop
HTC One M9 Build/NRD90M|Android 7.0|chrome 62.0 for android|1920x1080,HTC One M9 Build/NRD90M,Android 7.0,chrome 62.0 for android,1920x1080,mobile
rv:57.0||firefox|,rv:57.0,,firefox,,desktop
Windows|Windows 7|chrome 61.0|1600x1200,Windows,Windows 7,chrome 61.0,1600x1200,desktop
MacOS|Mac OS X 10_12_6|chrome 62.0|2560x1440,MacOS,Mac OS X 10_12_6,chrome 62.0,2560x1440,desktop
XT1650 Build/NCLS26.118-23-13-3|Android 7.1.1|chrome 62.0 for android|2560x1440,XT1650 Build/NCLS26.118-23-13-3,Android 7.1.1,chrome 62.0 for android,2560x1440,mobile
Moto G Play Build/MPIS24.241-15.3-7||chrome 62.0 for android|,Moto G Play Build/MPIS24.241-15.3-7,,chrome 62.0 for android,,mobile
Windows|Windows 10|edge 16.0|1600x1200,Windows,Windows 10,edge 16.0,1600x1200,desktop
MacOS|Mac OS X 10_12_2|safari generic|1440x900,MacOS,Mac OS X 10_12_2,safari generic,1440x900,desktop
iOS Device|iOS 9.3.5|mobile safari generic|2048x1536,iOS Device,iOS 9.3.5,mobile safari generic,2048x1536,mobile
F5121 Build/34.3.A.0.228||chrome 62.0 for android|,F5121 Build/34.3.A.0.228,,chrome 62.0 for android,,mobile
||firefox|,,,firefox,,desktop
SM-S903VL|Android 6.0.1|chrome 62.0 for android|1920x1080,SM-S903VL,Android 6.0.1,chrome 62.0 for android,1920x1080,mobile
Windows|Windows 7|chrome 56.0|1680x1050,Windows,Windows 7,chrome 56.0,1680x1050,desktop
SM-J700M Build/LMY48B||chrome 62.0 for android|,SM-J700M Build/LMY48B,,chrome 62.0 for android,,mobile
MacOS|Mac OS X 10_13_2|safari generic|1440x900,MacOS,Mac OS X 10_13_2,safari generic,1440x900,desktop
QTAQZ3 Build/LMY47V|Android 5.1.1|chrome 62.0 for android|,QTAQZ3 Build/LMY47V,Android 5.1.1,chrome 62.0 for android,,mobile
SM-A510M Build/NRD90M||chrome 62.0 for android|,SM-A510M Build/NRD90M,,chrome 62.0 for android,,mobile
|Linux|chrome 62.0|2562x1442,,Linux,chrome 62.0,2562x1442,desktop
MacOS|Mac OS X 10_11_4|safari generic|1600x1000,MacOS,Mac OS X 10_11_4,safari generic,1600x1000,desktop
Windows|Windows 7|chrome|1680x1050,Windows,Windows 7,chrome,1680x1050,desktop
SAMSUNG|Android|Samsung/SCH|1920x1080,SAMSUNG,Android,Samsung/SCH,1920x1080,mobile
LG-K410 Build/LRX22G||chrome 62.0 for android|,LG-K410 Build/LRX22G,,chrome 62.0 for android,,mobile
LG-H870 Build/NRD90U||chrome 62.0 for android|,LG-H870 Build/NRD90U,,chrome 62.0 for android,,mobile
Windows|Windows 7|firefox 57.0|1360x768,Windows,Windows 7,firefox 57.0,1360x768,desktop
SM-T580 Build/NRD90M|Android 7.0|chrome 62.0 for android|1920x1200,SM-T580 Build/NRD90M,Android 7.0,chrome 62.0 for android,1920x1200,mobile
MacOS|Mac OS X 10_10_5|chrome 62.0|5120x2880,MacOS,Mac OS X 10_10_5,chrome 62.0,5120x2880,desktop
rv:11.0|Windows 10|ie 11.0 for desktop|1600x900,rv:11.0,Windows 10,ie 11.0 for desktop,1600x900,desktop
Windows|Windows 8.1|chrome 63.0|1366x768,Windows,Windows 8.1,chrome 63.0,1366x768,desktop
Windows|Windows 10|chrome 62.0|2160x1440,Windows,Windows 10,chrome 62.0,2160x1440,desktop
NX785QC8G|Android 4.4.2|chrome 62.0 for android|1024x768,NX785QC8G,Android 4.4.2,chrome 62.0 for android,1024x768,mobile
Z981 Build/MMB29M|Android 6.0.1|chrome 62.0 for android|1920x1080,Z981 Build/MMB29M,Android 6.0.1,chrome 62.0 for android,1920x1080,mobile
LGL33L/V100|Android|other|855x480,LGL33L/V100,Android,other,855x480,mobile
iOS Device|iOS 11.0.1|mobile safari 11.0|1334x750,iOS Device,iOS 11.0.1,mobile safari 11.0,1334x750,mobile
Windows|Windows 10|firefox generic|1366x768,Windows,Windows 10,firefox generic,1366x768,desktop
Windows|Windows 8|firefox 57.0|1366x768,Windows,Windows 8,firefox 57.0,1366x768,desktop
iOS Device|iOS|mobile safari generic|2208x1242,iOS Device,iOS,mobile safari generic,2208x1242,mobile
P4526A Build/NRD90M||chrome 58.0 for android|,P4526A Build/NRD90M,,chrome 58.0 for android,,mobile
MacOS|Mac OS X 10_13_1|safari generic|3360x2100,MacOS,Mac OS X 10_13_1,safari generic,3360x2100,desktop
MacOS|Mac OS X 10_12_4|safari generic|2560x1600,MacOS,Mac OS X 10_12_4,safari generic,2560x1600,desktop
Blade V6 Max Build/MRA58K||chrome 62.0 for android|,Blade V6 Max Build/MRA58K,,chrome 62.0 for android,,mobile
XT1710-02 Build/NDSS26.118-23-15|Android 7.1.1|chrome 62.0 for android|1920x1080,XT1710-02 Build/NDSS26.118-23-15,Android 7.1.1,chrome 62.0 for android,1920x1080,mobile
||chrome 58.0|,,,chrome 58.0,,desktop
LG-H542 Build/MRA58K||chrome 54.0 for android|,LG-H542 Build/MRA58K,,chrome 54.0 for android,,mobile
Moto G Play Build/MPIS24.241-15.3-7||chrome 58.0 for android|,Moto G Play Build/MPIS24.241-15.3-7,,chrome 58.0 for android,,mobile
SM-T550 Build/NMF26X|Android 7.1.1|chrome 62.0 for android|1024x768,SM-T550 Build/NMF26X,Android 7.1.1,chrome 62.0 for android,1024x768,mobile
MacOS|Mac OS X 10_7_5|chrome 49.0|1680x1050,MacOS,Mac OS X 10_7_5,chrome 49.0,1680x1050,desktop
rv:56.0|Mac OS X 10.13|firefox 56.0|1366x768,rv:56.0,Mac OS X 10.13,firefox 56.0,1366x768,desktop
Windows||chrome 63.0|,Windows,,chrome 63.0,,desktop
EVA-L09 Build/HUAWEIEVA-L09||chrome 62.0 for android|,EVA-L09 Build/HUAWEIEVA-L09,,chrome 62.0 for android,,mobile
SAMSUNG SM-G955U Build/NRD90M|Android 7.0|samsung browser 5.4|,SAMSUNG SM-G955U Build/NRD90M,Android 7.0,samsung browser 5.4,,mobile
Windows|Windows 10|edge 15.0|1280x800,Windows,Windows 10,edge 15.0,1280x800,desktop
LG-K540 Build/MMB29M|Android 6.0.1|chrome 62.0 for android|1280x720,LG-K540 Build/MMB29M,Android 6.0.1,chrome 62.0 for android,1280x720,mobile
ONE TOUCH 4033A Build/JDQ39||chrome 62.0 for android|,ONE TOUCH 4033A Build/JDQ39,,chrome 62.0 for android,,mobile
SM-G920F Build/NRD90M||chrome 62.0 for android|,SM-G920F Build/NRD90M,,chrome 62.0 for android,,mobile
iOS Device|iOS 11.1.2|mobile safari generic|2732x2048,iOS Device,iOS 11.1.2,mobile safari generic,2732x2048,mobile
MacOS|Mac|safari generic|2560x1600,MacOS,Mac,safari generic,2560x1600,desktop
HTC Desire 10 lifestyle Build/MMB29M||chrome 62.0 for android|,HTC Desire 10 lifestyle Build/MMB29M,,chrome 62.0 for android,,mobile
MacOS|Mac OS X 10_8_5|chrome 49.0|1280x800,MacOS,Mac OS X 10_8_5,chrome 49.0,1280x800,desktop
iOS Device|iOS 10.2.0|mobile safari 10.0|1334x750,iOS Device,iOS 10.2.0,mobile safari 10.0,1334x750,mobile
SM-G935P Build/NRD90M|Android 7.0|chrome 61.0 for android|1920x1080,SM-G935P Build/NRD90M,Android 7.0,chrome 61.0 for android,1920x1080,mobile
LG-K410 Build/LRX22G||chrome 61.0 for android|,LG-K410 Build/LRX22G,,chrome 61.0 for android,,mobile
XT1585 Build/NCK25.118-10.5|Android 7.0|chrome 62.0 for android|2560x1440,XT1585 Build/NCK25.118-10.5,Android 7.0,chrome 62.0 for android,2560x1440,mobile
SAMSUNG SM-G610M Build/MMB29K||samsung browser 6.2|,SAMSUNG SM-G610M Build/MMB29K,,samsung browser 6.2,,mobile
SM-G935V Build/NRD90M|Android 7.0|chrome 62.0 for android|2560x1440,SM-G935V Build/NRD90M,Android 7.0,chrome 62.0 for android,2560x1440,mobile
SM-A500M Build/KTU84P||chrome 62.0 for android|,SM-A500M Build/KTU84P,,chrome 62.0 for android,,mobile
SM-G950F Build/NRD90M||chrome 62.0 for android|,SM-G950F Build/NRD90M,,chrome 62.0 for android,,mobile
SM-G930F Build/NRD90M||chrome 62.0 for android|,SM-G930F Build/NRD90M,,chrome 62.0 for android,,mobile
MacOS|Mac OS X 10_13_1|chrome 62.0|3360x2100,MacOS,Mac OS X 10_13_1,chrome 62.0,3360x2100,desktop
SM-G570M Build/MMB29K||chrome 62.0 for android|,SM-G570M Build/MMB29K,,chrome 62.0 for android,,mobile
iOS Device|iOS 9.3.5|mobile safari 9.0|2208x1242,iOS Device,iOS 9.3.5,mobile safari 9.0,2208x1242,mobile
iOS Device|iOS 11.2.0|mobile safari generic|1136x640,iOS Device,iOS 11.2.0,mobile safari generic,1136x640,mobile
MacOS|Mac OS X 10_13_2|safari generic|3440x1440,MacOS,Mac OS X 10_13_2,safari generic,3440x1440,desktop
HTC One M9 Build/NRD90M||chrome 62.0 for android|,HTC One M9 Build/NRD90M,,chrome 62.0 for android,,mobile
rv:57.0|Mac OS X 10.13|firefox 57.0|1366x768,rv:57.0,Mac OS X 10.13,firefox 57.0,1366x768,desktop
rv:48.0|Mac OS X 10.12|firefox 48.0|1440x900,rv:48.0,Mac OS X 10.12,firefox 48.0,1440x900,desktop
iOS Device|iOS 10.1.1|mobile safari 10.0|2048x1536,iOS Device,iOS 10.1.1,mobile safari 10.0,2048x1536,mobile
iOS Device|iOS 11.0.2|mobile safari 11.0|1136x640,iOS Device,iOS 11.0.2,mobile safari 11.0,1136x640,mobile
F3113 Build/33.3.A.1.97||chrome 62.0 for android|,F3113 Build/33.3.A.1.97,,chrome 62.0 for android,,mobile
Windows|Windows 7|chrome|1366x768,Windows,Windows 7,chrome,1366x768,desktop
iOS Device|iOS|other|2048x1536,iOS Device,iOS,other,2048x1536,mobile
VK810|Android 5.0.2|chrome 62.0 for android|1920x1200,VK810,Android 5.0.2,chrome 62.0 for android,1920x1200,mobile
LG-M250 Build/NRD90U||chrome 62.0 for android|,LG-M250 Build/NRD90U,,chrome 62.0 for android,,mobile
SM-G531H Build/LMY48B||chrome 61.0 for android|,SM-G531H Build/LMY48B,,chrome 61.0 for android,,mobile
moto|Android 7.1.1|chrome 62.0 for android|1920x1080,moto,Android 7.1.1,chrome 62.0 for android,1920x1080,mobile
Trident/7.0|Windows 7|ie 11.0 for desktop|2560x1440,Trident/7.0,Windows 7,ie 11.0 for desktop,2560x1440,desktop
Le|Android|chrome 62.0 for android|1024x768,Le,Android,chrome 62.0 for android,1024x768,mobile
MacOS|Mac OS X 10_13_1|chrome 62.0|1344x756,MacOS,Mac OS X 10_13_1,chrome 62.0,1344x756,desktop
SAMSUNG SM-G930F Build/NRD90M||samsung browser 6.2|,SAMSUNG SM-G930F Build/NRD90M,,samsung browser 6.2,,mobile
SM-T560NU Build/MMB29M|Android 6.0.1|chrome 61.0 for android|1280x800,SM-T560NU Build/MMB29M,Android 6.0.1,chrome 61.0 for android,1280x800,mobile
MacOS|Mac OS X 10_11_6|chrome 62.0|2560x1440,MacOS,Mac OS X 10_11_6,chrome 62.0,2560x1440,desktop
MacOS|Mac OS X 10_12_6|chrome 61.0|3360x2100,MacOS,Mac OS X 10_12_6,chrome 61.0,3360x2100,desktop
SAMSUNG SM-A520F Build/NRD90M||samsung browser 6.2|,SAMSUNG SM-A520F Build/NRD90M,,samsung browser 6.2,,mobile
Windows|Windows 10|chrome 63.0|1366x768,Windows,Windows 10,chrome 63.0,1366x768,desktop
SM-A520F Build/NRD90M||chrome 62.0 for android|,SM-A520F Build/NRD90M,,chrome 62.0 for android,,mobile
iOS Device|iOS 11.1.2|mobile safari 9.0|1136x640,iOS Device,iOS 11.1.2,mobile safari 9.0,1136x640,mobile
rv:48.0|Mac|firefox 48.0|2048x1152,rv:48.0,Mac,firefox 48.0,2048x1152,desktop
iOS Device|iOS 11.2.0|mobile safari 11.0|2732x2048,iOS Device,iOS 11.2.0,mobile safari 11.0,2732x2048,mobile
LG-LS777 Build/NRD90U|Android 7.0|chrome 62.0 for android|1280x720,LG-LS777 Build/NRD90U,Android 7.0,chrome 62.0 for android,1280x720,mobile
Windows|Windows 10|chrome|1600x900,Windows,Windows 10,chrome,1600x900,desktop
Windows|Windows 10|chrome 62.0|1624x1080,Windows,Windows 10,chrome 62.0,1624x1080,desktop
iOS Device|iOS 11.0.3|chrome 62.0 for ios|2048x1536,iOS Device,iOS 11.0.3,chrome 62.0 for ios,2048x1536,mobile
MacOS|Mac OS X 10_11_6|safari generic|2560x1440,MacOS,Mac OS X 10_11_6,safari generic,2560x1440,desktop
MacOS|Mac OS X 10_13_2|safari generic|2560x1440,MacOS,Mac OS X 10_13_2,safari generic,2560x1440,desktop
Windows||chrome 63.0|1600x900,Windows,,chrome 63.0,1600x900,desktop
Windows|Windows 10|chrome 63.0|1440x900,Windows,Windows 10,chrome 63.0,1440x900,desktop
Windows|Windows 7|chrome 59.0|1440x900,Windows,Windows 7,chrome 59.0,1440x900,desktop
Windows|Windows 10|chrome 63.0|1680x1050,Windows,Windows 10,chrome 63.0,1680x1050,desktop
SAMSUNG SM-G930A Build/NRD90M|Android 7.0|samsung browser 6.2|2560x1440,SAMSUNG SM-G930A Build/NRD90M,Android 7.0,samsung browser 6.2,2560x1440,mobile
Windows|Windows 7|chrome 63.0|1280x1024,Windows,Windows 7,chrome 63.0,1280x1024,desktop
MDDRJS|Windows 7|ie 11.0 for desktop|1024x768,MDDRJS,Windows 7,ie 11.0 for desktop,1024x768,desktop
SAMSUNG SM-J701M Build/NRD90M||samsung browser 6.2|,SAMSUNG SM-J701M Build/NRD90M,,samsung browser 6.2,,mobile
SM-G930V Build/MMB29M|Android 6.0.1|chrome 53.0 for android|2560x1440,SM-G930V Build/MMB29M,Android 6.0.1,chrome 53.0 for android,2560x1440,mobile
F5321||chrome 62.0 for android|,F5321,,chrome 62.0 for android,,mobile
SM-A310M||chrome 62.0 for android|,SM-A310M,,chrome 62.0 for android,,mobile
Windows|Windows Vista|firefox 52.0|1152x864,Windows,Windows Vista,firefox 52.0,1152x864,desktop
Windows|Windows 7|ie 11.0 for desktop|1680x1050,Windows,Windows 7,ie 11.0 for desktop,1680x1050,desktop
Windows|Windows 7|chrome 63.0|1920x1080,Windows,Windows 7,chrome 63.0,1920x1080,desktop
Trident/7.0|Windows 7|ie 11.0 for desktop|1360x768,Trident/7.0,Windows 7,ie 11.0 for desktop,1360x768,desktop
Windows|Windows 10|chrome 62.0|2048x1152,Windows,Windows 10,chrome 62.0,2048x1152,desktop
Windows|Windows 10|chrome 60.0|1920x1200,Windows,Windows 10,chrome 60.0,1920x1200,desktop
SAMSUNG SM-G955U Build/NRD90M|Android 7.0|samsung browser 6.2|2220x1080,SAMSUNG SM-G955U Build/NRD90M,Android 7.0,samsung browser 6.2,2220x1080,mobile
MacOS|Mac OS X 10_12_4|chrome 62.0|1440x900,MacOS,Mac OS X 10_12_4,chrome 62.0,1440x900,desktop
rv:11.0|Windows 7|ie 11.0 for desktop|1920x1200,rv:11.0,Windows 7,ie 11.0 for desktop,1920x1200,desktop
|Linux|chrome 61.0|1920x1080,,Linux,chrome 61.0,1920x1080,desktop
rv:57.0|Mac OS X 10.11|firefox 57.0|1366x768,rv:57.0,Mac OS X 10.11,firefox 57.0,1366x768,desktop
MacOS|Mac OS X 10_12_6|chrome 63.0|1280x800,MacOS,Mac OS X 10_12_6,chrome 63.0,1280x800,desktop
Windows|Windows 10|chrome 63.0|1600x900,Windows,Windows 10,chrome 63.0,1600x900,desktop
BAC-L03 Build/HUAWEIBAC-L03||chrome 62.0 for android|,BAC-L03 Build/HUAWEIBAC-L03,,chrome 62.0 for android,,mobile
SM-G930V Build/NRD90M|Android 7.0|chrome 63.0 for android|1920x1080,SM-G930V Build/NRD90M,Android 7.0,chrome 63.0 for android,1920x1080,mobile
MacOS|Mac OS X 10_12_5|chrome 61.0|1440x900,MacOS,Mac OS X 10_12_5,chrome 61.0,1440x900,desktop
SM-J500FN||chrome 62.0 for android|,SM-J500FN,,chrome 62.0 for android,,mobile
LGMP450 Build/NRD90U|Android 7.0|chrome 62.0 for android|1920x1080,LGMP450 Build/NRD90U,Android 7.0,chrome 62.0 for android,1920x1080,mobile
Windows|Windows 8.1|chrome 62.0|1440x900,Windows,Windows 8.1,chrome 62.0,1440x900,desktop
iOS Device|iOS|mobile safari 10.0|1136x640,iOS Device,iOS,mobile safari 10.0,1136x640,mobile
Windows|Windows 10|chrome 62.0|1536x1152,Windows,Windows 10,chrome 62.0,1536x1152,desktop
iOS Device|iOS 10.3.2|mobile safari 10.0|1136x640,iOS Device,iOS 10.3.2,mobile safari 10.0,1136x640,mobile
SM-G925V Build/NRD90M|Android 7.0|chrome 62.0 for android|2560x1440,SM-G925V Build/NRD90M,Android 7.0,chrome 62.0 for android,2560x1440,mobile
Windows|Windows 7|aol|1920x1080,Windows,Windows 7,aol,1920x1080,desktop
VS987 Build/NRD90U|Android 7.0|android webview 4.0|2560x1440,VS987 Build/NRD90U,Android 7.0,android webview 4.0,2560x1440,mobile
Blade V580 Build/LMY47D||chrome 62.0 for android|,Blade V580 Build/LMY47D,,chrome 62.0 for android,,mobile
SAMSUNG-SM-N920A Build/NRD90M||chrome 62.0 for android|,SAMSUNG-SM-N920A Build/NRD90M,,chrome 62.0 for android,,mobile
MacOS|Mac OS X 10_13_1|safari generic|3840x2400,MacOS,Mac OS X 10_13_1,safari generic,3840x2400,desktop
KFDOWI Build/LVY48F|Android 5.1.1|chrome generic|,KFDOWI Build/LVY48F,Android 5.1.1,chrome generic,,mobile
Windows|Windows 10|firefox 57.0|2560x1080,Windows,Windows 10,firefox 57.0,2560x1080,desktop
iOS Device|iOS 10.3.3|chrome|2048x1536,iOS Device,iOS 10.3.3,chrome,2048x1536,mobile
MacOS|Mac OS X 10_12_5|safari generic|2880x1800,MacOS,Mac OS X 10_12_5,safari generic,2880x1800,desktop
rv:54.0|Mac OS X 10.11|firefox|2560x1440,rv:54.0,Mac OS X 10.11,firefox,2560x1440,desktop
LGLS676 Build/MXB48T|Android 6.0.1|chrome 53.0 for android|1280x720,LGLS676 Build/MXB48T,Android 6.0.1,chrome 53.0 for android,1280x720,mobile
Windows|Windows 7|firefox 57.0|1280x800,Windows,Windows 7,firefox 57.0,1280x800,desktop
MacOS|Mac OS X 10_9_5|chrome 62.0|1440x900,MacOS,Mac OS X 10_9_5,chrome 62.0,1440x900,desktop
Windows|Windows 10|chrome 62.0|2560x1600,Windows,Windows 10,chrome 62.0,2560x1600,desktop
MacOS|Mac OS X 10_11_6|other|1152x720,MacOS,Mac OS X 10_11_6,other,1152x720,mobile
Windows|Windows 8|chrome 62.0|1920x1080,Windows,Windows 8,chrome 62.0,1920x1080,desktop
MacOS|Mac|chrome 62.0|1680x1050,MacOS,Mac,chrome 62.0,1680x1050,desktop
LG-LS998|Android 7.1.2|chrome 62.0 for android|,LG-LS998,Android 7.1.2,chrome 62.0 for android,,mobile
SAMSUNG SM-J700M Build/MMB29K||samsung browser 4.0|,SAMSUNG SM-J700M Build/MMB29K,,samsung browser 4.0,,mobile
Windows|Windows 8.1|chrome 62.0|2560x1440,Windows,Windows 8.1,chrome 62.0,2560x1440,desktop
Windows|Windows 7|chrome 63.0|1600x900,Windows,Windows 7,chrome 63.0,1600x900,desktop
SM-T817V Build/NRD90M|Android 7.0|chrome 62.0 for android|2048x1536,SM-T817V Build/NRD90M,Android 7.0,chrome 62.0 for android,2048x1536,mobile
rv:52.0|Windows 7|firefox 52.0|1600x900,rv:52.0,Windows 7,firefox 52.0,1600x900,desktop
Windows|Windows 7|chrome 58.0|1920x1200,Windows,Windows 7,chrome 58.0,1920x1200,desktop
|Linux|chrome 60.0|1920x1080,,Linux,chrome 60.0,1920x1080,desktop
Windows|Windows 7|firefox 57.0|,Windows,Windows 7,firefox 57.0,,desktop
Windows|Windows 7|chrome 62.0|1152x864,Windows,Windows 7,chrome 62.0,1152x864,desktop
MacOS|Mac OS X 10_12_6|chrome 57.0|3360x2100,MacOS,Mac OS X 10_12_6,chrome 57.0,3360x2100,desktop
SM-T330NU Build/LMY47X|Android 5.1.1|chrome 61.0 for android|,SM-T330NU Build/LMY47X,Android 5.1.1,chrome 61.0 for android,,mobile
|Linux|chrome 63.0|1200x675,,Linux,chrome 63.0,1200x675,desktop
Windows NT 6.1|Windows 7|ie|1280x1024,Windows NT 6.1,Windows 7,ie,1280x1024,desktop
rv:41.0||firefox|,rv:41.0,,firefox,,desktop
E5606 Build/30.2.A.1.21||chrome 62.0 for android|,E5606 Build/30.2.A.1.21,,chrome 62.0 for android,,mobile
SAMSUNG|Android 6.0.1|samsung browser 6.2|2562x1442,SAMSUNG,Android 6.0.1,samsung browser 6.2,2562x1442,mobile
Moto Z2 Play Build/NPS26.74-16-1||chrome 56.0 for android|,Moto Z2 Play Build/NPS26.74-16-1,,chrome 56.0 for android,,mobile
Windows|Windows 10|chrome 62.0|2000x1125,Windows,Windows 10,chrome 62.0,2000x1125,desktop
Windows||chrome 56.0|,Windows,,chrome 56.0,,desktop
Windows|Windows 7|chrome 61.0|1920x1200,Windows,Windows 7,chrome 61.0,1920x1200,desktop
Nexus|Android|chrome 62.0 for android|1920x1200,Nexus,Android,chrome 62.0 for android,1920x1200,mobile
MacOS|Mac OS X 10_12_6|safari generic|1600x900,MacOS,Mac OS X 10_12_6,safari generic,1600x900,desktop
Windows|Windows Vista|firefox 52.0|1280x600,Windows,Windows Vista,firefox 52.0,1280x600,desktop
LGMS631 Build/MRA58K|Android 6.0|chrome 62.0 for android|1280x720,LGMS631 Build/MRA58K,Android 6.0,chrome 62.0 for android,1280x720,mobile
SM-N920P Build/NRD90M|Android 7.0|chrome 62.0 for android|,SM-N920P Build/NRD90M,Android 7.0,chrome 62.0 for android,,mobile
MacOS|Mac OS X 10_13_2|chrome 62.0|2880x1800,MacOS,Mac OS X 10_13_2,chrome 62.0,2880x1800,desktop
Windows|Windows 10|chrome 60.0|1600x900,Windows,Windows 10,chrome 60.0,1600x900,desktop
SAMSUNG SM-G930A Build/NRD90M|Android 7.0|samsung browser 6.2|1920x1080,SAMSUNG SM-G930A Build/NRD90M,Android 7.0,samsung browser 6.2,1920x1080,mobile
iOS Device|iOS 11.2.0|mobile safari generic|1334x750,iOS Device,iOS 11.2.0,mobile safari generic,1334x750,mobile
5011A Build/NRD90M||chrome 56.0 for android|,5011A Build/NRD90M,,chrome 56.0 for android,,mobile
SAMSUNG SM-G950U1 Build/NRD90M||samsung browser 5.4|,SAMSUNG SM-G950U1 Build/NRD90M,,samsung browser 5.4,,mobile
MacOS|Mac OS X 10_6_8|chrome|1280x800,MacOS,Mac OS X 10_6_8,chrome,1280x800,desktop
Windows|Windows 10|edge 15.0|1024x768,Windows,Windows 10,edge 15.0,1024x768,desktop
MacOS|Mac OS X 10_10_5|chrome 62.0|1600x900,MacOS,Mac OS X 10_10_5,chrome 62.0,1600x900,desktop
E6603 Build/32.4.A.1.54||chrome 62.0 for android|,E6603 Build/32.4.A.1.54,,chrome 62.0 for android,,mobile
iOS Device|iOS 11.0.1|mobile safari generic|1334x750,iOS Device,iOS 11.0.1,mobile safari generic,1334x750,mobile
SM-G920P Build/NRD90M|Android 7.0|chrome 62.0 for android|2560x1440,SM-G920P Build/NRD90M,Android 7.0,chrome 62.0 for android,2560x1440,mobile
Linux i686|Linux|firefox|1280x800,Linux i686,Linux,firefox,1280x800,desktop
Redmi 4A Build/MMB29M||chrome 62.0 for android|,Redmi 4A Build/MMB29M,,chrome 62.0 for android,,mobile
SAMSUNG|Android 7.0|samsung browser 6.2|2562x1442,SAMSUNG,Android 7.0,samsung browser 6.2,2562x1442,mobile
iOS Device|iOS 10.2.0|mobile safari 10.0|2208x1242,iOS Device,iOS 10.2.0,mobile safari 10.0,2208x1242,mobile
iOS Device|iOS 9.3.5|chrome 62.0 for ios|1024x768,iOS Device,iOS 9.3.5,chrome 62.0 for ios,1024x768,mobile
Windows|Windows 7|chrome 62.0|1536x864,Windows,Windows 7,chrome 62.0,1536x864,desktop
SM-T520|Android 4.4.2|chrome 62.0 for android|2560x1600,SM-T520,Android 4.4.2,chrome 62.0 for android,2560x1600,mobile
Pixel|Android 8.0.0|chrome 63.0 for android|,Pixel,Android 8.0.0,chrome 63.0 for android,,mobile
SAMSUNG|Android 6.0.1|samsung browser 6.2|1280x720,SAMSUNG,Android 6.0.1,samsung browser 6.2,1280x720,mobile
SM-G900M Build/LRX21T||chrome 62.0 for android|,SM-G900M Build/LRX21T,,chrome 62.0 for android,,mobile
SM-T350 Build/NMF26X|Android 7.1.1|chrome 62.0 for android|1024x768,SM-T350 Build/NMF26X,Android 7.1.1,chrome 62.0 for android,1024x768,mobile
LG-H542 Build/LRX22G||chrome 62.0 for android|,LG-H542 Build/LRX22G,,chrome 62.0 for android,,mobile
MotoG3-TE||chrome 62.0 for android|,MotoG3-TE,,chrome 62.0 for android,,mobile
||mobile safari 8.0|,,,mobile safari 8.0,,mobile
Lenovo||chrome 62.0 for android|,Lenovo,,chrome 62.0 for android,,mobile
SM-N950U Build/NMF26X|Android 7.1.1|chrome 62.0 for android|2961x1442,SM-N950U Build/NMF26X,Android 7.1.1,chrome 62.0 for android,2961x1442,mobile
Moto Z2 Play Build/NPS26.118-19||chrome 62.0 for android|,Moto Z2 Play Build/NPS26.118-19,,chrome 62.0 for android,,mobile
LG-V495/V49520l|Android 6.0|android webview 4.0|,LG-V495/V49520l,Android 6.0,android webview 4.0,,mobile
Windows|Windows Vista|firefox 52.0|1920x1080,Windows,Windows Vista,firefox 52.0,1920x1080,desktop
MacOS|Mac OS X 10_10_5|safari generic|1366x768,MacOS,Mac OS X 10_10_5,safari generic,1366x768,desktop
SM-T810 Build/NRD90M|Android 7.0|chrome 61.0 for android|2048x1536,SM-T810 Build/NRD90M,Android 7.0,chrome 61.0 for android,2048x1536,mobile
SM-G900V Build/MMB29M|Android 6.0.1|chrome 56.0 for android|1920x1080,SM-G900V Build/MMB29M,Android 6.0.1,chrome 56.0 for android,1920x1080,mobile
SM-G900W8||chrome 62.0 for android|,SM-G900W8,,chrome 62.0 for android,,mobile
MacOS|Mac OS X 10_11_5|safari generic|2560x1600,MacOS,Mac OS X 10_11_5,safari generic,2560x1600,desktop
Windows|Windows 8|firefox 57.0|1440x900,Windows,Windows 8,firefox 57.0,1440x900,desktop
SAMSUNG SM-T580 Build/NRD90M|Android 7.0|samsung browser 6.2|1920x1200,SAMSUNG SM-T580 Build/NRD90M,Android 7.0,samsung browser 6.2,1920x1200,mobile
SM-S120VL|Android 6.0.1|chrome 62.0 for android|801x480,SM-S120VL,Android 6.0.1,chrome 62.0 for android,801x480,mobile
iOS Device|iOS 11.1.1|mobile safari 11.0|2732x2048,iOS Device,iOS 11.1.1,mobile safari 11.0,2732x2048,mobile
Aquaris||chrome 62.0 for android|,Aquaris,,chrome 62.0 for android,,mobile
Windows|Windows 7|firefox 57.0|1280x768,Windows,Windows 7,firefox 57.0,1280x768,desktop
Lenovo K33b36 Build/MMB29M||chrome 61.0 for android|,Lenovo K33b36 Build/MMB29M,,chrome 61.0 for android,,mobile
MacOS|Mac OS X 10_11_5|safari generic|3200x1800,MacOS,Mac OS X 10_11_5,safari generic,3200x1800,desktop
SAMSUNG SM-N920V Build/NRD90M|Android 7.0|samsung browser 6.2|,SAMSUNG SM-N920V Build/NRD90M,Android 7.0,samsung browser 6.2,,mobile
Windows|Windows 7|firefox 56.0|1680x1050,Windows,Windows 7,firefox 56.0,1680x1050,desktop
Hisense F20 Build/MMB29M||chrome 62.0 for android|,Hisense F20 Build/MMB29M,,chrome 62.0 for android,,mobile
Windows|Windows 10|edge 16.0|2736x1824,Windows,Windows 10,edge 16.0,2736x1824,desktop
HUAWEI Y520-U03 Build/HUAWEIY520-U03||chrome 60.0 for android|,HUAWEI Y520-U03 Build/HUAWEIY520-U03,,chrome 60.0 for android,,mobile
rv:48.0|Mac|firefox 48.0|2560x1600,rv:48.0,Mac,firefox 48.0,2560x1600,desktop
M4 SS4450 Build/MRA58K||chrome 55.0 for android|,M4 SS4450 Build/MRA58K,,chrome 55.0 for android,,mobile
SM-G950U Build/NRD90M|Android 7.0|chrome 60.0 for android|2220x1080,SM-G950U Build/NRD90M,Android 7.0,chrome 60.0 for android,2220x1080,mobile
Windows|Windows 7|chrome 61.0|1280x800,Windows,Windows 7,chrome 61.0,1280x800,desktop
LG-H320 Build/LRX21Y||chrome 51.0 for android|,LG-H320 Build/LRX21Y,,chrome 51.0 for android,,mobile
rv:45.0|Windows 10|firefox|1920x1080,rv:45.0,Windows 10,firefox,1920x1080,desktop
Windows|Windows 8.1|firefox 57.0|1600x900,Windows,Windows 8.1,firefox 57.0,1600x900,desktop
Windows|Windows 10|chrome 58.0|1920x1080,Windows,Windows 10,chrome 58.0,1920x1080,desktop
rv:57.0|Mac OS X 10.11|firefox 57.0|2560x1600,rv:57.0,Mac OS X 10.11,firefox 57.0,2560x1600,desktop
VS995 Build/NRD90M|Android 7.0|chrome 62.0 for android|2560x1440,VS995 Build/NRD90M,Android 7.0,chrome 62.0 for android,2560x1440,mobile
XT1063||chrome 62.0 for android|,XT1063,,chrome 62.0 for android,,mobile
SAMSUNG-SM-G935A Build/NRD90M|Android 7.0|chrome 62.0 for android|1920x1080,SAMSUNG-SM-G935A Build/NRD90M,Android 7.0,chrome 62.0 for android,1920x1080,mobile
Windows|Windows 7|chrome 62.0|1280x720,Windows,Windows 7,chrome 62.0,1280x720,desktop
LG-M700 Build/NMF26X||chrome 58.0 for android|,LG-M700 Build/NMF26X,,chrome 58.0 for android,,mobile
MacOS|Mac OS X 10_11_6|chrome|1440x900,MacOS,Mac OS X 10_11_6,chrome,1440x900,desktop
MacOS|Mac OS X 10_8_5|safari generic|1440x900,MacOS,Mac OS X 10_8_5,safari generic,1440x900,desktop
5054N||chrome 61.0 for android|,5054N,,chrome 61.0 for android,,mobile
Windows|Windows 7|firefox 57.0|1024x768,Windows,Windows 7,firefox 57.0,1024x768,desktop
VS987 Build/NRD90U|Android 7.0|chrome 62.0 for android|2560x1440,VS987 Build/NRD90U,Android 7.0,chrome 62.0 for android,2560x1440,mobile
Trident/7.0|other|Nokia/Lumia|,Trident/7.0,other,Nokia/Lumia,,mobile
Windows|Windows XP|firefox 52.0|1680x1050,Windows,Windows XP,firefox 52.0,1680x1050,desktop
Windows|Windows 10|chrome 60.0|1366x768,Windows,Windows 10,chrome 60.0,1366x768,desktop
SM-G530H Build/LRX22G||chrome 62.0 for android|,SM-G530H Build/LRX22G,,chrome 62.0 for android,,mobile
Trident/7.0|Windows 8.1|ie 11.0 for desktop|1280x1024,Trident/7.0,Windows 8.1,ie 11.0 for desktop,1280x1024,desktop
Windows|Windows 7|ie 11.0 for desktop|1366x768,Windows,Windows 7,ie 11.0 for desktop,1366x768,desktop
CAM-L03 Build/HUAWEICAM-L03||chrome 60.0 for android|,CAM-L03 Build/HUAWEICAM-L03,,chrome 60.0 for android,,mobile
Windows|Windows 7|firefox 57.0|1280x960,Windows,Windows 7,firefox 57.0,1280x960,desktop
SAMSUNG-SM-T677A|Android 5.1.1|chrome generic|1920x1080,SAMSUNG-SM-T677A,Android 5.1.1,chrome generic,1920x1080,mobile
Nexus|Android 8.0.0||,Nexus,Android 8.0.0,,,mobile
rv:57.0|Android 7.0|Generic/Android 7.0|,rv:57.0,Android 7.0,Generic/Android 7.0,,mobile
Windows|Windows XP|chrome generic|1920x1080,Windows,Windows XP,chrome generic,1920x1080,desktop
rv:52.0|Windows 10|firefox|1920x1080,rv:52.0,Windows 10,firefox,1920x1080,desktop
Windows|Windows 10|edge 16.0|3840x2160,Windows,Windows 10,edge 16.0,3840x2160,desktop
||mobile safari uiwebview|,,,mobile safari uiwebview,,mobile
iOS Device|iOS 9.3.5|mobile safari 9.0|1334x750,iOS Device,iOS 9.3.5,mobile safari 9.0,1334x750,mobile
LG-H420 Build/LRX21Y||chrome 61.0 for android|,LG-H420 Build/LRX21Y,,chrome 61.0 for android,,mobile
ALE-L23 Build/HuaweiALE-L23||chrome 51.0 for android|,ALE-L23 Build/HuaweiALE-L23,,chrome 51.0 for android,,mobile
Windows|Windows 7|chrome 59.0|1600x900,Windows,Windows 7,chrome 59.0,1600x900,desktop
LG-H870 Build/NRD90U||chrome 61.0 for android|,LG-H870 Build/NRD90U,,chrome 61.0 for android,,mobile
SM-J701M Build/NRD90M||chrome 62.0 for android|,SM-J701M Build/NRD90M,,chrome 62.0 for android,,mobile
MacOS|Mac OS X 10_12_6|chrome 63.0|1440x900,MacOS,Mac OS X 10_12_6,chrome 63.0,1440x900,desktop
Windows|Windows 7|chrome 60.0|1600x900,Windows,Windows 7,chrome 60.0,1600x900,desktop
rv:57.0|Windows 7|firefox 57.0|1600x1200,rv:57.0,Windows 7,firefox 57.0,1600x1200,desktop
SM-J327VPP Build/NRD90M|Android 7.0|chrome 62.0 for android|1280x720,SM-J327VPP Build/NRD90M,Android 7.0,chrome 62.0 for android,1280x720,mobile
|Linux|chrome 60.0|1360x768,,Linux,chrome 60.0,1360x768,desktop
Z798BL Build/MMB29M|Android 6.0.1|chrome 53.0 for android|855x480,Z798BL Build/MMB29M,Android 6.0.1,chrome 53.0 for android,855x480,mobile
Windows|Windows 8.1|firefox 56.0|1920x1080,Windows,Windows 8.1,firefox 56.0,1920x1080,desktop
rv:56.0|Windows 8.1|firefox 56.0|1600x900,rv:56.0,Windows 8.1,firefox 56.0,1600x900,desktop
Windows|Windows 7|firefox 52.0|1440x900,Windows,Windows 7,firefox 52.0,1440x900,desktop
MacOS|Mac OS X 10_13_2|safari generic|2560x1600,MacOS,Mac OS X 10_13_2,safari generic,2560x1600,desktop
rv:52.0|Mac OS X 10.13|firefox 52.0|2560x1600,rv:52.0,Mac OS X 10.13,firefox 52.0,2560x1600,desktop
MacOS|Mac OS X 10_11_6|safari generic|4096x2304,MacOS,Mac OS X 10_11_6,safari generic,4096x2304,desktop
SAMSUNG SM-G925T Build/NRD90M|Android 7.0|samsung browser 6.2|2560x1440,SAMSUNG SM-G925T Build/NRD90M,Android 7.0,samsung browser 6.2,2560x1440,mobile
MacOS|Mac OS X 10_11_5|safari generic|1440x900,MacOS,Mac OS X 10_11_5,safari generic,1440x900,desktop
Windows|Windows 10|chrome 62.0|1600x1200,Windows,Windows 10,chrome 62.0,1600x1200,desktop
SM-J320H||chrome 62.0 for android|,SM-J320H,,chrome 62.0 for android,,mobile
Windows|Windows 10|edge 15.0|3840x2160,Windows,Windows 10,edge 15.0,3840x2160,desktop
HUAWEI CUN-L03 Build/HUAWEICUN-L03||chrome 50.0 for android|,HUAWEI CUN-L03 Build/HUAWEICUN-L03,,chrome 50.0 for android,,mobile
LG-H542 Build/MRA58K||chrome 52.0 for android|,LG-H542 Build/MRA58K,,chrome 52.0 for android,,mobile
HTC Desire 530 Build/MMB29M||chrome 60.0 for android|,HTC Desire 530 Build/MMB29M,,chrome 60.0 for android,,mobile
SM-T377V Build/NMF26X|Android 7.1.1|chrome 62.0 for android|,SM-T377V Build/NMF26X,Android 7.1.1,chrome 62.0 for android,,mobile
Windows|Windows 7|chrome 63.0|3440x1440,Windows,Windows 7,chrome 63.0,3440x1440,desktop
SM-G925T Build/NRD90M|Android 7.0|chrome 61.0 for android|2560x1440,SM-G925T Build/NRD90M,Android 7.0,chrome 61.0 for android,2560x1440,mobile
NetHelper70||ie 11.0 for desktop|,NetHelper70,,ie 11.0 for desktop,,desktop
SM-G360T1 Build/LMY47X||chrome 53.0 for android|,SM-G360T1 Build/LMY47X,,chrome 53.0 for android,,mobile
KFTHWI Build/KTU84M|Android|chrome generic|1920x1200,KFTHWI Build/KTU84M,Android,chrome generic,1920x1200,mobile
Windows|Windows 7|chrome 60.0|1920x1080,Windows,Windows 7,chrome 60.0,1920x1080,desktop
GT-P5210 Build/KOT49H|Android 4.4.2|chrome 62.0 for android|1280x800,GT-P5210 Build/KOT49H,Android 4.4.2,chrome 62.0 for android,1280x800,mobile
iOS Device|iOS 9.3.5|mobile safari generic|1334x750,iOS Device,iOS 9.3.5,mobile safari generic,1334x750,mobile
Windows|Windows 10|chrome 63.0|3840x2160,Windows,Windows 10,chrome 63.0,3840x2160,desktop
LG-H650 Build/MRA58K||chrome 62.0 for android|,LG-H650 Build/MRA58K,,chrome 62.0 for android,,mobile
Trident/7.0|Windows 7|ie 11.0 for desktop|1280x768,Trident/7.0,Windows 7,ie 11.0 for desktop,1280x768,desktop
LG-H811 Build/MRA58K|Android 6.0|chrome 62.0 for android|2560x1440,LG-H811 Build/MRA58K,Android 6.0,chrome 62.0 for android,2560x1440,mobile
GT-P5210 Build/JDQ39||chrome 62.0 for android|,GT-P5210 Build/JDQ39,,chrome 62.0 for android,,mobile
M4 SS4456 Build/LMY47V||chrome 62.0 for android|,M4 SS4456 Build/LMY47V,,chrome 62.0 for android,,mobile
Windows||chrome 58.0|,Windows,,chrome 58.0,,desktop
MacOS|Mac OS X 10_12_1|safari generic|1280x800,MacOS,Mac OS X 10_12_1,safari generic,1280x800,desktop
SAMSUNG-SGH-I337 Build/KOT49H||chrome 62.0 for android|,SAMSUNG-SGH-I337 Build/KOT49H,,chrome 62.0 for android,,mobile
SM-G900P Build/MMB29M|Android 6.0.1|android webview 4.0|1920x1080,SM-G900P Build/MMB29M,Android 6.0.1,android webview 4.0,1920x1080,mobile
SM-A510M Build/LMY47X||chrome 61.0 for android|,SM-A510M Build/LMY47X,,chrome 61.0 for android,,mobile
LG-K220 Build/MXB48T||chrome 62.0 for android|,LG-K220 Build/MXB48T,,chrome 62.0 for android,,mobile
LG-H810/H81021z|Android 6.0|android webview 4.0|2560x1440,LG-H810/H81021z,Android 6.0,android webview 4.0,2560x1440,mobile
Windows|Windows Vista|firefox 52.0|1440x900,Windows,Windows Vista,firefox 52.0,1440x900,desktop
rv:56.0|Windows 7|firefox 56.0|1920x1080,rv:56.0,Windows 7,firefox 56.0,1920x1080,desktop
iOS Device|iOS 11.0.3|mobile safari 11.0|2732x2048,iOS Device,iOS 11.0.3,mobile safari 11.0,2732x2048,mobile
Trident/7.0|Windows 10|ie 11.0 for desktop|1280x720,Trident/7.0,Windows 10,ie 11.0 for desktop,1280x720,desktop
MacOS|Mac OS X 10_11_6|safari generic|1680x1050,MacOS,Mac OS X 10_11_6,safari generic,1680x1050,desktop
||edge 15.0|,,,edge 15.0,,desktop
Windows|Windows 10|edge 16.0|1280x1024,Windows,Windows 10,edge 16.0,1280x1024,desktop
Windows|Windows XP|firefox 52.0|1440x900,Windows,Windows XP,firefox 52.0,1440x900,desktop
SAMSUNG-SM-G935A Build/NRD90M|Android 7.0|chrome 57.0 for android|2560x1440,SAMSUNG-SM-G935A Build/NRD90M,Android 7.0,chrome 57.0 for android,2560x1440,mobile
ONEPLUS A5000 Build/NMF26X||chrome 62.0 for android|,ONEPLUS A5000 Build/NMF26X,,chrome 62.0 for android,,mobile
LG-TP260 Build/NRD90U|Android 7.0|chrome 62.0 for android|1280x720,LG-TP260 Build/NRD90U,Android 7.0,chrome 62.0 for android,1280x720,mobile
SM-G925I Build/NRD90M||chrome 62.0 for android|,SM-G925I Build/NRD90M,,chrome 62.0 for android,,mobile
Windows|Windows 10|firefox 57.0|1280x800,Windows,Windows 10,firefox 57.0,1280x800,desktop
SM-G920T Build/NRD90M|Android 7.0|chrome 62.0 for android|2560x1440,SM-G920T Build/NRD90M,Android 7.0,chrome 62.0 for android,2560x1440,mobile
BNTV400|Android|chrome generic for android|1356x900,BNTV400,Android,chrome generic for android,1356x900,mobile
rv:47.0||firefox 47.0|,rv:47.0,,firefox 47.0,,desktop
MacOS|Mac OS X 10_11_3|chrome 62.0|2560x1440,MacOS,Mac OS X 10_11_3,chrome 62.0,2560x1440,desktop
SM-J710MN Build/MMB29K||chrome 62.0 for android|,SM-J710MN Build/MMB29K,,chrome 62.0 for android,,mobile
rv:11.0|Windows 7|ie 11.0 for desktop|1024x768,rv:11.0,Windows 7,ie 11.0 for desktop,1024x768,desktop
SM-J510MN Build/MMB29M||chrome 61.0 for android|,SM-J510MN Build/MMB29M,,chrome 61.0 for android,,mobile
MacOS|Mac OS X 10_12_4|chrome 61.0|1440x900,MacOS,Mac OS X 10_12_4,chrome 61.0,1440x900,desktop
Android||chrome generic|,Android,,chrome generic,,mobile
iOS Device|iOS 11.0.3|mobile safari generic|2048x1536,iOS Device,iOS 11.0.3,mobile safari generic,2048x1536,mobile
|Linux|chrome 62.0|2960x1440,,Linux,chrome 62.0,2960x1440,desktop
rv:48.0||firefox 48.0|,rv:48.0,,firefox 48.0,,desktop
SM-G955F Build/NRD90M||chrome 58.0 for android|,SM-G955F Build/NRD90M,,chrome 58.0 for android,,mobile
MacOS|Mac OS X 10_10_5|chrome 60.0|1920x1080,MacOS,Mac OS X 10_10_5,chrome 60.0,1920x1080,desktop
Android 4.4.2|Android 4.4.2|other|1024x600,Android 4.4.2,Android 4.4.2,other,1024x600,mobile
HUAWEI RIO-L03 Build/HUAWEIRIO-L03||chrome generic|,HUAWEI RIO-L03 Build/HUAWEIRIO-L03,,chrome generic,,mobile
Moto G Play Build/MPIS24.241-15.3-7||chrome 59.0 for android|,Moto G Play Build/MPIS24.241-15.3-7,,chrome 59.0 for android,,mobile
iOS Device|iOS 9.3.5|chrome 63.0 for ios|1024x768,iOS Device,iOS 9.3.5,chrome 63.0 for ios,1024x768,mobile
Windows|Windows Vista|aol|1024x768,Windows,Windows Vista,aol,1024x768,desktop
SM-T550|Android 5.0.2|chrome 53.0 for android|1024x768,SM-T550,Android 5.0.2,chrome 53.0 for android,1024x768,mobile
||chrome 60.0|,,,chrome 60.0,,desktop
Windows|Windows Vista|chrome 49.0|1152x864,Windows,Windows Vista,chrome 49.0,1152x864,desktop
MacOS|Mac|safari generic|1280x800,MacOS,Mac,safari generic,1280x800,desktop
SM-G950F Build/NRD90M||chrome 63.0 for android|,SM-G950F Build/NRD90M,,chrome 63.0 for android,,mobile
es-us||chrome generic|,es-us,,chrome generic,,mobile
SAMSUNG SM-G531H Build/LMY48B||Samsung/SM-G531H|,SAMSUNG SM-G531H Build/LMY48B,,Samsung/SM-G531H,,mobile
XT1650|Android 7.1.1|chrome 62.0 for android|2560x1440,XT1650,Android 7.1.1,chrome 62.0 for android,2560x1440,mobile
SM-G928G Build/NRD90M||chrome 63.0 for android|,SM-G928G Build/NRD90M,,chrome 63.0 for android,,mobile
rv:11.0|Windows 10|ie 11.0 for desktop|1440x900,rv:11.0,Windows 10,ie 11.0 for desktop,1440x900,desktop
Hisense L675 Build/MRA58K||chrome 60.0 for android|,Hisense L675 Build/MRA58K,,chrome 60.0 for android,,mobile
Moto G (5S||chrome generic|,Moto G (5S,,chrome generic,,mobile
SM-G925I Build/LMY47X||chrome 62.0 for android|,SM-G925I Build/LMY47X,,chrome 62.0 for android,,mobile
Windows|Windows 8.1|chrome 62.0|1360x768,Windows,Windows 8.1,chrome 62.0,1360x768,desktop
SAMSUNG SM-G935T Build/NRD90M|Android 7.0|samsung browser 6.2|1920x1080,SAMSUNG SM-G935T Build/NRD90M,Android 7.0,samsung browser 6.2,1920x1080,mobile
Touch||ie 11.0 for desktop|,Touch,,ie 11.0 for desktop,,desktop
SAMSUNG SM-G955U Build/NRD90M||samsung browser 6.2|,SAMSUNG SM-G955U Build/NRD90M,,samsung browser 6.2,,mobile
Lenovo K33b36 Build/NRD90N||chrome 62.0 for android|,Lenovo K33b36 Build/NRD90N,,chrome 62.0 for android,,mobile
MacOS|Mac OS X 10_11_3|chrome 62.0|2880x1800,MacOS,Mac OS X 10_11_3,chrome 62.0,2880x1800,desktop
iOS Device|iOS 10.0.2|mobile safari 10.0|2208x1242,iOS Device,iOS 10.0.2,mobile safari 10.0,2208x1242,mobile
SM-J710MN Build/MMB29K||chrome 55.0 for android|,SM-J710MN Build/MMB29K,,chrome 55.0 for android,,mobile
LG-H820 Build/NRD90U|Android 7.0|chrome 62.0 for android|2560x1440,LG-H820 Build/NRD90U,Android 7.0,chrome 62.0 for android,2560x1440,mobile
MacOS|Mac|chrome 62.0|2880x1800,MacOS,Mac,chrome 62.0,2880x1800,desktop
iOS Device|iOS 10.3.2|chrome 62.0 for ios|2732x2048,iOS Device,iOS 10.3.2,chrome 62.0 for ios,2732x2048,mobile
LG-H990 Build/NRD90M|Android 7.0|chrome 62.0 for android|2560x1440,LG-H990 Build/NRD90M,Android 7.0,chrome 62.0 for android,2560x1440,mobile
ALE-L23 Build/HuaweiALE-L23||chrome 63.0 for android|,ALE-L23 Build/HuaweiALE-L23,,chrome 63.0 for android,,mobile
LGMS550 Build/NRD90U|Android 7.0|chrome 62.0 for android|1280x720,LGMS550 Build/NRD90U,Android 7.0,chrome 62.0 for android,1280x720,mobile
MacOS|Mac OS X 10_9_5|chrome 61.0|1920x1200,MacOS,Mac OS X 10_9_5,chrome 61.0,1920x1200,desktop
MacOS|Mac OS X 10_13_2|chrome 63.0|1280x800,MacOS,Mac OS X 10_13_2,chrome 63.0,1280x800,desktop
PRA-LX3 Build/HUAWEIPRA-LX3||chrome 62.0 for android|,PRA-LX3 Build/HUAWEIPRA-LX3,,chrome 62.0 for android,,mobile
iOS Device|iOS 11.1.0|mobile safari generic|1334x750,iOS Device,iOS 11.1.0,mobile safari generic,1334x750,mobile
SM-G935P Build/NRD90M|Android 7.0|chrome 62.0 for android|,SM-G935P Build/NRD90M,Android 7.0,chrome 62.0 for android,,mobile
MacOS|Mac OS X 10_13_1|chrome 63.0|3360x1890,MacOS,Mac OS X 10_13_1,chrome 63.0,3360x1890,desktop
MacOS|Mac OS X 10_12_3|chrome 58.0|1366x768,MacOS,Mac OS X 10_12_3,chrome 58.0,1366x768,desktop
iOS Device|iOS 11.1.1|mobile safari generic|2001x1125,iOS Device,iOS 11.1.1,mobile safari generic,2001x1125,mobile
Windows|Windows 8.1|chrome 58.0|1600x900,Windows,Windows 8.1,chrome 58.0,1600x900,desktop
rv:57.0|Mac OS X 10.9|firefox 57.0|1280x800,rv:57.0,Mac OS X 10.9,firefox 57.0,1280x800,desktop
Windows|Windows 10|edge 16.0|1440x900,Windows,Windows 10,edge 16.0,1440x900,desktop
MacOS|Mac OS X 10_12_3|safari generic|1920x1080,MacOS,Mac OS X 10_12_3,safari generic,1920x1080,desktop
Windows|Windows 8.1|chrome 62.0|1280x720,Windows,Windows 8.1,chrome 62.0,1280x720,desktop
Ilium L1120 Build/NRD90M||chrome 62.0 for android|,Ilium L1120 Build/NRD90M,,chrome 62.0 for android,,mobile
F8331 Build/41.2.A.7.76||chrome 62.0 for android|,F8331 Build/41.2.A.7.76,,chrome 62.0 for android,,mobile
iOS Device|iOS 11.1.1|mobile safari generic|2048x1536,iOS Device,iOS 11.1.1,mobile safari generic,2048x1536,mobile
LGLS751|Android 5.1.1|chrome 60.0 for android|1280x720,LGLS751,Android 5.1.1,chrome 60.0 for android,1280x720,mobile
rv:57.0|Mac OS X 10.10|firefox 57.0|1366x768,rv:57.0,Mac OS X 10.10,firefox 57.0,1366x768,desktop
MacOS|Mac OS X 10_12_4|chrome 62.0|2560x1600,MacOS,Mac OS X 10_12_4,chrome 62.0,2560x1600,desktop
rv:54.0|Windows 10|firefox|1920x1080,rv:54.0,Windows 10,firefox,1920x1080,desktop
MYA-L23||chrome 62.0 for android|,MYA-L23,,chrome 62.0 for android,,mobile
Windows|Windows Vista|chrome 49.0|1600x900,Windows,Windows Vista,chrome 49.0,1600x900,desktop
Windows|Windows 10|chrome|1920x1080,Windows,Windows 10,chrome,1920x1080,desktop
SAMSUNG-SM-J327A Build/NRD90M|Android 7.0|chrome 62.0 for android|1280x720,SAMSUNG-SM-J327A Build/NRD90M,Android 7.0,chrome 62.0 for android,1280x720,mobile
Fractal||android webview 4.0|,Fractal,,android webview 4.0,,mobile
LGMS210 Build/NRD90U|Android 7.0|chrome 62.0 for android|1280x720,LGMS210 Build/NRD90U,Android 7.0,chrome 62.0 for android,1280x720,mobile
MacOS|Mac OS X 10_10_5|chrome 61.0|1440x900,MacOS,Mac OS X 10_10_5,chrome 61.0,1440x900,desktop
Windows|Windows Vista|firefox 52.0|1024x768,Windows,Windows Vista,firefox 52.0,1024x768,desktop
rv:57.0|Mac OS X 10.12|firefox 57.0|3840x2400,rv:57.0,Mac OS X 10.12,firefox 57.0,3840x2400,desktop
MotoG3 Build/MPIS24.107-55-2-17||chrome 58.0 for android|,MotoG3 Build/MPIS24.107-55-2-17,,chrome 58.0 for android,,mobile
rv:50.0|Mac OS X 10.10|firefox|1680x1050,rv:50.0,Mac OS X 10.10,firefox,1680x1050,desktop
Windows|Windows 7|ie 11.0 for desktop|1440x900,Windows,Windows 7,ie 11.0 for desktop,1440x900,desktop
Windows NT 6.1|Windows 7|ie|1536x864,Windows NT 6.1,Windows 7,ie,1536x864,desktop
||firefox 52.0|,,,firefox 52.0,,desktop
iOS Device|iOS 10.3.2|mobile safari 10.0|2001x1125,iOS Device,iOS 10.3.2,mobile safari 10.0,2001x1125,mobile
MacOS|Mac|chrome 62.0|2560x1440,MacOS,Mac,chrome 62.0,2560x1440,desktop
Trident/7.0|Windows 8.1|ie 11.0 for desktop|2160x1440,Trident/7.0,Windows 8.1,ie 11.0 for desktop,2160x1440,desktop
M4 SS4453 Build/MMB29M||chrome 62.0 for android|,M4 SS4453 Build/MMB29M,,chrome 62.0 for android,,mobile
Trident/7.0|Windows 8.1|ie 11.0 for desktop|1920x1200,Trident/7.0,Windows 8.1,ie 11.0 for desktop,1920x1200,desktop
|Android|chrome 62.0|960x540,,Android,chrome 62.0,960x540,mobile
Windows|Windows 10|edge 16.0|1360x768,Windows,Windows 10,edge 16.0,1360x768,desktop
LG-M210 Build/NRD90U|Android 7.0|chrome 62.0 for android|1280x720,LG-M210 Build/NRD90U,Android 7.0,chrome 62.0 for android,1280x720,mobile
MacOS|Mac OS X 10_11_4|safari generic|2560x1600,MacOS,Mac OS X 10_11_4,safari generic,2560x1600,desktop
Windows|Windows 7|opera 49.0|1920x1200,Windows,Windows 7,opera 49.0,1920x1200,desktop
Windows|Windows 10|firefox 57.0|2560x1440,Windows,Windows 10,firefox 57.0,2560x1440,desktop
rv:56.0|Mac OS X 10.11|firefox 56.0|2880x1800,rv:56.0,Mac OS X 10.11,firefox 56.0,2880x1800,desktop
rv:57.0|Mac OS X 10.13|firefox 57.0|2880x1800,rv:57.0,Mac OS X 10.13,firefox 57.0,2880x1800,desktop
AX920||chrome 62.0 for android|,AX920,,chrome 62.0 for android,,mobile
iOS Device|iOS||960x640,iOS Device,iOS,,960x640,mobile
SM-J111M Build/LMY47V||chrome 62.0 for android|,SM-J111M Build/LMY47V,,chrome 62.0 for android,,mobile
XT1635-01 Build/NDNS26.118-23-12-3|Android 7.1.1|chrome 62.0 for android|,XT1635-01 Build/NDNS26.118-23-12-3,Android 7.1.1,chrome 62.0 for android,,mobile
rv:52.0|Windows 7|firefox 52.0|1920x1080,rv:52.0,Windows 7,firefox 52.0,1920x1080,desktop
Windows|Windows 7|firefox 52.0|1920x1080,Windows,Windows 7,firefox 52.0,1920x1080,desktop
rv:57.0|Windows 7|firefox 57.0|1280x800,rv:57.0,Windows 7,firefox 57.0,1280x800,desktop
MacOS|Mac OS X 10_11_5|chrome 62.0|1280x800,MacOS,Mac OS X 10_11_5,chrome 62.0,1280x800,desktop
MacOS|Mac OS X 10_7_5|safari generic|1920x1080,MacOS,Mac OS X 10_7_5,safari generic,1920x1080,desktop
SAMSUNG|Android 7.0|samsung browser 6.2|1280x720,SAMSUNG,Android 7.0,samsung browser 6.2,1280x720,mobile
MacOS|Mac OS X 10_11_6|safari generic|5120x2880,MacOS,Mac OS X 10_11_6,safari generic,5120x2880,desktop
ILIUM||chrome 59.0 for android|,ILIUM,,chrome 59.0 for android,,mobile
rv:42.0|Windows 7|firefox|1366x768,rv:42.0,Windows 7,firefox,1366x768,desktop
SAMSUNG-SM-G900A Build/LRX21T|Android 5.0|chrome 62.0 for android|1920x1080,SAMSUNG-SM-G900A Build/LRX21T,Android 5.0,chrome 62.0 for android,1920x1080,mobile
SM-G930P Build/NRD90M|Android 7.0|chrome 62.0 for android|1280x720,SM-G930P Build/NRD90M,Android 7.0,chrome 62.0 for android,1280x720,mobile
Windows|Windows 10|edge 15.0|1920x1200,Windows,Windows 10,edge 15.0,1920x1200,desktop
rv:57.0|Windows 7|firefox 57.0|1280x1024,rv:57.0,Windows 7,firefox 57.0,1280x1024,desktop
MacOS|Mac OS X 10_11_6|chrome 59.0|2560x1600,MacOS,Mac OS X 10_11_6,chrome 59.0,2560x1600,desktop
Windows|Windows 7|chrome 61.0|1366x768,Windows,Windows 7,chrome 61.0,1366x768,desktop
SAMSUNG SM-G532M Build/MMB29T||samsung browser 6.2|,SAMSUNG SM-G532M Build/MMB29T,,samsung browser 6.2,,mobile
LGMS550 Build/NRD90U|Android 7.0|chrome 63.0 for android|1280x720,LGMS550 Build/NRD90U,Android 7.0,chrome 63.0 for android,1280x720,mobile
iOS Device|iOS 11.0.3|mobile safari generic|2224x1668,iOS Device,iOS 11.0.3,mobile safari generic,2224x1668,mobile
Windows|Windows 10|firefox 57.0|1920x1200,Windows,Windows 10,firefox 57.0,1920x1200,desktop
MacOS|Mac OS X 10_13_2|safari generic|1920x1080,MacOS,Mac OS X 10_13_2,safari generic,1920x1080,desktop
Windows|Windows 10|edge|1920x1080,Windows,Windows 10,edge,1920x1080,desktop
SM-G550T1 Build/MMB29K|Android 6.0.1|chrome 61.0 for android|1280x720,SM-G550T1 Build/MMB29K,Android 6.0.1,chrome 61.0 for android,1280x720,mobile
Windows|Windows 10|chrome 63.0|1280x960,Windows,Windows 10,chrome 63.0,1280x960,desktop
Windows|Windows 10|edge|1280x720,Windows,Windows 10,edge,1280x720,desktop
MacOS|Mac|chrome 61.0|2880x1800,MacOS,Mac,chrome 61.0,2880x1800,desktop
LG-H871|Android 7.0|firefox|2672x1440,LG-H871,Android 7.0,firefox,2672x1440,mobile
Android 5.1||other|,Android 5.1,,other,,mobile
Windows|Windows 7|chrome 63.0|1680x1050,Windows,Windows 7,chrome 63.0,1680x1050,desktop
MacOS|Mac OS X 10_12_5|chrome 62.0|1280x800,MacOS,Mac OS X 10_12_5,chrome 62.0,1280x800,desktop
XT1058 Build/LPAS23.12-21.7-1||chrome 62.0 for android|,XT1058 Build/LPAS23.12-21.7-1,,chrome 62.0 for android,,mobile
LG-D693n Build/LRX22G||chrome 59.0 for android|,LG-D693n Build/LRX22G,,chrome 59.0 for android,,mobile
SAMSUNG SM-G920P Build/NRD90M|Android 7.0|samsung browser 6.2|2560x1440,SAMSUNG SM-G920P Build/NRD90M,Android 7.0,samsung browser 6.2,2560x1440,mobile
Pixel Build/OPM1.171019.011|Android 8.1.0|chrome 63.0 for android|,Pixel Build/OPM1.171019.011,Android 8.1.0,chrome 63.0 for android,,mobile
rv:56.0|Windows 10|firefox|1920x1080,rv:56.0,Windows 10,firefox,1920x1080,desktop
Windows|Windows 10|chrome 62.0|1360x768,Windows,Windows 10,chrome 62.0,1360x768,desktop
SM-T377W|Android 6.0.1|chrome 62.0 for android|,SM-T377W,Android 6.0.1,chrome 62.0 for android,,mobile
rv:54.0|Windows 7|firefox|1366x768,rv:54.0,Windows 7,firefox,1366x768,desktop
MacOS|Mac OS X 10_12_5|safari generic|1366x768,MacOS,Mac OS X 10_12_5,safari generic,1366x768,desktop
SM-T550 Build/NMF26X|Android 7.1.1|chrome 60.0 for android|1024x768,SM-T550 Build/NMF26X,Android 7.1.1,chrome 60.0 for android,1024x768,mobile
Windows|Windows 10|firefox 57.0|3440x1440,Windows,Windows 10,firefox 57.0,3440x1440,desktop
SM-G950U Build/NRD90M|Android 7.0|chrome 62.0 for android|1480x720,SM-G950U Build/NRD90M,Android 7.0,chrome 62.0 for android,1480x720,mobile
Windows|Windows 7|chrome 62.0|1280x768,Windows,Windows 7,chrome 62.0,1280x768,desktop
SM-J730F||chrome 62.0 for android|,SM-J730F,,chrome 62.0 for android,,mobile
Windows|Windows 10|chrome 62.0|2880x1800,Windows,Windows 10,chrome 62.0,2880x1800,desktop
SM-G800F Build/KOT49H||chrome 62.0 for android|,SM-G800F Build/KOT49H,,chrome 62.0 for android,,mobile
Windows|Windows 8.1|chrome 63.0|2400x1350,Windows,Windows 8.1,chrome 63.0,2400x1350,desktop
rv:58.0||firefox|,rv:58.0,,firefox,,mobile
iOS Device|iOS 11.1.2|mobile safari uiwebview|2208x1242,iOS Device,iOS 11.1.2,mobile safari uiwebview,2208x1242,mobile
MacOS|Mac OS X 10_10_5|chrome 61.0|2560x1440,MacOS,Mac OS X 10_10_5,chrome 61.0,2560x1440,desktop
MacOS|Mac OS X 10_13_1|chrome 63.0|2880x1800,MacOS,Mac OS X 10_13_1,chrome 63.0,2880x1800,desktop
SM-T550|Android 6.0.1|chrome 62.0 for android|1024x768,SM-T550,Android 6.0.1,chrome 62.0 for android,1024x768,mobile
MacOS|Mac OS X 10_11_6|chrome 61.0|1344x840,MacOS,Mac OS X 10_11_6,chrome 61.0,1344x840,desktop
HTC Desire 626s Build/LMY47O||chrome 61.0 for android|,HTC Desire 626s Build/LMY47O,,chrome 61.0 for android,,mobile
SM-J510MN Build/MMB29M||chrome 60.0 for android|,SM-J510MN Build/MMB29M,,chrome 60.0 for android,,mobile
SKY_5.0LM||chrome 62.0 for android|,SKY_5.0LM,,chrome 62.0 for android,,mobile
Blade L5 Build/LMY47I||chrome 63.0 for android|,Blade L5 Build/LMY47I,,chrome 63.0 for android,,mobile
|Linux|chrome 62.0|1600x900,,Linux,chrome 62.0,1600x900,desktop
SM-A320Y Build/NRD90M||chrome 62.0 for android|,SM-A320Y Build/NRD90M,,chrome 62.0 for android,,mobile
LG-D693n Build/LRX22G||chrome 58.0 for android|,LG-D693n Build/LRX22G,,chrome 58.0 for android,,mobile
Windows|Windows 10|opera 49.0|1920x1200,Windows,Windows 10,opera 49.0,1920x1200,desktop
SM-G920V Build/NRD90M|Android 7.0|chrome 63.0 for android|2560x1440,SM-G920V Build/NRD90M,Android 7.0,chrome 63.0 for android,2560x1440,mobile
SAMSUNG SM-G950U Build/NRD90M|Android 7.0|samsung browser 5.4|2220x1080,SAMSUNG SM-G950U Build/NRD90M,Android 7.0,samsung browser 5.4,2220x1080,mobile
iOS Device|iOS 10.0.2|mobile safari 10.0|2001x1125,iOS Device,iOS 10.0.2,mobile safari 10.0,2001x1125,mobile
MacOS|Mac OS X 10_12_2|chrome 62.0|1440x900,MacOS,Mac OS X 10_12_2,chrome 62.0,1440x900,desktop
Windows|Windows Vista|chrome 49.0|1024x768,Windows,Windows Vista,chrome 49.0,1024x768,desktop
iOS Device|iOS 10.3.1|mobile safari 10.0|1136x640,iOS Device,iOS 10.3.1,mobile safari 10.0,1136x640,mobile
SM-J700M Build/MMB29K||chrome 63.0 for android|,SM-J700M Build/MMB29K,,chrome 63.0 for android,,mobile
SM-G900P Build/LRX21T|Android 5.0|chrome 62.0 for android|1920x1080,SM-G900P Build/LRX21T,Android 5.0,chrome 62.0 for android,1920x1080,mobile
iOS Device|iOS|mobile safari 9.0|1024x768,iOS Device,iOS,mobile safari 9.0,1024x768,mobile
rv:56.0|Mac OS X 10.12|firefox 56.0|1440x900,rv:56.0,Mac OS X 10.12,firefox 56.0,1440x900,desktop
SAMSUNG-SM-G930A||chrome 59.0 for android|,SAMSUNG-SM-G930A,,chrome 59.0 for android,,mobile
Windows|Windows 10|chrome 51.0|1366x768,Windows,Windows 10,chrome 51.0,1366x768,desktop
MacOS|Mac OS X 10_12_6|safari generic|1680x1050,MacOS,Mac OS X 10_12_6,safari generic,1680x1050,desktop
LGMS330 Build/LMY47V|Android 5.1.1|chrome 62.0 for android|855x480,LGMS330 Build/LMY47V,Android 5.1.1,chrome 62.0 for android,855x480,mobile
MacOS|Mac OS X 10_11_6|chrome 62.0|1600x900,MacOS,Mac OS X 10_11_6,chrome 62.0,1600x900,desktop
LG-M700 Build/NMF26X||chrome 62.0 for android|,LG-M700 Build/NMF26X,,chrome 62.0 for android,,mobile
CHC-U03 Build/HuaweiCHC-U03||chrome 56.0 for android|,CHC-U03 Build/HuaweiCHC-U03,,chrome 56.0 for android,,mobile
SM-A710M||chrome 63.0 for android|,SM-A710M,,chrome 63.0 for android,,mobile
SAMSUNG-SM-G900A Build/LRX21T|Android 5.0|other|1920x1080,SAMSUNG-SM-G900A Build/LRX21T,Android 5.0,other,1920x1080,mobile
iOS Device|iOS 10.2.1|mobile safari 10.0|2001x1125,iOS Device,iOS 10.2.1,mobile safari 10.0,2001x1125,mobile
Windows|Windows 10|waterfox|1366x768,Windows,Windows 10,waterfox,1366x768,desktop
TA-1039 Build/NMF26F||chrome 62.0 for android|,TA-1039 Build/NMF26F,,chrome 62.0 for android,,mobile
SM-G570M Build/MMB29K||chrome 59.0 for android|,SM-G570M Build/MMB29K,,chrome 59.0 for android,,mobile
SM-J320V Build/MMB29M|Android 6.0.1|chrome 50.0 for android|1280x720,SM-J320V Build/MMB29M,Android 6.0.1,chrome 50.0 for android,1280x720,mobile
Moto G (5) Build/NPP25.137-82||chrome generic|,Moto G (5) Build/NPP25.137-82,,chrome generic,,mobile
LG-X230 Build/MRA58K||chrome 62.0 for android|,LG-X230 Build/MRA58K,,chrome 62.0 for android,,mobile
MacOS|Mac OS X 10_12_6|chrome 59.0|1440x900,MacOS,Mac OS X 10_12_6,chrome 59.0,1440x900,desktop
LG-D693n Build/LRX22G||chrome generic|,LG-D693n Build/LRX22G,,chrome generic,,mobile
SM-G935T|Android 6.0.1|chrome 63.0 for android|2560x1440,SM-G935T,Android 6.0.1,chrome 63.0 for android,2560x1440,mobile
Windows|Windows 7|chrome generic|1920x1080,Windows,Windows 7,chrome generic,1920x1080,desktop
iOS Device|iOS 10.3.2|mobile safari generic|1136x640,iOS Device,iOS 10.3.2,mobile safari generic,1136x640,mobile
Windows|Windows 10|edge 13.0|1680x1050,Windows,Windows 10,edge 13.0,1680x1050,desktop
MacOS|Mac OS X 10_12_6|chrome 62.0|5120x2880,MacOS,Mac OS X 10_12_6,chrome 62.0,5120x2880,desktop
SAMSUNG-SM-G900A Build/LMY47X|Android 5.1.1|chrome generic|1920x1080,SAMSUNG-SM-G900A Build/LMY47X,Android 5.1.1,chrome generic,1920x1080,mobile
MacOS|Mac OS X 10_12_6|chrome 62.0|2560x1080,MacOS,Mac OS X 10_12_6,chrome 62.0,2560x1080,desktop
MacOS|Mac OS X 10_13_1|chrome 62.0|1366x1024,MacOS,Mac OS X 10_13_1,chrome 62.0,1366x1024,desktop
VerykoolS5030||chrome 61.0 for android|,VerykoolS5030,,chrome 61.0 for android,,mobile
Lenovo-A6020l36 Build/LMY47V||other|,Lenovo-A6020l36 Build/LMY47V,,other,,mobile
SM-J320P Build/LMY47X||chrome 63.0 for android|,SM-J320P Build/LMY47X,,chrome 63.0 for android,,mobile
Trident/7.0|Windows 10|ie 11.0 for tablet|1600x900,Trident/7.0,Windows 10,ie 11.0 for tablet,1600x900,desktop
MacOS|Mac OS X 10_13_2|safari generic|2880x1800,MacOS,Mac OS X 10_13_2,safari generic,2880x1800,desktop
SAMSUNG SM-G900A Build/MMB29M|Android 6.0.1|samsung browser 6.2|1920x1080,SAMSUNG SM-G900A Build/MMB29M,Android 6.0.1,samsung browser 6.2,1920x1080,mobile
Windows NT 6.1|Windows 7|ie|1280x768,Windows NT 6.1,Windows 7,ie,1280x768,desktop
Windows|Windows 7|chrome 55.0|1920x1080,Windows,Windows 7,chrome 55.0,1920x1080,desktop
Windows|Windows 10|chrome 63.0|1280x1024,Windows,Windows 10,chrome 63.0,1280x1024,desktop
Windows|Windows 10|edge 14.0|3000x2000,Windows,Windows 10,edge 14.0,3000x2000,desktop
Windows|Windows Vista|firefox 52.0|1366x768,Windows,Windows Vista,firefox 52.0,1366x768,desktop
SM-G925T Build/NRD90M||chrome 62.0 for android|,SM-G925T Build/NRD90M,,chrome 62.0 for android,,mobile
SM-J727U Build/NRD90M||chrome 62.0 for android|,SM-J727U Build/NRD90M,,chrome 62.0 for android,,mobile
||chrome 57.0|,,,chrome 57.0,,desktop
MacOS|Mac OS X 10_13_2|chrome 63.0|3840x2160,MacOS,Mac OS X 10_13_2,chrome 63.0,3840x2160,desktop
iOS Device|iOS 11.0.3|mobile safari generic|2001x1125,iOS Device,iOS 11.0.3,mobile safari generic,2001x1125,mobile
rv:48.0|Mac OS X 10.6|firefox 48.0|1680x1050,rv:48.0,Mac OS X 10.6,firefox 48.0,1680x1050,desktop
MacOS|Mac OS X 10_13_2|chrome 62.0|4096x2304,MacOS,Mac OS X 10_13_2,chrome 62.0,4096x2304,desktop
MacOS|Mac OS X 10_13_2|safari generic|4096x2304,MacOS,Mac OS X 10_13_2,safari generic,4096x2304,desktop
Windows|Windows 7|chrome 63.0|1024x768,Windows,Windows 7,chrome 63.0,1024x768,desktop
G3313||chrome 62.0 for android|,G3313,,chrome 62.0 for android,,mobile
MacOS|Mac OS X 10_10_5|chrome 62.0|1800x1125,MacOS,Mac OS X 10_10_5,chrome 62.0,1800x1125,desktop
XT1064 Build/MPB24.65-34-3||chrome 62.0 for android|,XT1064 Build/MPB24.65-34-3,,chrome 62.0 for android,,mobile
2PQ93|Android 7.0|chrome 59.0 for android|1920x1080,2PQ93,Android 7.0,chrome 59.0 for android,1920x1080,mobile
SAMSUNG SM-J730GM Build/NRD90M||samsung browser 6.2|,SAMSUNG SM-J730GM Build/NRD90M,,samsung browser 6.2,,mobile
rv:57.0|Mac OS X 10.12|firefox 57.0|3360x2100,rv:57.0,Mac OS X 10.12,firefox 57.0,3360x2100,desktop
Windows|Windows 10|chrome|1366x768,Windows,Windows 10,chrome,1366x768,desktop
rv:57.0|Mac OS X 10.13|firefox 57.0|5120x2880,rv:57.0,Mac OS X 10.13,firefox 57.0,5120x2880,desktop
MacOS|Mac OS X 10_12_4|safari generic|1440x900,MacOS,Mac OS X 10_12_4,safari generic,1440x900,desktop
LG-M320 Build/NRD90U||chrome 62.0 for android|,LG-M320 Build/NRD90U,,chrome 62.0 for android,,mobile
SAMSUNG SM-T530NU Build/LRX22G|Android 5.0.2|chrome generic|1280x800,SAMSUNG SM-T530NU Build/LRX22G,Android 5.0.2,chrome generic,1280x800,mobile
SM-G610F||chrome 62.0 for android|,SM-G610F,,chrome 62.0 for android,,mobile
SM-G950U Build/NRD90M|Android 7.0|android webview 4.0|2220x1080,SM-G950U Build/NRD90M,Android 7.0,android webview 4.0,2220x1080,mobile
MacOS|Mac OS X 10_12_6|safari generic|3840x2160,MacOS,Mac OS X 10_12_6,safari generic,3840x2160,desktop
MDDRJS|Windows 7|ie 11.0 for desktop|1440x900,MDDRJS,Windows 7,ie 11.0 for desktop,1440x900,desktop
MacOS|Mac OS X 10_11_6|chrome 63.0|1920x1080,MacOS,Mac OS X 10_11_6,chrome 63.0,1920x1080,desktop
MacOS|Mac OS X 10_12_6|chrome 62.0|3360x1890,MacOS,Mac OS X 10_12_6,chrome 62.0,3360x1890,desktop
MacOS|Mac OS X 10_12_6|chrome 62.0|3840x2400,MacOS,Mac OS X 10_12_6,chrome 62.0,3840x2400,desktop
Windows|Windows 10|chrome 62.0|1920x1281,Windows,Windows 10,chrome 62.0,1920x1281,desktop
LG-K530 Build/NRD90U||chrome 58.0 for android|,LG-K530 Build/NRD90U,,chrome 58.0 for android,,mobile
rv:56.0|Windows 10|firefox|1366x768,rv:56.0,Windows 10,firefox,1366x768,desktop
Windows|Windows 10|chrome 63.0|,Windows,Windows 10,chrome 63.0,,desktop
iOS Device|iOS 11.0.3|mobile safari generic|1136x640,iOS Device,iOS 11.0.3,mobile safari generic,1136x640,mobile
BV6000||chrome 62.0 for android|,BV6000,,chrome 62.0 for android,,mobile
SM-G930V Build/NRD90M|Android 7.0|chrome 60.0 for android|1920x1080,SM-G930V Build/NRD90M,Android 7.0,chrome 60.0 for android,1920x1080,mobile
iOS Device|iOS 10.2.1|mobile safari generic|2208x1242,iOS Device,iOS 10.2.1,mobile safari generic,2208x1242,mobile
Windows|Windows 10|firefox 57.0|3840x2160,Windows,Windows 10,firefox 57.0,3840x2160,desktop
Android 4.4.2||chrome generic|,Android 4.4.2,,chrome generic,,mobile
SAMSUNG-SM-G891A Build/NRD90M|Android 7.0|chrome 62.0 for android|1920x1080,SAMSUNG-SM-G891A Build/NRD90M,Android 7.0,chrome 62.0 for android,1920x1080,mobile
XT1032 Build/LPBS23.13-56-2||chrome 62.0 for android|,XT1032 Build/LPBS23.13-56-2,,chrome 62.0 for android,,mobile
Nexus|Android 5.1.1|chrome 62.0 for android|,Nexus,Android 5.1.1,chrome 62.0 for android,,mobile
Windows|Windows 10|edge 16.0|3000x2000,Windows,Windows 10,edge 16.0,3000x2000,desktop
SM-N910V Build/MMB29M|Android 6.0.1|android webview 4.0|2560x1440,SM-N910V Build/MMB29M,Android 6.0.1,android webview 4.0,2560x1440,mobile
HTC One A9 Build/NRD90M||chrome 62.0 for android|,HTC One A9 Build/NRD90M,,chrome 62.0 for android,,mobile
Windows|Windows 8.1|chrome 63.0|1024x768,Windows,Windows 8.1,chrome 63.0,1024x768,desktop
LG-D693n Build/LRX22G||chrome|,LG-D693n Build/LRX22G,,chrome,,mobile
Windows|Windows Vista|chrome 49.0|2520x1575,Windows,Windows Vista,chrome 49.0,2520x1575,desktop
Windows|Windows XP|firefox 52.0|,Windows,Windows XP,firefox 52.0,,desktop
SM-G532M Build/MMB29T||chrome 52.0 for android|,SM-G532M Build/MMB29T,,chrome 52.0 for android,,mobile
iOS Device|iOS 10.3.3|mobile safari generic|2208x1242,iOS Device,iOS 10.3.3,mobile safari generic,2208x1242,mobile
SAMSUNG SM-G532M Build/MMB29T||Samsung/SM-G532M|,SAMSUNG SM-G532M Build/MMB29T,,Samsung/SM-G532M,,mobile
Touch|Windows 8.1|ie 11.0 for desktop|1280x800,Touch,Windows 8.1,ie 11.0 for desktop,1280x800,desktop
SM-N900V Build/LRX21V|Android 5.0|chrome 62.0 for android|1920x1080,SM-N900V Build/LRX21V,Android 5.0,chrome 62.0 for android,1920x1080,mobile
XT1032 Build/KXB21.14-L1.40||chrome generic|,XT1032 Build/KXB21.14-L1.40,,chrome generic,,mobile
SAMSUNG SM-J320F Build/LMY47V||chrome generic|,SAMSUNG SM-J320F Build/LMY47V,,chrome generic,,mobile
MacOS|Mac OS X 10_12_6|safari generic|1024x640,MacOS,Mac OS X 10_12_6,safari generic,1024x640,desktop
HTC||chrome 62.0 for android|,HTC,,chrome 62.0 for android,,mobile
Windows|Windows 10|chrome 63.0|1024x768,Windows,Windows 10,chrome 63.0,1024x768,desktop
SM-G950U Build/NRD90M||chrome 63.0 for android|,SM-G950U Build/NRD90M,,chrome 63.0 for android,,mobile
iOS Device|iOS 11.0.2|mobile safari 11.0|2001x1125,iOS Device,iOS 11.0.2,mobile safari 11.0,2001x1125,mobile
rv:57.0|Mac OS X 10.12|firefox 57.0|1280x800,rv:57.0,Mac OS X 10.12,firefox 57.0,1280x800,desktop
rv:47.0|Mac OS X 10.9|firefox 47.0|1920x1080,rv:47.0,Mac OS X 10.9,firefox 47.0,1920x1080,desktop
VS501 Build/NRD90U|Android 7.0|chrome 62.0 for android|1280x720,VS501 Build/NRD90U,Android 7.0,chrome 62.0 for android,1280x720,mobile
D6603 Build/23.5.A.1.291||chrome 61.0 for android|,D6603 Build/23.5.A.1.291,,chrome 61.0 for android,,mobile
SM-J510FN||chrome 62.0 for android|,SM-J510FN,,chrome 62.0 for android,,mobile
MacOS|Mac OS X 10_10_5|chrome 61.0|2560x1600,MacOS,Mac OS X 10_10_5,chrome 61.0,2560x1600,desktop
SM-G360V Build/LMY48B|Android 5.1.1|chrome 60.0 for android|801x480,SM-G360V Build/LMY48B,Android 5.1.1,chrome 60.0 for android,801x480,mobile
MacOS|Mac OS X 10_12_6|chrome 62.0|1920x1200,MacOS,Mac OS X 10_12_6,chrome 62.0,1920x1200,desktop
||chrome 55.0|,,,chrome 55.0,,desktop
MacOS|Mac OS X 10_11_6|chrome 62.0|5120x2880,MacOS,Mac OS X 10_11_6,chrome 62.0,5120x2880,desktop
rv:48.0|Mac OS X 10.11|firefox 48.0|1280x800,rv:48.0,Mac OS X 10.11,firefox 48.0,1280x800,desktop
Moto G (5) Build/NPPS25.137-15-11||chrome generic|,Moto G (5) Build/NPPS25.137-15-11,,chrome generic,,mobile
MacOS|Mac OS X 10_12_5|chrome 62.0|2880x1800,MacOS,Mac OS X 10_12_5,chrome 62.0,2880x1800,desktop
5025G Build/LMY47I||chrome 61.0 for android|,5025G Build/LMY47I,,chrome 61.0 for android,,mobile
Nexus|Android 7.1.2|chrome 62.0 for android|2562x1442,Nexus,Android 7.1.2,chrome 62.0 for android,2562x1442,mobile
HUAWEI CUN-L03 Build/HUAWEICUN-L03||chrome 62.0 for android|,HUAWEI CUN-L03 Build/HUAWEICUN-L03,,chrome 62.0 for android,,mobile
SM-G920V Build/MMB29K|Android 6.0.1|chrome 62.0 for android|2560x1440,SM-G920V Build/MMB29K,Android 6.0.1,chrome 62.0 for android,2560x1440,mobile
|Linux|chrome 60.0|3200x1800,,Linux,chrome 60.0,3200x1800,desktop
D5306 Build/19.4.A.0.182||chrome 54.0 for android|,D5306 Build/19.4.A.0.182,,chrome 54.0 for android,,mobile
HUAWEI VNS-L31 Build/HUAWEIVNS-L31||chrome 62.0 for android|,HUAWEI VNS-L31 Build/HUAWEIVNS-L31,,chrome 62.0 for android,,mobile
Windows|Windows 8.1|chrome 63.0|1920x1080,Windows,Windows 8.1,chrome 63.0,1920x1080,desktop
BLN-L24 Build/HONORBLN-L24|Android 7.0|chrome 62.0 for android|1920x1080,BLN-L24 Build/HONORBLN-L24,Android 7.0,chrome 62.0 for android,1920x1080,mobile
MacOS|Mac|chrome 62.0|3360x2100,MacOS,Mac,chrome 62.0,3360x2100,desktop
Moto G (5) Plus Build/NPN25.137-72||chrome generic|,Moto G (5) Plus Build/NPN25.137-72,,chrome generic,,mobile
Windows|Windows 10|firefox 57.0|2160x1440,Windows,Windows 10,firefox 57.0,2160x1440,desktop
SM-G531H Build/LMY48B||chrome 52.0 for android|,SM-G531H Build/LMY48B,,chrome 52.0 for android,,mobile
SM-T350 Build/MMB29M|Android 6.0.1|chrome 62.0 for android|1024x768,SM-T350 Build/MMB29M,Android 6.0.1,chrome 62.0 for android,1024x768,mobile
iOS Device|iOS 10.0.2|mobile safari generic|2048x1536,iOS Device,iOS 10.0.2,mobile safari generic,2048x1536,mobile
SM-P580 Build/NRD90M|Android 7.0|chrome 63.0 for android|1920x1200,SM-P580 Build/NRD90M,Android 7.0,chrome 63.0 for android,1920x1200,mobile
Linux x86_64|Linux|firefox 57.0|1920x1080,Linux x86_64,Linux,firefox 57.0,1920x1080,desktop
Windows|Windows 8|chrome|1280x1024,Windows,Windows 8,chrome,1280x1024,desktop
SM-J320V Build/NMF26X|Android 7.1.1|chrome 62.0 for android|1280x720,SM-J320V Build/NMF26X,Android 7.1.1,chrome 62.0 for android,1280x720,mobile
HTC Desire 650 Build/MMB29M||chrome 62.0 for android|,HTC Desire 650 Build/MMB29M,,chrome 62.0 for android,,mobile
XT1080 Build/SU6-7.7|Android|chrome generic|1280x720,XT1080 Build/SU6-7.7,Android,chrome generic,1280x720,mobile
Windows|Windows 7|chrome 57.0|1280x1024,Windows,Windows 7,chrome 57.0,1280x1024,desktop
Windows|Windows 7|firefox 56.0|1920x1080,Windows,Windows 7,firefox 56.0,1920x1080,desktop
iOS Device|iOS 10.3.2|mobile safari 10.0|2732x2048,iOS Device,iOS 10.3.2,mobile safari 10.0,2732x2048,mobile
Windows|Windows 10|chrome|1920x1200,Windows,Windows 10,chrome,1920x1200,desktop
Windows|Windows 7|chrome 57.0|1920x1080,Windows,Windows 7,chrome 57.0,1920x1080,desktop
LG-H910 Build/NRD90M|Android 7.0|chrome 62.0 for android|2560x1440,LG-H910 Build/NRD90M,Android 7.0,chrome 62.0 for android,2560x1440,mobile
Windows|Windows 10|edge 13.0|1920x1080,Windows,Windows 10,edge 13.0,1920x1080,desktop
KFTT Build/IML74K|Android|silk|1281x801,KFTT Build/IML74K,Android,silk,1281x801,mobile
SAMSUNG SM-G900F Build/MMB29M||samsung browser 6.2|,SAMSUNG SM-G900F Build/MMB29M,,samsung browser 6.2,,mobile
MacOS|Mac OS X 10_10_5|chrome 63.0|1280x800,MacOS,Mac OS X 10_10_5,chrome 63.0,1280x800,desktop
rv:57.0|Windows 8.1|firefox 57.0|,rv:57.0,Windows 8.1,firefox 57.0,,desktop
MacOS|Mac OS X 10_9_5|chrome 62.0|1680x1050,MacOS,Mac OS X 10_9_5,chrome 62.0,1680x1050,desktop
Windows|Windows 7|chrome 58.0|1366x768,Windows,Windows 7,chrome 58.0,1366x768,desktop
SM-G900H Build/MMB29K||chrome 62.0 for android|,SM-G900H Build/MMB29K,,chrome 62.0 for android,,mobile
Windows|Windows 10|firefox 57.0|1152x864,Windows,Windows 10,firefox 57.0,1152x864,desktop
Trident/7.0|Windows 10|ie 11.0 for desktop|1280x768,Trident/7.0,Windows 10,ie 11.0 for desktop,1280x768,desktop
Moto E (4) Build/NMA26.42-69||chrome generic|,Moto E (4) Build/NMA26.42-69,,chrome generic,,mobile
SM-T713 Build/NRD90M||chrome 62.0 for android|,SM-T713 Build/NRD90M,,chrome 62.0 for android,,mobile
Windows|Windows Vista|firefox 52.0|1280x720,Windows,Windows Vista,firefox 52.0,1280x720,desktop
|func|chrome 62.0|1366x768,,func,chrome 62.0,1366x768,desktop
HUAWEI VNS-L53 Build/HUAWEIVNS-L53||chrome 61.0 for android|,HUAWEI VNS-L53 Build/HUAWEIVNS-L53,,chrome 61.0 for android,,mobile
TOMMY2||chrome 62.0 for android|,TOMMY2,,chrome 62.0 for android,,mobile
MDDRJS|Windows 10|ie 11.0 for desktop|1920x1080,MDDRJS,Windows 10,ie 11.0 for desktop,1920x1080,desktop
XT1040||chrome 62.0 for android|,XT1040,,chrome 62.0 for android,,mobile
Windows|Windows 10|chrome|,Windows,Windows 10,chrome,,desktop
Trident/7.0|Windows 10|ie 11.0 for desktop|1024x768,Trident/7.0,Windows 10,ie 11.0 for desktop,1024x768,desktop
Linux x86_64|Linux|puffin|2048x1536,Linux x86_64,Linux,puffin,2048x1536,mobile
MacOS|Mac OS X 10_13_1|chrome 62.0|1920x1200,MacOS,Mac OS X 10_13_1,chrome 62.0,1920x1200,desktop
SM-P600 Build/LMY47X||chrome 62.0 for android|,SM-P600 Build/LMY47X,,chrome 62.0 for android,,mobile
MacOS|Mac OS X 10_12_4|safari generic|1366x768,MacOS,Mac OS X 10_12_4,safari generic,1366x768,desktop
Windows|Windows 8.1|chrome 62.0|2160x1440,Windows,Windows 8.1,chrome 62.0,2160x1440,desktop
SM-G955U Build/NRD90M|Android 7.0|chrome 63.0 for android|,SM-G955U Build/NRD90M,Android 7.0,chrome 63.0 for android,,mobile
Windows|Windows 10|chrome 63.0|1920x1200,Windows,Windows 10,chrome 63.0,1920x1200,desktop
Windows|Windows 8.1|chrome 63.0|,Windows,Windows 8.1,chrome 63.0,,desktop
LG-X180g Build/LMY47I||chrome 61.0 for android|,LG-X180g Build/LMY47I,,chrome 61.0 for android,,mobile
|Linux|chrome 63.0|2220x1080,,Linux,chrome 63.0,2220x1080,desktop
QTAIR7 Build/LMY47D|Android|chrome 62.0 for android|1920x1200,QTAIR7 Build/LMY47D,Android,chrome 62.0 for android,1920x1200,mobile
SAMSUNG|Android 7.0|samsung browser 6.2|,SAMSUNG,Android 7.0,samsung browser 6.2,,mobile
Windows|Windows 10|chrome 62.0|3441x1440,Windows,Windows 10,chrome 62.0,3441x1440,desktop
Pixel 2 Build/OPM1.171019.011|Android 8.1.0|chrome 63.0 for android|,Pixel 2 Build/OPM1.171019.011,Android 8.1.0,chrome 63.0 for android,,mobile
SAMSUNG SM-N950U Build/NMF26X|Android 7.1.1|samsung browser 6.2|2961x1442,SAMSUNG SM-N950U Build/NMF26X,Android 7.1.1,samsung browser 6.2,2961x1442,mobile
||firefox 47.0|,,,firefox 47.0,,desktop
MacOS|Mac OS X 10_12_6|chrome 60.0|2880x1800,MacOS,Mac OS X 10_12_6,chrome 60.0,2880x1800,desktop
E6853||chrome 62.0 for android|,E6853,,chrome 62.0 for android,,mobile
rv:57.0|Windows 7|firefox 57.0|1680x1050,rv:57.0,Windows 7,firefox 57.0,1680x1050,desktop
MacOS|Mac OS X 10_12_6|chrome 56.0|2880x1800,MacOS,Mac OS X 10_12_6,chrome 56.0,2880x1800,desktop
MacOS|Mac OS X 10_13_1|chrome|1366x768,MacOS,Mac OS X 10_13_1,chrome,1366x768,desktop
rv:56.0|Mac OS X 10.10|firefox 56.0|1366x768,rv:56.0,Mac OS X 10.10,firefox 56.0,1366x768,desktop
iOS Device|iOS||1136x640,iOS Device,iOS,,1136x640,mobile
iOS Device|iOS 10.1.1|mobile safari 10.0|1136x640,iOS Device,iOS 10.1.1,mobile safari 10.0,1136x640,mobile
F8331||chrome 62.0 for android|,F8331,,chrome 62.0 for android,,mobile
MacOS|Mac OS X 10_11_6|chrome 62.0|2560x1080,MacOS,Mac OS X 10_11_6,chrome 62.0,2560x1080,desktop
|Android|chrome 63.0|1280x720,,Android,chrome 63.0,1280x720,mobile
XT1635-01 Build/NDNS26.118-23-12-3|Android 7.1.1|chrome 63.0 for android|1920x1080,XT1635-01 Build/NDNS26.118-23-12-3,Android 7.1.1,chrome 63.0 for android,1920x1080,mobile
Windows|Windows XP|firefox 52.0|1280x768,Windows,Windows XP,firefox 52.0,1280x768,desktop
LG-M154||chrome 63.0 for android|,LG-M154,,chrome 63.0 for android,,mobile
iOS Device|iOS 11.0.0|mobile safari generic|1334x750,iOS Device,iOS 11.0.0,mobile safari generic,1334x750,mobile
|func|chrome 62.0 for ios|2048x1536,,func,chrome 62.0 for ios,2048x1536,mobile
MacOS|Mac OS X 10_12|safari generic|1366x768,MacOS,Mac OS X 10_12,safari generic,1366x768,desktop
Windows|Windows 8|chrome 63.0|1366x768,Windows,Windows 8,chrome 63.0,1366x768,desktop
MacOS|Mac OS X 10_13_1|chrome 62.0|1366x768,MacOS,Mac OS X 10_13_1,chrome 62.0,1366x768,desktop
Moto||chrome 63.0 for android|,Moto,,chrome 63.0 for android,,mobile
Windows|Windows 10|chrome 51.0|1920x1080,Windows,Windows 10,chrome 51.0,1920x1080,desktop
MacOS|Mac OS X 10_12_6|safari generic|1920x1200,MacOS,Mac OS X 10_12_6,safari generic,1920x1200,desktop
SAMSUNG SM-G955U Build/NRD90M|Android 7.0|samsung browser 5.4|2220x1080,SAMSUNG SM-G955U Build/NRD90M,Android 7.0,samsung browser 5.4,2220x1080,mobile
SM-T230 Build/KOT49H||chrome 62.0 for android|,SM-T230 Build/KOT49H,,chrome 62.0 for android,,mobile
LG-TP260 Build/NRD90U|Android 7.0|chrome 63.0 for android|1280x720,LG-TP260 Build/NRD90U,Android 7.0,chrome 63.0 for android,1280x720,mobile
MacOS|Mac OS X 10_10_5|chrome 63.0|1600x1000,MacOS,Mac OS X 10_10_5,chrome 63.0,1600x1000,desktop
Windows|Windows 10|firefox 57.0|1360x768,Windows,Windows 10,firefox 57.0,1360x768,desktop
MacOS|Mac OS X 10_13_1|chrome 61.0|3360x2100,MacOS,Mac OS X 10_13_1,chrome 61.0,3360x2100,desktop
MacOS|Mac OS X 10_12_6|chrome 62.0|,MacOS,Mac OS X 10_12_6,chrome 62.0,,desktop
iOS Device|iOS 10.2.0|mobile safari generic|1334x750,iOS Device,iOS 10.2.0,mobile safari generic,1334x750,mobile
MacOS|Mac OS X 10_13_1|chrome 62.0|,MacOS,Mac OS X 10_13_1,chrome 62.0,,desktop
MacOS|Mac OS X 10_13_2|safari generic|2048x1280,MacOS,Mac OS X 10_13_2,safari generic,2048x1280,desktop
Windows|Windows 8.1|chrome 60.0|1366x768,Windows,Windows 8.1,chrome 60.0,1366x768,desktop
E5506 Build/29.1.A.0.101||chrome 62.0 for android|,E5506 Build/29.1.A.0.101,,chrome 62.0 for android,,mobile
|Android|silk|1281x801,,Android,silk,1281x801,mobile
ALE-L21 Build/HuaweiALE-L21||chrome 62.0 for android|,ALE-L21 Build/HuaweiALE-L21,,chrome 62.0 for android,,mobile
SM-A500FU Build/MMB29M||chrome 62.0 for android|,SM-A500FU Build/MMB29M,,chrome 62.0 for android,,mobile
Windows|Windows 10|edge 15.0|1152x864,Windows,Windows 10,edge 15.0,1152x864,desktop
SM-G935V Build/NRD90M|Android 7.0|chrome 63.0 for android|1920x1080,SM-G935V Build/NRD90M,Android 7.0,chrome 63.0 for android,1920x1080,mobile
|Android|chrome 59.0|1280x720,,Android,chrome 59.0,1280x720,mobile
MacOS|Mac OS X 10_11_6|chrome 62.0|1680x1050,MacOS,Mac OS X 10_11_6,chrome 62.0,1680x1050,desktop
E5506 Build/29.1.A.0.101||chrome 63.0 for android|,E5506 Build/29.1.A.0.101,,chrome 63.0 for android,,mobile
Moto G (5) Plus Build/NPN25.137-83|Android 7.0|chrome generic|1920x1080,Moto G (5) Plus Build/NPN25.137-83,Android 7.0,chrome generic,1920x1080,mobile
MacOS|Mac OS X 10_12_3|chrome 62.0|1920x1080,MacOS,Mac OS X 10_12_3,chrome 62.0,1920x1080,desktop
|Linux|chrome 59.0|1366x768,,Linux,chrome 59.0,1366x768,desktop
SM-G920V Build/MMB29K||chrome 59.0 for android|,SM-G920V Build/MMB29K,,chrome 59.0 for android,,mobile
SM-N920V Build/NRD90M|Android 7.0|chrome 63.0 for android|1920x1080,SM-N920V Build/NRD90M,Android 7.0,chrome 63.0 for android,1920x1080,mobile
Windows|Windows 8|chrome 62.0|1366x768,Windows,Windows 8,chrome 62.0,1366x768,desktop
SM-T710 Build/NRD90M|Android 7.0|chrome 63.0 for android|2048x1536,SM-T710 Build/NRD90M,Android 7.0,chrome 63.0 for android,2048x1536,mobile
MotoG3 Build/MPI24.65-33.1-2||chrome 63.0 for android|,MotoG3 Build/MPI24.65-33.1-2,,chrome 63.0 for android,,mobile
HTC Desire 510 Build/KOT49H|Android 4.4.2|chrome 62.0 for android|855x480,HTC Desire 510 Build/KOT49H,Android 4.4.2,chrome 62.0 for android,855x480,mobile
iOS Device|iOS|mobile safari 10.0|2048x1536,iOS Device,iOS,mobile safari 10.0,2048x1536,mobile
LG-K540 Build/MMB29M|Android 6.0.1|chrome 61.0 for android|1280x720,LG-K540 Build/MMB29M,Android 6.0.1,chrome 61.0 for android,1280x720,mobile
MacOS|Mac OS X 10_13_1|chrome 63.0|1280x800,MacOS,Mac OS X 10_13_1,chrome 63.0,1280x800,desktop
MacOS|Mac OS X 10_13_2|chrome 62.0|2560x1440,MacOS,Mac OS X 10_13_2,chrome 62.0,2560x1440,desktop
Build/OPR6.170623.013|||,Build/OPR6.170623.013,,,,mobile
MacOS|Mac OS X 10_13_2|chrome 62.0|3360x2100,MacOS,Mac OS X 10_13_2,chrome 62.0,3360x2100,desktop
iOS Device|iOS 11.0.3|mobile safari uiwebview|2208x1242,iOS Device,iOS 11.0.3,mobile safari uiwebview,2208x1242,mobile
LG-P714||chrome 61.0 for android|,LG-P714,,chrome 61.0 for android,,mobile
WAS-LX3 Build/HUAWEIWAS-LX3||chrome 63.0 for android|,WAS-LX3 Build/HUAWEIWAS-LX3,,chrome 63.0 for android,,mobile
SM-G950U Build/NRD90M|Android 7.0|chrome 61.0 for android|2220x1080,SM-G950U Build/NRD90M,Android 7.0,chrome 61.0 for android,2220x1080,mobile
SM-J727V Build/NRD90M|Android 7.0|chrome 63.0 for android|1280x720,SM-J727V Build/NRD90M,Android 7.0,chrome 63.0 for android,1280x720,mobile
VS995 Build/NRD90M|Android 7.0|android webview 4.0|2560x1440,VS995 Build/NRD90M,Android 7.0,android webview 4.0,2560x1440,mobile
iOS Device|iOS 10.2.1|mobile safari uiwebview|2048x1536,iOS Device,iOS 10.2.1,mobile safari uiwebview,2048x1536,mobile
SM-J320M Build/LMY47V||chrome 46.0 for android|,SM-J320M Build/LMY47V,,chrome 46.0 for android,,mobile
iOS Device|iOS 10.3.3|chrome 62.0 for ios|2224x1668,iOS Device,iOS 10.3.3,chrome 62.0 for ios,2224x1668,mobile
XT1031|Android|chrome 62.0 for android|1280x720,XT1031,Android,chrome 62.0 for android,1280x720,mobile
2PS64 Build/NRD90M|Android 7.0|chrome 62.0 for android|2560x1440,2PS64 Build/NRD90M,Android 7.0,chrome 62.0 for android,2560x1440,mobile
||chrome 59.0|,,,chrome 59.0,,desktop
VS995 Build/NRD90M||chrome 62.0 for android|,VS995 Build/NRD90M,,chrome 62.0 for android,,mobile
iOS Device|iOS 11.0.0|mobile safari 11.0|2732x2048,iOS Device,iOS 11.0.0,mobile safari 11.0,2732x2048,mobile
SM-T560 Build/KTU84P||chrome 58.0 for android|,SM-T560 Build/KTU84P,,chrome 58.0 for android,,mobile
TA-1039 Build/N2G47H||chrome 62.0 for android|,TA-1039 Build/N2G47H,,chrome 62.0 for android,,mobile
MacOS|Mac OS X 10_13_2|safari generic|1280x800,MacOS,Mac OS X 10_13_2,safari generic,1280x800,desktop
Lenovo TB-7703X Build/S100||chrome 63.0 for android|,Lenovo TB-7703X Build/S100,,chrome 63.0 for android,,mobile
Windows NT 6.2|Windows 8|ie|1138x640,Windows NT 6.2,Windows 8,ie,1138x640,desktop
SM-T818V|Android 7.0|chrome 62.0 for android|,SM-T818V,Android 7.0,chrome 62.0 for android,,mobile
P5526A Build/NRD90M||chrome 62.0 for android|,P5526A Build/NRD90M,,chrome 62.0 for android,,mobile
GT-I9500||chrome 62.0 for android|,GT-I9500,,chrome 62.0 for android,,mobile
MacOS|Mac OS X 10_13_2|chrome 62.0|2560x1600,MacOS,Mac OS X 10_13_2,chrome 62.0,2560x1600,desktop
HUAWEI Y625-U13 Build/HUAWEIY625-U13||chrome 62.0 for android|,HUAWEI Y625-U13 Build/HUAWEIY625-U13,,chrome 62.0 for android,,mobile
SM-G531H Build/LMY48B||chrome 55.0 for android|,SM-G531H Build/LMY48B,,chrome 55.0 for android,,mobile
LT30p||chrome 50.0 for android|,LT30p,,chrome 50.0 for android,,mobile
rv:57.0|Mac OS X 10.13|firefox 57.0|1920x1200,rv:57.0,Mac OS X 10.13,firefox 57.0,1920x1200,desktop
SM-G935T Build/NRD90M||chrome 62.0 for android|,SM-G935T Build/NRD90M,,chrome 62.0 for android,,mobile
Microsoft||edge|,Microsoft,,edge,,mobile
SM-G570M Build/MMB29K||chrome 63.0 for android|,SM-G570M Build/MMB29K,,chrome 63.0 for android,,mobile
MHA-L09 Build/HUAWEIMHA-L09||chrome 62.0 for android|,MHA-L09 Build/HUAWEIMHA-L09,,chrome 62.0 for android,,mobile
hi6210sft Build/MRA58K||chrome 62.0 for android|,hi6210sft Build/MRA58K,,chrome 62.0 for android,,mobile
LG-X210 Build/LMY47I||chrome 59.0 for android|,LG-X210 Build/LMY47I,,chrome 59.0 for android,,mobile
QTASUN1 Build/NRD90M|Android 7.0|chrome 62.0 for android|1920x1200,QTASUN1 Build/NRD90M,Android 7.0,chrome 62.0 for android,1920x1200,mobile
MacOS|Mac OS X 10_12_3|safari generic|2880x1800,MacOS,Mac OS X 10_12_3,safari generic,2880x1800,desktop
SAMSUNG SM-G955F Build/NRD90M||samsung browser 6.2|,SAMSUNG SM-G955F Build/NRD90M,,samsung browser 6.2,,mobile
SAMSUNG SM-A300H Build/LRX22G||chrome generic|,SAMSUNG SM-A300H Build/LRX22G,,chrome generic,,mobile
XT1053 Build/LPAS23.12-21.7-1||chrome 63.0 for android|,XT1053 Build/LPAS23.12-21.7-1,,chrome 63.0 for android,,mobile
5025G Build/LMY47I||chrome 62.0 for android|,5025G Build/LMY47I,,chrome 62.0 for android,,mobile
LG-H918 Build/NRD90M|Android 7.0|chrome 62.0 for android|,LG-H918 Build/NRD90M,Android 7.0,chrome 62.0 for android,,mobile
SM-G550T Build/MMB29K|Android 6.0.1|chrome 62.0 for android|1280x720,SM-G550T Build/MMB29K,Android 6.0.1,chrome 62.0 for android,1280x720,mobile
Mi A1 Build/N2G47H||opera|,Mi A1 Build/N2G47H,,opera,,mobile
SAMSUNG|Android 5.1.1|chrome generic|,SAMSUNG,Android 5.1.1,chrome generic,,mobile
SM-J727T Build/NRD90M|Android 7.0|chrome 63.0 for android|1280x720,SM-J727T Build/NRD90M,Android 7.0,chrome 63.0 for android,1280x720,mobile
SM-G930P Build/NRD90M|Android 7.0|chrome 58.0 for android|1920x1080,SM-G930P Build/NRD90M,Android 7.0,chrome 58.0 for android,1920x1080,mobile
Z971|Android 7.1.1|chrome 62.0 for android|1280x720,Z971,Android 7.1.1,chrome 62.0 for android,1280x720,mobile
rv:56.0|Mac OS X 10.12|firefox 56.0|2880x1800,rv:56.0,Mac OS X 10.12,firefox 56.0,2880x1800,desktop
Windows|Windows 10|ie 11.0 for desktop|1920x1080,Windows,Windows 10,ie 11.0 for desktop,1920x1080,desktop
LG-X220 Build/LMY47I||chrome 50.0 for android|,LG-X220 Build/LMY47I,,chrome 50.0 for android,,mobile
VS995 Build/NRD90M|Android 7.0|chrome 59.0 for android|2560x1440,VS995 Build/NRD90M,Android 7.0,chrome 59.0 for android,2560x1440,mobile
Trident/7.0|Windows 7|ie 11.0 for desktop|1152x864,Trident/7.0,Windows 7,ie 11.0 for desktop,1152x864,desktop
MacOS|Mac OS X 10_11_5|chrome 62.0|2560x1600,MacOS,Mac OS X 10_11_5,chrome 62.0,2560x1600,desktop
SAMSUNG SM-G550T1 Build/MMB29K|Android 6.0.1|other|1280x720,SAMSUNG SM-G550T1 Build/MMB29K,Android 6.0.1,other,1280x720,mobile
SM-J105B Build/LMY47V||chrome 62.0 for android|,SM-J105B Build/LMY47V,,chrome 62.0 for android,,mobile
Windows|Windows 10|chrome 62.0|1728x972,Windows,Windows 10,chrome 62.0,1728x972,desktop
MacOS|Mac OS X 10_13_1|safari generic|1344x756,MacOS,Mac OS X 10_13_1,safari generic,1344x756,desktop
5011A Build/NRD90M||chrome 63.0 for android|,5011A Build/NRD90M,,chrome 63.0 for android,,mobile
rv:45.0|Windows 7|firefox|1366x768,rv:45.0,Windows 7,firefox,1366x768,desktop
BLADE V8 Build/NRD90M||chrome 58.0 for android|,BLADE V8 Build/NRD90M,,chrome 58.0 for android,,mobile
Windows|Windows 7|chrome 51.0|1920x1080,Windows,Windows 7,chrome 51.0,1920x1080,desktop
Pixel 2 XL Build/OPM1.171019.011|Android 8.1.0|chrome 62.0 for android|,Pixel 2 XL Build/OPM1.171019.011,Android 8.1.0,chrome 62.0 for android,,mobile
XT1635-01 Build/NDNS26.118-23-12-3|Android 7.1.1|chrome 62.0 for android|1920x1080,XT1635-01 Build/NDNS26.118-23-12-3,Android 7.1.1,chrome 62.0 for android,1920x1080,mobile
SM-J730GM Build/NRD90M||chrome 62.0 for android|,SM-J730GM Build/NRD90M,,chrome 62.0 for android,,mobile
Trident/7.0|Windows 10|ie 11.0 for tablet|2560x1440,Trident/7.0,Windows 10,ie 11.0 for tablet,2560x1440,desktop
MotoE2 Build/LPCS23.13-56-5||chrome 61.0 for android|,MotoE2 Build/LPCS23.13-56-5,,chrome 61.0 for android,,mobile
LG-K410 Build/LRX22G||other|,LG-K410 Build/LRX22G,,other,,mobile
LGMS550 Build/NRD90U|Android 7.0|chrome 58.0 for android|1280x720,LGMS550 Build/NRD90U,Android 7.0,chrome 58.0 for android,1280x720,mobile
SM-G950U Build/NRD90M|Android 7.0|chrome 63.0 for android|2220x1080,SM-G950U Build/NRD90M,Android 7.0,chrome 63.0 for android,2220x1080,mobile
iOS Device|iOS 11.0.1|mobile safari generic|2208x1242,iOS Device,iOS 11.0.1,mobile safari generic,2208x1242,mobile
MacOS|Mac OS X 10_10_5|chrome 62.0|1920x1200,MacOS,Mac OS X 10_10_5,chrome 62.0,1920x1200,desktop
MacOS|Mac OS X 10_12_6|chrome 62.0|1600x900,MacOS,Mac OS X 10_12_6,chrome 62.0,1600x900,desktop
MacOS|Mac OS X 10_10_5|chrome 62.0|1280x720,MacOS,Mac OS X 10_10_5,chrome 62.0,1280x720,desktop
Windows|Windows 7|chrome 62.0|2400x1350,Windows,Windows 7,chrome 62.0,2400x1350,desktop
MacOS|Mac OS X 10_10_5|safari generic|1152x720,MacOS,Mac OS X 10_10_5,safari generic,1152x720,desktop
SM-T807V|Android 6.0.1|chrome 62.0 for android|2560x1600,SM-T807V,Android 6.0.1,chrome 62.0 for android,2560x1600,mobile
SM-G930R7|Android 7.0|chrome 63.0 for android|1920x1080,SM-G930R7,Android 7.0,chrome 63.0 for android,1920x1080,mobile
rv:57.0|Windows 8.1|firefox 57.0|1920x1080,rv:57.0,Windows 8.1,firefox 57.0,1920x1080,desktop
SM-J327P Build/MMB29M|Android 6.0.1|chrome 62.0 for android|1280x720,SM-J327P Build/MMB29M,Android 6.0.1,chrome 62.0 for android,1280x720,mobile
TA-1038||chrome 63.0 for android|,TA-1038,,chrome 63.0 for android,,mobile
iOS Device|iOS 11.0.1|chrome 63.0 for ios|2732x2048,iOS Device,iOS 11.0.1,chrome 63.0 for ios,2732x2048,mobile
Moto E (4) Build/NMA26.42-11-3||chrome generic|,Moto E (4) Build/NMA26.42-11-3,,chrome generic,,mobile
rv:57.0|Mac OS X 10.9|firefox 57.0|2560x1440,rv:57.0,Mac OS X 10.9,firefox 57.0,2560x1440,desktop
MacOS|Mac OS X 10_12_5|chrome 62.0|1920x1080,MacOS,Mac OS X 10_12_5,chrome 62.0,1920x1080,desktop
Windows|Windows 7|ie 11.0 for desktop|2560x1440,Windows,Windows 7,ie 11.0 for desktop,2560x1440,desktop
SM-G950W||chrome 60.0 for android|,SM-G950W,,chrome 60.0 for android,,mobile
SM-J100VPP Build/LMY48B|Android 5.1.1|chrome 63.0 for android|801x480,SM-J100VPP Build/LMY48B,Android 5.1.1,chrome 63.0 for android,801x480,mobile
XT1635-01 Build/NDNS26.118-23-12-3||chrome 62.0 for android|,XT1635-01 Build/NDNS26.118-23-12-3,,chrome 62.0 for android,,mobile
|Android|chrome 56.0|855x480,,Android,chrome 56.0,855x480,mobile
SM-G900V Build/MMB29M|Android 6.0.1|chrome 63.0 for android|1920x1080,SM-G900V Build/MMB29M,Android 6.0.1,chrome 63.0 for android,1920x1080,mobile
VS996|Android 7.1.2|chrome 62.0 for android|2880x1440,VS996,Android 7.1.2,chrome 62.0 for android,2880x1440,mobile
MacOS|Mac OS X 10_11_6|chrome 63.0|1440x900,MacOS,Mac OS X 10_11_6,chrome 63.0,1440x900,desktop
Windows|Windows 7|chrome 59.0|1680x1050,Windows,Windows 7,chrome 59.0,1680x1050,desktop
LG-K500 Build/MMB29M||chrome 63.0 for android|,LG-K500 Build/MMB29M,,chrome 63.0 for android,,mobile
MacOS|Mac OS X 10_12_5|chrome 62.0|2560x1600,MacOS,Mac OS X 10_12_5,chrome 62.0,2560x1600,desktop
XT1003||chrome 62.0 for android|,XT1003,,chrome 62.0 for android,,mobile
Linux x86_64||firefox 57.0|,Linux x86_64,,firefox 57.0,,desktop
Windows|Windows 10|chrome 63.0|2560x1440,Windows,Windows 10,chrome 63.0,2560x1440,desktop
Windows|Windows 7|chrome 62.0|1728x972,Windows,Windows 7,chrome 62.0,1728x972,desktop
Windows|Windows XP|firefox 52.0|1280x720,Windows,Windows XP,firefox 52.0,1280x720,desktop
Windows|Windows 10|chrome 63.0|2160x1440,Windows,Windows 10,chrome 63.0,2160x1440,desktop
MacOS|Mac OS X 10_11_6|chrome 61.0|4096x2304,MacOS,Mac OS X 10_11_6,chrome 61.0,4096x2304,desktop
HUAWEI RIO-L03 Build/HUAWEIRIO-L03||chrome 59.0 for android|,HUAWEI RIO-L03 Build/HUAWEIRIO-L03,,chrome 59.0 for android,,mobile
rv:57.0|Mac OS X 10.11|firefox 57.0|2880x1800,rv:57.0,Mac OS X 10.11,firefox 57.0,2880x1800,desktop
MacOS|Mac OS X 10_12_6|safari generic|3200x1800,MacOS,Mac OS X 10_12_6,safari generic,3200x1800,desktop
MacOS|Mac OS X 10_11_6|chrome|1280x800,MacOS,Mac OS X 10_11_6,chrome,1280x800,desktop
rv:57.0|Windows 7|firefox 57.0|1920x1080,rv:57.0,Windows 7,firefox 57.0,1920x1080,desktop
MacOS|Mac|chrome 62.0|1440x900,MacOS,Mac,chrome 62.0,1440x900,desktop
Trident/7.0|Windows 10|ie 11.0 for tablet|2160x1440,Trident/7.0,Windows 10,ie 11.0 for tablet,2160x1440,desktop
LG-H901|Android 6.0|chrome 62.0 for android|2560x1440,LG-H901,Android 6.0,chrome 62.0 for android,2560x1440,mobile
rv:51.0|Windows 10|firefox|1920x1080,rv:51.0,Windows 10,firefox,1920x1080,desktop
ILIUM||chrome 60.0 for android|,ILIUM,,chrome 60.0 for android,,mobile
Linux x86_64|Linux|firefox 57.0|1366x768,Linux x86_64,Linux,firefox 57.0,1366x768,desktop
XT1030 Build/SU6-7.7||chrome 62.0 for android|,XT1030 Build/SU6-7.7,,chrome 62.0 for android,,mobile
LG-TP260 Build/NRD90U|Android 7.0|chrome 58.0 for android|1280x720,LG-TP260 Build/NRD90U,Android 7.0,chrome 58.0 for android,1280x720,mobile
Trident/7.0|Windows 10|ie 11.0 for desktop|1776x1000,Trident/7.0,Windows 10,ie 11.0 for desktop,1776x1000,desktop
MotoG3 Build/MPIS24.65-25.1-19|Android 6.0|chrome 62.0 for android|1280x720,MotoG3 Build/MPIS24.65-25.1-19,Android 6.0,chrome 62.0 for android,1280x720,mobile
Pixel|Android 8.0.0||2562x1442,Pixel,Android 8.0.0,,2562x1442,mobile
CAM-L03 Build/HUAWEICAM-L03||chrome 63.0 for android|,CAM-L03 Build/HUAWEICAM-L03,,chrome 63.0 for android,,mobile
rv:52.0|Windows 7|firefox 52.0|1280x1024,rv:52.0,Windows 7,firefox 52.0,1280x1024,desktop
SAMSUNG SM-G935F Build/MMB29K||samsung browser 6.2|,SAMSUNG SM-G935F Build/MMB29K,,samsung browser 6.2,,mobile
MacOS|Mac OS X 10_9_5|chrome 62.0|2560x1600,MacOS,Mac OS X 10_9_5,chrome 62.0,2560x1600,desktop
rv:48.0|Mac|firefox 48.0|1920x1080,rv:48.0,Mac,firefox 48.0,1920x1080,desktop
ONE A2005 Build/MMB29M|Android 6.0.1|chrome 62.0 for android|1920x1080,ONE A2005 Build/MMB29M,Android 6.0.1,chrome 62.0 for android,1920x1080,mobile
iOS Device|iOS 11.1.1|chrome 62.0 for ios|2048x1536,iOS Device,iOS 11.1.1,chrome 62.0 for ios,2048x1536,mobile
SM-T827V Build/NRD90M|Android 7.0|chrome 63.0 for android|,SM-T827V Build/NRD90M,Android 7.0,chrome 63.0 for android,,mobile
Windows|Windows 8.1|chrome 61.0|1920x1080,Windows,Windows 8.1,chrome 61.0,1920x1080,desktop
SM-T710 Build/NRD90M|Android 7.0|chrome 62.0 for android|2048x1536,SM-T710 Build/NRD90M,Android 7.0,chrome 62.0 for android,2048x1536,mobile
Windows|Windows 10|chrome 61.0|2160x1440,Windows,Windows 10,chrome 61.0,2160x1440,desktop
Lenovo|Android 4.4.2|chrome 62.0 for android|1280x800,Lenovo,Android 4.4.2,chrome 62.0 for android,1280x800,mobile
rv:48.0|Mac|firefox 48.0|1440x900,rv:48.0,Mac,firefox 48.0,1440x900,desktop
rv:54.0|Windows 8.1|firefox|1366x768,rv:54.0,Windows 8.1,firefox,1366x768,desktop
SM-G900F Build/LRX21T||chrome 62.0 for android|,SM-G900F Build/LRX21T,,chrome 62.0 for android,,mobile
Pixel XL Build/OPM1.171019.011|Android 8.1.0|chrome 63.0 for android|,Pixel XL Build/OPM1.171019.011,Android 8.1.0,chrome 63.0 for android,,mobile
LG-H500 Build/LRX21Y||chrome 62.0 for android|,LG-H500 Build/LRX21Y,,chrome 62.0 for android,,mobile
Windows NT 6.1|Windows 7|ie|1280x720,Windows NT 6.1,Windows 7,ie,1280x720,desktop
SAMSUNG SM-G935A Build/NRD90M|Android 7.0|samsung browser 6.2|1920x1080,SAMSUNG SM-G935A Build/NRD90M,Android 7.0,samsung browser 6.2,1920x1080,mobile
MacOS|Mac OS X 10_6_8|chrome 49.0|2560x1440,MacOS,Mac OS X 10_6_8,chrome 49.0,2560x1440,desktop
SAMSUNG-SM-T377A Build/MMB29K|Android 6.0.1|chrome 63.0 for android|,SAMSUNG-SM-T377A Build/MMB29K,Android 6.0.1,chrome 63.0 for android,,mobile
SM-N920V Build/NRD90M|Android 7.0|chrome 63.0 for android|,SM-N920V Build/NRD90M,Android 7.0,chrome 63.0 for android,,mobile
MacOS|Mac OS X 10_9_5|safari generic|1920x1200,MacOS,Mac OS X 10_9_5,safari generic,1920x1200,desktop
iOS Device|iOS 11.2.0|chrome 62.0 for ios|2048x1536,iOS Device,iOS 11.2.0,chrome 62.0 for ios,2048x1536,mobile
MacOS|Mac OS X 10_11_4|chrome 62.0|1920x1080,MacOS,Mac OS X 10_11_4,chrome 62.0,1920x1080,desktop
rv:57.0|Windows 10|firefox|1024x768,rv:57.0,Windows 10,firefox,1024x768,desktop
Windows||firefox 56.0|,Windows,,firefox 56.0,,desktop
MacOS|Mac OS X 10_12_5|chrome 63.0|1440x900,MacOS,Mac OS X 10_12_5,chrome 63.0,1440x900,desktop
SM-G935V Build/NRD90M|Android 7.0|chrome 61.0 for android|2560x1440,SM-G935V Build/NRD90M,Android 7.0,chrome 61.0 for android,2560x1440,mobile
Windows|Windows 8|ie 11.0 for desktop|1600x900,Windows,Windows 8,ie 11.0 for desktop,1600x900,desktop
SM-G935V Build/NRD90M|Android 7.0|chrome 58.0 for android|1920x1080,SM-G935V Build/NRD90M,Android 7.0,chrome 58.0 for android,1920x1080,mobile
HTC Desire 626s Build/LMY47O||chrome 55.0 for android|,HTC Desire 626s Build/LMY47O,,chrome 55.0 for android,,mobile
Windows|Windows 10|cyberfox|1280x1024,Windows,Windows 10,cyberfox,1280x1024,desktop
Windows|Windows 10|chrome 63.0|1920x1281,Windows,Windows 10,chrome 63.0,1920x1281,desktop
5051A Build/MMB29M||chrome 50.0 for android|,5051A Build/MMB29M,,chrome 50.0 for android,,mobile
PRA-LX3 Build/HUAWEIPRA-LX3||chrome 61.0 for android|,PRA-LX3 Build/HUAWEIPRA-LX3,,chrome 61.0 for android,,mobile
rv:57.0|Mac OS X 10.13|firefox 57.0|2560x1440,rv:57.0,Mac OS X 10.13,firefox 57.0,2560x1440,desktop
SM-G531H Build/LMY48B||chrome 60.0 for android|,SM-G531H Build/LMY48B,,chrome 60.0 for android,,mobile
Windows|Windows 7||1344x840,Windows,Windows 7,,1344x840,desktop
|Linux|chrome 62.0|1680x1050,,Linux,chrome 62.0,1680x1050,desktop
rv:11.0|Windows 7|ie 11.0 for desktop|1280x800,rv:11.0,Windows 7,ie 11.0 for desktop,1280x800,desktop
MacOS|Mac OS X 10_12_4|chrome 63.0|2560x1600,MacOS,Mac OS X 10_12_4,chrome 63.0,2560x1600,desktop
LG-K240 Build/MXB48T||chrome 62.0 for android|,LG-K240 Build/MXB48T,,chrome 62.0 for android,,mobile
Windows|Windows 10|chrome 63.0|1600x1200,Windows,Windows 10,chrome 63.0,1600x1200,desktop
MacOS|Mac OS X 10_10_5|safari generic|1600x900,MacOS,Mac OS X 10_10_5,safari generic,1600x900,desktop
X10|Android 5.1.1|chrome 43.0 for android|1024x600,X10,Android 5.1.1,chrome 43.0 for android,1024x600,mobile
Redmi 4A Build/MMB29M|Android 6.0.1|chrome 63.0 for android|1280x720,Redmi 4A Build/MMB29M,Android 6.0.1,chrome 63.0 for android,1280x720,mobile
SAMSUNG SM-T710 Build/NRD90M||samsung browser 6.2|,SAMSUNG SM-T710 Build/NRD90M,,samsung browser 6.2,,mobile
7055A Build/KVT49L||chrome 59.0 for android|,7055A Build/KVT49L,,chrome 59.0 for android,,mobile
Windows|Windows 10|edge 13.0|2736x1824,Windows,Windows 10,edge 13.0,2736x1824,desktop
MacOS|Mac OS X 10_10_5|chrome 59.0|1280x800,MacOS,Mac OS X 10_10_5,chrome 59.0,1280x800,desktop
MacOS|Mac OS X 10_13_1|safari generic|1360x768,MacOS,Mac OS X 10_13_1,safari generic,1360x768,desktop
MacOS|Mac OS X 10_12_6|chrome 63.0|2880x1800,MacOS,Mac OS X 10_12_6,chrome 63.0,2880x1800,desktop
es-mx||chrome generic|,es-mx,,chrome generic,,mobile
rv:57.0|Android 7.1.1|Generic/Android|1280x720,rv:57.0,Android 7.1.1,Generic/Android,1280x720,mobile
|Linux|chrome 62.0|2160x1215,,Linux,chrome 62.0,2160x1215,desktop
Pixel Build/OPM1.171019.011||chrome 62.0 for android|,Pixel Build/OPM1.171019.011,,chrome 62.0 for android,,mobile
SM-A310M Build/LMY47X||chrome 62.0 for android|,SM-A310M Build/LMY47X,,chrome 62.0 for android,,mobile
LG-D851|Android 6.0|android webview 4.0|2560x1440,LG-D851,Android 6.0,android webview 4.0,2560x1440,mobile
MacOS|Mac OS X 10_11_6|chrome 63.0|2560x1440,MacOS,Mac OS X 10_11_6,chrome 63.0,2560x1440,desktop
STV100-2 Build/MMB29M|Android 6.0.1|chrome 62.0 for android|2562x1442,STV100-2 Build/MMB29M,Android 6.0.1,chrome 62.0 for android,2562x1442,mobile
MacOS|Mac OS X 10_12_3|safari generic|2560x1440,MacOS,Mac OS X 10_12_3,safari generic,2560x1440,desktop
SM-T560NU Build/NMF26X|Android 7.1.1|chrome 62.0 for android|1280x800,SM-T560NU Build/NMF26X,Android 7.1.1,chrome 62.0 for android,1280x800,mobile
LG-M150||chrome 62.0 for android|,LG-M150,,chrome 62.0 for android,,mobile
iOS Device|iOS 11.1.2|chrome 63.0 for ios|2224x1668,iOS Device,iOS 11.1.2,chrome 63.0 for ios,2224x1668,mobile
MacOS|Mac OS X 10_13_2|safari generic|3360x2100,MacOS,Mac OS X 10_13_2,safari generic,3360x2100,desktop
VS425PP Build/LMY47V|Android 5.1.1|chrome generic|855x480,VS425PP Build/LMY47V,Android 5.1.1,chrome generic,855x480,mobile
MacOS|Mac OS X 10_13_1|safari generic|3840x2160,MacOS,Mac OS X 10_13_1,safari generic,3840x2160,desktop
rv:52.0|Linux|firefox 52.0|1680x1050,rv:52.0,Linux,firefox 52.0,1680x1050,desktop
iOS Device|iOS 11.2.0|chrome 62.0 for ios|2732x2048,iOS Device,iOS 11.2.0,chrome 62.0 for ios,2732x2048,mobile
rv:52.0|Windows 7|firefox 52.0|1366x768,rv:52.0,Windows 7,firefox 52.0,1366x768,desktop
iOS Device|iOS 11.2.1|mobile safari 11.0|2208x1242,iOS Device,iOS 11.2.1,mobile safari 11.0,2208x1242,mobile
Windows|Windows 7|chrome 57.0|2880x1620,Windows,Windows 7,chrome 57.0,2880x1620,desktop
SAMSUNG-SM-J727A Build/NRD90M|Android 7.0|chrome 63.0 for android|1280x720,SAMSUNG-SM-J727A Build/NRD90M,Android 7.0,chrome 63.0 for android,1280x720,mobile
MacOS|Mac OS X 10_12_6|chrome 63.0|1920x1080,MacOS,Mac OS X 10_12_6,chrome 63.0,1920x1080,desktop
MacOS|Mac OS X 10_6_8|chrome 49.0|1920x1200,MacOS,Mac OS X 10_6_8,chrome 49.0,1920x1200,desktop
ATT-IE11|Windows 7|ie 11.0 for desktop|1680x1050,ATT-IE11,Windows 7,ie 11.0 for desktop,1680x1050,desktop
MacOS|Mac OS X 10_11_6|safari generic|1600x900,MacOS,Mac OS X 10_11_6,safari generic,1600x900,desktop
Trident/7.0|Windows 10|ie 11.0 for tablet|1920x1200,Trident/7.0,Windows 10,ie 11.0 for tablet,1920x1200,desktop
rv:44.0|Windows 7|firefox|1680x1050,rv:44.0,Windows 7,firefox,1680x1050,desktop
MacOS|Mac OS X 10_12_6|chrome 62.0|1024x640,MacOS,Mac OS X 10_12_6,chrome 62.0,1024x640,desktop
|Linux|chrome 62.0|2400x1600,,Linux,chrome 62.0,2400x1600,desktop
Windows|Windows 8.1|firefox 57.0|2160x1440,Windows,Windows 8.1,firefox 57.0,2160x1440,desktop
Windows|Windows 7|chrome 63.0|1280x1025,Windows,Windows 7,chrome 63.0,1280x1025,desktop
5010S Build/MRA58K||chrome 62.0 for android|,5010S Build/MRA58K,,chrome 62.0 for android,,mobile
E6553||chrome 63.0 for android|,E6553,,chrome 63.0 for android,,mobile
Windows|Windows 8.1|firefox 57.0|1280x1024,Windows,Windows 8.1,firefox 57.0,1280x1024,desktop
MacOS|Mac OS X 10_10_5|chrome 62.0|1366x768,MacOS,Mac OS X 10_10_5,chrome 62.0,1366x768,desktop
iOS Device|iOS 11.1.2|chrome 63.0 for ios|2732x2048,iOS Device,iOS 11.1.2,chrome 63.0 for ios,2732x2048,mobile
Lenovo A2016b30 Build/MRA58K||chrome 61.0 for android|,Lenovo A2016b30 Build/MRA58K,,chrome 61.0 for android,,mobile
MacOS|Mac OS X 10_10_5|chrome|1440x900,MacOS,Mac OS X 10_10_5,chrome,1440x900,desktop
MacOS|Mac OS X 10_12_6|chrome 63.0|1280x1024,MacOS,Mac OS X 10_12_6,chrome 63.0,1280x1024,desktop
Windows|Windows 8.1|chrome generic|1920x1080,Windows,Windows 8.1,chrome generic,1920x1080,desktop
HUAWEI TAG-L13 Build/HUAWEITAG-L13||chrome 61.0 for android|,HUAWEI TAG-L13 Build/HUAWEITAG-L13,,chrome 61.0 for android,,mobile
K88 Build/MMB29M|Android 6.0.1|chrome 60.0 for android|,K88 Build/MMB29M,Android 6.0.1,chrome 60.0 for android,,mobile
Pixel 2 XL Build/OPM1.171019.011|Android 8.1.0|chrome 63.0 for android|,Pixel 2 XL Build/OPM1.171019.011,Android 8.1.0,chrome 63.0 for android,,mobile
Windows|Windows 10|chrome 63.0|3200x1800,Windows,Windows 10,chrome 63.0,3200x1800,desktop
Windows|Windows 10|chrome 60.0|1024x768,Windows,Windows 10,chrome 60.0,1024x768,desktop
MacOS|Mac OS X 10_9_5|chrome 62.0|1366x768,MacOS,Mac OS X 10_9_5,chrome 62.0,1366x768,desktop
Windows|Windows 8.1|chrome 63.0|1440x900,Windows,Windows 8.1,chrome 63.0,1440x900,desktop
SM-A510M Build/MMB29K||chrome 63.0 for android|,SM-A510M Build/MMB29K,,chrome 63.0 for android,,mobile
LG-D725|Android 5.0.2|chrome 62.0 for android|1280x720,LG-D725,Android 5.0.2,chrome 62.0 for android,1280x720,mobile
MacOS|Mac OS X 10_11_6|chrome 61.0|1440x900,MacOS,Mac OS X 10_11_6,chrome 61.0,1440x900,desktop
LGLS770|Android 6.0|android webview 4.0|1280x720,LGLS770,Android 6.0,android webview 4.0,1280x720,mobile
Moto E (4) Build/NDQS26.69-23-2-3||chrome generic|,Moto E (4) Build/NDQS26.69-23-2-3,,chrome generic,,mobile
Windows|Windows 7|chrome 62.0|2560x1080,Windows,Windows 7,chrome 62.0,2560x1080,desktop
rv:45.0|Windows 7|firefox|1680x1050,rv:45.0,Windows 7,firefox,1680x1050,desktop
Windows|Windows 10|firefox 57.0|3000x2000,Windows,Windows 10,firefox 57.0,3000x2000,desktop
Windows|Windows Vista|aol|,Windows,Windows Vista,aol,,desktop
SAMSUNG SM-G920T Build/NRD90M|Android 7.0|samsung browser 6.2|2560x1440,SAMSUNG SM-G920T Build/NRD90M,Android 7.0,samsung browser 6.2,2560x1440,mobile
Windows|Windows 10|chrome 62.0|1280x960,Windows,Windows 10,chrome 62.0,1280x960,desktop
SM-T280 Build/LMY47V|Android 5.1.1|chrome 62.0 for android|,SM-T280 Build/LMY47V,Android 5.1.1,chrome 62.0 for android,,mobile
Windows|Windows 8.1|chrome 63.0|1600x900,Windows,Windows 8.1,chrome 63.0,1600x900,desktop
LG-M153 Build/MXB48T||chrome 53.0 for android|,LG-M153 Build/MXB48T,,chrome 53.0 for android,,mobile
Z798BL Build/MMB29M|Android 6.0.1|chrome|855x480,Z798BL Build/MMB29M,Android 6.0.1,chrome,855x480,mobile
SM-N920V Build/NRD90M||chrome 62.0 for android|,SM-N920V Build/NRD90M,,chrome 62.0 for android,,mobile
Windows|Windows 8.1|chrome 63.0|3200x1800,Windows,Windows 8.1,chrome 63.0,3200x1800,desktop
SM-G935V|Android 6.0.1|chrome 63.0 for android|2560x1440,SM-G935V,Android 6.0.1,chrome 63.0 for android,2560x1440,mobile
iOS Device|iOS 11.2.1|mobile safari 11.0|1334x750,iOS Device,iOS 11.2.1,mobile safari 11.0,1334x750,mobile
SM-G930W8 Build/NRD90M|Android 7.0|chrome 63.0 for android|1920x1080,SM-G930W8 Build/NRD90M,Android 7.0,chrome 63.0 for android,1920x1080,mobile
MacOS|Mac OS X 10_7_5|chrome 49.0|1152x720,MacOS,Mac OS X 10_7_5,chrome 49.0,1152x720,desktop
SM-A510F Build/NRD90M||chrome 63.0 for android|,SM-A510F Build/NRD90M,,chrome 63.0 for android,,mobile
LG-P714||chrome 62.0 for android|,LG-P714,,chrome 62.0 for android,,mobile
MacOS|Mac OS X 10_11_4|chrome 63.0|2560x1600,MacOS,Mac OS X 10_11_4,chrome 63.0,2560x1600,desktop
LGLS990|Android|chrome 62.0 for android|2560x1440,LGLS990,Android,chrome 62.0 for android,2560x1440,mobile
Z837VL|Android 6.0.1|chrome|855x480,Z837VL,Android 6.0.1,chrome,855x480,mobile
rv:11.0|Windows 7|ie 11.0 for desktop|1600x1200,rv:11.0,Windows 7,ie 11.0 for desktop,1600x1200,desktop
HUAWEI G7-L03 Build/HuaweiG7-L03||chrome 60.0 for android|,HUAWEI G7-L03 Build/HuaweiG7-L03,,chrome 60.0 for android,,mobile
rv:48.0|Mac OS X 10.6|firefox 48.0|1280x1024,rv:48.0,Mac OS X 10.6,firefox 48.0,1280x1024,desktop
MacOS|Mac OS X 10_13_2|chrome 63.0|2560x1440,MacOS,Mac OS X 10_13_2,chrome 63.0,2560x1440,desktop
Windows|Windows 8.1|chrome 63.0|1680x1050,Windows,Windows 8.1,chrome 63.0,1680x1050,desktop
rv:57.0|Mac OS X 10.11|firefox 57.0|1920x1200,rv:57.0,Mac OS X 10.11,firefox 57.0,1920x1200,desktop
MacOS|Mac OS X 10_11_5|chrome 58.0|2560x1600,MacOS,Mac OS X 10_11_5,chrome 58.0,2560x1600,desktop
Windows|Windows 10|edge 14.0|1680x1050,Windows,Windows 10,edge 14.0,1680x1050,desktop
Windows|Windows 7|chrome 63.0|1920x1200,Windows,Windows 7,chrome 63.0,1920x1200,desktop
hp2015|Windows 7|ie 11.0 for desktop|1920x1200,hp2015,Windows 7,ie 11.0 for desktop,1920x1200,desktop
Hisense L675 Build/MRA58K||chrome 59.0 for android|,Hisense L675 Build/MRA58K,,chrome 59.0 for android,,mobile
LG-K550 Build/NRD90U|Android 7.0|chrome 62.0 for android|1280x720,LG-K550 Build/NRD90U,Android 7.0,chrome 62.0 for android,1280x720,mobile
F3313 Build/37.0.A.2.108||chrome 62.0 for android|,F3313 Build/37.0.A.2.108,,chrome 62.0 for android,,mobile
Windows|Windows 10|firefox 57.0|0x0,Windows,Windows 10,firefox 57.0,0x0,desktop
BLN-L24 Build/HONORBLN-L24||chrome 63.0 for android|,BLN-L24 Build/HONORBLN-L24,,chrome 63.0 for android,,mobile
SM-J700M Build/MMB29K||chrome 60.0 for android|,SM-J700M Build/MMB29K,,chrome 60.0 for android,,mobile
Windows|Windows 10|ie 11.0 for desktop|1366x768,Windows,Windows 10,ie 11.0 for desktop,1366x768,desktop
MacOS|Mac OS X 10_12_1|safari generic|2880x1800,MacOS,Mac OS X 10_12_1,safari generic,2880x1800,desktop
Trident/7.0|Windows 8.1|Microsoft/Windows|,Trident/7.0,Windows 8.1,Microsoft/Windows,,mobile
MacOS|Mac OS X 10_10_5|chrome 62.0|2560x1440,MacOS,Mac OS X 10_10_5,chrome 62.0,2560x1440,desktop
XT1580||chrome 63.0 for android|,XT1580,,chrome 63.0 for android,,mobile
Windows|Windows 7||1366x768,Windows,Windows 7,,1366x768,desktop
iOS Device|iOS 11.0.1|mobile safari generic|2048x1536,iOS Device,iOS 11.0.1,mobile safari generic,2048x1536,mobile
VS820|Android 5.1.1|chrome 61.0 for android|855x480,VS820,Android 5.1.1,chrome 61.0 for android,855x480,mobile
XT1650 Build/NCLS26.118-23-13-3|Android 7.1.1|chrome 63.0 for android|2560x1440,XT1650 Build/NCLS26.118-23-13-3,Android 7.1.1,chrome 63.0 for android,2560x1440,mobile
Windows|Windows 8.1|chrome 62.0|1024x768,Windows,Windows 8.1,chrome 62.0,1024x768,desktop
Nexus 6P Build/OPR5.170623.011|Android 8.0.0||,Nexus 6P Build/OPR5.170623.011,Android 8.0.0,,,mobile
Windows|Windows Vista|firefox 52.0|1680x1050,Windows,Windows Vista,firefox 52.0,1680x1050,desktop
MacOS|Mac|safari generic|2880x1800,MacOS,Mac,safari generic,2880x1800,desktop
TRT-L53 Build/HUAWEITRT-L53||chrome 63.0 for android|,TRT-L53 Build/HUAWEITRT-L53,,chrome 63.0 for android,,mobile
SM-N910T Build/MMB29M|Android 6.0.1|chrome 62.0 for android|2560x1440,SM-N910T Build/MMB29M,Android 6.0.1,chrome 62.0 for android,2560x1440,mobile
SAMSUNG SM-G920T Build/NRD90M|Android 7.0|samsung|2560x1440,SAMSUNG SM-G920T Build/NRD90M,Android 7.0,samsung,2560x1440,mobile
iOS Device|iOS|chrome 62.0 for ios|2048x1536,iOS Device,iOS,chrome 62.0 for ios,2048x1536,mobile
SM-G550T1 Build/MMB29K|Android 6.0.1|chrome 55.0 for android|1280x720,SM-G550T1 Build/MMB29K,Android 6.0.1,chrome 55.0 for android,1280x720,mobile
Redmi 4X Build/N2G47H||chrome 62.0 for android|,Redmi 4X Build/N2G47H,,chrome 62.0 for android,,mobile
SM-J327P Build/MMB29M||chrome 62.0 for android|,SM-J327P Build/MMB29M,,chrome 62.0 for android,,mobile
Windows|Windows 8.1|firefox 57.0|,Windows,Windows 8.1,firefox 57.0,,desktop
5080A Build/MRA58K||chrome 61.0 for android|,5080A Build/MRA58K,,chrome 61.0 for android,,mobile
MacOS|Mac OS X 10_11_4|safari generic|1440x900,MacOS,Mac OS X 10_11_4,safari generic,1440x900,desktop
Pixel|Android 7.1.2|chrome 62.0 for android|2562x1442,Pixel,Android 7.1.2,chrome 62.0 for android,2562x1442,mobile
SM-G930V Build/NRD90M|Android 7.0|chrome 63.0 for android|2560x1440,SM-G930V Build/NRD90M,Android 7.0,chrome 63.0 for android,2560x1440,mobile
SAMSUNG SM-N920T Build/NRD90M|Android 7.0|samsung browser 6.2|,SAMSUNG SM-N920T Build/NRD90M,Android 7.0,samsung browser 6.2,,mobile
Moto X Play Build/NPD26.48-24-1||chrome 62.0 for android|,Moto X Play Build/NPD26.48-24-1,,chrome 62.0 for android,,mobile
LG-X180g Build/LMY47I||chrome 60.0 for android|,LG-X180g Build/LMY47I,,chrome 60.0 for android,,mobile
SM-T713 Build/NRD90M||chrome 63.0 for android|,SM-T713 Build/NRD90M,,chrome 63.0 for android,,mobile
SM-N900W8 Build/LRX21V||chrome 62.0 for android|,SM-N900W8 Build/LRX21V,,chrome 62.0 for android,,mobile
Windows|Windows 10|chrome 62.0|2049x1152,Windows,Windows 10,chrome 62.0,2049x1152,desktop
Trident/7.0|Windows 8.1|ie 11.0 for desktop|1680x1050,Trident/7.0,Windows 8.1,ie 11.0 for desktop,1680x1050,desktop
Windows|Windows 8|chrome 63.0|1920x1080,Windows,Windows 8,chrome 63.0,1920x1080,desktop
MacOS|Mac OS X 10_9_5|chrome 62.0|2880x1800,MacOS,Mac OS X 10_9_5,chrome 62.0,2880x1800,desktop
SM-N950U Build/NMF26X|Android 7.1.1|chrome 63.0 for android|,SM-N950U Build/NMF26X,Android 7.1.1,chrome 63.0 for android,,mobile
MacOS|Mac OS X 10_11_3|safari generic|2560x1600,MacOS,Mac OS X 10_11_3,safari generic,2560x1600,desktop
Windows|Windows 7|chrome 63.0|1280x800,Windows,Windows 7,chrome 63.0,1280x800,desktop
SM-T230NU Build/KOT49H|Android 4.4.2|chrome 62.0 for android|,SM-T230NU Build/KOT49H,Android 4.4.2,chrome 62.0 for android,,mobile
Hisense L675 Build/MRA58K||chrome 61.0 for android|,Hisense L675 Build/MRA58K,,chrome 61.0 for android,,mobile
LGMS550 Build/MXB48T||chrome 62.0 for android|,LGMS550 Build/MXB48T,,chrome 62.0 for android,,mobile
iOS Device|iOS 11.1.2|chrome 63.0 for ios|2048x1536,iOS Device,iOS 11.1.2,chrome 63.0 for ios,2048x1536,mobile
iOS Device|iOS 10.3.3|mobile safari uiwebview|1136x640,iOS Device,iOS 10.3.3,mobile safari uiwebview,1136x640,mobile
SM-G930V Build/NRD90M|Android 7.0|chrome 62.0 for android|1280x720,SM-G930V Build/NRD90M,Android 7.0,chrome 62.0 for android,1280x720,mobile
|Android|chrome 62.0|1280x800,,Android,chrome 62.0,1280x800,mobile
Moto G Play Build/MPIS24.241-15.3-7||chrome 63.0 for android|,Moto G Play Build/MPIS24.241-15.3-7,,chrome 63.0 for android,,mobile
XT1635-02 Build/NPN26.118-22-2||chrome 63.0 for android|,XT1635-02 Build/NPN26.118-22-2,,chrome 63.0 for android,,mobile
verykoolS5019||chrome 62.0 for android|,verykoolS5019,,chrome 62.0 for android,,mobile
iOS Device|iOS 11.2.0|chrome 63.0 for ios|2048x1536,iOS Device,iOS 11.2.0,chrome 63.0 for ios,2048x1536,mobile
HUAWEI G7-L03 Build/HuaweiG7-L03||chrome 62.0 for android|,HUAWEI G7-L03 Build/HuaweiG7-L03,,chrome 62.0 for android,,mobile
Windows|Windows 7|chrome 56.0|1366x768,Windows,Windows 7,chrome 56.0,1366x768,desktop
|Linux|chrome 63.0|,,Linux,chrome 63.0,,desktop
LG-LS997 Build/NRD90M|Android 7.0|chrome 63.0 for android|2560x1440,LG-LS997 Build/NRD90M,Android 7.0,chrome 63.0 for android,2560x1440,mobile
Windows|Windows 10|edge 15.0|2560x1440,Windows,Windows 10,edge 15.0,2560x1440,desktop
SM-G955F Build/NRD90M||chrome 63.0 for android|,SM-G955F Build/NRD90M,,chrome 63.0 for android,,mobile
4027A Build/KOT49H||chrome 54.0 for android|,4027A Build/KOT49H,,chrome 54.0 for android,,mobile
SM-G935T Build/NRD90M|Android 7.0|chrome 63.0 for android|1920x1080,SM-G935T Build/NRD90M,Android 7.0,chrome 63.0 for android,1920x1080,mobile
SAMSUNG-SM-G935A Build/NRD90M|Android 7.0|chrome 62.0 for android|2560x1440,SAMSUNG-SM-G935A Build/NRD90M,Android 7.0,chrome 62.0 for android,2560x1440,mobile
MacOS|Mac OS X 10_12_6|chrome 63.0|5120x2880,MacOS,Mac OS X 10_12_6,chrome 63.0,5120x2880,desktop
Windows|Windows 10|opera 49.0|1920x1080,Windows,Windows 10,opera 49.0,1920x1080,desktop
|Linux|chrome 56.0|1536x864,,Linux,chrome 56.0,1536x864,desktop
SAMSUNG SM-G850F/G850FXXS2CQD9 Build/LRX22G||chrome generic|,SAMSUNG SM-G850F/G850FXXS2CQD9 Build/LRX22G,,chrome generic,,mobile
MacOS|Mac OS X 10_12_6|chrome 62.0|1600x1000,MacOS,Mac OS X 10_12_6,chrome 62.0,1600x1000,desktop
SM-G610M Build/MMB29K||chrome 50.0 for android|,SM-G610M Build/MMB29K,,chrome 50.0 for android,,mobile
G3123 Build/40.0.A.6.135||chrome 62.0 for android|,G3123 Build/40.0.A.6.135,,chrome 62.0 for android,,mobile
MacOS|Mac OS X 10_13_2|chrome 62.0|3840x2160,MacOS,Mac OS X 10_13_2,chrome 62.0,3840x2160,desktop
C6743 Build/LMY47V|Android 5.1.1|chrome generic|960x540,C6743 Build/LMY47V,Android 5.1.1,chrome generic,960x540,mobile
ZTE||chrome 62.0 for android|,ZTE,,chrome 62.0 for android,,mobile
Redmi||chrome 63.0 for android|,Redmi,,chrome 63.0 for android,,mobile
SM-E500M Build/KTU84P||chrome 63.0 for android|,SM-E500M Build/KTU84P,,chrome 63.0 for android,,mobile
SM-G532M Build/MMB29T||chrome 59.0 for android|,SM-G532M Build/MMB29T,,chrome 59.0 for android,,mobile
iOS Device|iOS 10.3.3|mobile safari 10.0|2224x1668,iOS Device,iOS 10.3.3,mobile safari 10.0,2224x1668,mobile
HTC One Build/LRX22G|Android 5.0.2|chrome 63.0 for android|1920x1080,HTC One Build/LRX22G,Android 5.0.2,chrome 63.0 for android,1920x1080,mobile
Windows|Windows 7|firefox|2048x1152,Windows,Windows 7,firefox,2048x1152,desktop
SM-G935W8||chrome 62.0 for android|,SM-G935W8,,chrome 62.0 for android,,mobile
SAMSUNG-SM-J320A Build/MMB29K|Android 6.0.1|chrome 62.0 for android|1280x720,SAMSUNG-SM-J320A Build/MMB29K,Android 6.0.1,chrome 62.0 for android,1280x720,mobile
MacOS|Mac OS X 10_12_3|chrome 63.0|2560x1440,MacOS,Mac OS X 10_12_3,chrome 63.0,2560x1440,desktop
Windows|Windows 7|ie 11.0 for desktop|1920x1200,Windows,Windows 7,ie 11.0 for desktop,1920x1200,desktop
SM-G950U Build/NRD90M|Android 7.0|chrome 62.0 for android|,SM-G950U Build/NRD90M,Android 7.0,chrome 62.0 for android,,mobile
HUAWEI CAN-L01 Build/HUAWEICAN-L01||chrome 63.0 for android|,HUAWEI CAN-L01 Build/HUAWEICAN-L01,,chrome 63.0 for android,,mobile
Windows|Windows 7|chrome generic|1366x768,Windows,Windows 7,chrome generic,1366x768,desktop
rv:56.0|Mac OS X 10.13|firefox 56.0|1920x1080,rv:56.0,Mac OS X 10.13,firefox 56.0,1920x1080,desktop
SAMSUNG SM-G935P Build/NRD90M|Android 7.0|samsung browser 6.2|1920x1080,SAMSUNG SM-G935P Build/NRD90M,Android 7.0,samsung browser 6.2,1920x1080,mobile
rv:11.0|Windows 8.1|ie 11.0 for desktop|,rv:11.0,Windows 8.1,ie 11.0 for desktop,,desktop
MacOS|Mac OS X 10_12_3|chrome 62.0|1920x1200,MacOS,Mac OS X 10_12_3,chrome 62.0,1920x1200,desktop
rv:45.0|Windows 10|firefox|1366x768,rv:45.0,Windows 10,firefox,1366x768,desktop
Windows|Windows Vista|ie|1440x900,Windows,Windows Vista,ie,1440x900,desktop
rv:57.0|Mac OS X 10.9|firefox 57.0|1280x1024,rv:57.0,Mac OS X 10.9,firefox 57.0,1280x1024,desktop
MacOS|Mac OS X 10_12_6|chrome 61.0|1152x720,MacOS,Mac OS X 10_12_6,chrome 61.0,1152x720,desktop
SM-J700M Build/LMY48B||chrome 63.0 for android|,SM-J700M Build/LMY48B,,chrome 63.0 for android,,mobile
Trident/7.0|Windows 10|ie 11.0 for tablet|1680x1050,Trident/7.0,Windows 10,ie 11.0 for tablet,1680x1050,desktop
XT1585 Build/NCK25.118-10.5|Android 7.0|chrome 63.0 for android|2560x1440,XT1585 Build/NCK25.118-10.5,Android 7.0,chrome 63.0 for android,2560x1440,mobile
rv:54.0|Mac OS X 10.11|firefox|2880x1800,rv:54.0,Mac OS X 10.11,firefox,2880x1800,desktop
VS988 Build/NRD90U|Android 7.0|chrome 56.0 for android|2672x1440,VS988 Build/NRD90U,Android 7.0,chrome 56.0 for android,2672x1440,mobile
iOS Device|iOS 9.3.5|mobile safari generic|2001x1125,iOS Device,iOS 9.3.5,mobile safari generic,2001x1125,mobile
MacOS|Mac OS X 10_12|safari generic|1280x800,MacOS,Mac OS X 10_12,safari generic,1280x800,desktop
MacOS|Mac OS X 10_13_1|safari generic|1680x1050,MacOS,Mac OS X 10_13_1,safari generic,1680x1050,desktop
Moto E (4) Build/NCQ26.69-56|Android 7.1.1|chrome generic|1280x720,Moto E (4) Build/NCQ26.69-56,Android 7.1.1,chrome generic,1280x720,mobile
SM-G935F Build/NRD90M||android webview 4.0|,SM-G935F Build/NRD90M,,android webview 4.0,,mobile
rv:52.0|Mac OS X 10.12|firefox 52.0|2560x1440,rv:52.0,Mac OS X 10.12,firefox 52.0,2560x1440,desktop
SM-J700T1 Build/NMF26X|Android 7.1.1|chrome 63.0 for android|1280x720,SM-J700T1 Build/NMF26X,Android 7.1.1,chrome 63.0 for android,1280x720,mobile
Windows|Windows 10|chrome 63.0|1360x768,Windows,Windows 10,chrome 63.0,1360x768,desktop
Windows|Windows 10|edge 16.0|1152x864,Windows,Windows 10,edge 16.0,1152x864,desktop
MacOS|Mac|safari generic|2560x1440,MacOS,Mac,safari generic,2560x1440,desktop
MacOS|Mac|safari generic|3360x2100,MacOS,Mac,safari generic,3360x2100,desktop
MacOS|Mac OS X 10_10_5|chrome 63.0|1920x1080,MacOS,Mac OS X 10_10_5,chrome 63.0,1920x1080,desktop
iOS Device|iOS 10.1.1|mobile safari 10.0|2001x1125,iOS Device,iOS 10.1.1,mobile safari 10.0,2001x1125,mobile
Windows|Windows XP|chrome 49.0|1280x1024,Windows,Windows XP,chrome 49.0,1280x1024,desktop
Windows|Windows 10|edge 14.0|1440x900,Windows,Windows 10,edge 14.0,1440x900,desktop
MacOS|Mac OS X 10_12|safari generic|1920x1080,MacOS,Mac OS X 10_12,safari generic,1920x1080,desktop
Z835 Build/NMF26V|Android 7.1.1|chrome 56.0 for android|855x480,Z835 Build/NMF26V,Android 7.1.1,chrome 56.0 for android,855x480,mobile
Windows|Windows 10|opera 49.0|1280x1025,Windows,Windows 10,opera 49.0,1280x1025,desktop
MacOS|Mac OS X 10_13_2|chrome 63.0|1920x1200,MacOS,Mac OS X 10_13_2,chrome 63.0,1920x1200,desktop
SAMSUNG|Android 6.0.1|samsung browser 6.2|,SAMSUNG,Android 6.0.1,samsung browser 6.2,,mobile
ONE A2005 Build/MMB29M|Android 6.0.1|chrome 63.0 for android|1920x1080,ONE A2005 Build/MMB29M,Android 6.0.1,chrome 63.0 for android,1920x1080,mobile
Windows|Windows 8.1|ie 11.0 for desktop|1920x1080,Windows,Windows 8.1,ie 11.0 for desktop,1920x1080,desktop
Windows|Windows 10|edge 14.0|1400x1050,Windows,Windows 10,edge 14.0,1400x1050,desktop
||chrome 63.0 for ios|,,,chrome 63.0 for ios,,mobile
MacOS|Mac OS X 10_13_2|safari generic|1152x648,MacOS,Mac OS X 10_13_2,safari generic,1152x648,desktop
MacOS|Mac OS X 10_9_5|chrome 62.0|,MacOS,Mac OS X 10_9_5,chrome 62.0,,desktop
en-us|Android 4.4.2|chrome generic|2560x1600,en-us,Android 4.4.2,chrome generic,2560x1600,mobile
rv:56.0|Mac OS X 10.12|firefox 56.0|2560x1600,rv:56.0,Mac OS X 10.12,firefox 56.0,2560x1600,desktop
Pixel|Android 8.0.0||,Pixel,Android 8.0.0,,,mobile
SM-T237P|Android 5.1.1|chrome 62.0 for android|,SM-T237P,Android 5.1.1,chrome 62.0 for android,,mobile
Windows|Windows 7|chrome 63.0|2560x1440,Windows,Windows 7,chrome 63.0,2560x1440,desktop
Moto Z2 Play Build/NPS26.74-16-1||chrome 62.0 for android|,Moto Z2 Play Build/NPS26.74-16-1,,chrome 62.0 for android,,mobile
SM-G531H Build/LMY48B||chrome 59.0 for android|,SM-G531H Build/LMY48B,,chrome 59.0 for android,,mobile
rv:57.0|Windows 10|firefox|1440x900,rv:57.0,Windows 10,firefox,1440x900,desktop
rv:42.0|Windows 7|firefox|1920x1080,rv:42.0,Windows 7,firefox,1920x1080,desktop
MacOS|Mac OS X 10_11_5|chrome 63.0|2560x1600,MacOS,Mac OS X 10_11_5,chrome 63.0,2560x1600,desktop
MacOS|Mac OS X 10_13_2|chrome 63.0|2880x1800,MacOS,Mac OS X 10_13_2,chrome 63.0,2880x1800,desktop
MacOS|Mac OS X 10_13_1|chrome 63.0|1440x900,MacOS,Mac OS X 10_13_1,chrome 63.0,1440x900,desktop
MacOS|Mac OS X 10_13_2|chrome 63.0|1920x1080,MacOS,Mac OS X 10_13_2,chrome 63.0,1920x1080,desktop
Windows|Windows 10|edge 14.0|1280x800,Windows,Windows 10,edge 14.0,1280x800,desktop
Trident/7.0|Windows 10|ie 11.0 for tablet|1360x768,Trident/7.0,Windows 10,ie 11.0 for tablet,1360x768,desktop
MacOS|Mac OS X 10_11_6|chrome 57.0|1440x900,MacOS,Mac OS X 10_11_6,chrome 57.0,1440x900,desktop
Windows|Windows 8|firefox 57.0|1280x1024,Windows,Windows 8,firefox 57.0,1280x1024,desktop
Windows|Windows 10|chrome 63.0|2400x1350,Windows,Windows 10,chrome 63.0,2400x1350,desktop
MacOS|Mac OS X 10_13_2|chrome 63.0|3360x2100,MacOS,Mac OS X 10_13_2,chrome 63.0,3360x2100,desktop
SM-S320VL||chrome 62.0 for android|,SM-S320VL,,chrome 62.0 for android,,mobile
MacOS|Mac OS X 10_12_6|chrome 63.0|4096x2304,MacOS,Mac OS X 10_12_6,chrome 63.0,4096x2304,desktop
rv:52.0|Mac OS X 10.11|firefox 52.0|1440x900,rv:52.0,Mac OS X 10.11,firefox 52.0,1440x900,desktop
Windows|Windows 10|chrome 63.0|3440x1440,Windows,Windows 10,chrome 63.0,3440x1440,desktop
iOS Device|iOS 10.2.0|mobile safari 10.0|2001x1125,iOS Device,iOS 10.2.0,mobile safari 10.0,2001x1125,mobile
SM-G900I||chrome 61.0 for android|,SM-G900I,,chrome 61.0 for android,,mobile
rv:54.0|Mac OS X 10.9|firefox|1280x800,rv:54.0,Mac OS X 10.9,firefox,1280x800,desktop
LG-K373|Android 6.0|chrome 62.0 for android|1280x720,LG-K373,Android 6.0,chrome 62.0 for android,1280x720,mobile
iOS Device|iOS 9.3.5|mobile safari 9.0|1136x640,iOS Device,iOS 9.3.5,mobile safari 9.0,1136x640,mobile
SM-T820 Build/NRD90M|Android 7.0|chrome generic for android|,SM-T820 Build/NRD90M,Android 7.0,chrome generic for android,,mobile
Windows|Windows 7|chrome 56.0|1920x1080,Windows,Windows 7,chrome 56.0,1920x1080,desktop
HTC Desire 530 Build/MMB29M||chrome 62.0 for android|,HTC Desire 530 Build/MMB29M,,chrome 62.0 for android,,mobile
SM-G925T Build/NRD90M|Android 7.0|chrome 62.0 for android|2560x1440,SM-G925T Build/NRD90M,Android 7.0,chrome 62.0 for android,2560x1440,mobile
MacOS|Mac OS X 10_13_2|chrome 63.0|2400x1350,MacOS,Mac OS X 10_13_2,chrome 63.0,2400x1350,desktop
rv:57.0|Mac OS X 10.9|firefox 57.0|1920x1080,rv:57.0,Mac OS X 10.9,firefox 57.0,1920x1080,desktop
MacOS|Mac OS X 10_12_1|chrome 63.0|1280x800,MacOS,Mac OS X 10_12_1,chrome 63.0,1280x800,desktop
|Linux|chrome 62.0|1536x864,,Linux,chrome 62.0,1536x864,desktop
Windows|Windows 7|chrome 63.0|1024x600,Windows,Windows 7,chrome 63.0,1024x600,desktop
SM-T813 Build/NRD90M|Android 7.0|chrome 62.0 for android|2048x1536,SM-T813 Build/NRD90M,Android 7.0,chrome 62.0 for android,2048x1536,mobile
ALE-L23 Build/HuaweiALE-L23||chrome 59.0 for android|,ALE-L23 Build/HuaweiALE-L23,,chrome 59.0 for android,,mobile
LG-D693n Build/KOT49I.V10a||chrome 60.0 for android|,LG-D693n Build/KOT49I.V10a,,chrome 60.0 for android,,mobile
Windows|Windows 10|edge 14.0|1152x864,Windows,Windows 10,edge 14.0,1152x864,desktop
LG-LS993 Build/NRD90U|Android 7.0|chrome 62.0 for android|2672x1440,LG-LS993 Build/NRD90U,Android 7.0,chrome 62.0 for android,2672x1440,mobile
SAMSUNG SM-J700M Build/LMY48B||chrome generic|,SAMSUNG SM-J700M Build/LMY48B,,chrome generic,,mobile
Trident/7.0|Windows 10|ie 11.0 for desktop|1152x864,Trident/7.0,Windows 10,ie 11.0 for desktop,1152x864,desktop
SM-G920F Build/NRD90M|Android 7.0|chrome 63.0 for android|2560x1440,SM-G920F Build/NRD90M,Android 7.0,chrome 63.0 for android,2560x1440,mobile
HUAWEI Y625-U13 Build/HUAWEIY625-U13||chrome 56.0 for android|,HUAWEI Y625-U13 Build/HUAWEIY625-U13,,chrome 56.0 for android,,mobile
MacOS|Mac OS X 10_12_6|chrome 62.0|3200x2000,MacOS,Mac OS X 10_12_6,chrome 62.0,3200x2000,desktop
SAMSUNG SM-G903F Build/MMB29K||samsung browser 6.2|,SAMSUNG SM-G903F Build/MMB29K,,samsung browser 6.2,,mobile
Windows|Windows 10|chrome|1024x768,Windows,Windows 10,chrome,1024x768,desktop
|Android|chrome 63.0|1920x1080,,Android,chrome 63.0,1920x1080,mobile
XT1563 Build/MPDS24.107-52-5||chrome 60.0 for android|,XT1563 Build/MPDS24.107-52-5,,chrome 60.0 for android,,mobile
SM-J100MU||chrome 61.0 for android|,SM-J100MU,,chrome 61.0 for android,,mobile
Moto E (4) Build/NMA26.42-19||android webview 4.0|,Moto E (4) Build/NMA26.42-19,,android webview 4.0,,mobile
E6833||chrome 62.0 for android|,E6833,,chrome 62.0 for android,,mobile
Blade L5 Build/LMY47I||chrome 62.0 for android|,Blade L5 Build/LMY47I,,chrome 62.0 for android,,mobile
SAMSUNG-SM-G891A Build/NRD90M|Android 7.0|chrome 63.0 for android|,SAMSUNG-SM-G891A Build/NRD90M,Android 7.0,chrome 63.0 for android,,mobile
SAMSUNG-SM-G900A Build/MMB29M|Android 6.0.1|chrome 62.0 for android|1920x1080,SAMSUNG-SM-G900A Build/MMB29M,Android 6.0.1,chrome 62.0 for android,1920x1080,mobile
5010G Build/MRA58K||chrome 52.0 for android|,5010G Build/MRA58K,,chrome 52.0 for android,,mobile
MacOS|Mac OS X 10_13_1|chrome 63.0|5120x2880,MacOS,Mac OS X 10_13_1,chrome 63.0,5120x2880,desktop
MacOS|Mac OS X 10_11_3|chrome 62.0|2560x1600,MacOS,Mac OS X 10_11_3,chrome 62.0,2560x1600,desktop
SM-P550 Build/MMB29M||chrome 61.0 for android|,SM-P550 Build/MMB29M,,chrome 61.0 for android,,mobile
iOS Device|iOS 11.0.2|mobile safari 11.0|2224x1668,iOS Device,iOS 11.0.2,mobile safari 11.0,2224x1668,mobile
rv:39.0|Windows 7|firefox|1920x1080,rv:39.0,Windows 7,firefox,1920x1080,desktop
MacOS|Mac OS X 10_12_4|chrome 63.0|1440x900,MacOS,Mac OS X 10_12_4,chrome 63.0,1440x900,desktop
Trident/7.0|Windows 7|ie 11.0 for desktop|1600x837,Trident/7.0,Windows 7,ie 11.0 for desktop,1600x837,desktop
LG-X210 Build/LMY47I||chrome 62.0 for android|,LG-X210 Build/LMY47I,,chrome 62.0 for android,,mobile
SM-G920T1||chrome 56.0 for android|,SM-G920T1,,chrome 56.0 for android,,mobile
rv:55.0|Windows 7|firefox 55.0|1366x768,rv:55.0,Windows 7,firefox 55.0,1366x768,desktop
H1711 Build/HUAWEIH1711|Android 7.0|chrome 62.0 for android|1280x720,H1711 Build/HUAWEIH1711,Android 7.0,chrome 62.0 for android,1280x720,mobile
Windows|Windows 8.1|ie 11.0 for desktop|1366x768,Windows,Windows 8.1,ie 11.0 for desktop,1366x768,desktop
SM-G935F Build/NRD90M||chrome 63.0 for android|,SM-G935F Build/NRD90M,,chrome 63.0 for android,,mobile
rv:57.0|Mac OS X 10.12|firefox 57.0|2560x1440,rv:57.0,Mac OS X 10.12,firefox 57.0,2560x1440,desktop
SM-A500M Build/KTU84P||chrome 63.0 for android|,SM-A500M Build/KTU84P,,chrome 63.0 for android,,mobile
MacOS|Mac OS X 10_13_2|chrome 63.0|1366x768,MacOS,Mac OS X 10_13_2,chrome 63.0,1366x768,desktop
LG-V930|Android 6.0|chrome 63.0 for android|1920x1200,LG-V930,Android 6.0,chrome 63.0 for android,1920x1200,mobile
iOS Device|iOS 11.1.0|mobile safari 11.0|2001x1125,iOS Device,iOS 11.1.0,mobile safari 11.0,2001x1125,mobile
SM-N920V|Android 6.0.1|chrome 63.0 for android|2562x1442,SM-N920V,Android 6.0.1,chrome 63.0 for android,2562x1442,mobile
Windows||firefox generic|,Windows,,firefox generic,,desktop
SAMSUNG-SM-N920A Build/NRD90M|Android 7.0|chrome 61.0 for android|,SAMSUNG-SM-N920A Build/NRD90M,Android 7.0,chrome 61.0 for android,,mobile
Windows|Windows 7|firefox 52.0|1600x900,Windows,Windows 7,firefox 52.0,1600x900,desktop
BBB100-3|Android 7.1.1|chrome 63.0 for android|,BBB100-3,Android 7.1.1,chrome 63.0 for android,,mobile
Z982 Build/NMF26V||chrome 63.0 for android|,Z982 Build/NMF26V,,chrome 63.0 for android,,mobile
iOS Device|iOS 9.3.5|chrome 63.0 for ios|2048x1536,iOS Device,iOS 9.3.5,chrome 63.0 for ios,2048x1536,mobile
Trident/7.0|Windows 8.1|Microsoft/Windows|1366x768,Trident/7.0,Windows 8.1,Microsoft/Windows,1366x768,mobile
LG-X180g Build/LMY47I||chrome 62.0 for android|,LG-X180g Build/LMY47I,,chrome 62.0 for android,,mobile
KFDOWI Build/LVY48F|Android 5.1.1|chrome 62.0 for android|,KFDOWI Build/LVY48F,Android 5.1.1,chrome 62.0 for android,,mobile
Windows|Windows 10|chrome 63.0|3843x2163,Windows,Windows 10,chrome 63.0,3843x2163,desktop
SM-G920V|Android 5.1.1|chrome 63.0 for android|2560x1440,SM-G920V,Android 5.1.1,chrome 63.0 for android,2560x1440,mobile
SM-A320Y Build/NRD90M||chrome 63.0 for android|,SM-A320Y Build/NRD90M,,chrome 63.0 for android,,mobile
SM-G955U Build/NRD90M|Android 7.0|chrome 62.0 for android|2961x1442,SM-G955U Build/NRD90M,Android 7.0,chrome 62.0 for android,2961x1442,mobile
iOS Device|iOS 11.0.1|mobile safari 11.0|2436x1125,iOS Device,iOS 11.0.1,mobile safari 11.0,2436x1125,mobile
5025G Build/LMY47I||chrome 60.0 for android|,5025G Build/LMY47I,,chrome 60.0 for android,,mobile
SM-J120H Build/LMY47V||chrome 59.0 for android|,SM-J120H Build/LMY47V,,chrome 59.0 for android,,mobile
|Linux|chrome 55.0|1366x768,,Linux,chrome 55.0,1366x768,desktop
SAMSUNG-SM-G925A Build/NRD90M|Android 7.0|chrome 63.0 for android|2562x1442,SAMSUNG-SM-G925A Build/NRD90M,Android 7.0,chrome 63.0 for android,2562x1442,mobile
rv:38.0|Linux|firefox|1366x768,rv:38.0,Linux,firefox,1366x768,desktop
LG-K530 Build/MMB29M||chrome 63.0 for android|,LG-K530 Build/MMB29M,,chrome 63.0 for android,,mobile
Hisense U963 Build/MRA58K||chrome 62.0 for android|,Hisense U963 Build/MRA58K,,chrome 62.0 for android,,mobile
iOS Device|iOS 10.3.1|mobile safari generic|1136x640,iOS Device,iOS 10.3.1,mobile safari generic,1136x640,mobile
Windows|Windows 10|chrome 59.0|1366x768,Windows,Windows 10,chrome 59.0,1366x768,desktop
Redmi Note 3 Build/MMB29M||chrome 62.0 for android|,Redmi Note 3 Build/MMB29M,,chrome 62.0 for android,,mobile
MacOS|Mac OS X 10_13_1|chrome 62.0|4096x2304,MacOS,Mac OS X 10_13_1,chrome 62.0,4096x2304,desktop
SM-G950U Build/NRD90M|Android 7.0|chrome 58.0 for android|2220x1080,SM-G950U Build/NRD90M,Android 7.0,chrome 58.0 for android,2220x1080,mobile
Windows|Windows 10|chrome 57.0|1920x1080,Windows,Windows 10,chrome 57.0,1920x1080,desktop
MacOS|Mac OS X 10_13_1|chrome 63.0|2560x1600,MacOS,Mac OS X 10_13_1,chrome 63.0,2560x1600,desktop
SM-A300H Build/LRX22G||chrome 63.0 for android|,SM-A300H Build/LRX22G,,chrome 63.0 for android,,mobile
MacOS|Mac OS X 10_13_2|chrome 63.0|1440x900,MacOS,Mac OS X 10_13_2,chrome 63.0,1440x900,desktop
MacOS|Mac OS X 10_11_6|chrome 61.0|5120x2880,MacOS,Mac OS X 10_11_6,chrome 61.0,5120x2880,desktop
SAMSUNG SM-G920P Build/NRD90M|Android 7.0|samsung browser 6.2|2562x1442,SAMSUNG SM-G920P Build/NRD90M,Android 7.0,samsung browser 6.2,2562x1442,mobile
LGMS631 Build/MRA58K||chrome 62.0 for android|,LGMS631 Build/MRA58K,,chrome 62.0 for android,,mobile
rv:57.0|Mac OS X 10.13|firefox 57.0|1280x800,rv:57.0,Mac OS X 10.13,firefox 57.0,1280x800,desktop
Windows|Windows 7|firefox 57.0|1280x720,Windows,Windows 7,firefox 57.0,1280x720,desktop
MacOS|Mac OS X 10_13_2|chrome 49.0|1280x800,MacOS,Mac OS X 10_13_2,chrome 49.0,1280x800,desktop
SM-A520F Build/MMB29K||chrome 62.0 for android|,SM-A520F Build/MMB29K,,chrome 62.0 for android,,mobile
MacOS|Mac OS X 10_12_3|chrome 58.0|1440x900,MacOS,Mac OS X 10_12_3,chrome 58.0,1440x900,desktop
SM-T560 Build/KTU84P||chrome 63.0 for android|,SM-T560 Build/KTU84P,,chrome 63.0 for android,,mobile
MDDRJS|Windows 7|ie 11.0 for desktop|1920x1080,MDDRJS,Windows 7,ie 11.0 for desktop,1920x1080,desktop
Blade L5 Build/LMY47I||chrome 61.0 for android|,Blade L5 Build/LMY47I,,chrome 61.0 for android,,mobile
Windows|Windows 7|chrome 63.0|1600x1200,Windows,Windows 7,chrome 63.0,1600x1200,desktop
MacOS|Mac OS X 10_6_8|chrome 49.0|1680x1050,MacOS,Mac OS X 10_6_8,chrome 49.0,1680x1050,desktop
Windows|Windows 7|opera 49.0|1024x768,Windows,Windows 7,opera 49.0,1024x768,desktop
SM-G900T Build/MMB29M||chrome 63.0 for android|,SM-G900T Build/MMB29M,,chrome 63.0 for android,,mobile
LGMP450 Build/NRD90U|Android 7.0|chrome 62.0 for android|,LGMP450 Build/NRD90U,Android 7.0,chrome 62.0 for android,,mobile
LGMS550 Build/MXB48T|Android 6.0.1|chrome 55.0 for android|1280x720,LGMS550 Build/MXB48T,Android 6.0.1,chrome 55.0 for android,1280x720,mobile
MacOS|Mac OS X 10_13_2|chrome 63.0|2560x1600,MacOS,Mac OS X 10_13_2,chrome 63.0,2560x1600,desktop
LGMP260 Build/NRD90U|Android 7.0|chrome 63.0 for android|1280x720,LGMP260 Build/NRD90U,Android 7.0,chrome 63.0 for android,1280x720,mobile
iOS Device|iOS 11.2.1|mobile safari 11.0|1136x640,iOS Device,iOS 11.2.1,mobile safari 11.0,1136x640,mobile
MacOS|Mac OS X 10_13_1|chrome 63.0|4096x2304,MacOS,Mac OS X 10_13_1,chrome 63.0,4096x2304,desktop
Trident/7.0||Microsoft/Windows|,Trident/7.0,,Microsoft/Windows,,mobile
MacOS|Mac OS X 10_9_5|chrome 63.0|1920x1080,MacOS,Mac OS X 10_9_5,chrome 63.0,1920x1080,desktop
XT1585 Build/NCK25.118-10.5|Android 7.0|chrome 63.0 for android|,XT1585 Build/NCK25.118-10.5,Android 7.0,chrome 63.0 for android,,mobile
Moto G Play Build/MPIS24.241-15.3-7||chrome 56.0 for android|,Moto G Play Build/MPIS24.241-15.3-7,,chrome 56.0 for android,,mobile
Windows|Windows 7|chrome 60.0|,Windows,Windows 7,chrome 60.0,,desktop
Windows|Windows 7|safari generic|1680x1050,Windows,Windows 7,safari generic,1680x1050,desktop
iOS Device|iOS 10.3.3|mobile safari 10.0|2732x2048,iOS Device,iOS 10.3.3,mobile safari 10.0,2732x2048,mobile
SLA-L03 Build/HUAWEISLA-L03||chrome 63.0 for android|,SLA-L03 Build/HUAWEISLA-L03,,chrome 63.0 for android,,mobile
Windows|Windows 10|chrome 60.0|1680x1050,Windows,Windows 10,chrome 60.0,1680x1050,desktop
Windows|Windows XP|firefox 52.0|1024x768,Windows,Windows XP,firefox 52.0,1024x768,desktop
Windows|Windows 7|opera 49.0|1366x768,Windows,Windows 7,opera 49.0,1366x768,desktop
SAMSUNG SM-N920A Build/NRD90M|Android 7.0|samsung browser 6.2|,SAMSUNG SM-N920A Build/NRD90M,Android 7.0,samsung browser 6.2,,mobile
rv:52.0|Mac OS X 10.12|firefox 52.0|2880x1800,rv:52.0,Mac OS X 10.12,firefox 52.0,2880x1800,desktop
SM-G925T Build/NRD90M|Android 7.0|chrome 63.0 for android|2560x1440,SM-G925T Build/NRD90M,Android 7.0,chrome 63.0 for android,2560x1440,mobile
SM-G930T Build/NRD90M|Android 7.0|chrome 63.0 for android|1920x1080,SM-G930T Build/NRD90M,Android 7.0,chrome 63.0 for android,1920x1080,mobile
LG-K580 Build/MRA58K||chrome 63.0 for android|,LG-K580 Build/MRA58K,,chrome 63.0 for android,,mobile
MacOS|Mac OS X 10_13_2|safari generic|5120x2880,MacOS,Mac OS X 10_13_2,safari generic,5120x2880,desktop
Windows|Windows 7|chrome 59.0|2560x1080,Windows,Windows 7,chrome 59.0,2560x1080,desktop
Windows|Windows 7|firefox 47.0|1280x800,Windows,Windows 7,firefox 47.0,1280x800,desktop
SM-A500H|Android 6.0.1|chrome 62.0 for android|1280x720,SM-A500H,Android 6.0.1,chrome 62.0 for android,1280x720,mobile
CRO-L03 Build/HUAWEICRO-L03||chrome 62.0 for android|,CRO-L03 Build/HUAWEICRO-L03,,chrome 62.0 for android,,mobile
Moto C Plus Build/NRD90M.05.034||chrome 59.0 for android|,Moto C Plus Build/NRD90M.05.034,,chrome 59.0 for android,,mobile
MacOS|Mac OS X 10_13_2|chrome 62.0|1360x768,MacOS,Mac OS X 10_13_2,chrome 62.0,1360x768,desktop
Hisense F23 Build/NRD90M||chrome 63.0 for android|,Hisense F23 Build/NRD90M,,chrome 63.0 for android,,mobile
MacOS|Mac OS X 10_12_6|opera 49.0|3360x2100,MacOS,Mac OS X 10_12_6,opera 49.0,3360x2100,desktop
SM-T800 Build/MMB29K||chrome 62.0 for android|,SM-T800 Build/MMB29K,,chrome 62.0 for android,,mobile
iOS Device|iOS|mobile safari 9.0|2001x1125,iOS Device,iOS,mobile safari 9.0,2001x1125,mobile
iOS Device|iOS|mobile safari 10.0|2208x1242,iOS Device,iOS,mobile safari 10.0,2208x1242,mobile
rv:57.0|Windows 10|firefox|,rv:57.0,Windows 10,firefox,,desktop
SM-A710M Build/LMY47X||chrome 63.0 for android|,SM-A710M Build/LMY47X,,chrome 63.0 for android,,mobile
Windows|Windows 8.1|chrome 62.0|2880x1620,Windows,Windows 8.1,chrome 62.0,2880x1620,desktop
VS987 Build/NRD90U|Android 7.0|chrome 63.0 for android|2560x1440,VS987 Build/NRD90U,Android 7.0,chrome 63.0 for android,2560x1440,mobile
MacOS|Mac OS X 10_13_2|safari generic|1920x1200,MacOS,Mac OS X 10_13_2,safari generic,1920x1200,desktop
Windows|Windows 8.1|firefox 57.0|1440x900,Windows,Windows 8.1,firefox 57.0,1440x900,desktop
8050G Build/LMY47I||chrome 59.0 for android|,8050G Build/LMY47I,,chrome 59.0 for android,,mobile
QTAIR7 Build/LMY47D|Android|chrome 50.0 for android|1920x1200,QTAIR7 Build/LMY47D,Android,chrome 50.0 for android,1920x1200,mobile
Lenovo A2016b30 Build/MRA58K||chrome 62.0 for android|,Lenovo A2016b30 Build/MRA58K,,chrome 62.0 for android,,mobile
MacOS|Mac OS X 10_13_1|chrome 63.0|1920x1200,MacOS,Mac OS X 10_13_1,chrome 63.0,1920x1200,desktop
Windows|Windows 10|chrome 63.0|1280x720,Windows,Windows 10,chrome 63.0,1280x720,desktop
iOS Device|iOS 11.2.1|mobile safari generic|2001x1125,iOS Device,iOS 11.2.1,mobile safari generic,2001x1125,mobile
MacOS|Mac OS X 10_10_5|chrome 60.0|2880x1800,MacOS,Mac OS X 10_10_5,chrome 60.0,2880x1800,desktop
MacOS|Mac OS X 10_11_5|chrome 62.0|1440x900,MacOS,Mac OS X 10_11_5,chrome 62.0,1440x900,desktop
iOS Device|iOS 11.2.0|mobile safari generic|2001x1125,iOS Device,iOS 11.2.0,mobile safari generic,2001x1125,mobile
Windows|Windows 7|chrome 60.0|1440x900,Windows,Windows 7,chrome 60.0,1440x900,desktop
SAMSUNG-SM-G900A Build/LRX21T|Android 5.0|chrome 61.0 for android|1920x1080,SAMSUNG-SM-G900A Build/LRX21T,Android 5.0,chrome 61.0 for android,1920x1080,mobile
iOS Device|iOS 10.3.3|mobile safari uiwebview|2208x1242,iOS Device,iOS 10.3.3,mobile safari uiwebview,2208x1242,mobile
SAMSUNG|Android 5.1.1|chrome generic|2560x1600,SAMSUNG,Android 5.1.1,chrome generic,2560x1600,mobile
SM-J700T Build/NMF26X|Android 7.1.1|chrome 62.0 for android|1280x720,SM-J700T Build/NMF26X,Android 7.1.1,chrome 62.0 for android,1280x720,mobile
moto x4 Build/NPW26.83-18-2-0-4||chrome 63.0 for android|,moto x4 Build/NPW26.83-18-2-0-4,,chrome 63.0 for android,,mobile
Windows|Windows 10|firefox 56.0|1366x768,Windows,Windows 10,firefox 56.0,1366x768,desktop
LG-H500 Build/LRX21Y||chrome 56.0 for android|,LG-H500 Build/LRX21Y,,chrome 56.0 for android,,mobile
rv:57.0|Mac OS X 10.12|firefox 57.0|4096x2304,rv:57.0,Mac OS X 10.12,firefox 57.0,4096x2304,desktop
Windows|Windows 10|chrome 63.0|2736x1824,Windows,Windows 10,chrome 63.0,2736x1824,desktop
rv:31.0||firefox|,rv:31.0,,firefox,,desktop
rv:52.0|Windows Vista|firefox 52.0|1280x768,rv:52.0,Windows Vista,firefox 52.0,1280x768,desktop
rv:48.0|Mac OS X 10.6|firefox 48.0|1920x1080,rv:48.0,Mac OS X 10.6,firefox 48.0,1920x1080,desktop
MacOS|Mac OS X 10_11_6|chrome 62.0|,MacOS,Mac OS X 10_11_6,chrome 62.0,,desktop
SM-T337V|Android 5.1.1|chrome 62.0 for android|,SM-T337V,Android 5.1.1,chrome 62.0 for android,,mobile
MacOS|Mac OS X 10_12_5|safari generic|4096x2304,MacOS,Mac OS X 10_12_5,safari generic,4096x2304,desktop
Windows|Windows 10|firefox 57.0|1680x945,Windows,Windows 10,firefox 57.0,1680x945,desktop
SM-G920W8||chrome 63.0 for android|,SM-G920W8,,chrome 63.0 for android,,mobile
MacOS|Mac OS X 10_11_6|chrome 61.0|1280x800,MacOS,Mac OS X 10_11_6,chrome 61.0,1280x800,desktop
Windows|Windows Vista|firefox 52.0|1360x768,Windows,Windows Vista,firefox 52.0,1360x768,desktop
MacOS|Mac OS X 10_10_5|chrome 62.0|1152x720,MacOS,Mac OS X 10_10_5,chrome 62.0,1152x720,desktop
MacOS|Mac OS X 10_13_2|safari generic|1680x1050,MacOS,Mac OS X 10_13_2,safari generic,1680x1050,desktop
Blade V6 Plus Build/MRA58K||chrome 63.0 for android|,Blade V6 Plus Build/MRA58K,,chrome 63.0 for android,,mobile
BLADE V7 Build/MRA58K||chrome 63.0 for android|,BLADE V7 Build/MRA58K,,chrome 63.0 for android,,mobile
SM-T710 Build/NRD90M|Android 7.0|chrome 60.0 for android|2048x1536,SM-T710 Build/NRD90M,Android 7.0,chrome 60.0 for android,2048x1536,mobile
Ilium X210 Build/LMY47I||chrome 63.0 for android|,Ilium X210 Build/LMY47I,,chrome 63.0 for android,,mobile
SM-N950F Build/NMF26X||chrome 63.0 for android|,SM-N950F Build/NMF26X,,chrome 63.0 for android,,mobile
iOS Device|iOS 10.2.1|mobile safari 10.0|2732x2048,iOS Device,iOS 10.2.1,mobile safari 10.0,2732x2048,mobile
MacOS|Mac|chrome 63.0|1920x1080,MacOS,Mac,chrome 63.0,1920x1080,desktop
Blade||chrome 62.0 for android|,Blade,,chrome 62.0 for android,,mobile
iOS Device|iOS 11.2.1|mobile safari 11.0|2048x1536,iOS Device,iOS 11.2.1,mobile safari 11.0,2048x1536,mobile
SM-G930P Build/NRD90M|Android 7.0|chrome 63.0 for android|1920x1080,SM-G930P Build/NRD90M,Android 7.0,chrome 63.0 for android,1920x1080,mobile
iOS Device|iOS 11.0.1|chrome 62.0 for ios|2048x1536,iOS Device,iOS 11.0.1,chrome 62.0 for ios,2048x1536,mobile
XT1635-02|Android 7.1.1|chrome 62.0 for android|1920x1080,XT1635-02,Android 7.1.1,chrome 62.0 for android,1920x1080,mobile
rv:54.0||firefox|,rv:54.0,,firefox,,desktop
HTC Desire 626s Build/LMY47O||chrome 59.0 for android|,HTC Desire 626s Build/LMY47O,,chrome 59.0 for android,,mobile
MacOS|Mac OS X 10_8_5|chrome 49.0|1366x768,MacOS,Mac OS X 10_8_5,chrome 49.0,1366x768,desktop
PRA-LX3 Build/HUAWEIPRA-LX3||chrome 55.0 for android|,PRA-LX3 Build/HUAWEIPRA-LX3,,chrome 55.0 for android,,mobile
HTC Desire 626s Build/LMY47O|Android|chrome 61.0 for android|1280x720,HTC Desire 626s Build/LMY47O,Android,chrome 61.0 for android,1280x720,mobile
MacOS|Mac OS X 10_12_6|safari generic|1360x768,MacOS,Mac OS X 10_12_6,safari generic,1360x768,desktop
Windows|Windows XP|chrome 49.0|1280x960,Windows,Windows XP,chrome 49.0,1280x960,desktop
LG-V521|Android 6.0.1|chrome 63.0 for android|1920x1200,LG-V521,Android 6.0.1,chrome 63.0 for android,1920x1200,mobile
5056A Build/MMB29M||chrome 52.0 for android|,5056A Build/MMB29M,,chrome 52.0 for android,,mobile
iOS Device|iOS 11.1.2|mobile safari generic|2224x1668,iOS Device,iOS 11.1.2,mobile safari generic,2224x1668,mobile
rv:11.0|Windows 10|ie 11.0 for desktop|1024x768,rv:11.0,Windows 10,ie 11.0 for desktop,1024x768,desktop
SM-N910V Build/MMB29M|Android 6.0.1|chrome 63.0 for android|2560x1440,SM-N910V Build/MMB29M,Android 6.0.1,chrome 63.0 for android,2560x1440,mobile
LG-H820 Build/NRD90U|Android 7.0|chrome 63.0 for android|2560x1440,LG-H820 Build/NRD90U,Android 7.0,chrome 63.0 for android,2560x1440,mobile
Blade A510 Build/MRA58K||chrome 61.0 for android|,Blade A510 Build/MRA58K,,chrome 61.0 for android,,mobile
SM-G610M Build/MMB29K||chrome 63.0 for android|,SM-G610M Build/MMB29K,,chrome 63.0 for android,,mobile
iOS Device|iOS 11.0.1|mobile safari 11.0|1136x640,iOS Device,iOS 11.0.1,mobile safari 11.0,1136x640,mobile
SAMSUNG-SM-G930A Build/NRD90M|Android 7.0|chrome 63.0 for android|1920x1080,SAMSUNG-SM-G930A Build/NRD90M,Android 7.0,chrome 63.0 for android,1920x1080,mobile
MacOS|Mac OS X 10_13_2|chrome 62.0|5120x2880,MacOS,Mac OS X 10_13_2,chrome 62.0,5120x2880,desktop
SM-J320M Build/LMY47V||chrome 55.0 for android|,SM-J320M Build/LMY47V,,chrome 55.0 for android,,mobile
Pixel XL Build/OPM1.171019.011|Android 8.1.0|chrome 63.0 for android|2562x1442,Pixel XL Build/OPM1.171019.011,Android 8.1.0,chrome 63.0 for android,2562x1442,mobile
rv:57.0|Mac OS X 10.11|firefox 57.0|1680x1050,rv:57.0,Mac OS X 10.11,firefox 57.0,1680x1050,desktop
Linux i686||firefox 47.0|,Linux i686,,firefox 47.0,,desktop
iOS Device|iOS|mobile safari 8.0|1334x750,iOS Device,iOS,mobile safari 8.0,1334x750,mobile
PRA-LX3 Build/HUAWEIPRA-LX3||chrome 59.0 for android|,PRA-LX3 Build/HUAWEIPRA-LX3,,chrome 59.0 for android,,mobile
iOS Device|iOS 10.3.3|chrome 63.0 for ios|2048x1536,iOS Device,iOS 10.3.3,chrome 63.0 for ios,2048x1536,mobile
Hisense L675 PRO Build/NRD90M||chrome 63.0 for android|,Hisense L675 PRO Build/NRD90M,,chrome 63.0 for android,,mobile
SM-N900T|Android 4.4.2|chrome 62.0 for android|1920x1080,SM-N900T,Android 4.4.2,chrome 62.0 for android,1920x1080,mobile
SAMSUNG SM-G925P Build/NRD90M|Android 7.0|samsung browser 6.2|2560x1440,SAMSUNG SM-G925P Build/NRD90M,Android 7.0,samsung browser 6.2,2560x1440,mobile
iOS Device|iOS 11.0.0|mobile safari generic|2208x1242,iOS Device,iOS 11.0.0,mobile safari generic,2208x1242,mobile
Z983 Build/NMF26F|Android 7.1.1|chrome 63.0 for android|,Z983 Build/NMF26F,Android 7.1.1,chrome 63.0 for android,,mobile
SAMSUNG SM-J700T Build/NMF26X|Android 7.1.1|samsung browser 6.2|1280x720,SAMSUNG SM-J700T Build/NMF26X,Android 7.1.1,samsung browser 6.2,1280x720,mobile
F3113 Build/33.2.A.3.81||chrome 62.0 for android|,F3113 Build/33.2.A.3.81,,chrome 62.0 for android,,mobile
E6810 Build/5.320VZ.03.r|Android 7.1.2|chrome 62.0 for android|1920x1080,E6810 Build/5.320VZ.03.r,Android 7.1.2,chrome 62.0 for android,1920x1080,mobile
XT1254 Build/MCG24.251-5-5|Android 6.0.1|chrome 63.0 for android|2560x1440,XT1254 Build/MCG24.251-5-5,Android 6.0.1,chrome 63.0 for android,2560x1440,mobile
MacOS|Mac OS X 10_12_5|chrome 63.0|2880x1800,MacOS,Mac OS X 10_12_5,chrome 63.0,2880x1800,desktop
HTC One_M8 Build/MRA58K|Android 6.0|chrome 63.0 for android|1920x1080,HTC One_M8 Build/MRA58K,Android 6.0,chrome 63.0 for android,1920x1080,mobile
SAMSUNG SM-G890A Build/NRD90M|Android 7.0|samsung browser 6.2|2560x1440,SAMSUNG SM-G890A Build/NRD90M,Android 7.0,samsung browser 6.2,2560x1440,mobile
Windows|Windows 7|chrome 63.0|1400x1050,Windows,Windows 7,chrome 63.0,1400x1050,desktop
Windows|Windows 10|firefox 56.0|3840x2160,Windows,Windows 10,firefox 56.0,3840x2160,desktop
MacOS|Mac OS X 10_12_6|chrome 63.0|2560x1600,MacOS,Mac OS X 10_12_6,chrome 63.0,2560x1600,desktop
SM-T377V Build/NMF26X|Android 7.1.1|chrome 63.0 for android|,SM-T377V Build/NMF26X,Android 7.1.1,chrome 63.0 for android,,mobile
XT1055|Android|chrome 60.0 for android|1280x720,XT1055,Android,chrome 60.0 for android,1280x720,mobile
MacOS|Mac OS X 10_11_6|chrome 51.0|2880x1800,MacOS,Mac OS X 10_11_6,chrome 51.0,2880x1800,desktop
Windows|Windows 10|chrome 63.0|1280x800,Windows,Windows 10,chrome 63.0,1280x800,desktop
SM-G531H Build/LMY48B||chrome 63.0 for android|,SM-G531H Build/LMY48B,,chrome 63.0 for android,,mobile
Ilium X510 Build/MRA58K||chrome 63.0 for android|,Ilium X510 Build/MRA58K,,chrome 63.0 for android,,mobile
Windows||edge 13.0|,Windows,,edge 13.0,,desktop
Windows|Windows 8.1|firefox 56.0|1366x768,Windows,Windows 8.1,firefox 56.0,1366x768,desktop
SAMSUNG SM-G950U Build/NRD90M||samsung browser 6.2|,SAMSUNG SM-G950U Build/NRD90M,,samsung browser 6.2,,mobile
Trident/7.0|Windows 10|ie 11.0 for desktop|1280x960,Trident/7.0,Windows 10,ie 11.0 for desktop,1280x960,desktop
MacOS|Mac OS X 10_11_4|chrome 61.0|2560x1440,MacOS,Mac OS X 10_11_4,chrome 61.0,2560x1440,desktop
iOS Device|iOS 11.1.0|mobile safari 11.0|2732x2048,iOS Device,iOS 11.1.0,mobile safari 11.0,2732x2048,mobile
SM-T350 Build/NMF26X|Android 7.1.1|chrome 60.0 for android|,SM-T350 Build/NMF26X,Android 7.1.1,chrome 60.0 for android,,mobile
XT1008 Build/LPBS23.13-56-2||chrome 62.0 for android|,XT1008 Build/LPBS23.13-56-2,,chrome 62.0 for android,,mobile
XT1650 Build/NCLS26.118-23-13-3|Android 7.1.1|chrome 62.0 for android|,XT1650 Build/NCLS26.118-23-13-3,Android 7.1.1,chrome 62.0 for android,,mobile
Windows|Windows 10|firefox|1920x1200,Windows,Windows 10,firefox,1920x1200,desktop
LG-H901|Android 7.0|chrome 63.0 for android|2560x1440,LG-H901,Android 7.0,chrome 63.0 for android,2560x1440,mobile
rv:57.0|Windows 7|firefox 57.0|1024x768,rv:57.0,Windows 7,firefox 57.0,1024x768,desktop
LG-H901||chrome 63.0 for android|,LG-H901,,chrome 63.0 for android,,mobile
rv:52.0|Windows 10|firefox|1920x1200,rv:52.0,Windows 10,firefox,1920x1200,desktop
Windows|Windows 7|chrome 60.0|1280x1024,Windows,Windows 7,chrome 60.0,1280x1024,desktop
rv:57.0|Android 7.0|Generic/Android 7.0|2392x1440,rv:57.0,Android 7.0,Generic/Android 7.0,2392x1440,mobile
LG-K373||chrome 61.0 for android|,LG-K373,,chrome 61.0 for android,,mobile
MacOS|Mac OS X 10_12_1|chrome 62.0|1920x1080,MacOS,Mac OS X 10_12_1,chrome 62.0,1920x1080,desktop
VS425PP Build/LMY47V|Android 5.1.1|chrome 50.0 for android|855x480,VS425PP Build/LMY47V,Android 5.1.1,chrome 50.0 for android,855x480,mobile
LGUS215 Build/NRD90U|Android 7.0|chrome 62.0 for android|1280x720,LGUS215 Build/NRD90U,Android 7.0,chrome 62.0 for android,1280x720,mobile
SAMSUNG-SM-G890A Build/MMB29K|Android 6.0.1|chrome 63.0 for android|2560x1440,SAMSUNG-SM-G890A Build/MMB29K,Android 6.0.1,chrome 63.0 for android,2560x1440,mobile
iOS Device|iOS 11.2.1|mobile safari generic|1334x750,iOS Device,iOS 11.2.1,mobile safari generic,1334x750,mobile
rv:57.0|Android 7.0|Generic/Android 7.0|2076x1080,rv:57.0,Android 7.0,Generic/Android 7.0,2076x1080,mobile
SM-J327T1 Build/NRD90M|Android 7.0|chrome 63.0 for android|1280x720,SM-J327T1 Build/NRD90M,Android 7.0,chrome 63.0 for android,1280x720,mobile
SM-T377V|Android 6.0.1|chrome 62.0 for android|,SM-T377V,Android 6.0.1,chrome 62.0 for android,,mobile
iOS Device|iOS 11.2.0|mobile safari generic|2436x1125,iOS Device,iOS 11.2.0,mobile safari generic,2436x1125,mobile
SAMSUNG-SM-G891A Build/NRD90M|Android 7.0|chrome 63.0 for android|1920x1080,SAMSUNG-SM-G891A Build/NRD90M,Android 7.0,chrome 63.0 for android,1920x1080,mobile
MacOS|Mac OS X 10_13_2|chrome 63.0|2048x1152,MacOS,Mac OS X 10_13_2,chrome 63.0,2048x1152,desktop
|Android|chrome 63.0|,,Android,chrome 63.0,,mobile
rv:56.0|Mac OS X 10.11|firefox 56.0|2560x1600,rv:56.0,Mac OS X 10.11,firefox 56.0,2560x1600,desktop
HTC Desire 530 Build/MMB29M||chrome 63.0 for android|,HTC Desire 530 Build/MMB29M,,chrome 63.0 for android,,mobile
Lenovo TB-X103F Build/LenovoTB-X103F|Android 6.0.1|chrome 59.0 for android|1280x800,Lenovo TB-X103F Build/LenovoTB-X103F,Android 6.0.1,chrome 59.0 for android,1280x800,mobile
MacOS|Mac|chrome 49.0|1440x900,MacOS,Mac,chrome 49.0,1440x900,desktop
MacOS|Mac OS X 10_9_5|chrome 63.0|2560x1600,MacOS,Mac OS X 10_9_5,chrome 63.0,2560x1600,desktop
MacOS|Mac OS X 10_11_6|safari generic|1280x1024,MacOS,Mac OS X 10_11_6,safari generic,1280x1024,desktop
SAMSUNG-SM-G890A|Android 5.0.2|chrome 62.0 for android|2560x1440,SAMSUNG-SM-G890A,Android 5.0.2,chrome 62.0 for android,2560x1440,mobile
rv:58.0|Android 7.0|Generic/Android 7.0|,rv:58.0,Android 7.0,Generic/Android 7.0,,mobile
F3313 Build/37.0.A.2.108||chrome 63.0 for android|,F3313 Build/37.0.A.2.108,,chrome 63.0 for android,,mobile
Windows|Windows 7|chrome 58.0|1920x1080,Windows,Windows 7,chrome 58.0,1920x1080,desktop
MacOS|Mac|chrome 63.0|1440x900,MacOS,Mac,chrome 63.0,1440x900,desktop
Windows|Windows 10|edge 14.0|2735x1825,Windows,Windows 10,edge 14.0,2735x1825,desktop
Windows|Windows 10|chrome 63.0|2560x1080,Windows,Windows 10,chrome 63.0,2560x1080,desktop
LG-M430 Build/NRD90U|Android 7.0|chrome 63.0 for android|1280x720,LG-M430 Build/NRD90U,Android 7.0,chrome 63.0 for android,1280x720,mobile
Windows|Windows 10|chrome 61.0|1440x900,Windows,Windows 10,chrome 61.0,1440x900,desktop
Windows|Windows 7|firefox 57.0|2048x1080,Windows,Windows 7,firefox 57.0,2048x1080,desktop
MacOS|Mac OS X 10_11_6|chrome 63.0|1280x800,MacOS,Mac OS X 10_11_6,chrome 63.0,1280x800,desktop
VS995 Build/NRD90M|Android 7.0|chrome 63.0 for android|2560x1440,VS995 Build/NRD90M,Android 7.0,chrome 63.0 for android,2560x1440,mobile
LGLS770|Android 6.0|chrome 61.0 for android|1280x720,LGLS770,Android 6.0,chrome 61.0 for android,1280x720,mobile
LG-M210 Build/NRD90U|Android 7.0|other|1280x720,LG-M210 Build/NRD90U,Android 7.0,other,1280x720,mobile
XT1060|Android|chrome 63.0 for android|1280x720,XT1060,Android,chrome 63.0 for android,1280x720,mobile
SM-T580 Build/NRD90M|Android 7.0|chrome 62.0 for android|,SM-T580 Build/NRD90M,Android 7.0,chrome 62.0 for android,,mobile
SAMSUNG SM-N920P Build/NRD90M|Android 7.0|samsung browser 6.2|2562x1442,SAMSUNG SM-N920P Build/NRD90M,Android 7.0,samsung browser 6.2,2562x1442,mobile
MacOS|Mac OS X 10_6_8|chrome|1680x1050,MacOS,Mac OS X 10_6_8,chrome,1680x1050,desktop
Trident/7.0|Windows 7|ie 11.0 for desktop|1280x960,Trident/7.0,Windows 7,ie 11.0 for desktop,1280x960,desktop
MacOS|Mac OS X 10_11_6|chrome 61.0|3360x2100,MacOS,Mac OS X 10_11_6,chrome 61.0,3360x2100,desktop
LG-K200 Build/MXB48T||chrome 60.0 for android|,LG-K200 Build/MXB48T,,chrome 60.0 for android,,mobile
MacOS|Mac OS X 10_9_5|chrome 61.0|1280x800,MacOS,Mac OS X 10_9_5,chrome 61.0,1280x800,desktop
SAMSUNG-SM-G920A Build/NRD90M|Android 7.0|chrome 62.0 for android|2560x1440,SAMSUNG-SM-G920A Build/NRD90M,Android 7.0,chrome 62.0 for android,2560x1440,mobile
SAMSUNG-SM-G935A Build/NRD90M|Android 7.0|chrome 63.0 for android|1920x1080,SAMSUNG-SM-G935A Build/NRD90M,Android 7.0,chrome 63.0 for android,1920x1080,mobile
SAMSUNG SM-G935A Build/NRD90M|Android 7.0|samsung browser 6.2|2562x1442,SAMSUNG SM-G935A Build/NRD90M,Android 7.0,samsung browser 6.2,2562x1442,mobile
Windows|Windows 10|chrome 63.0|2049x1152,Windows,Windows 10,chrome 63.0,2049x1152,desktop
MacOS|Mac OS X 10_10_5|chrome 63.0|1280x1024,MacOS,Mac OS X 10_10_5,chrome 63.0,1280x1024,desktop
LG-H840 Build/NRD90U||chrome 63.0 for android|,LG-H840 Build/NRD90U,,chrome 63.0 for android,,mobile
Windows|Windows 8.1|chrome 62.0|1600x1200,Windows,Windows 8.1,chrome 62.0,1600x1200,desktop
Alcatel_4060A|Android 5.1.1|chrome 60.0 for android|855x480,Alcatel_4060A,Android 5.1.1,chrome 60.0 for android,855x480,mobile
HUAWEI VNS-L23 Build/HUAWEIVNS-L23||chrome 63.0 for android|,HUAWEI VNS-L23 Build/HUAWEIVNS-L23,,chrome 63.0 for android,,mobile
XT1650||chrome 63.0 for android|,XT1650,,chrome 63.0 for android,,mobile
F5121 Build/34.3.A.0.238||chrome 63.0 for android|,F5121 Build/34.3.A.0.238,,chrome 63.0 for android,,mobile
SM-G530T|Android 5.1.1|chrome 63.0 for android|960x540,SM-G530T,Android 5.1.1,chrome 63.0 for android,960x540,mobile
MacOS|Mac OS X 10_12_3|chrome 63.0|1366x768,MacOS,Mac OS X 10_12_3,chrome 63.0,1366x768,desktop
iOS Device|iOS 11.1.0|mobile safari 11.0|1136x640,iOS Device,iOS 11.1.0,mobile safari 11.0,1136x640,mobile
SM-G920F Build/MMB29K||chrome 62.0 for android|,SM-G920F Build/MMB29K,,chrome 62.0 for android,,mobile
8050G Build/LMY47I||chrome 46.0 for android|,8050G Build/LMY47I,,chrome 46.0 for android,,mobile
rv:56.0|Mac OS X 10.10|firefox 56.0|1440x900,rv:56.0,Mac OS X 10.10,firefox 56.0,1440x900,desktop
SAMSUNG SM-G930A Build/NRD90M|Android 7.0|samsung browser 6.2|,SAMSUNG SM-G930A Build/NRD90M,Android 7.0,samsung browser 6.2,,mobile
iOS Device|iOS 10.1.1|mobile safari 10.0|2208x1242,iOS Device,iOS 10.1.1,mobile safari 10.0,2208x1242,mobile
Windows|Windows 10|edge 16.0|1280x800,Windows,Windows 10,edge 16.0,1280x800,desktop
Windows|Windows 10|chrome 63.0|1728x972,Windows,Windows 10,chrome 63.0,1728x972,desktop
iOS Device|iOS 11.0.3|mobile safari generic|2732x2048,iOS Device,iOS 11.0.3,mobile safari generic,2732x2048,mobile
SM-J530GM Build/NRD90M||chrome 63.0 for android|,SM-J530GM Build/NRD90M,,chrome 63.0 for android,,mobile
MacOS|Mac OS X 10_10_5|chrome 63.0|2560x1440,MacOS,Mac OS X 10_10_5,chrome 63.0,2560x1440,desktop
MacOS|Mac OS X 10_12_6|chrome 57.0|1440x900,MacOS,Mac OS X 10_12_6,chrome 57.0,1440x900,desktop
MotoG3 Build/MPI24.65-33.1-2||chrome 62.0 for android|,MotoG3 Build/MPI24.65-33.1-2,,chrome 62.0 for android,,mobile
SM-J327V Build/NRD90M|Android 7.0|chrome 63.0 for android|1280x720,SM-J327V Build/NRD90M,Android 7.0,chrome 63.0 for android,1280x720,mobile
SM-J730GM Build/NRD90M||chrome 63.0 for android|,SM-J730GM Build/NRD90M,,chrome 63.0 for android,,mobile
|Android|chrome 63.0|2560x1600,,Android,chrome 63.0,2560x1600,mobile
Windows|Windows Vista|chrome 49.0|1680x1050,Windows,Windows Vista,chrome 49.0,1680x1050,desktop
rv:56.0|Android 6.0.1|firefox|,rv:56.0,Android 6.0.1,firefox,,mobile
Windows|Windows XP|chrome 49.0|1152x864,Windows,Windows XP,chrome 49.0,1152x864,desktop
Z983 Build/NMF26F|Android 7.1.1|chrome|1920x1080,Z983 Build/NMF26F,Android 7.1.1,chrome,1920x1080,mobile
HELIO||chrome 59.0 for android|,HELIO,,chrome 59.0 for android,,mobile
XT1528|Android|chrome 62.0 for android|960x540,XT1528,Android,chrome 62.0 for android,960x540,mobile
rv:57.0|Mac OS X 10.11|firefox 57.0|4096x2304,rv:57.0,Mac OS X 10.11,firefox 57.0,4096x2304,desktop
iOS Device|iOS 11.2.1|mobile safari 11.0|2732x2048,iOS Device,iOS 11.2.1,mobile safari 11.0,2732x2048,mobile
SAMSUNG SM-N950U1 Build/NMF26X||samsung browser 6.2|,SAMSUNG SM-N950U1 Build/NMF26X,,samsung browser 6.2,,mobile
MacOS|Mac|chrome 60.0|1440x900,MacOS,Mac,chrome 60.0,1440x900,desktop
Windows|Windows 10|chrome 63.0|1805x1015,Windows,Windows 10,chrome 63.0,1805x1015,desktop
SM-G925I Build/NRD90M||chrome 63.0 for android|,SM-G925I Build/NRD90M,,chrome 63.0 for android,,mobile
LGMS550 Build/NRD90U|Android 7.0|chrome 63.0 for android|,LGMS550 Build/NRD90U,Android 7.0,chrome 63.0 for android,,mobile
Windows|Windows 7|chrome 63.0|1280x720,Windows,Windows 7,chrome 63.0,1280x720,desktop
LG-K410 Build/LRX22G||chrome 63.0 for android|,LG-K410 Build/LRX22G,,chrome 63.0 for android,,mobile
Windows|Windows 10|edge 16.0|2160x1440,Windows,Windows 10,edge 16.0,2160x1440,desktop
rv:57.0|Mac OS X 10.12|firefox 57.0|1600x900,rv:57.0,Mac OS X 10.12,firefox 57.0,1600x900,desktop
SM-A720F Build/MMB29K||android webview 4.0|,SM-A720F Build/MMB29K,,android webview 4.0,,mobile
rv:52.0|Windows 10|firefox|2160x1440,rv:52.0,Windows 10,firefox,2160x1440,desktop
MacOS|Mac OS X 10_8_5|safari generic|1280x800,MacOS,Mac OS X 10_8_5,safari generic,1280x800,desktop
SAMSUNG SM-G925F Build/NRD90M||samsung browser 6.2|,SAMSUNG SM-G925F Build/NRD90M,,samsung browser 6.2,,mobile
iOS Device|iOS 11.0.3|mobile safari 11.0|2224x1668,iOS Device,iOS 11.0.3,mobile safari 11.0,2224x1668,mobile
Windows|Windows 7|chrome 60.0|1360x768,Windows,Windows 7,chrome 60.0,1360x768,desktop
BLADE V8 SE Build/NRD90M||chrome 63.0 for android|,BLADE V8 SE Build/NRD90M,,chrome 63.0 for android,,mobile
NXA116QC164|Android 5.0|chrome 63.0 for android|1366x768,NXA116QC164,Android 5.0,chrome 63.0 for android,1366x768,mobile
rv:57.0|Windows 8.1|firefox 57.0|1366x768,rv:57.0,Windows 8.1,firefox 57.0,1366x768,desktop
MacOS|Mac OS X 10_13_2|chrome 62.0|5760x3240,MacOS,Mac OS X 10_13_2,chrome 62.0,5760x3240,desktop
SM-G935P Build/NRD90M|Android 7.0|chrome 63.0 for android|1920x1080,SM-G935P Build/NRD90M,Android 7.0,chrome 63.0 for android,1920x1080,mobile
SM-S820L||chrome 62.0 for android|,SM-S820L,,chrome 62.0 for android,,mobile
iOS Device|iOS 11.0.3|mobile safari uiwebview|1136x640,iOS Device,iOS 11.0.3,mobile safari uiwebview,1136x640,mobile
SM-N950W||chrome 62.0 for android|,SM-N950W,,chrome 62.0 for android,,mobile
XT1032 Build/LPBS23.13-57-2||chrome 62.0 for android|,XT1032 Build/LPBS23.13-57-2,,chrome 62.0 for android,,mobile
MacOS|Mac OS X 10_12_2|chrome 61.0|1280x800,MacOS,Mac OS X 10_12_2,chrome 61.0,1280x800,desktop
MacOS|Mac OS X 10_12_6|chrome 63.0|3360x2100,MacOS,Mac OS X 10_12_6,chrome 63.0,3360x2100,desktop
D6603 Build/23.5.A.1.291||chrome 63.0 for android|,D6603 Build/23.5.A.1.291,,chrome 63.0 for android,,mobile
rv:57.0|Mac OS X 10.12|firefox 57.0|1280x720,rv:57.0,Mac OS X 10.12,firefox 57.0,1280x720,desktop
rv:53.0|Windows 10|firefox|1600x900,rv:53.0,Windows 10,firefox,1600x900,desktop
Moto G (4) Build/NPJ25.93-14||chrome generic|,Moto G (4) Build/NPJ25.93-14,,chrome generic,,mobile
HUAWEI G7-L03 Build/HuaweiG7-L03||chrome 54.0 for android|,HUAWEI G7-L03 Build/HuaweiG7-L03,,chrome 54.0 for android,,mobile
LG-K580 Build/MRA58K||chrome 61.0 for android|,LG-K580 Build/MRA58K,,chrome 61.0 for android,,mobile
SAMSUNG-SM-G900A Build/MMB29M|Android 6.0.1|chrome 60.0 for android|1920x1080,SAMSUNG-SM-G900A Build/MMB29M,Android 6.0.1,chrome 60.0 for android,1920x1080,mobile
MacOS|Mac OS X 10_10_5|chrome 56.0|1440x900,MacOS,Mac OS X 10_10_5,chrome 56.0,1440x900,desktop
E2306 Build/26.1.A.3.111||chrome 63.0 for android|,E2306 Build/26.1.A.3.111,,chrome 63.0 for android,,mobile
rv:52.0|Mac OS X 10.13|firefox 52.0|1280x800,rv:52.0,Mac OS X 10.13,firefox 52.0,1280x800,desktop
SAMSUNG|Android 6.0.1|samsung browser 6.2|1920x1080,SAMSUNG,Android 6.0.1,samsung browser 6.2,1920x1080,mobile
Windows|Windows 10|chrome 63.0|2000x1125,Windows,Windows 10,chrome 63.0,2000x1125,desktop
Moto|Android 7.1.1|chrome generic|1280x720,Moto,Android 7.1.1,chrome generic,1280x720,mobile
HTC Desire 626s Build/LMY47O||chrome 58.0 for android|,HTC Desire 626s Build/LMY47O,,chrome 58.0 for android,,mobile
Windows|Windows 10|chrome 63.0|1093x615,Windows,Windows 10,chrome 63.0,1093x615,desktop
CHC-U03 Build/HuaweiCHC-U03||chrome 59.0 for android|,CHC-U03 Build/HuaweiCHC-U03,,chrome 59.0 for android,,mobile
SM-G360M||chrome 63.0 for android|,SM-G360M,,chrome 63.0 for android,,mobile
Trident/7.0|Windows 8.1|Microsoft/Windows|1920x1080,Trident/7.0,Windows 8.1,Microsoft/Windows,1920x1080,mobile
QTASUN1 Build/NRD90M|Android 7.0|chrome 63.0 for android|1920x1200,QTASUN1 Build/NRD90M,Android 7.0,chrome 63.0 for android,1920x1200,mobile
MacOS|Mac OS X 10_13_2|chrome 62.0|1280x800,MacOS,Mac OS X 10_13_2,chrome 62.0,1280x800,desktop
Windows|Windows 10|opera 49.0|2560x1080,Windows,Windows 10,opera 49.0,2560x1080,desktop
SM-N920V Build/NRD90M|Android 7.0|chrome 60.0 for android|1920x1080,SM-N920V Build/NRD90M,Android 7.0,chrome 60.0 for android,1920x1080,mobile
Trident/7.0|Windows 7|ie 11.0 for desktop|1152x720,Trident/7.0,Windows 7,ie 11.0 for desktop,1152x720,desktop
Windows|Windows 8.1|chrome 63.0|1280x720,Windows,Windows 8.1,chrome 63.0,1280x720,desktop
SM-T810 Build/NRD90M|Android 7.0|chrome 63.0 for android|2048x1536,SM-T810 Build/NRD90M,Android 7.0,chrome 63.0 for android,2048x1536,mobile
rv:56.0|Mac OS X 10.11|firefox 56.0|1280x800,rv:56.0,Mac OS X 10.11,firefox 56.0,1280x800,desktop
LGLS775 Build/NRD90U|Android 7.0|chrome 63.0 for android|1280x720,LGLS775 Build/NRD90U,Android 7.0,chrome 63.0 for android,1280x720,mobile
SAMSUNG-SM-G920A Build/NRD90M|Android 7.0|chrome 63.0 for android|2560x1440,SAMSUNG-SM-G920A Build/NRD90M,Android 7.0,chrome 63.0 for android,2560x1440,mobile
SM-J500M Build/MMB29M||chrome 62.0 for android|,SM-J500M Build/MMB29M,,chrome 62.0 for android,,mobile
iOS Device|iOS 11.2.1|mobile safari 11.0|2001x1125,iOS Device,iOS 11.2.1,mobile safari 11.0,2001x1125,mobile
rv:56.0|Windows 7|firefox 56.0|1600x900,rv:56.0,Windows 7,firefox 56.0,1600x900,desktop
rv:11.0|Windows 7|ie 11.0 for desktop|1280x720,rv:11.0,Windows 7,ie 11.0 for desktop,1280x720,desktop
rv:48.0|Mac|firefox 48.0|1024x768,rv:48.0,Mac,firefox 48.0,1024x768,desktop
LG-H872 Build/NRD90U|Android 7.0|chrome 63.0 for android|2672x1440,LG-H872 Build/NRD90U,Android 7.0,chrome 63.0 for android,2672x1440,mobile
Windows|Windows 10|chrome 58.0|1366x768,Windows,Windows 10,chrome 58.0,1366x768,desktop
SM-J327P Build/MMB29M|Android 6.0.1|other|1280x720,SM-J327P Build/MMB29M,Android 6.0.1,other,1280x720,mobile
MacOS|Mac OS X 10_12_1|chrome 61.0|1440x900,MacOS,Mac OS X 10_12_1,chrome 61.0,1440x900,desktop
iOS Device|iOS 11.2.1|mobile safari 11.0|2224x1668,iOS Device,iOS 11.2.1,mobile safari 11.0,2224x1668,mobile
XT1064||chrome 63.0 for android|,XT1064,,chrome 63.0 for android,,mobile
LG-H918 Build/NRD90M|Android 7.0|chrome 62.0 for android|2560x1440,LG-H918 Build/NRD90M,Android 7.0,chrome 62.0 for android,2560x1440,mobile
Windows|Windows 10|chrome 63.0|2816x1584,Windows,Windows 10,chrome 63.0,2816x1584,desktop
SAMSUNG SM-N920P Build/NRD90M|Android 7.0|samsung browser 5.4|1920x1080,SAMSUNG SM-N920P Build/NRD90M,Android 7.0,samsung browser 5.4,1920x1080,mobile
SM-S903VL|Android 6.0.1|chrome 63.0 for android|1920x1080,SM-S903VL,Android 6.0.1,chrome 63.0 for android,1920x1080,mobile
LG-K530 Build/NRD90U||chrome 63.0 for android|,LG-K530 Build/NRD90U,,chrome 63.0 for android,,mobile
P4526A Build/NRD90M||chrome 62.0 for android|,P4526A Build/NRD90M,,chrome 62.0 for android,,mobile
en-us|Android|chrome generic|1920x1080,en-us,Android,chrome generic,1920x1080,mobile
SM-G920F Build/NRD90M||chrome 63.0 for android|,SM-G920F Build/NRD90M,,chrome 63.0 for android,,mobile
Windows|Windows 7|chrome 58.0|1440x900,Windows,Windows 7,chrome 58.0,1440x900,desktop
HTC Desire 626s Build/LMY47O|Android|chrome generic|1184x720,HTC Desire 626s Build/LMY47O,Android,chrome generic,1184x720,mobile
MacOS|Mac OS X 10_12_5|chrome 63.0|1280x800,MacOS,Mac OS X 10_12_5,chrome 63.0,1280x800,desktop
Blade V6 Build/LRX22G||chrome 63.0 for android|,Blade V6 Build/LRX22G,,chrome 63.0 for android,,mobile
MacOS|Mac OS X 10_13_2|safari generic|1152x720,MacOS,Mac OS X 10_13_2,safari generic,1152x720,desktop
SM-G900P Build/MMB29M|Android 6.0.1|chrome 61.0 for android|1920x1080,SM-G900P Build/MMB29M,Android 6.0.1,chrome 61.0 for android,1920x1080,mobile
SM-G530H Build/LRX22G||chrome 60.0 for android|,SM-G530H Build/LRX22G,,chrome 60.0 for android,,mobile
Windows|Windows 7|chrome 63.0|1440x810,Windows,Windows 7,chrome 63.0,1440x810,desktop
BLADE A520 Build/NRD90M||chrome 60.0 for android|,BLADE A520 Build/NRD90M,,chrome 60.0 for android,,mobile
iOS Device|iOS 11.2.1|mobile safari 11.0|2436x1125,iOS Device,iOS 11.2.1,mobile safari 11.0,2436x1125,mobile
rv:51.0|Windows 7|firefox|1920x1080,rv:51.0,Windows 7,firefox,1920x1080,desktop
Windows|Windows 10|chrome 57.0|1280x1025,Windows,Windows 10,chrome 57.0,1280x1025,desktop
Windows|Windows 8|chrome 60.0|1920x1080,Windows,Windows 8,chrome 60.0,1920x1080,desktop
XT1575|Android 7.0|chrome 63.0 for android|2562x1442,XT1575,Android 7.0,chrome 63.0 for android,2562x1442,mobile
Windows|Windows 10|chrome 63.0|1400x1050,Windows,Windows 10,chrome 63.0,1400x1050,desktop
Z835 Build/NMF26V|Android 7.1.1|chrome|855x480,Z835 Build/NMF26V,Android 7.1.1,chrome,855x480,mobile
MacOS|Mac OS X 10_11_6|safari generic|1280x720,MacOS,Mac OS X 10_11_6,safari generic,1280x720,desktop
MacOS|Mac OS X 10_13_2|chrome 62.0|1366x768,MacOS,Mac OS X 10_13_2,chrome 62.0,1366x768,desktop
Android 7.0|||,Android 7.0,,,,mobile
SM-N920T Build/NRD90M|Android 7.0|chrome 63.0 for android|,SM-N920T Build/NRD90M,Android 7.0,chrome 63.0 for android,,mobile
rv:46.0|Mac OS X 10.13|firefox|1920x1080,rv:46.0,Mac OS X 10.13,firefox,1920x1080,desktop
MacOS|Mac OS X 10_12_4|chrome 62.0|1920x1080,MacOS,Mac OS X 10_12_4,chrome 62.0,1920x1080,desktop
MacOS|Mac OS X 10_11_6|other|2880x1800,MacOS,Mac OS X 10_11_6,other,2880x1800,mobile
SM-J120H Build/LMY47V||chrome 56.0 for android|,SM-J120H Build/LMY47V,,chrome 56.0 for android,,mobile
Windows|Windows 7|chrome 60.0|1280x1025,Windows,Windows 7,chrome 60.0,1280x1025,desktop
MacOS|Mac OS X 10_11_6|chrome|1920x1200,MacOS,Mac OS X 10_11_6,chrome,1920x1200,desktop
MacOS|Mac OS X 10_12_6|safari generic|1600x1000,MacOS,Mac OS X 10_12_6,safari generic,1600x1000,desktop
rv:48.0|Mac OS X 10.12|firefox 48.0|2880x1800,rv:48.0,Mac OS X 10.12,firefox 48.0,2880x1800,desktop
REVVLPLUS|Android 7.1.1|chrome 58.0 for android|1920x1080,REVVLPLUS,Android 7.1.1,chrome 58.0 for android,1920x1080,mobile
HTC|Android 6.0|chrome 63.0 for android|1920x1080,HTC,Android 6.0,chrome 63.0 for android,1920x1080,mobile
MacOS|Mac OS X 10_13_1|chrome 58.0|1280x800,MacOS,Mac OS X 10_13_1,chrome 58.0,1280x800,desktop
Trident/7.0|Windows 10|ie 11.0 for desktop|1360x768,Trident/7.0,Windows 10,ie 11.0 for desktop,1360x768,desktop
iOS Device|iOS 11.0.2|mobile safari generic|1334x750,iOS Device,iOS 11.0.2,mobile safari generic,1334x750,mobile
HTC Desire 10 lifestyle Build/MMB29M||chrome 63.0 for android|,HTC Desire 10 lifestyle Build/MMB29M,,chrome 63.0 for android,,mobile
Lenovo K33b36 Build/MMB29M||chrome 62.0 for android|,Lenovo K33b36 Build/MMB29M,,chrome 62.0 for android,,mobile
iOS Device|iOS 11.1.1|mobile safari 9.0|2732x2048,iOS Device,iOS 11.1.1,mobile safari 9.0,2732x2048,mobile
MacOS|Mac OS X 10_13_1|chrome 63.0|1600x900,MacOS,Mac OS X 10_13_1,chrome 63.0,1600x900,desktop
MacOS|Mac OS X 10_13_3|safari generic|1920x1080,MacOS,Mac OS X 10_13_3,safari generic,1920x1080,desktop
rv:57.0|Mac OS X 10.11|firefox 57.0|2560x1440,rv:57.0,Mac OS X 10.11,firefox 57.0,2560x1440,desktop
Windows|Windows 7|chrome|1600x900,Windows,Windows 7,chrome,1600x900,desktop
Windows|Windows 7|firefox 56.0|1366x768,Windows,Windows 7,firefox 56.0,1366x768,desktop
Windows|Windows Vista|chrome 49.0|1280x960,Windows,Windows Vista,chrome 49.0,1280x960,desktop
LG-H650 Build/MRA58K||chrome 61.0 for android|,LG-H650 Build/MRA58K,,chrome 61.0 for android,,mobile
SM-G900V Build/MMB29M|Android 6.0.1|chrome 58.0 for android|1920x1080,SM-G900V Build/MMB29M,Android 6.0.1,chrome 58.0 for android,1920x1080,mobile
iOS Device|iOS 11.2.1|mobile safari generic|1136x640,iOS Device,iOS 11.2.1,mobile safari generic,1136x640,mobile
Windows|Windows 7|chrome 63.0|1280x960,Windows,Windows 7,chrome 63.0,1280x960,desktop
SM-G950U Build/NRD90M|Android 7.0|chrome 63.0 for android|2960x1440,SM-G950U Build/NRD90M,Android 7.0,chrome 63.0 for android,2960x1440,mobile
SM-G532M Build/MMB29T||chrome 58.0 for android|,SM-G532M Build/MMB29T,,chrome 58.0 for android,,mobile
SM-G530P|Android 5.1.1|chrome 63.0 for android|960x540,SM-G530P,Android 5.1.1,chrome 63.0 for android,960x540,mobile
Nexus|Android 5.1.1|chrome 62.0 for android|2048x1536,Nexus,Android 5.1.1,chrome 62.0 for android,2048x1536,mobile
MacOS|Mac OS X 10_13_1|chrome 63.0|1366x768,MacOS,Mac OS X 10_13_1,chrome 63.0,1366x768,desktop
rv:56.0|Mac OS X 10.10|firefox 56.0|1680x1050,rv:56.0,Mac OS X 10.10,firefox 56.0,1680x1050,desktop
SM-J320FN Build/LMY47V||chrome 61.0 for android|,SM-J320FN Build/LMY47V,,chrome 61.0 for android,,mobile
MacOS|Mac OS X 10_12_4|chrome 62.0|5120x2880,MacOS,Mac OS X 10_12_4,chrome 62.0,5120x2880,desktop
rv:52.0|Windows Vista|firefox 52.0|1680x1050,rv:52.0,Windows Vista,firefox 52.0,1680x1050,desktop
Pixel 2 Build/OPM1.171019.011|Android 8.1.0|chrome 62.0 for android|,Pixel 2 Build/OPM1.171019.011,Android 8.1.0,chrome 62.0 for android,,mobile
SM-G550T1 Build/MMB29K|Android 6.0.1|chrome 62.0 for android|1280x720,SM-G550T1 Build/MMB29K,Android 6.0.1,chrome 62.0 for android,1280x720,mobile
LG-M327 Build/NRD90U|Android 7.0|chrome 56.0 for android|1280x720,LG-M327 Build/NRD90U,Android 7.0,chrome 56.0 for android,1280x720,mobile
ATT-IE11|Windows 7|ie 11.0 for desktop|1364x768,ATT-IE11,Windows 7,ie 11.0 for desktop,1364x768,desktop
iOS Device|iOS 11.2.1|mobile safari generic|2048x1536,iOS Device,iOS 11.2.1,mobile safari generic,2048x1536,mobile
Windows|Windows 10|chrome 63.0|2112x1188,Windows,Windows 10,chrome 63.0,2112x1188,desktop
SM-G955U1 Build/NRD90M|Android 7.0|chrome 63.0 for android|,SM-G955U1 Build/NRD90M,Android 7.0,chrome 63.0 for android,,mobile
MacOS|Mac OS X 10_11_6|chrome 63.0|5120x2880,MacOS,Mac OS X 10_11_6,chrome 63.0,5120x2880,desktop
MacOS|Mac OS X 10_13_2|chrome 62.0|1920x1080,MacOS,Mac OS X 10_13_2,chrome 62.0,1920x1080,desktop
F5121 Build/34.3.A.0.238||chrome 62.0 for android|,F5121 Build/34.3.A.0.238,,chrome 62.0 for android,,mobile
rv:57.0|Mac OS X 10.13|firefox 57.0|1600x900,rv:57.0,Mac OS X 10.13,firefox 57.0,1600x900,desktop
SM-T377V Build/NMF26X|Android 7.1.1|other|,SM-T377V Build/NMF26X,Android 7.1.1,other,,mobile
Windows|Windows XP|chrome 49.0|1366x768,Windows,Windows XP,chrome 49.0,1366x768,desktop
MacOS|Mac OS X 10_13_2|chrome 63.0|5040x3150,MacOS,Mac OS X 10_13_2,chrome 63.0,5040x3150,desktop
PSPC550 Build/LMY47D||chrome 63.0 for android|,PSPC550 Build/LMY47D,,chrome 63.0 for android,,mobile
XT1563||chrome 63.0 for android|,XT1563,,chrome 63.0 for android,,mobile
STV100-3|Android 6.0.1|chrome 63.0 for android|2562x1442,STV100-3,Android 6.0.1,chrome 63.0 for android,2562x1442,mobile
iOS Device|iOS 10.1.1|mobile safari generic|2048x1536,iOS Device,iOS 10.1.1,mobile safari generic,2048x1536,mobile
SM-G920V Build/MMB29K|Android 6.0.1|chrome 63.0 for android|2560x1440,SM-G920V Build/MMB29K,Android 6.0.1,chrome 63.0 for android,2560x1440,mobile
rv:57.0|Mac OS X 10.12|firefox 57.0|1366x768,rv:57.0,Mac OS X 10.12,firefox 57.0,1366x768,desktop
SM-A320Y||chrome 62.0 for android|,SM-A320Y,,chrome 62.0 for android,,mobile
HTC6545LVW|Android 7.0|chrome 63.0 for android|2560x1440,HTC6545LVW,Android 7.0,chrome 63.0 for android,2560x1440,mobile
SM-N900T Build/LRX21V|Android 5.0|chrome 63.0 for android|1920x1080,SM-N900T Build/LRX21V,Android 5.0,chrome 63.0 for android,1920x1080,mobile
GT-I9060M Build/KTU84P||chrome|,GT-I9060M Build/KTU84P,,chrome,,mobile
rv:52.0|Windows 10|firefox|1366x768,rv:52.0,Windows 10,firefox,1366x768,desktop
iOS Device|iOS 10.3.1|mobile safari generic|2208x1242,iOS Device,iOS 10.3.1,mobile safari generic,2208x1242,mobile
XT1030 Build/SU6-7.7|Android|chrome 62.0 for android|1280x720,XT1030 Build/SU6-7.7,Android,chrome 62.0 for android,1280x720,mobile
SM-S902L|Android 4.4.2|chrome 63.0 for android|1920x1080,SM-S902L,Android 4.4.2,chrome 63.0 for android,1920x1080,mobile
|Linux|chrome 57.0|1366x768,,Linux,chrome 57.0,1366x768,desktop
rv:57.0|Mac OS X 10.10|firefox 57.0|1920x1200,rv:57.0,Mac OS X 10.10,firefox 57.0,1920x1200,desktop
LG-X240 Build/MRA58K||chrome 63.0 for android|,LG-X240 Build/MRA58K,,chrome 63.0 for android,,mobile
GT-I9500||chrome 63.0 for android|,GT-I9500,,chrome 63.0 for android,,mobile
MacOS|Mac OS X 10_12_2|chrome 62.0|1280x800,MacOS,Mac OS X 10_12_2,chrome 62.0,1280x800,desktop
E6810 Build/5.320VZ.03.r|Android 7.1.2|other|1920x1080,E6810 Build/5.320VZ.03.r,Android 7.1.2,other,1920x1080,mobile
EVA-L09 Build/HUAWEIEVA-L09||chrome 60.0 for android|,EVA-L09 Build/HUAWEIEVA-L09,,chrome 60.0 for android,,mobile
SAMSUNG SM-G955U Build/NRD90M|Android 7.0|samsung browser 6.2|2961x1442,SAMSUNG SM-G955U Build/NRD90M,Android 7.0,samsung browser 6.2,2961x1442,mobile
SM-G935T Build/NRD90M||chrome 63.0 for android|,SM-G935T Build/NRD90M,,chrome 63.0 for android,,mobile
Windows|Windows 10|chrome 63.0|3000x2000,Windows,Windows 10,chrome 63.0,3000x2000,desktop
Moto Z2 Play Build/NPSS26.118-19-6||chrome 63.0 for android|,Moto Z2 Play Build/NPSS26.118-19-6,,chrome 63.0 for android,,mobile
Windows|Windows 10|edge 15.0|1360x768,Windows,Windows 10,edge 15.0,1360x768,desktop
SAMSUNG-SM-G900A Build/LMY47X|Android 5.1.1|chrome 62.0 for android|1920x1080,SAMSUNG-SM-G900A Build/LMY47X,Android 5.1.1,chrome 62.0 for android,1920x1080,mobile
SM-G930V Build/NRD90M|Android 7.0|android webview 4.0|5760x3240,SM-G930V Build/NRD90M,Android 7.0,android webview 4.0,5760x3240,mobile
iOS Device|iOS 11.2.1|mobile safari generic|2436x1125,iOS Device,iOS 11.2.1,mobile safari generic,2436x1125,mobile
SM-G935P Build/NRD90M||chrome 63.0 for android|,SM-G935P Build/NRD90M,,chrome 63.0 for android,,mobile
MacOS|Mac OS X 10_11_3|chrome 61.0|2560x1600,MacOS,Mac OS X 10_11_3,chrome 61.0,2560x1600,desktop
SM-J700M Build/LMY48B||chrome 55.0 for android|,SM-J700M Build/LMY48B,,chrome 55.0 for android,,mobile
MacOS|Mac OS X 10_13_1|chrome 61.0|2880x1800,MacOS,Mac OS X 10_13_1,chrome 61.0,2880x1800,desktop
SM-G935F Build/MMB29K||chrome 63.0 for android|,SM-G935F Build/MMB29K,,chrome 63.0 for android,,mobile
PH-1|Android 7.1.1|chrome 63.0 for android|,PH-1,Android 7.1.1,chrome 63.0 for android,,mobile
LG-H850||chrome 59.0 for android|,LG-H850,,chrome 59.0 for android,,mobile
LG-M700 Build/NMF26X||chrome 63.0 for android|,LG-M700 Build/NMF26X,,chrome 63.0 for android,,mobile
iOS Device|iOS|mobile safari uiwebview|2208x1242,iOS Device,iOS,mobile safari uiwebview,2208x1242,mobile
HTC|Android 6.0.1|chrome 62.0 for android|1280x720,HTC,Android 6.0.1,chrome 62.0 for android,1280x720,mobile
D6708|Android 5.1.1|chrome 61.0 for android|1920x1080,D6708,Android 5.1.1,chrome 61.0 for android,1920x1080,mobile
F3113 Build/33.3.A.1.97||chrome 63.0 for android|,F3113 Build/33.3.A.1.97,,chrome 63.0 for android,,mobile
XT1254 Build/MCG24.251-5-5|Android 6.0.1|chrome 61.0 for android|2560x1440,XT1254 Build/MCG24.251-5-5,Android 6.0.1,chrome 61.0 for android,2560x1440,mobile
SM-J700M Build/MMB29K|Android 6.0.1|chrome 62.0 for android|1280x720,SM-J700M Build/MMB29K,Android 6.0.1,chrome 62.0 for android,1280x720,mobile
SM-T813 Build/NRD90M|Android 7.0|chrome 63.0 for android|,SM-T813 Build/NRD90M,Android 7.0,chrome 63.0 for android,,mobile
|Linux|chrome 63.0|2560x1440,,Linux,chrome 63.0,2560x1440,desktop
en-us|Android 4.4.2|other|960x540,en-us,Android 4.4.2,other,960x540,mobile
5010G Build/MRA58K||chrome 59.0 for android|,5010G Build/MRA58K,,chrome 59.0 for android,,mobile
Pixel Build/OPM1.171019.011|Android 8.1.0|chrome 62.0 for android|,Pixel Build/OPM1.171019.011,Android 8.1.0,chrome 62.0 for android,,mobile
Windows|Windows 8.1|chrome|1920x1200,Windows,Windows 8.1,chrome,1920x1200,desktop
SM-T710 Build/NRD90M||chrome 63.0 for android|,SM-T710 Build/NRD90M,,chrome 63.0 for android,,mobile
SM-T813 Build/NRD90M|Android 7.0|chrome 63.0 for android|2048x1536,SM-T813 Build/NRD90M,Android 7.0,chrome 63.0 for android,2048x1536,mobile
SM-G935V Build/NRD90M||chrome 63.0 for android|,SM-G935V Build/NRD90M,,chrome 63.0 for android,,mobile
Windows|Windows 7|chrome 59.0|1366x768,Windows,Windows 7,chrome 59.0,1366x768,desktop
MotoG3-TE Build/MPDS24.65-33-1-30||chrome 62.0 for android|,MotoG3-TE Build/MPDS24.65-33-1-30,,chrome 62.0 for android,,mobile
Windows|Windows 10|chrome 63.0|1280x768,Windows,Windows 10,chrome 63.0,1280x768,desktop
SM-G930P Build/NRD90M|Android 7.0|chrome 62.0 for android|,SM-G930P Build/NRD90M,Android 7.0,chrome 62.0 for android,,mobile
ASUS_Z00ED||android webview 4.0|,ASUS_Z00ED,,android webview 4.0,,mobile
|Linux|chrome 63.0|2961x1442,,Linux,chrome 63.0,2961x1442,desktop
Windows|Windows 7|chrome 61.0|1440x900,Windows,Windows 7,chrome 61.0,1440x900,desktop
Windows|Windows 8.1|opera 49.0|1366x768,Windows,Windows 8.1,opera 49.0,1366x768,desktop
rv:50.0|Mac OS X 10.11|firefox|1920x1080,rv:50.0,Mac OS X 10.11,firefox,1920x1080,desktop
MacOS|Mac OS X 10_12_3|safari generic|1280x800,MacOS,Mac OS X 10_12_3,safari generic,1280x800,desktop
Windows|Windows 7|chrome 63.0|1152x864,Windows,Windows 7,chrome 63.0,1152x864,desktop
SAMSUNG-SM-G930A Build/NRD90M||chrome 63.0 for android|,SAMSUNG-SM-G930A Build/NRD90M,,chrome 63.0 for android,,mobile
||edge 16.0|,,,edge 16.0,,desktop
MacOS|Mac OS X 10_11_6|chrome 60.0|1440x900,MacOS,Mac OS X 10_11_6,chrome 60.0,1440x900,desktop
LG-H910 Build/NRD90M|Android 7.0|chrome 63.0 for android|2560x1440,LG-H910 Build/NRD90M,Android 7.0,chrome 63.0 for android,2560x1440,mobile
rv:45.0|Mac OS X 10.11|firefox|1920x1200,rv:45.0,Mac OS X 10.11,firefox,1920x1200,desktop
MacOS|Mac OS X 10_11_4|chrome 63.0|1440x900,MacOS,Mac OS X 10_11_4,chrome 63.0,1440x900,desktop
SM-J710MN Build/MMB29K||chrome 50.0 for android|,SM-J710MN Build/MMB29K,,chrome 50.0 for android,,mobile
Ilium LT510 Build/MRA58K||chrome 50.0 for android|,Ilium LT510 Build/MRA58K,,chrome 50.0 for android,,mobile
Windows|Windows 10|chrome|1680x1050,Windows,Windows 10,chrome,1680x1050,desktop
C6743 Build/LMY47V|Android 5.1.1|chrome 62.0 for android|960x540,C6743 Build/LMY47V,Android 5.1.1,chrome 62.0 for android,960x540,mobile
SM-J701M Build/NRD90M||chrome 63.0 for android|,SM-J701M Build/NRD90M,,chrome 63.0 for android,,mobile
MacOS|Mac OS X 10_12_4|chrome 62.0|1280x800,MacOS,Mac OS X 10_12_4,chrome 62.0,1280x800,desktop
iOS Device|iOS 10.3.2|mobile safari 10.0|2224x1668,iOS Device,iOS 10.3.2,mobile safari 10.0,2224x1668,mobile
iOS Device|iOS 11.0.0|mobile safari 11.0|2001x1125,iOS Device,iOS 11.0.0,mobile safari 11.0,2001x1125,mobile
HUAWEI G7-L03 Build/HuaweiG7-L03||chrome 63.0 for android|,HUAWEI G7-L03 Build/HuaweiG7-L03,,chrome 63.0 for android,,mobile
BLN-L24 Build/HONORBLN-L24|Android 7.0|chrome 63.0 for android|1920x1080,BLN-L24 Build/HONORBLN-L24,Android 7.0,chrome 63.0 for android,1920x1080,mobile
LG-K550 Build/NRD90U|Android 7.0|chrome 60.0 for android|1280x720,LG-K550 Build/NRD90U,Android 7.0,chrome 60.0 for android,1280x720,mobile
BLADE L7 Build/MRA58K||chrome 63.0 for android|,BLADE L7 Build/MRA58K,,chrome 63.0 for android,,mobile
MacOS|Mac OS X 10_6_8|chrome 49.0|1440x900,MacOS,Mac OS X 10_6_8,chrome 49.0,1440x900,desktop
iOS Device|iOS 11.2.1|mobile safari generic|2208x1242,iOS Device,iOS 11.2.1,mobile safari generic,2208x1242,mobile
Nexus 5 Build/M4B30Z||chrome 63.0 for android|,Nexus 5 Build/M4B30Z,,chrome 63.0 for android,,mobile
Windows|Windows 7|chrome 63.0|2880x1620,Windows,Windows 7,chrome 63.0,2880x1620,desktop
Windows|Windows 10|ie 11.0 for desktop|1680x1050,Windows,Windows 10,ie 11.0 for desktop,1680x1050,desktop
Trident/7.0|Windows 7|ie 11.0 for desktop|1600x1200,Trident/7.0,Windows 7,ie 11.0 for desktop,1600x1200,desktop
LG-D693n Build/LRX22G||chrome 61.0 for android|,LG-D693n Build/LRX22G,,chrome 61.0 for android,,mobile
Windows|Windows 7|chrome 59.0|1280x1024,Windows,Windows 7,chrome 59.0,1280x1024,desktop
Windows|Windows 7|chrome 63.0|3441x1440,Windows,Windows 7,chrome 63.0,3441x1440,desktop
SAMSUNG SM-G920F Build/NRD90M||samsung browser 6.2|,SAMSUNG SM-G920F Build/NRD90M,,samsung browser 6.2,,mobile
Windows|Windows 7|firefox 56.0|1280x800,Windows,Windows 7,firefox 56.0,1280x800,desktop
iOS Device|iOS 11.1.1|mobile safari uiwebview|2048x1536,iOS Device,iOS 11.1.1,mobile safari uiwebview,2048x1536,mobile
rv:54.0|Windows 7|firefox|1920x1080,rv:54.0,Windows 7,firefox,1920x1080,desktop
SM-G930V Build/NRD90M||chrome 62.0 for android|,SM-G930V Build/NRD90M,,chrome 62.0 for android,,mobile
XT1609 Build/MPIS24.241-2.35-1-17|Android 6.0.1|chrome 62.0 for android|1280x720,XT1609 Build/MPIS24.241-2.35-1-17,Android 6.0.1,chrome 62.0 for android,1280x720,mobile
MacOS|Mac|chrome 61.0|1366x768,MacOS,Mac,chrome 61.0,1366x768,desktop
MacOS|Mac OS X 10_11_5|safari generic|1920x1200,MacOS,Mac OS X 10_11_5,safari generic,1920x1200,desktop
Windows|Windows 8|ie 11.0 for desktop|1366x768,Windows,Windows 8,ie 11.0 for desktop,1366x768,desktop
TA-1039 Build/NMF26F||chrome 63.0 for android|,TA-1039 Build/NMF26F,,chrome 63.0 for android,,mobile
Windows|Windows 10|chrome generic|1366x768,Windows,Windows 10,chrome generic,1366x768,desktop
MacOS|Mac|chrome 61.0|2560x1600,MacOS,Mac,chrome 61.0,2560x1600,desktop
Windows|Windows 7|ie 11.0 for desktop|1600x900,Windows,Windows 7,ie 11.0 for desktop,1600x900,desktop
BLL-L23 Build/HUAWEIBLL-L23||other|,BLL-L23 Build/HUAWEIBLL-L23,,other,,mobile
hi6210sft Build/MRA58K||chrome 63.0 for android|,hi6210sft Build/MRA58K,,chrome 63.0 for android,,mobile
iOS Device|iOS 9.3.5|mobile safari 9.0|2732x2048,iOS Device,iOS 9.3.5,mobile safari 9.0,2732x2048,mobile
rv:53.0|Mac OS X 10.11|firefox|2560x1600,rv:53.0,Mac OS X 10.11,firefox,2560x1600,desktop
XT1563 Build/MPD24.107-52||chrome 61.0 for android|,XT1563 Build/MPD24.107-52,,chrome 61.0 for android,,mobile
KFSUWI Build/LVY48F|Android 5.1.1|chrome generic|1920x1200,KFSUWI Build/LVY48F,Android 5.1.1,chrome generic,1920x1200,mobile
5010G Build/MRA58K||chrome 63.0 for android|,5010G Build/MRA58K,,chrome 63.0 for android,,mobile
Z798BL Build/MMB29M|Android 6.0.1|android webview 4.0|855x480,Z798BL Build/MMB29M,Android 6.0.1,android webview 4.0,855x480,mobile
SM-T350 Build/MMB29M|Android 6.0.1|chrome 61.0 for android|1024x768,SM-T350 Build/MMB29M,Android 6.0.1,chrome 61.0 for android,1024x768,mobile
SM-G900P Build/MMB29M|Android 6.0.1|chrome 63.0 for android|1920x1080,SM-G900P Build/MMB29M,Android 6.0.1,chrome 63.0 for android,1920x1080,mobile
LG-H631|Android 6.0|chrome 59.0 for android|1280x720,LG-H631,Android 6.0,chrome 59.0 for android,1280x720,mobile
MacOS|Mac OS X 10_12_3|chrome 59.0|1440x900,MacOS,Mac OS X 10_12_3,chrome 59.0,1440x900,desktop
iOS Device|iOS 10.2.1|mobile safari generic|1136x640,iOS Device,iOS 10.2.1,mobile safari generic,1136x640,mobile
Moto X Play Build/NPD26.48-24-1||chrome 63.0 for android|,Moto X Play Build/NPD26.48-24-1,,chrome 63.0 for android,,mobile
SM-J701M Build/NRD90M||other|,SM-J701M Build/NRD90M,,other,,mobile
MacOS|Mac OS X 10_9_5|chrome 63.0|1920x1200,MacOS,Mac OS X 10_9_5,chrome 63.0,1920x1200,desktop
Windows|Windows 10|chrome 63.0|1152x864,Windows,Windows 10,chrome 63.0,1152x864,desktop
LGMS210 Build/NRD90U|Android 7.0|chrome 63.0 for android|1280x720,LGMS210 Build/NRD90U,Android 7.0,chrome 63.0 for android,1280x720,mobile
Ilium LT510 Build/MRA58K||chrome 57.0 for android|,Ilium LT510 Build/MRA58K,,chrome 57.0 for android,,mobile
MacOS|Mac OS X 10_11_6|chrome 63.0|4096x2304,MacOS,Mac OS X 10_11_6,chrome 63.0,4096x2304,desktop
Windows|Windows 7|chrome 60.0|1920x1200,Windows,Windows 7,chrome 60.0,1920x1200,desktop
SM-J700M Build/MMB29K||chrome 59.0 for android|,SM-J700M Build/MMB29K,,chrome 59.0 for android,,mobile
rv:45.0||firefox|,rv:45.0,,firefox,,desktop
rv:35.0|Mac OS X 10.9|firefox|2560x1600,rv:35.0,Mac OS X 10.9,firefox,2560x1600,desktop
Windows|Windows 8|chrome 61.0|,Windows,Windows 8,chrome 61.0,,desktop
KFMEWI|Android 5.1.1|chrome generic|,KFMEWI,Android 5.1.1,chrome generic,,mobile
LGLS991|Android 6.0|chrome 58.0 for android|2560x1440,LGLS991,Android 6.0,chrome 58.0 for android,2560x1440,mobile
MacOS|Mac OS X 10_11_6|chrome 62.0|3200x1800,MacOS,Mac OS X 10_11_6,chrome 62.0,3200x1800,desktop
Windows|Windows 10|chrome 63.0|5760x1080,Windows,Windows 10,chrome 63.0,5760x1080,desktop
Nexus 6P Build/OPR5.170623.014|||,Nexus 6P Build/OPR5.170623.014,,,,mobile
MDDRJS|Windows 7|ie 11.0 for desktop|1280x1024,MDDRJS,Windows 7,ie 11.0 for desktop,1280x1024,desktop
SM-G955U Build/NRD90M|Android 7.0|chrome 63.0 for android|2961x1442,SM-G955U Build/NRD90M,Android 7.0,chrome 63.0 for android,2961x1442,mobile
SM-G532M Build/MMB29T||chrome 62.0 for android|,SM-G532M Build/MMB29T,,chrome 62.0 for android,,mobile
Le X520 Build/IEXCNFN5902303111S||chrome 62.0 for android|,Le X520 Build/IEXCNFN5902303111S,,chrome 62.0 for android,,mobile
rv:56.0|Windows 7|firefox 56.0|1024x768,rv:56.0,Windows 7,firefox 56.0,1024x768,desktop
iOS Device|iOS 10.3.1|mobile safari generic|2001x1125,iOS Device,iOS 10.3.1,mobile safari generic,2001x1125,mobile
SAMSUNG SM-N950U Build/NMF26X|Android 7.1.1|samsung|,SAMSUNG SM-N950U Build/NMF26X,Android 7.1.1,samsung,,mobile
Moto|Android 6.0.1|chrome 59.0 for android|1280x720,Moto,Android 6.0.1,chrome 59.0 for android,1280x720,mobile
NOKIA||edge|,NOKIA,,edge,,mobile
rv:11.0|Windows 10|ie 11.0 for desktop|1280x768,rv:11.0,Windows 10,ie 11.0 for desktop,1280x768,desktop
SM-J500M Build/MMB29M||chrome 50.0 for android|,SM-J500M Build/MMB29M,,chrome 50.0 for android,,mobile
|Linux|chrome 63.0|1920x1080,,Linux,chrome 63.0,1920x1080,desktop
MacOS|Mac OS X 10_9_5|chrome 63.0|1280x800,MacOS,Mac OS X 10_9_5,chrome 63.0,1280x800,desktop
SM-P900|Android 5.0.2|chrome 63.0 for android|2560x1600,SM-P900,Android 5.0.2,chrome 63.0 for android,2560x1600,mobile
iOS Device|iOS|other|1024x768,iOS Device,iOS,other,1024x768,mobile
Windows|Windows 7|chrome 63.0|3072x1728,Windows,Windows 7,chrome 63.0,3072x1728,desktop
rv:57.0|Android 7.0|Generic/Android 7.0|1200x720,rv:57.0,Android 7.0,Generic/Android 7.0,1200x720,mobile
rv:57.0|Windows 10|firefox|1920x1080,rv:57.0,Windows 10,firefox,1920x1080,desktop
Windows|Windows 8.1|chrome 63.0|2560x1440,Windows,Windows 8.1,chrome 63.0,2560x1440,desktop
LG-K200 Build/MXB48T||chrome 63.0 for android|,LG-K200 Build/MXB48T,,chrome 63.0 for android,,mobile
SM-G930V Build/NRD90M|Android 7.0|chrome 63.0 for android|1280x720,SM-G930V Build/NRD90M,Android 7.0,chrome 63.0 for android,1280x720,mobile
A3_mini||android webview 4.0|,A3_mini,,android webview 4.0,,mobile
Moto G (5) Build/NPP25.137-38||chrome generic|,Moto G (5) Build/NPP25.137-38,,chrome generic,,mobile
MacOS|Mac OS X 10_10_5|safari generic|1280x720,MacOS,Mac OS X 10_10_5,safari generic,1280x720,desktop
LG-X210 Build/LMY47I||chrome 63.0 for android|,LG-X210 Build/LMY47I,,chrome 63.0 for android,,mobile
MacOS|Mac OS X 10_10_5|chrome 63.0|2880x1800,MacOS,Mac OS X 10_10_5,chrome 63.0,2880x1800,desktop
MacOS|Mac OS X 10_13_2|chrome 63.0|3200x1800,MacOS,Mac OS X 10_13_2,chrome 63.0,3200x1800,desktop
SM-J500M Build/LMY48B||chrome 63.0 for android|,SM-J500M Build/LMY48B,,chrome 63.0 for android,,mobile
SM-N900T Build/LRX21V|Android 5.0|chrome 62.0 for android|1920x1080,SM-N900T Build/LRX21V,Android 5.0,chrome 62.0 for android,1920x1080,mobile
iOS Device|iOS 9.3.5|mobile safari 9.0|960x640,iOS Device,iOS 9.3.5,mobile safari 9.0,960x640,mobile
SM-N950U Build/NMF26X|Android 7.1.1|chrome 63.0 for android|2220x1080,SM-N950U Build/NMF26X,Android 7.1.1,chrome 63.0 for android,2220x1080,mobile
SM-N910T Build/MMB29M|Android 6.0.1|chrome 49.0 for android|2560x1440,SM-N910T Build/MMB29M,Android 6.0.1,chrome 49.0 for android,2560x1440,mobile
MacOS|Mac OS X 10_13_2|chrome 63.0|1600x900,MacOS,Mac OS X 10_13_2,chrome 63.0,1600x900,desktop
Windows|Windows 8|firefox 57.0|1920x1080,Windows,Windows 8,firefox 57.0,1920x1080,desktop
SAMSUNG-SM-G890A Build/NRD90M|Android 7.0|chrome 63.0 for android|,SAMSUNG-SM-G890A Build/NRD90M,Android 7.0,chrome 63.0 for android,,mobile
SM-N9005 Build/LRX21V||chrome 61.0 for android|,SM-N9005 Build/LRX21V,,chrome 61.0 for android,,mobile
MacOS|Mac OS X 10_11_6|safari generic|3440x1440,MacOS,Mac OS X 10_11_6,safari generic,3440x1440,desktop
SAMSUNG-SM-T537A||chrome 62.0 for android|,SAMSUNG-SM-T537A,,chrome 62.0 for android,,mobile
SM-T550 Build/NMF26X|Android 7.1.1|other|1024x768,SM-T550 Build/NMF26X,Android 7.1.1,other,1024x768,mobile
SM-G531H Build/LMY48B||chrome 50.0 for android|,SM-G531H Build/LMY48B,,chrome 50.0 for android,,mobile
rv:56.0||firefox|,rv:56.0,,firefox,,desktop
Blade L2 Plus Build/KOT49H||ZTE/Blade|,Blade L2 Plus Build/KOT49H,,ZTE/Blade,,mobile
MacOS|Mac OS X 10_13_2|chrome 63.0|4096x2304,MacOS,Mac OS X 10_13_2,chrome 63.0,4096x2304,desktop
SAMSUNG|Android 6.0.1|samsung browser 6.2|2560x1440,SAMSUNG,Android 6.0.1,samsung browser 6.2,2560x1440,mobile
MacOS|Mac OS X 10_11_5|safari generic|1366x768,MacOS,Mac OS X 10_11_5,safari generic,1366x768,desktop
Windows|Windows 7||1280x800,Windows,Windows 7,,1280x800,desktop
Windows|Windows Vista|chrome generic|1280x1025,Windows,Windows Vista,chrome generic,1280x1025,desktop
MacOS|Mac OS X 10_13_2|chrome 63.0|5120x2880,MacOS,Mac OS X 10_13_2,chrome 63.0,5120x2880,desktop
LGL62VL|Android 5.1.1|chrome 43.0 for android|1280x720,LGL62VL,Android 5.1.1,chrome 43.0 for android,1280x720,mobile
MacOS|Mac OS X 10_12_6|chrome 56.0|1440x900,MacOS,Mac OS X 10_12_6,chrome 56.0,1440x900,desktop
VS988 Build/NRD90U|Android 7.0|chrome 63.0 for android|2672x1440,VS988 Build/NRD90U,Android 7.0,chrome 63.0 for android,2672x1440,mobile
rv:57.0|Mac OS X 10.13|firefox 57.0|3360x2100,rv:57.0,Mac OS X 10.13,firefox 57.0,3360x2100,desktop
|Android|chrome 63.0|1366x768,,Android,chrome 63.0,1366x768,mobile
Windows|Windows 8|firefox 57.0|,Windows,Windows 8,firefox 57.0,,desktop
F3213 Build/36.1.A.1.86||chrome 63.0 for android|,F3213 Build/36.1.A.1.86,,chrome 63.0 for android,,mobile
SM-G930P Build/NRD90M|Android 7.0|android webview 4.0|1920x1080,SM-G930P Build/NRD90M,Android 7.0,android webview 4.0,1920x1080,mobile
SM-N910C Build/MMB29K||chrome 61.0 for android|,SM-N910C Build/MMB29K,,chrome 61.0 for android,,mobile
SM-G925I Build/NRD90M||other|,SM-G925I Build/NRD90M,,other,,mobile
VS996|Android 7.1.2|other|2880x1440,VS996,Android 7.1.2,other,2880x1440,mobile
HTC|Android|chrome 63.0 for android|1280x720,HTC,Android,chrome 63.0 for android,1280x720,mobile
LG-H542 Build/LRX22G||chrome 60.0 for android|,LG-H542 Build/LRX22G,,chrome 60.0 for android,,mobile
LG-V496|Android 5.0.2|chrome 62.0 for android|,LG-V496,Android 5.0.2,chrome 62.0 for android,,mobile
SM-G928T Build/NRD90M|Android 7.0|chrome 62.0 for android|,SM-G928T Build/NRD90M,Android 7.0,chrome 62.0 for android,,mobile
Y635-L03 Build/HuaweiY635-L03||chrome 59.0 for android|,Y635-L03 Build/HuaweiY635-L03,,chrome 59.0 for android,,mobile
SM-G930V Build/NRD90M|Android 7.0|chrome 63.0 for android|,SM-G930V Build/NRD90M,Android 7.0,chrome 63.0 for android,,mobile
Moto C Build/NRD90M.063||chrome 63.0 for android|,Moto C Build/NRD90M.063,,chrome 63.0 for android,,mobile
rv:57.0|Mac OS X 10.11|firefox 57.0|1152x720,rv:57.0,Mac OS X 10.11,firefox 57.0,1152x720,desktop
Blade V580 Build/LMY47D||chrome 63.0 for android|,Blade V580 Build/LMY47D,,chrome 63.0 for android,,mobile
|Linux|chrome 63.0|1366x768,,Linux,chrome 63.0,1366x768,desktop
SAMSUNG SM-G935P Build/NRD90M|Android 7.0|samsung browser 6.2|,SAMSUNG SM-G935P Build/NRD90M,Android 7.0,samsung browser 6.2,,mobile
MacOS|Mac OS X 10_12_5|safari generic|3360x2100,MacOS,Mac OS X 10_12_5,safari generic,3360x2100,desktop
SAMSUNG-SM-G930A Build/NRD90M|Android 7.0|android webview 4.0|1280x720,SAMSUNG-SM-G930A Build/NRD90M,Android 7.0,android webview 4.0,1280x720,mobile
P027|Android 7.0|chrome 63.0 for android|2048x1536,P027,Android 7.0,chrome 63.0 for android,2048x1536,mobile
rv:55.0|Mac OS X 10.10|firefox 55.0|2560x1440,rv:55.0,Mac OS X 10.10,firefox 55.0,2560x1440,desktop
Turbo C5 Build/LMY47I||chrome 59.0 for android|,Turbo C5 Build/LMY47I,,chrome 59.0 for android,,mobile
iOS Device|iOS 11.2.1|mobile safari generic|2732x2048,iOS Device,iOS 11.2.1,mobile safari generic,2732x2048,mobile
iOS Device|iOS 11.2.1|chrome 63.0 for ios|2732x2048,iOS Device,iOS 11.2.1,chrome 63.0 for ios,2732x2048,mobile
LGLS676 Build/MXB48T||chrome 62.0 for android|,LGLS676 Build/MXB48T,,chrome 62.0 for android,,mobile
LG-H900/H90022b|Android 6.0|android webview 4.0|2560x1440,LG-H900/H90022b,Android 6.0,android webview 4.0,2560x1440,mobile
LG-K371|Android 7.0|firefox|1188x720,LG-K371,Android 7.0,firefox,1188x720,mobile
Windows|Windows 8||1920x1080,Windows,Windows 8,,1920x1080,desktop
Windows|Windows 7|chrome 61.0|1600x900,Windows,Windows 7,chrome 61.0,1600x900,desktop
MacOS|Mac OS X 10_13_3|safari generic|1440x900,MacOS,Mac OS X 10_13_3,safari generic,1440x900,desktop
Windows|Windows 7|opera 49.0|1920x1080,Windows,Windows 7,opera 49.0,1920x1080,desktop
MacOS|Mac OS X 10_13_2|chrome 63.0|1680x1050,MacOS,Mac OS X 10_13_2,chrome 63.0,1680x1050,desktop
HUAWEI VNS-L31 Build/HUAWEIVNS-L31||chrome 63.0 for android|,HUAWEI VNS-L31 Build/HUAWEIVNS-L31,,chrome 63.0 for android,,mobile
SAMSUNG SM-G920F Build/NRD90M|Android 7.0|samsung browser 6.2|2560x1440,SAMSUNG SM-G920F Build/NRD90M,Android 7.0,samsung browser 6.2,2560x1440,mobile
SM-T827V Build/NRD90M|Android 7.0|chrome 62.0 for android|2048x1536,SM-T827V Build/NRD90M,Android 7.0,chrome 62.0 for android,2048x1536,mobile
MacOS|Mac OS X 10_11_6|safari generic|1344x756,MacOS,Mac OS X 10_11_6,safari generic,1344x756,desktop
Windows NT 6.1|Windows 7|ie|1920x1200,Windows NT 6.1,Windows 7,ie,1920x1200,desktop
LG-H830 Build/NRD90U|Android 7.0|chrome 62.0 for android|2560x1440,LG-H830 Build/NRD90U,Android 7.0,chrome 62.0 for android,2560x1440,mobile
rv:52.0|Windows Vista||1152x864,rv:52.0,Windows Vista,,1152x864,desktop
MacOS|Mac OS X 10_11_5|chrome 63.0|1440x900,MacOS,Mac OS X 10_11_5,chrome 63.0,1440x900,desktop
MacOS|Mac OS X 10_12|safari generic|1920x1200,MacOS,Mac OS X 10_12,safari generic,1920x1200,desktop
H1711 Build/HUAWEIH1711|Android 7.0|chrome 58.0 for android|1280x720,H1711 Build/HUAWEIH1711,Android 7.0,chrome 58.0 for android,1280x720,mobile
MacOS|Mac OS X 10_10_5|chrome 63.0|3440x1440,MacOS,Mac OS X 10_10_5,chrome 63.0,3440x1440,desktop
SAMSUNG SM-G570M Build/MMB29K||samsung browser 6.2|,SAMSUNG SM-G570M Build/MMB29K,,samsung browser 6.2,,mobile
WOW64|Windows 7|ie 11.0 for desktop|1680x1050,WOW64,Windows 7,ie 11.0 for desktop,1680x1050,desktop
Windows|Windows 10|chrome 56.0|1920x1080,Windows,Windows 10,chrome 56.0,1920x1080,desktop
Aquaris||chrome 63.0 for android|,Aquaris,,chrome 63.0 for android,,mobile
SAMSUNG SM-J327P Build/MMB29M||samsung browser 6.2|,SAMSUNG SM-J327P Build/MMB29M,,samsung browser 6.2,,mobile
MacOS|Mac OS X 10_11_4|chrome 61.0|1440x900,MacOS,Mac OS X 10_11_4,chrome 61.0,1440x900,desktop
ONE TOUCH 4016A Build/JDQ39||chrome 61.0 for android|,ONE TOUCH 4016A Build/JDQ39,,chrome 61.0 for android,,mobile
SM-G930V Build/NRD90M|Android 7.0|chrome 60.0 for android|2560x1440,SM-G930V Build/NRD90M,Android 7.0,chrome 60.0 for android,2560x1440,mobile
Windows|Windows 10|edge 13.0|1920x1200,Windows,Windows 10,edge 13.0,1920x1200,desktop
STV100-2 Build/MMB29M|Android 6.0.1|chrome 63.0 for android|2562x1442,STV100-2 Build/MMB29M,Android 6.0.1,chrome 63.0 for android,2562x1442,mobile
MacOS|Mac OS X 10_13_1|chrome generic|1440x900,MacOS,Mac OS X 10_13_1,chrome generic,1440x900,desktop
Windows|Windows 8.1|firefox 52.0|1920x1080,Windows,Windows 8.1,firefox 52.0,1920x1080,desktop
Windows|Windows 7|chrome 63.0|2112x1188,Windows,Windows 7,chrome 63.0,2112x1188,desktop
F5321||chrome 63.0 for android|,F5321,,chrome 63.0 for android,,mobile
Windows|Windows 10|chrome generic|1920x1080,Windows,Windows 10,chrome generic,1920x1080,desktop
HUAWEI Y560-L03 Build/HUAWEIY560-L03||chrome 61.0 for android|,HUAWEI Y560-L03 Build/HUAWEIY560-L03,,chrome 61.0 for android,,mobile
P00C|Android 7.0|chrome 61.0 for android|1280x800,P00C,Android 7.0,chrome 61.0 for android,1280x800,mobile
SM-P600 Build/LMY47X|Android 5.1.1|chrome 63.0 for android|2560x1600,SM-P600 Build/LMY47X,Android 5.1.1,chrome 63.0 for android,2560x1600,mobile
MacOS|Mac OS X 10_11_6|chrome 63.0|2880x1800,MacOS,Mac OS X 10_11_6,chrome 63.0,2880x1800,desktop
SAMSUNG SM-T580 Build/NRD90M||samsung browser 6.2|,SAMSUNG SM-T580 Build/NRD90M,,samsung browser 6.2,,mobile
VS986 Build/MRA58K|Android 6.0|chrome 63.0 for android|2560x1440,VS986 Build/MRA58K,Android 6.0,chrome 63.0 for android,2560x1440,mobile
SM-N950U Build/NMF26X|Android 7.1.1|android webview 4.0|1920x1080,SM-N950U Build/NMF26X,Android 7.1.1,android webview 4.0,1920x1080,mobile
|Linux|chrome 62.0|3200x1800,,Linux,chrome 62.0,3200x1800,desktop
iOS Device|iOS 11.2.5|mobile safari 11.0|1136x640,iOS Device,iOS 11.2.5,mobile safari 11.0,1136x640,mobile
Windows|Windows 7|chrome 63.0|2048x1152,Windows,Windows 7,chrome 63.0,2048x1152,desktop
Windows|Windows 10|opera 49.0|1600x900,Windows,Windows 10,opera 49.0,1600x900,desktop
Windows|Windows 7|chrome 60.0|1680x1050,Windows,Windows 7,chrome 60.0,1680x1050,desktop
rv:57.0|Mac OS X 10.12|firefox 57.0|1152x720,rv:57.0,Mac OS X 10.12,firefox 57.0,1152x720,desktop
MacOS|Mac OS X 10_9_5|chrome 63.0|1440x900,MacOS,Mac OS X 10_9_5,chrome 63.0,1440x900,desktop
MacOS|Mac OS X 10_12_3|chrome 59.0|1366x768,MacOS,Mac OS X 10_12_3,chrome 59.0,1366x768,desktop
MacOS|Mac OS X 10_6_8|safari|1280x800,MacOS,Mac OS X 10_6_8,safari,1280x800,desktop
MacOS|Mac OS X 10_12_5|chrome 62.0|3840x2400,MacOS,Mac OS X 10_12_5,chrome 62.0,3840x2400,desktop
MacOS|Mac OS X 10_13_1|chrome 63.0|3360x2100,MacOS,Mac OS X 10_13_1,chrome 63.0,3360x2100,desktop
rv:57.0||Generic/Android|,rv:57.0,,Generic/Android,,mobile
MacOS|Mac OS X 10_10_5|chrome 63.0|1366x768,MacOS,Mac OS X 10_10_5,chrome 63.0,1366x768,desktop
SM-A310F Build/MMB29K||chrome 61.0 for android|,SM-A310F Build/MMB29K,,chrome 61.0 for android,,mobile
Windows|Windows 7|chrome 63.0|1400x900,Windows,Windows 7,chrome 63.0,1400x900,desktop
M4 SS4456 Build/LMY47V||chrome 63.0 for android|,M4 SS4456 Build/LMY47V,,chrome 63.0 for android,,mobile
Moto G (4) Build/NPJS25.93-14-8||chrome generic|,Moto G (4) Build/NPJS25.93-14-8,,chrome generic,,mobile
Windows|Windows 10|ie 11.0 for desktop|1360x768,Windows,Windows 10,ie 11.0 for desktop,1360x768,desktop
2PYB2||chrome 63.0 for android|,2PYB2,,chrome 63.0 for android,,mobile
MacOS|Mac OS X 10_13_2|safari generic|1366x768,MacOS,Mac OS X 10_13_2,safari generic,1366x768,desktop
K88 Build/MMB29M|Android 6.0.1|android webview 4.0|,K88 Build/MMB29M,Android 6.0.1,android webview 4.0,,mobile
Windows|Windows 7|chrome 59.0|1920x1200,Windows,Windows 7,chrome 59.0,1920x1200,desktop
SAMSUNG SM-J327T1 Build/NRD90M|Android 7.0|samsung browser 6.2|1281x721,SAMSUNG SM-J327T1 Build/NRD90M,Android 7.0,samsung browser 6.2,1281x721,mobile
rv:52.0|Windows Vista|firefox 52.0|1440x900,rv:52.0,Windows Vista,firefox 52.0,1440x900,desktop
5011A Build/NRD90M||chrome 62.0 for android|,5011A Build/NRD90M,,chrome 62.0 for android,,mobile
rv:57.0||Generic/Android 7.0|,rv:57.0,,Generic/Android 7.0,,mobile
SM-G920P Build/NRD90M|Android 7.0|chrome 63.0 for android|2560x1440,SM-G920P Build/NRD90M,Android 7.0,chrome 63.0 for android,2560x1440,mobile
MacOS|Mac OS X 10_9_5|chrome 62.0|3360x2100,MacOS,Mac OS X 10_9_5,chrome 62.0,3360x2100,desktop
Windows|Windows 7|firefox 57.0|1600x1200,Windows,Windows 7,firefox 57.0,1600x1200,desktop
SM-G610F||chrome 63.0 for android|,SM-G610F,,chrome 63.0 for android,,mobile
Windows|Windows 8.1|chrome 63.0|1440x960,Windows,Windows 8.1,chrome 63.0,1440x960,desktop
iOS Device|iOS 11.0.0|mobile safari generic|2732x2048,iOS Device,iOS 11.0.0,mobile safari generic,2732x2048,mobile
HUAWEI VNS-L53 Build/HUAWEIVNS-L53||chrome 63.0 for android|,HUAWEI VNS-L53 Build/HUAWEIVNS-L53,,chrome 63.0 for android,,mobile
iOS Device|iOS 9.3.5||1136x640,iOS Device,iOS 9.3.5,,1136x640,desktop
MacOS|Mac OS X 10_11_6|chrome 63.0|1600x900,MacOS,Mac OS X 10_11_6,chrome 63.0,1600x900,desktop
GT-I8190L Build/JZO54K||chrome 61.0 for android|,GT-I8190L Build/JZO54K,,chrome 61.0 for android,,mobile
||opera|,,,opera,,desktop
SAMSUNG|Android 5.0|other|1920x1080,SAMSUNG,Android 5.0,other,1920x1080,mobile
MacOS|Mac OS X 10_13_1|chrome 63.0|2560x1440,MacOS,Mac OS X 10_13_1,chrome 63.0,2560x1440,desktop
LG-TP260 Build/NRD90U||chrome 62.0 for android|,LG-TP260 Build/NRD90U,,chrome 62.0 for android,,mobile
SAMSUNG SM-N920A Build/NRD90M|Android 7.0|other|,SAMSUNG SM-N920A Build/NRD90M,Android 7.0,other,,mobile
|Android|chrome 62.0|,,Android,chrome 62.0,,mobile
Windows|Windows 7|chrome 63.0|2560x1600,Windows,Windows 7,chrome 63.0,2560x1600,desktop
CHC-U03 Build/HuaweiCHC-U03||chrome 63.0 for android|,CHC-U03 Build/HuaweiCHC-U03,,chrome 63.0 for android,,mobile
SM-G900V Build/MMB29M|Android 6.0.1|chrome 59.0 for android|1920x1080,SM-G900V Build/MMB29M,Android 6.0.1,chrome 59.0 for android,1920x1080,mobile
LG-K540 Build/MMB29M|Android 6.0.1|chrome 63.0 for android|1280x720,LG-K540 Build/MMB29M,Android 6.0.1,chrome 63.0 for android,1280x720,mobile
Windows|Windows 7|chrome 63.0|1658x946,Windows,Windows 7,chrome 63.0,1658x946,desktop
SM-G935V Build/NRD90M|Android 7.0|chrome 59.0 for android|1920x1080,SM-G935V Build/NRD90M,Android 7.0,chrome 59.0 for android,1920x1080,mobile
Windows|Windows 7|firefox generic|1920x1080,Windows,Windows 7,firefox generic,1920x1080,desktop
Windows|Windows 8|chrome 61.0|1360x768,Windows,Windows 8,chrome 61.0,1360x768,desktop
SAMSUNG SM-J327P Build/MMB29M|Android 6.0.1|samsung browser 6.2|1280x720,SAMSUNG SM-J327P Build/MMB29M,Android 6.0.1,samsung browser 6.2,1280x720,mobile
Windows|Windows 10|chrome 63.0|2048x1152,Windows,Windows 10,chrome 63.0,2048x1152,desktop
MacOS|Mac OS X 10_13_2|chrome 63.0|,MacOS,Mac OS X 10_13_2,chrome 63.0,,desktop
Windows|Windows 10|chrome 51.0|1400x1050,Windows,Windows 10,chrome 51.0,1400x1050,desktop
SAMSUNG-SM-G890A Build/NRD90M|Android 7.0|chrome 62.0 for android|2560x1440,SAMSUNG-SM-G890A Build/NRD90M,Android 7.0,chrome 62.0 for android,2560x1440,mobile
rv:56.0|Mac OS X 10.11|firefox 56.0|1680x1050,rv:56.0,Mac OS X 10.11,firefox 56.0,1680x1050,desktop
Android 5.1.1||chrome generic|,Android 5.1.1,,chrome generic,,mobile
SM-G800F Build/KOT49H||chrome 53.0 for android|,SM-G800F Build/KOT49H,,chrome 53.0 for android,,mobile
MacOS|Mac OS X 10_12_5|chrome 60.0|3360x2100,MacOS,Mac OS X 10_12_5,chrome 60.0,3360x2100,desktop
SM-T820 Build/NRD90M||chrome 63.0 for android|,SM-T820 Build/NRD90M,,chrome 63.0 for android,,mobile
Trident/7.0|Windows 10|ie 11.0 for tablet|3840x2160,Trident/7.0,Windows 10,ie 11.0 for tablet,3840x2160,desktop
iOS Device|iOS|mobile|1024x768,iOS Device,iOS,mobile,1024x768,mobile
SAMSUNG-SM-G891A Build/NRD90M|Android 7.0|chrome 63.0 for android|2560x1440,SAMSUNG-SM-G891A Build/NRD90M,Android 7.0,chrome 63.0 for android,2560x1440,mobile
MacOS|Mac OS X 10_11_4|safari generic|2880x1800,MacOS,Mac OS X 10_11_4,safari generic,2880x1800,desktop
Windows|Windows 7|chrome 63.0|1360x768,Windows,Windows 7,chrome 63.0,1360x768,desktop
rv:52.0|Mac OS X 10.11|firefox 52.0|2560x1600,rv:52.0,Mac OS X 10.11,firefox 52.0,2560x1600,desktop
SAMSUNG-SM-G900A Build/MMB29M|Android 6.0.1|chrome 63.0 for android|1920x1080,SAMSUNG-SM-G900A Build/MMB29M,Android 6.0.1,chrome 63.0 for android,1920x1080,mobile
MacOS|Mac OS X 10_10_5|chrome 63.0|1680x1050,MacOS,Mac OS X 10_10_5,chrome 63.0,1680x1050,desktop
ME173X|Android|chrome 63.0 for android|,ME173X,Android,chrome 63.0 for android,,mobile
C2104||chrome 60.0 for android|,C2104,,chrome 60.0 for android,,mobile
Windows||edge|,Windows,,edge,,desktop
XT1033|Android|chrome 63.0 for android|1280x720,XT1033,Android,chrome 63.0 for android,1280x720,mobile
Windows|Windows XP|chrome 49.0|1440x900,Windows,Windows XP,chrome 49.0,1440x900,desktop
HUAWEI TAG-L13 Build/HUAWEITAG-L13||chrome 43.0 for android|,HUAWEI TAG-L13 Build/HUAWEITAG-L13,,chrome 43.0 for android,,mobile
Redmi||chrome 62.0 for android|,Redmi,,chrome 62.0 for android,,mobile
R1|Android 6.0|chrome 62.0 for android|1280x720,R1,Android 6.0,chrome 62.0 for android,1280x720,mobile
HP||chrome 60.0 for android|,HP,,chrome 60.0 for android,,mobile
XT1650 Build/NCLS26.118-23-13-3|Android 7.1.1|chrome 59.0 for android|2560x1440,XT1650 Build/NCLS26.118-23-13-3,Android 7.1.1,chrome 59.0 for android,2560x1440,mobile
MacOS|Mac OS X 10_11_6|chrome 61.0|1680x1050,MacOS,Mac OS X 10_11_6,chrome 61.0,1680x1050,desktop
Moto Z (2||chrome generic|,Moto Z (2,,chrome generic,,mobile
M4 SS4450 Build/MRA58K||chrome 62.0 for android|,M4 SS4450 Build/MRA58K,,chrome 62.0 for android,,mobile
VS990 Build/MRA58K|Android 6.0|chrome 61.0 for android|2560x1440,VS990 Build/MRA58K,Android 6.0,chrome 61.0 for android,2560x1440,mobile
SM-G935T Build/NRD90M|Android 7.0|chrome 63.0 for android|,SM-G935T Build/NRD90M,Android 7.0,chrome 63.0 for android,,mobile
MacOS|Mac OS X 10_12_2|chrome 63.0|2880x1800,MacOS,Mac OS X 10_12_2,chrome 63.0,2880x1800,desktop
BAC-L03 Build/HUAWEIBAC-L03||chrome 63.0 for android|,BAC-L03 Build/HUAWEIBAC-L03,,chrome 63.0 for android,,mobile
SM-G530H Build/LRX22G||chrome 63.0 for android|,SM-G530H Build/LRX22G,,chrome 63.0 for android,,mobile
LG-H840 Build/NRD90U||chrome 58.0 for android|,LG-H840 Build/NRD90U,,chrome 58.0 for android,,mobile
REX||chrome 62.0 for android|,REX,,chrome 62.0 for android,,mobile
TA-1038 Build/NMF26O||chrome 63.0 for android|,TA-1038 Build/NMF26O,,chrome 63.0 for android,,mobile
XT1575|Android 7.0|chrome 58.0 for android|2562x1442,XT1575,Android 7.0,chrome 58.0 for android,2562x1442,mobile
SAMSUNG-SM-G928A Build/NRD90M|Android 7.0|chrome 62.0 for android|,SAMSUNG-SM-G928A Build/NRD90M,Android 7.0,chrome 62.0 for android,,mobile
SM-T560NU Build/MMB29M|Android 6.0.1|chrome 62.0 for android|1280x800,SM-T560NU Build/MMB29M,Android 6.0.1,chrome 62.0 for android,1280x800,mobile
SAMSUNG-SM-J320A Build/MMB29K||chrome 63.0 for android|,SAMSUNG-SM-J320A Build/MMB29K,,chrome 63.0 for android,,mobile
M4 SS4453 Build/MMB29M||chrome 63.0 for android|,M4 SS4453 Build/MMB29M,,chrome 63.0 for android,,mobile
Touch|Windows 8.1|ie 11.0 for desktop|,Touch,Windows 8.1,ie 11.0 for desktop,,desktop
MacOS|Mac OS X 10_12_6|safari generic|3840x2400,MacOS,Mac OS X 10_12_6,safari generic,3840x2400,desktop
MacOS|Mac|chrome 63.0|2880x1800,MacOS,Mac,chrome 63.0,2880x1800,desktop
D6603 Build/23.5.A.1.291||chrome 62.0 for android|,D6603 Build/23.5.A.1.291,,chrome 62.0 for android,,mobile
MacOS|Mac OS X 10_12|safari generic|2880x1800,MacOS,Mac OS X 10_12,safari generic,2880x1800,desktop
MacOS|Mac OS X 10_13_3|safari generic|2560x1440,MacOS,Mac OS X 10_13_3,safari generic,2560x1440,desktop
E5803 Build/32.4.A.1.54||chrome 62.0 for android|,E5803 Build/32.4.A.1.54,,chrome 62.0 for android,,mobile
AX820 Build/MRA58K||chrome 63.0 for android|,AX820 Build/MRA58K,,chrome 63.0 for android,,mobile
Windows|Windows Vista|chrome 49.0|,Windows,Windows Vista,chrome 49.0,,desktop
Moto G Play Build/MPIS24.241-15.3-26||chrome 63.0 for android|,Moto G Play Build/MPIS24.241-15.3-26,,chrome 63.0 for android,,mobile
rv:39.0|Windows 7|firefox|1280x768,rv:39.0,Windows 7,firefox,1280x768,desktop
Trident/7.0|Windows 10|ie 11.0 for desktop|1600x1200,Trident/7.0,Windows 10,ie 11.0 for desktop,1600x1200,desktop
Z981 Build/MMB29M|Android 6.0.1|chrome 63.0 for android|1920x1080,Z981 Build/MMB29M,Android 6.0.1,chrome 63.0 for android,1920x1080,mobile
iOS Device|iOS 11.2.5|mobile safari 11.0|2224x1668,iOS Device,iOS 11.2.5,mobile safari 11.0,2224x1668,mobile
moto x4 Build/NPW26.83-42||chrome 58.0 for android|,moto x4 Build/NPW26.83-42,,chrome 58.0 for android,,mobile
SM-G935T Build/NRD90M|Android 7.0|chrome 58.0 for android|1920x1080,SM-G935T Build/NRD90M,Android 7.0,chrome 58.0 for android,1920x1080,mobile
Windows|Windows 7|chrome|1440x900,Windows,Windows 7,chrome,1440x900,desktop
Z982 Build/NMF26V|Android 7.1.1|chrome 62.0 for android|1920x1080,Z982 Build/NMF26V,Android 7.1.1,chrome 62.0 for android,1920x1080,mobile
rv:48.0|Mac OS X 10.12|firefox 48.0|4096x2304,rv:48.0,Mac OS X 10.12,firefox 48.0,4096x2304,desktop
SM-G530H Build/KTU84P||chrome 62.0 for android|,SM-G530H Build/KTU84P,,chrome 62.0 for android,,mobile
Windows|Windows 10|chrome 63.0|2880x1620,Windows,Windows 10,chrome 63.0,2880x1620,desktop
Windows|Windows 8|chrome 63.0|1600x900,Windows,Windows 8,chrome 63.0,1600x900,desktop
LG-H542 Build/MRA58K||chrome 58.0 for android|,LG-H542 Build/MRA58K,,chrome 58.0 for android,,mobile
Moto X Play Build/NPD26.48-24-1||chrome 57.0 for android|,Moto X Play Build/NPD26.48-24-1,,chrome 57.0 for android,,mobile
MacOS|Mac OS X 10_12_4|safari generic|2880x1800,MacOS,Mac OS X 10_12_4,safari generic,2880x1800,desktop
SM-G930F Build/NRD90M||chrome 63.0 for android|,SM-G930F Build/NRD90M,,chrome 63.0 for android,,mobile
MacOS|Mac|safari|1280x800,MacOS,Mac,safari,1280x800,desktop
Z963VL|Android 5.1.1|chrome 63.0 for android|1920x1080,Z963VL,Android 5.1.1,chrome 63.0 for android,1920x1080,mobile
C6743 Build/LMY47V|Android 5.1.1|android browser 4.0|960x540,C6743 Build/LMY47V,Android 5.1.1,android browser 4.0,960x540,mobile
SAMSUNG SM-J700T Build/NMF26X||samsung browser 6.2|,SAMSUNG SM-J700T Build/NMF26X,,samsung browser 6.2,,mobile
rv:56.0|Windows 7|firefox 56.0|,rv:56.0,Windows 7,firefox 56.0,,desktop
SAMSUNG SM-N920P Build/NRD90M|Android 7.0|samsung browser 6.2|,SAMSUNG SM-N920P Build/NRD90M,Android 7.0,samsung browser 6.2,,mobile
SM-N910T Build/MMB29M|Android 6.0.1|chrome 63.0 for android|2560x1440,SM-N910T Build/MMB29M,Android 6.0.1,chrome 63.0 for android,2560x1440,mobile
Windows|Windows 10|chrome 61.0|1280x1024,Windows,Windows 10,chrome 61.0,1280x1024,desktop
HTC One_M8 Build/MRA58K||chrome 61.0 for android|,HTC One_M8 Build/MRA58K,,chrome 61.0 for android,,mobile
rv:54.0|Windows 10|firefox|1280x1024,rv:54.0,Windows 10,firefox,1280x1024,desktop
Windows|Windows 7|chrome 63.0|1848x1155,Windows,Windows 7,chrome 63.0,1848x1155,desktop
SM-N910C Build/MMB29K|Android 6.0.1|chrome 63.0 for android|2560x1440,SM-N910C Build/MMB29K,Android 6.0.1,chrome 63.0 for android,2560x1440,mobile
K88|Android 7.1.1|chrome 56.0 for android|,K88,Android 7.1.1,chrome 56.0 for android,,mobile
SM-S906L|Android 5.0.2|chrome 59.0 for android|2560x1440,SM-S906L,Android 5.0.2,chrome 59.0 for android,2560x1440,mobile
MacOS|Mac OS X 10_12_3|safari generic|2560x1600,MacOS,Mac OS X 10_12_3,safari generic,2560x1600,desktop
Windows|Windows 10|chrome 63.0|1920x1280,Windows,Windows 10,chrome 63.0,1920x1280,desktop
SAMSUNG SM-J327A Build/NRD90M|Android 7.0|samsung browser 6.2|1280x720,SAMSUNG SM-J327A Build/NRD90M,Android 7.0,samsung browser 6.2,1280x720,mobile
Windows|Windows 10|edge 13.0|1360x768,Windows,Windows 10,edge 13.0,1360x768,desktop
MacOS|Mac OS X 10_11_6|chrome 63.0|1920x1200,MacOS,Mac OS X 10_11_6,chrome 63.0,1920x1200,desktop
MHA-L09 Build/HUAWEIMHA-L09||chrome 63.0 for android|,MHA-L09 Build/HUAWEIMHA-L09,,chrome 63.0 for android,,mobile
Windows|Windows 10|opera generic|1600x900,Windows,Windows 10,opera generic,1600x900,desktop
MacOS|Mac OS X 10_10_5|safari generic|2048x1152,MacOS,Mac OS X 10_10_5,safari generic,2048x1152,desktop
MacOS|Mac OS X 10_12_1|chrome 60.0|1280x800,MacOS,Mac OS X 10_12_1,chrome 60.0,1280x800,desktop
SM-T310 Build/KOT49H||chrome 63.0 for android|,SM-T310 Build/KOT49H,,chrome 63.0 for android,,mobile
M4 SS4457 Build/MRA58K||chrome 63.0 for android|,M4 SS4457 Build/MRA58K,,chrome 63.0 for android,,mobile
MacOS|Mac|chrome 63.0|1366x768,MacOS,Mac,chrome 63.0,1366x768,desktop
SM-E500M Build/KTU84P||chrome 60.0 for android|,SM-E500M Build/KTU84P,,chrome 60.0 for android,,mobile
LG-H870 Build/NRD90U||chrome 63.0 for android|,LG-H870 Build/NRD90U,,chrome 63.0 for android,,mobile
5080A Build/MRA58K||chrome 63.0 for android|,5080A Build/MRA58K,,chrome 63.0 for android,,mobile
Windows|Windows XP|chrome 49.0|1600x900,Windows,Windows XP,chrome 49.0,1600x900,desktop
MacOS|Mac OS X 10_9_5|chrome 63.0|1024x640,MacOS,Mac OS X 10_9_5,chrome 63.0,1024x640,desktop
Vivo|Android 6.0|chrome 63.0 for android|1280x720,Vivo,Android 6.0,chrome 63.0 for android,1280x720,mobile
SM-G930T1|Android 7.0|chrome 63.0 for android|1920x1080,SM-G930T1,Android 7.0,chrome 63.0 for android,1920x1080,mobile
Trident/7.0|Windows 10|ie 11.0 for desktop|3840x2160,Trident/7.0,Windows 10,ie 11.0 for desktop,3840x2160,desktop
MacOS|Mac OS X 10_12_2|chrome 63.0|1920x1080,MacOS,Mac OS X 10_12_2,chrome 63.0,1920x1080,desktop
iOS Device|iOS 11.0.0|mobile safari generic|2048x1536,iOS Device,iOS 11.0.0,mobile safari generic,2048x1536,mobile
Windows|Windows 10|chrome generic|1600x900,Windows,Windows 10,chrome generic,1600x900,desktop
rv:11.0|Windows 10|ie 11.0 for desktop|,rv:11.0,Windows 10,ie 11.0 for desktop,,desktop
FP2||chrome 62.0 for android|,FP2,,chrome 62.0 for android,,mobile
iOS Device|iOS 11.0.3|chrome 63.0 for ios|2048x1536,iOS Device,iOS 11.0.3,chrome 63.0 for ios,2048x1536,mobile
Windows|Windows 10|edge 13.0|1600x900,Windows,Windows 10,edge 13.0,1600x900,desktop
SM-T520|Android 4.4.2|chrome 63.0 for android|2560x1600,SM-T520,Android 4.4.2,chrome 63.0 for android,2560x1600,mobile
rv:54.0|Windows 10|firefox|1440x900,rv:54.0,Windows 10,firefox,1440x900,desktop
Windows|Windows XP|chrome 49.0|1680x1050,Windows,Windows XP,chrome 49.0,1680x1050,desktop
Windows|Windows 10|edge|,Windows,Windows 10,edge,,desktop
SAMSUNG|Android 5.1.1|chrome generic|2560x1440,SAMSUNG,Android 5.1.1,chrome generic,2560x1440,mobile
SM-J500M Build/MMB29M||chrome 63.0 for android|,SM-J500M Build/MMB29M,,chrome 63.0 for android,,mobile
MacOS|Mac OS X 10_11_3|chrome 63.0|1440x900,MacOS,Mac OS X 10_11_3,chrome 63.0,1440x900,desktop
SM-T113 Build/KTU84P||chrome 63.0 for android|,SM-T113 Build/KTU84P,,chrome 63.0 for android,,mobile
Windows NT 6.1|Windows 7|ie|1684x947,Windows NT 6.1,Windows 7,ie,1684x947,desktop
HTC One Build/LRX22G||chrome 60.0 for android|,HTC One Build/LRX22G,,chrome 60.0 for android,,mobile
MacOS|Mac OS X 10_12_5|safari generic|2560x1440,MacOS,Mac OS X 10_12_5,safari generic,2560x1440,desktop
Nexus||chrome 63.0 for android|,Nexus,,chrome 63.0 for android,,mobile
Redmi Note 4 Build/NRD90M||chrome 58.0 for android|,Redmi Note 4 Build/NRD90M,,chrome 58.0 for android,,mobile
E6810 Build/5.320VZ.03.r|Android 7.1.2|chrome 63.0 for android|1920x1080,E6810 Build/5.320VZ.03.r,Android 7.1.2,chrome 63.0 for android,1920x1080,mobile
LenovoA3300-GV Build/JDQ39||chrome 62.0 for android|,LenovoA3300-GV Build/JDQ39,,chrome 62.0 for android,,mobile
MacOS|Mac OS X 10_12_6|chrome 63.0|1366x768,MacOS,Mac OS X 10_12_6,chrome 63.0,1366x768,desktop
MacOS|Mac OS X 10_11_6|chrome 62.0|2048x1152,MacOS,Mac OS X 10_11_6,chrome 62.0,2048x1152,desktop
2PZC5|Android 7.1.1|chrome 63.0 for android|,2PZC5,Android 7.1.1,chrome 63.0 for android,,mobile
Windows|Windows 8.1|chrome|1920x1080,Windows,Windows 8.1,chrome,1920x1080,desktop
SM-N950U Build/NMF26X|Android 7.1.1|chrome 63.0 for android|2961x1442,SM-N950U Build/NMF26X,Android 7.1.1,chrome 63.0 for android,2961x1442,mobile
SM-G950U Build/NRD90M|Android 7.0|chrome 60.0 for android|2960x1440,SM-G950U Build/NRD90M,Android 7.0,chrome 60.0 for android,2960x1440,mobile
iOS Device|iOS 11.1.0|mobile safari generic|2001x1125,iOS Device,iOS 11.1.0,mobile safari generic,2001x1125,mobile
SM-J727T1 Build/NRD90M||chrome 63.0 for android|,SM-J727T1 Build/NRD90M,,chrome 63.0 for android,,mobile
F3313 Build/37.0.A.2.108||chrome 61.0 for android|,F3313 Build/37.0.A.2.108,,chrome 61.0 for android,,mobile
Windows|Windows 10|chrome 59.0|1920x1080,Windows,Windows 10,chrome 59.0,1920x1080,desktop
rv:45.0|Windows 7|firefox|1920x1080,rv:45.0,Windows 7,firefox,1920x1080,desktop
rv:51.0|Windows XP|firefox|1600x900,rv:51.0,Windows XP,firefox,1600x900,desktop
MacOS|Mac OS X 10_13_1|safari generic|1024x640,MacOS,Mac OS X 10_13_1,safari generic,1024x640,desktop
rv:44.0|Windows 7|firefox|1366x768,rv:44.0,Windows 7,firefox,1366x768,desktop
MacOS|Mac OS X 10_12_6|chrome 63.0|3840x2400,MacOS,Mac OS X 10_12_6,chrome 63.0,3840x2400,desktop
iOS Device|iOS 11.2.5|mobile safari 11.0|1334x750,iOS Device,iOS 11.2.5,mobile safari 11.0,1334x750,mobile
G3313 Build/43.0.A.5.79||chrome 63.0 for android|,G3313 Build/43.0.A.5.79,,chrome 63.0 for android,,mobile
rv:57.0|Linux|firefox 57.0|1152x864,rv:57.0,Linux,firefox 57.0,1152x864,desktop
SAMSUNG SM-G550T1 Build/MMB29K|Android 6.0.1|samsung browser 6.2|1280x720,SAMSUNG SM-G550T1 Build/MMB29K,Android 6.0.1,samsung browser 6.2,1280x720,mobile
LG-H320 Build/LRX21Y||chrome 56.0 for android|,LG-H320 Build/LRX21Y,,chrome 56.0 for android,,mobile
MacOS|Mac OS X 10_12|safari generic|2560x1440,MacOS,Mac OS X 10_12,safari generic,2560x1440,desktop
Studio|Android 6.0|chrome 63.0 for android|1280x720,Studio,Android 6.0,chrome 63.0 for android,1280x720,mobile
Windows|Windows 10|firefox|1920x1080,Windows,Windows 10,firefox,1920x1080,desktop
Android 5.1||android browser 4.0|,Android 5.1,,android browser 4.0,,mobile
SM-J100VPP Build/LMY48B|Android 5.1.1|chrome 61.0 for android|801x480,SM-J100VPP Build/LMY48B,Android 5.1.1,chrome 61.0 for android,801x480,mobile
Lenovo A2016b30 Build/MRA58K||chrome 58.0 for android|,Lenovo A2016b30 Build/MRA58K,,chrome 58.0 for android,,mobile
MacOS|Mac OS X 10_11_3|safari generic|1366x768,MacOS,Mac OS X 10_11_3,safari generic,1366x768,desktop
MacOS|Mac OS X 10_11_6|chrome 63.0|1366x768,MacOS,Mac OS X 10_11_6,chrome 63.0,1366x768,desktop
Windows|Windows 8.1|chrome 63.0|2304x1296,Windows,Windows 8.1,chrome 63.0,2304x1296,desktop
MacOS|Mac OS X 10_11_5|safari generic|2880x1800,MacOS,Mac OS X 10_11_5,safari generic,2880x1800,desktop
iOS Device|iOS 11.2.1|mobile safari generic|2224x1668,iOS Device,iOS 11.2.1,mobile safari generic,2224x1668,mobile
MacOS|Mac OS X 10_10_5|opera 49.0|1280x800,MacOS,Mac OS X 10_10_5,opera 49.0,1280x800,desktop
MacOS|Mac OS X 10_11_6|chrome 63.0|1680x1050,MacOS,Mac OS X 10_11_6,chrome 63.0,1680x1050,desktop
Windows|Windows 8.1|chrome 63.0|3441x1440,Windows,Windows 8.1,chrome 63.0,3441x1440,desktop
SM-J727U Build/NRD90M|Android 7.0|chrome 63.0 for android|1280x720,SM-J727U Build/NRD90M,Android 7.0,chrome 63.0 for android,1280x720,mobile
SM-G530T|Android 5.1.1|chrome 61.0 for android|960x540,SM-G530T,Android 5.1.1,chrome 61.0 for android,960x540,mobile
HTC Desire 650 Build/MMB29M||chrome 63.0 for android|,HTC Desire 650 Build/MMB29M,,chrome 63.0 for android,,mobile
SM-J320V Build/MMB29M|Android 6.0.1|chrome 62.0 for android|1280x720,SM-J320V Build/MMB29M,Android 6.0.1,chrome 62.0 for android,1280x720,mobile
Hisense U963 Build/MRA58K||android webview 4.0|,Hisense U963 Build/MRA58K,,android webview 4.0,,mobile
SM-G930VL Build/NRD90M|Android 7.0|chrome 63.0 for android|1920x1080,SM-G930VL Build/NRD90M,Android 7.0,chrome 63.0 for android,1920x1080,mobile
|Android|chrome 62.0|1536x864,,Android,chrome 62.0,1536x864,mobile
Trident/7.0|func|ie 11.0 for desktop|1366x768,Trident/7.0,func,ie 11.0 for desktop,1366x768,desktop
Windows NT 6.1|Windows 7|ie|1239x697,Windows NT 6.1,Windows 7,ie,1239x697,desktop
8050G Build/LMY47I||chrome 61.0 for android|,8050G Build/LMY47I,,chrome 61.0 for android,,mobile
HTC||chrome 63.0 for android|,HTC,,chrome 63.0 for android,,mobile
ONE TOUCH 4016A Build/JDQ39||chrome|,ONE TOUCH 4016A Build/JDQ39,,chrome,,mobile
MacOS|Mac OS X 10_12_6|chrome 60.0|1440x900,MacOS,Mac OS X 10_12_6,chrome 60.0,1440x900,desktop
MacOS|Mac OS X 10_12_4|safari generic|5120x2880,MacOS,Mac OS X 10_12_4,safari generic,5120x2880,desktop
M4 SS4451 Build/LMY47D||chrome 59.0 for android|,M4 SS4451 Build/LMY47D,,chrome 59.0 for android,,mobile
MacOS|Mac OS X 10_12_1|safari generic|5120x2880,MacOS,Mac OS X 10_12_1,safari generic,5120x2880,desktop
SM-J327P Build/MMB29M|Android 6.0.1|chrome 63.0 for android|1280x720,SM-J327P Build/MMB29M,Android 6.0.1,chrome 63.0 for android,1280x720,mobile
SM-G955U Build/NRD90M|Android 7.0|chrome 61.0 for android|,SM-G955U Build/NRD90M,Android 7.0,chrome 61.0 for android,,mobile
MacOS|Mac OS X 10_11_6|other|1440x900,MacOS,Mac OS X 10_11_6,other,1440x900,mobile
rv:57.0|Mac OS X 10.10|firefox 57.0|1440x900,rv:57.0,Mac OS X 10.10,firefox 57.0,1440x900,desktop
SM-N900W8 Build/LRX21V||chrome 63.0 for android|,SM-N900W8 Build/LRX21V,,chrome 63.0 for android,,mobile
Windows|Windows 10|chrome 63.0|4500x3000,Windows,Windows 10,chrome 63.0,4500x3000,desktop
HUAWEI CUN-L03 Build/HUAWEICUN-L03||chrome 61.0 for android|,HUAWEI CUN-L03 Build/HUAWEICUN-L03,,chrome 61.0 for android,,mobile
ALCATEL||chrome 61.0 for android|,ALCATEL,,chrome 61.0 for android,,mobile
MacOS|Mac|chrome 63.0|1280x800,MacOS,Mac,chrome 63.0,1280x800,desktop
MacOS|Mac OS X 10_13_1|chrome 63.0|1680x1050,MacOS,Mac OS X 10_13_1,chrome 63.0,1680x1050,desktop
Windows|Windows 7|opera 49.0|1280x1024,Windows,Windows 7,opera 49.0,1280x1024,desktop
SM-J700M Build/MMB29K||chrome 55.0 for android|,SM-J700M Build/MMB29K,,chrome 55.0 for android,,mobile
|Linux|chrome 63.0|1280x720,,Linux,chrome 63.0,1280x720,desktop
iOS Device|iOS 10.3.2|mobile safari generic|1334x750,iOS Device,iOS 10.3.2,mobile safari generic,1334x750,mobile
5056A Build/MMB29M||chrome 63.0 for android|,5056A Build/MMB29M,,chrome 63.0 for android,,mobile
MacOS|Mac OS X 10_11_6|chrome 60.0|1280x800,MacOS,Mac OS X 10_11_6,chrome 60.0,1280x800,desktop
rv:46.0|Mac OS X 10.10|firefox|1366x768,rv:46.0,Mac OS X 10.10,firefox,1366x768,desktop
SM-S550TL||chrome 62.0 for android|,SM-S550TL,,chrome 62.0 for android,,mobile
Lenovo K33b36 Build/MMB29M||chrome 63.0 for android|,Lenovo K33b36 Build/MMB29M,,chrome 63.0 for android,,mobile
Windows|Windows 8.1|chrome 63.0|1200x675,Windows,Windows 8.1,chrome 63.0,1200x675,desktop
SCH-I435|Android 4.4.2|chrome 63.0 for android|960x540,SCH-I435,Android 4.4.2,chrome 63.0 for android,960x540,mobile
SM-J700T Build/NMF26X|Android 7.1.1|chrome 63.0 for android|1280x720,SM-J700T Build/NMF26X,Android 7.1.1,chrome 63.0 for android,1280x720,mobile
Lenovo A6020l37 Build/LMY47V||chrome 62.0 for android|,Lenovo A6020l37 Build/LMY47V,,chrome 62.0 for android,,mobile
Y635-L03 Build/HuaweiY635-L03||chrome 61.0 for android|,Y635-L03 Build/HuaweiY635-L03,,chrome 61.0 for android,,mobile
SM-A300H Build/LRX22G||chrome generic|,SM-A300H Build/LRX22G,,chrome generic,,mobile
Windows NT 6.1|Windows 7|ie|1366x768,Windows NT 6.1,Windows 7,ie,1366x768,desktop
SAMSUNG SM-G925I Build/NRD90M||samsung browser 6.2|,SAMSUNG SM-G925I Build/NRD90M,,samsung browser 6.2,,mobile
SM-G925F Build/NRD90M||chrome 59.0 for android|,SM-G925F Build/NRD90M,,chrome 59.0 for android,,mobile
iOS Device|iOS 11.2.0|other|1334x750,iOS Device,iOS 11.2.0,other,1334x750,mobile
G3423||chrome 63.0 for android|,G3423,,chrome 63.0 for android,,mobile
S57 Build/KTU84P||chrome 60.0 for android|,S57 Build/KTU84P,,chrome 60.0 for android,,mobile
Nexus|Android 8.1.0|chrome 63.0 for android|2562x1442,Nexus,Android 8.1.0,chrome 63.0 for android,2562x1442,mobile
SM-T810 Build/NRD90M||chrome 63.0 for android|,SM-T810 Build/NRD90M,,chrome 63.0 for android,,mobile
rv:57.0|Android 7.1.1|Generic/Android|,rv:57.0,Android 7.1.1,Generic/Android,,mobile
SAMSUNG SM-J111M Build/LMY47V||chrome generic|,SAMSUNG SM-J111M Build/LMY47V,,chrome generic,,mobile
LG-H810/H81022f|Android 6.0|android webview 4.0|2560x1440,LG-H810/H81022f,Android 6.0,android webview 4.0,2560x1440,mobile
SM-G935T Build/NRD90M|Android 7.0|chrome 63.0 for android|2562x1442,SM-G935T Build/NRD90M,Android 7.0,chrome 63.0 for android,2562x1442,mobile
V.40R||chrome 62.0 for android|,V.40R,,chrome 62.0 for android,,mobile
MacOS|Mac OS X 10_11_6|chrome 58.0|1920x1080,MacOS,Mac OS X 10_11_6,chrome 58.0,1920x1080,desktop
Windows|Windows 8.1|chrome 63.0|1728x972,Windows,Windows 8.1,chrome 63.0,1728x972,desktop
rv:57.0|Mac OS X 10.10|firefox 57.0|2560x1600,rv:57.0,Mac OS X 10.10,firefox 57.0,2560x1600,desktop
MALC|Windows 7|ie 11.0 for desktop|1280x800,MALC,Windows 7,ie 11.0 for desktop,1280x800,desktop
Windows|Windows 10|chrome 63.0|2560x1600,Windows,Windows 10,chrome 63.0,2560x1600,desktop
LG-M320 Build/NRD90U||chrome 60.0 for android|,LG-M320 Build/NRD90U,,chrome 60.0 for android,,mobile
MacOS|Mac OS X 10_10_5|chrome 59.0|1680x1050,MacOS,Mac OS X 10_10_5,chrome 59.0,1680x1050,desktop
Moto E (4) Build/NDQS26.69-23-2-3|Android 7.1.1|chrome generic|1280x720,Moto E (4) Build/NDQS26.69-23-2-3,Android 7.1.1,chrome generic,1280x720,mobile
SGH-I337M Build/LRX22C||chrome 63.0 for android|,SGH-I337M Build/LRX22C,,chrome 63.0 for android,,mobile
Windows|Windows XP|chrome 49.0|,Windows,Windows XP,chrome 49.0,,desktop
Lenovo||chrome 63.0 for android|,Lenovo,,chrome 63.0 for android,,mobile
SAMSUNG SM-G530T Build/LMY47X|Android 5.1.1|other|960x540,SAMSUNG SM-G530T Build/LMY47X,Android 5.1.1,other,960x540,mobile
SM-S907VL||chrome 59.0 for android|,SM-S907VL,,chrome 59.0 for android,,mobile
MacOS|Mac OS X 10_12_6|safari generic|2048x1280,MacOS,Mac OS X 10_12_6,safari generic,2048x1280,desktop
MacOS|Mac OS X 10_10_5|safari generic|3360x2100,MacOS,Mac OS X 10_10_5,safari generic,3360x2100,desktop
Windows|Windows 7|firefox 57.0|3440x1440,Windows,Windows 7,firefox 57.0,3440x1440,desktop
Windows|Windows 7|chrome 63.0|1512x945,Windows,Windows 7,chrome 63.0,1512x945,desktop
rv:11.0|Windows 10|ie 11.0 for desktop|1280x1024,rv:11.0,Windows 10,ie 11.0 for desktop,1280x1024,desktop
SAMSUNG SM-G550T1 Build/MMB29K|Android 6.0.1|samsung browser 5.4|1280x720,SAMSUNG SM-G550T1 Build/MMB29K,Android 6.0.1,samsung browser 5.4,1280x720,mobile
SM-P355M Build/MMB29M||chrome 61.0 for android|,SM-P355M Build/MMB29M,,chrome 61.0 for android,,mobile
MacOS|Mac OS X 10_9_5|chrome 63.0|1366x768,MacOS,Mac OS X 10_9_5,chrome 63.0,1366x768,desktop
MacOS|Mac OS X 10_12_3|safari generic|1366x768,MacOS,Mac OS X 10_12_3,safari generic,1366x768,desktop
Z835 Build/NMF26V|Android 7.1.1|other|855x480,Z835 Build/NMF26V,Android 7.1.1,other,855x480,mobile
Windows|Windows 8.1|chrome 63.0|1280x1024,Windows,Windows 8.1,chrome 63.0,1280x1024,desktop
Z956 Build/MMB29M|Android 6.0.1|chrome 63.0 for android|1280x720,Z956 Build/MMB29M,Android 6.0.1,chrome 63.0 for android,1280x720,mobile
Mi A1 Build/N2G47H||chrome 62.0 for android|,Mi A1 Build/N2G47H,,chrome 62.0 for android,,mobile
LG-H918 Build/NRD90M||chrome 63.0 for android|,LG-H918 Build/NRD90M,,chrome 63.0 for android,,mobile
SM-G935T Build/NRD90M|Android 7.0|chrome 62.0 for android|2560x1440,SM-G935T Build/NRD90M,Android 7.0,chrome 62.0 for android,2560x1440,mobile
SM-T580 Build/NRD90M|Android 7.0|chrome 63.0 for android|1920x1200,SM-T580 Build/NRD90M,Android 7.0,chrome 63.0 for android,1920x1200,mobile
Windows|Windows 10|chrome 59.0|2736x1824,Windows,Windows 10,chrome 59.0,2736x1824,desktop
MacOS|Mac OS X 10_11_3|chrome 62.0|1440x900,MacOS,Mac OS X 10_11_3,chrome 62.0,1440x900,desktop
Windows|Windows 7||1024x768,Windows,Windows 7,,1024x768,desktop
MacOS|Mac OS X 10_9_5|chrome 61.0|2560x1440,MacOS,Mac OS X 10_9_5,chrome 61.0,2560x1440,desktop
Windows|Windows 10|edge 15.0|1400x1050,Windows,Windows 10,edge 15.0,1400x1050,desktop
rv:11.0|Windows 10|ie 11.0 for desktop|1366x768,rv:11.0,Windows 10,ie 11.0 for desktop,1366x768,desktop
Trident/7.0|Windows 7|ie 11.0 for desktop|1296x774,Trident/7.0,Windows 7,ie 11.0 for desktop,1296x774,desktop
rv:57.0|Windows 7|firefox 57.0|,rv:57.0,Windows 7,firefox 57.0,,desktop
QTAIR7 Build/LMY47D|Android|chrome 63.0 for android|1920x1200,QTAIR7 Build/LMY47D,Android,chrome 63.0 for android,1920x1200,mobile
MacOS|Mac OS X 10_13_2|chrome 63.0|3840x2400,MacOS,Mac OS X 10_13_2,chrome 63.0,3840x2400,desktop
SAMSUNG SM-G930A Build/NRD90M|Android 7.0|samsung browser 6.2|1280x720,SAMSUNG SM-G930A Build/NRD90M,Android 7.0,samsung browser 6.2,1280x720,mobile
MacOS|Mac OS X 10_8_5|chrome 49.0|2560x1440,MacOS,Mac OS X 10_8_5,chrome 49.0,2560x1440,desktop
VFD|Android 6.0|chrome 61.0 for android|,VFD,Android 6.0,chrome 61.0 for android,,mobile
LG-H500 Build/LRX21Y||chrome 63.0 for android|,LG-H500 Build/LRX21Y,,chrome 63.0 for android,,mobile
Trident/7.0|Windows 7|ie 11.0 for desktop|3360x1050,Trident/7.0,Windows 7,ie 11.0 for desktop,3360x1050,desktop
Windows|Windows 10|ie 11.0 for desktop|1920x1200,Windows,Windows 10,ie 11.0 for desktop,1920x1200,desktop
SAMSUNG SM-J727T1 Build/NRD90M|Android 7.0|samsung browser 6.2|1280x720,SAMSUNG SM-J727T1 Build/NRD90M,Android 7.0,samsung browser 6.2,1280x720,mobile
Windows|Windows 8.1|chrome 63.0|2160x1440,Windows,Windows 8.1,chrome 63.0,2160x1440,desktop
LGLS676 Build/MXB48T|Android 6.0.1|chrome 63.0 for android|1280x720,LGLS676 Build/MXB48T,Android 6.0.1,chrome 63.0 for android,1280x720,mobile
rv:55.0|Mac OS X 10.11|firefox 55.0|1920x1200,rv:55.0,Mac OS X 10.11,firefox 55.0,1920x1200,desktop
XT1650|Android 7.1.1|chrome 63.0 for android|2560x1440,XT1650,Android 7.1.1,chrome 63.0 for android,2560x1440,mobile
VS425PP Build/LMY47V||chrome 50.0 for android|,VS425PP Build/LMY47V,,chrome 50.0 for android,,mobile
MacOS|Mac OS X 10_11_5|chrome 61.0|2560x1600,MacOS,Mac OS X 10_11_5,chrome 61.0,2560x1600,desktop
Coolpad|Android 7.1.1|chrome 62.0 for android|855x480,Coolpad,Android 7.1.1,chrome 62.0 for android,855x480,mobile
MacOS|Mac|chrome 61.0|1440x900,MacOS,Mac,chrome 61.0,1440x900,desktop
Trident/7.0|Windows 10|ie 11.0 for tablet|1280x1024,Trident/7.0,Windows 10,ie 11.0 for tablet,1280x1024,desktop
MacOS|Mac|chrome 63.0|2560x1600,MacOS,Mac,chrome 63.0,2560x1600,desktop
Linux x86_64||firefox|,Linux x86_64,,firefox,,desktop
rv:56.0|Mac OS X 10.11|firefox 56.0|1360x768,rv:56.0,Mac OS X 10.11,firefox 56.0,1360x768,desktop
MacOS|Mac OS X 10_12_6|chrome 62.0|3440x1440,MacOS,Mac OS X 10_12_6,chrome 62.0,3440x1440,desktop
SM-T230 Build/KOT49H||chrome 63.0 for android|,SM-T230 Build/KOT49H,,chrome 63.0 for android,,mobile
MacOS|Mac OS X 10_12_6|chrome 63.0|1920x1200,MacOS,Mac OS X 10_12_6,chrome 63.0,1920x1200,desktop
SAMSUNG SM-J327T Build/NRD90M|Android 7.0|samsung browser 5.2|1280x720,SAMSUNG SM-J327T Build/NRD90M,Android 7.0,samsung browser 5.2,1280x720,mobile
Ilium LT510 Build/MRA58K||chrome 59.0 for android|,Ilium LT510 Build/MRA58K,,chrome 59.0 for android,,mobile
Windows|Windows 10|chrome 57.0|2049x1152,Windows,Windows 10,chrome 57.0,2049x1152,desktop
MacOS|Mac OS X 10_11_6|chrome 55.0|2560x1600,MacOS,Mac OS X 10_11_6,chrome 55.0,2560x1600,desktop
Windows|Windows 10|edge 15.0|3200x1800,Windows,Windows 10,edge 15.0,3200x1800,desktop
iOS Device|iOS 11.2.1|chrome 63.0 for ios|2224x1668,iOS Device,iOS 11.2.1,chrome 63.0 for ios,2224x1668,mobile
rv:57.0|Mac OS X 10.11|firefox 57.0|5120x2880,rv:57.0,Mac OS X 10.11,firefox 57.0,5120x2880,desktop
LG-D855 Build/LRX21R||chrome 62.0 for android|,LG-D855 Build/LRX21R,,chrome 62.0 for android,,mobile
|func|safari generic|2560x1600,,func,safari generic,2560x1600,desktop
Windows|Windows 7|firefox 56.0|2560x1440,Windows,Windows 7,firefox 56.0,2560x1440,desktop
LG-LK460|Android 7.1.1|chrome 62.0 for android|,LG-LK460,Android 7.1.1,chrome 62.0 for android,,mobile
Moto E (4) Plus Build/NMA26.42-11-3||android webview 4.0|,Moto E (4) Plus Build/NMA26.42-11-3,,android webview 4.0,,mobile
Windows|Windows 8.1|opera 49.0|1920x1080,Windows,Windows 8.1,opera 49.0,1920x1080,desktop
iOS Device|iOS 11.0.1|chrome 63.0 for ios|2048x1536,iOS Device,iOS 11.0.1,chrome 63.0 for ios,2048x1536,mobile
MacOS|Mac OS X 10_12_6|chrome 63.0|2048x1152,MacOS,Mac OS X 10_12_6,chrome 63.0,2048x1152,desktop
GT-N5110|Android 4.4.2|chrome 61.0 for android|,GT-N5110,Android 4.4.2,chrome 61.0 for android,,mobile
MacOS|Mac OS X 10_7_5|safari generic|1280x800,MacOS,Mac OS X 10_7_5,safari generic,1280x800,desktop
SM-T560NU Build/NMF26X|Android 7.1.1|chrome 63.0 for android|1280x800,SM-T560NU Build/NMF26X,Android 7.1.1,chrome 63.0 for android,1280x800,mobile
MacOS|Mac OS X 10_12_5|chrome 63.0|1920x1080,MacOS,Mac OS X 10_12_5,chrome 63.0,1920x1080,desktop
Pixel 2 Build/OPM1.171019.011||chrome 63.0 for android|,Pixel 2 Build/OPM1.171019.011,,chrome 63.0 for android,,mobile
HTC One A9s Build/MRA58K||chrome 63.0 for android|,HTC One A9s Build/MRA58K,,chrome 63.0 for android,,mobile
SM-J510MN Build/MMB29M||chrome 63.0 for android|,SM-J510MN Build/MMB29M,,chrome 63.0 for android,,mobile
SM-G935P Build/NRD90M|Android 7.0|chrome 63.0 for android|,SM-G935P Build/NRD90M,Android 7.0,chrome 63.0 for android,,mobile
LG-D331||chrome 60.0 for android|,LG-D331,,chrome 60.0 for android,,mobile
m3||chrome 62.0 for android|,m3,,chrome 62.0 for android,,mobile
SM-G550T Build/MMB29K|Android 6.0.1|chrome 63.0 for android|1280x720,SM-G550T Build/MMB29K,Android 6.0.1,chrome 63.0 for android,1280x720,mobile
GT-I9060M Build/KTU84P||chrome 59.0 for android|,GT-I9060M Build/KTU84P,,chrome 59.0 for android,,mobile
Windows|Windows 8.1|chrome 58.0|1366x768,Windows,Windows 8.1,chrome 58.0,1366x768,desktop
Windows|Windows 7||1920x1080,Windows,Windows 7,,1920x1080,desktop
Windows|Windows 10|chrome 63.0|1280x1025,Windows,Windows 10,chrome 63.0,1280x1025,desktop
Trident/7.0|Windows 10|ie 11.0 for tablet|3440x1440,Trident/7.0,Windows 10,ie 11.0 for tablet,3440x1440,desktop
SM-T350 Build/NMF26X|Android 7.1.1|chrome 63.0 for android|1024x768,SM-T350 Build/NMF26X,Android 7.1.1,chrome 63.0 for android,1024x768,mobile
Windows NT 6.1|Windows 7|ie|2048x1152,Windows NT 6.1,Windows 7,ie,2048x1152,desktop
HTC One_M8 Build/MRA58K||chrome 63.0 for android|,HTC One_M8 Build/MRA58K,,chrome 63.0 for android,,mobile
iOS Device|iOS 11.0.3|mobile safari uiwebview|1334x750,iOS Device,iOS 11.0.3,mobile safari uiwebview,1334x750,mobile
LG-D850|Android 6.0|chrome 63.0 for android|2560x1440,LG-D850,Android 6.0,chrome 63.0 for android,2560x1440,mobile
MacOS|Mac OS X 10_11_6|other|2560x1440,MacOS,Mac OS X 10_11_6,other,2560x1440,mobile
Windows|Windows 10|chrome 59.0|1280x1024,Windows,Windows 10,chrome 59.0,1280x1024,desktop
SM-G955U1 Build/NRD90M||chrome 56.0 for android|,SM-G955U1 Build/NRD90M,,chrome 56.0 for android,,mobile
SM-G900I||chrome 63.0 for android|,SM-G900I,,chrome 63.0 for android,,mobile
MacOS|Mac OS X 10_10_5|chrome 60.0|1440x900,MacOS,Mac OS X 10_10_5,chrome 60.0,1440x900,desktop
Z971||chrome 55.0 for android|,Z971,,chrome 55.0 for android,,mobile
rv:55.0|Mac OS X 10.10|firefox 55.0|1440x900,rv:55.0,Mac OS X 10.10,firefox 55.0,1440x900,desktop
MacOS|Mac OS X 10_11_3|safari generic|1280x800,MacOS,Mac OS X 10_11_3,safari generic,1280x800,desktop
Windows|Windows 10|edge 16.0|3240x2160,Windows,Windows 10,edge 16.0,3240x2160,desktop
LG-LS997 Build/NRD90M|Android 7.0|chrome 63.0 for android|,LG-LS997 Build/NRD90M,Android 7.0,chrome 63.0 for android,,mobile
SAMSUNG-SM-N900A||chrome 62.0 for android|,SAMSUNG-SM-N900A,,chrome 62.0 for android,,mobile
SM-S920L|Android 5.0.2|chrome 61.0 for android|960x540,SM-S920L,Android 5.0.2,chrome 61.0 for android,960x540,mobile
SM-P350 Build/MMB29M||chrome 63.0 for android|,SM-P350 Build/MMB29M,,chrome 63.0 for android,,mobile
Ilium LT500 Build/LMY47O||chrome 62.0 for android|,Ilium LT500 Build/LMY47O,,chrome 62.0 for android,,mobile
|Android 7.1.1|android webview 4.0|,,Android 7.1.1,android webview 4.0,,mobile
Linux x86_64|Linux|firefox|1600x900,Linux x86_64,Linux,firefox,1600x900,desktop
SM-G928F||chrome 63.0 for android|,SM-G928F,,chrome 63.0 for android,,mobile
rv:56.0|Mac OS X 10.9|firefox 56.0|2560x1600,rv:56.0,Mac OS X 10.9,firefox 56.0,2560x1600,desktop
Windows|Windows 10|chrome 57.0|1920x1200,Windows,Windows 10,chrome 57.0,1920x1200,desktop
SAMSUNG-SM-G925A Build/NRD90M|Android 7.0|chrome 63.0 for android|2560x1440,SAMSUNG-SM-G925A Build/NRD90M,Android 7.0,chrome 63.0 for android,2560x1440,mobile
LG-X230 Build/MRA58K||chrome 60.0 for android|,LG-X230 Build/MRA58K,,chrome 60.0 for android,,mobile
HUAWEI Y560-L03 Build/HUAWEIY560-L03||chrome 43.0 for android|,HUAWEI Y560-L03 Build/HUAWEIY560-L03,,chrome 43.0 for android,,mobile
SAMSUNG-SM-N920A Build/NRD90M|Android 7.0|chrome 63.0 for android|1920x1080,SAMSUNG-SM-N920A Build/NRD90M,Android 7.0,chrome 63.0 for android,1920x1080,mobile
MacOS|Mac OS X 10_13_2|safari generic|1344x756,MacOS,Mac OS X 10_13_2,safari generic,1344x756,desktop
Windows|Windows 8.1|chrome 63.0|1360x768,Windows,Windows 8.1,chrome 63.0,1360x768,desktop
XT1580||chrome 56.0 for android|,XT1580,,chrome 56.0 for android,,mobile
MacOS|Mac OS X 10_11_3|chrome 63.0|1280x800,MacOS,Mac OS X 10_11_3,chrome 63.0,1280x800,desktop
rv:48.0|Mac OS X 10.12|firefox 48.0|1280x800,rv:48.0,Mac OS X 10.12,firefox 48.0,1280x800,desktop
SM-G950U Build/NRD90M|Android 7.0|chrome 56.0 for android|2220x1080,SM-G950U Build/NRD90M,Android 7.0,chrome 56.0 for android,2220x1080,mobile
MacOS|Mac|chrome 63.0|2560x1440,MacOS,Mac,chrome 63.0,2560x1440,desktop
MacOS|Mac OS X 10_11_6|safari generic|2304x1440,MacOS,Mac OS X 10_11_6,safari generic,2304x1440,desktop
PRA-LX3 Build/HUAWEIPRA-LX3||chrome 63.0 for android|,PRA-LX3 Build/HUAWEIPRA-LX3,,chrome 63.0 for android,,mobile
SAMSUNG SM-J710MN Build/MMB29K||samsung browser 6.2|,SAMSUNG SM-J710MN Build/MMB29K,,samsung browser 6.2,,mobile
MacOS|Mac OS X 10_13_2|safari generic|2048x1152,MacOS,Mac OS X 10_13_2,safari generic,2048x1152,desktop
MacOS|Mac OS X 10_11_6|other|2560x1600,MacOS,Mac OS X 10_11_6,other,2560x1600,mobile
Windows|Windows 10|edge 14.0|3840x2160,Windows,Windows 10,edge 14.0,3840x2160,desktop
SM-G355M Build/KOT49H||chrome 62.0 for android|,SM-G355M Build/KOT49H,,chrome 62.0 for android,,mobile
rv:56.0|Mac OS X 10.12|firefox 56.0|1680x1050,rv:56.0,Mac OS X 10.12,firefox 56.0,1680x1050,desktop
SAMSUNG SM-G950U Build/NRD90M|Android 7.0|samsung browser 6.2|2960x1440,SAMSUNG SM-G950U Build/NRD90M,Android 7.0,samsung browser 6.2,2960x1440,mobile
SM-N950U1 Build/NMF26X||chrome 63.0 for android|,SM-N950U1 Build/NMF26X,,chrome 63.0 for android,,mobile
SM-G900M Build/LRX21T||chrome 43.0 for android|,SM-G900M Build/LRX21T,,chrome 43.0 for android,,mobile
ZTE-Z835|Android 7.1.1|other|855x480,ZTE-Z835,Android 7.1.1,other,855x480,mobile
Windows||firefox|,Windows,,firefox,,desktop
LGMP450 Build/NRD90U|Android 7.0|chrome 58.0 for android|1920x1080,LGMP450 Build/NRD90U,Android 7.0,chrome 58.0 for android,1920x1080,mobile
GT-S7580L Build/JDQ39||chrome 55.0 for android|,GT-S7580L Build/JDQ39,,chrome 55.0 for android,,mobile
Windows|Windows 10|chrome 60.0|2048x1152,Windows,Windows 10,chrome 60.0,2048x1152,desktop
SM-T550 Build/NMF26X|Android 7.1.1|chrome 63.0 for android|1024x768,SM-T550 Build/NMF26X,Android 7.1.1,chrome 63.0 for android,1024x768,mobile
MacOS|Mac OS X 10_13_2|safari generic|3840x2160,MacOS,Mac OS X 10_13_2,safari generic,3840x2160,desktop
MacOS|Mac|chrome 62.0|1920x1080,MacOS,Mac,chrome 62.0,1920x1080,desktop
KFSUWI Build/LVY48F||chrome generic|,KFSUWI Build/LVY48F,,chrome generic,,mobile
HUAWEI Y625-U13 Build/HUAWEIY625-U13||chrome 59.0 for android|,HUAWEI Y625-U13 Build/HUAWEIY625-U13,,chrome 59.0 for android,,mobile
Windows|Windows 10|chrome 61.0|1600x900,Windows,Windows 10,chrome 61.0,1600x900,desktop
SM-J200M Build/LMY47X||chrome 61.0 for android|,SM-J200M Build/LMY47X,,chrome 61.0 for android,,mobile
rv:56.0|Mac OS X 10.10|firefox 56.0|2880x1800,rv:56.0,Mac OS X 10.10,firefox 56.0,2880x1800,desktop
SM-T113NU Build/KTU84P||chrome 63.0 for android|,SM-T113NU Build/KTU84P,,chrome 63.0 for android,,mobile
SAMSUNG|Android 5.0|chrome generic|1920x1080,SAMSUNG,Android 5.0,chrome generic,1920x1080,mobile
SM-A520F Build/NRD90M||chrome 58.0 for android|,SM-A520F Build/NRD90M,,chrome 58.0 for android,,mobile
MacOS|Mac OS X 10_7_5|chrome 49.0|1600x900,MacOS,Mac OS X 10_7_5,chrome 49.0,1600x900,desktop
MacOS|Mac OS X 10_9_5|chrome 62.0|2560x1440,MacOS,Mac OS X 10_9_5,chrome 62.0,2560x1440,desktop
Hisense L675 Build/MRA58K||chrome 46.0 for android|,Hisense L675 Build/MRA58K,,chrome 46.0 for android,,mobile
ZTE Blade L5 Build/LMY47I||chrome 60.0 for android|,ZTE Blade L5 Build/LMY47I,,chrome 60.0 for android,,mobile
LG-D693n Build/LRX22G||chrome 54.0 for android|,LG-D693n Build/LRX22G,,chrome 54.0 for android,,mobile
Windows|Windows 7|chrome 55.0|1600x900,Windows,Windows 7,chrome 55.0,1600x900,desktop
Le X520 Build/IEXCNFN5902303111S||chrome 63.0 for android|,Le X520 Build/IEXCNFN5902303111S,,chrome 63.0 for android,,mobile
rv:57.0|Android 7.0|Generic/Android 7.0|2560x1440,rv:57.0,Android 7.0,Generic/Android 7.0,2560x1440,mobile
SGH-I317M||chrome 63.0 for android|,SGH-I317M,,chrome 63.0 for android,,mobile
5054S Build/LMY47V||chrome 43.0 for android|,5054S Build/LMY47V,,chrome 43.0 for android,,mobile
MotoG3-TE Build/MPDS24.65-33-1-30||chrome 63.0 for android|,MotoG3-TE Build/MPDS24.65-33-1-30,,chrome 63.0 for android,,mobile
SM-J105B Build/LMY47V||chrome 50.0 for android|,SM-J105B Build/LMY47V,,chrome 50.0 for android,,mobile
LG-M250 Build/NRD90U||chrome 63.0 for android|,LG-M250 Build/NRD90U,,chrome 63.0 for android,,mobile
SAMSUNG-SM-G900A Build/LRX21T|Android 5.0|chrome 63.0 for android|1920x1080,SAMSUNG-SM-G900A Build/LRX21T,Android 5.0,chrome 63.0 for android,1920x1080,mobile
iOS Device|iOS 11.2.1|chrome 63.0 for ios|2048x1536,iOS Device,iOS 11.2.1,chrome 63.0 for ios,2048x1536,mobile
Moto C Plus Build/NRD90M.05.022||chrome 63.0 for android|,Moto C Plus Build/NRD90M.05.022,,chrome 63.0 for android,,mobile
iOS Device|iOS 11.2.5|mobile safari generic|2208x1242,iOS Device,iOS 11.2.5,mobile safari generic,2208x1242,mobile
LG-X230 Build/MRA58K||chrome 61.0 for android|,LG-X230 Build/MRA58K,,chrome 61.0 for android,,mobile
SAMSUNG|Android 7.0|samsung browser 6.2|2560x1440,SAMSUNG,Android 7.0,samsung browser 6.2,2560x1440,mobile
BLU||chrome 59.0 for android|,BLU,,chrome 59.0 for android,,mobile
SAMSUNG-SM-G930A Build/NRD90M|Android 7.0|chrome 63.0 for android|,SAMSUNG-SM-G930A Build/NRD90M,Android 7.0,chrome 63.0 for android,,mobile
Windows|Windows 7|firefox|1600x900,Windows,Windows 7,firefox,1600x900,desktop
LG-H345||chrome 61.0 for android|,LG-H345,,chrome 61.0 for android,,mobile
SM-G928V Build/MMB29K|Android 6.0.1|chrome 56.0 for android|2562x1442,SM-G928V Build/MMB29K,Android 6.0.1,chrome 56.0 for android,2562x1442,mobile
LG-D855||chrome 63.0 for android|,LG-D855,,chrome 63.0 for android,,mobile
Build/OPR6.170623.013|Android 8.0.0||,Build/OPR6.170623.013,Android 8.0.0,,,mobile
VS880|Android 5.1.1|chrome 59.0 for android|1280x720,VS880,Android 5.1.1,chrome 59.0 for android,1280x720,mobile
MacOS|Mac|chrome 62.0|1280x720,MacOS,Mac,chrome 62.0,1280x720,desktop
MacOS|Mac OS X 10_12_4|chrome 63.0|2560x1440,MacOS,Mac OS X 10_12_4,chrome 63.0,2560x1440,desktop
rv:51.0|Windows 8.1|firefox|1920x1080,rv:51.0,Windows 8.1,firefox,1920x1080,desktop
Trident/7.0|Windows 10|ie 11.0 for desktop|2560x1440,Trident/7.0,Windows 10,ie 11.0 for desktop,2560x1440,desktop
MacOS|Mac OS X 10_11_4|safari generic|1152x720,MacOS,Mac OS X 10_11_4,safari generic,1152x720,desktop
Windows|Windows 10|edge 16.0|3200x1800,Windows,Windows 10,edge 16.0,3200x1800,desktop
H1611|Android 6.0.1|chrome 63.0 for android|1280x720,H1611,Android 6.0.1,chrome 63.0 for android,1280x720,mobile
0PM92|Android 6.0.1|chrome 56.0 for android|1280x720,0PM92,Android 6.0.1,chrome 56.0 for android,1280x720,mobile
moto x4 Build/NPW26.83-18-2-0-4||chrome 58.0 for android|,moto x4 Build/NPW26.83-18-2-0-4,,chrome 58.0 for android,,mobile
5049W Build/NRD90M|Android 7.0|chrome 62.0 for android|1280x720,5049W Build/NRD90M,Android 7.0,chrome 62.0 for android,1280x720,mobile
Windows|Windows 10|chrome 63.0|768x576,Windows,Windows 10,chrome 63.0,768x576,desktop
SH-04F||chrome|,SH-04F,,chrome,,mobile
Moto G Play Build/MPIS24.241-15.3-7||chrome 50.0 for android|,Moto G Play Build/MPIS24.241-15.3-7,,chrome 50.0 for android,,mobile
G8141 Build/47.1.A.5.51||chrome 63.0 for android|,G8141 Build/47.1.A.5.51,,chrome 63.0 for android,,mobile
SM-J727VPP Build/NRD90M||chrome 63.0 for android|,SM-J727VPP Build/NRD90M,,chrome 63.0 for android,,mobile
Windows|Windows 8.1|chrome 59.0|1366x768,Windows,Windows 8.1,chrome 59.0,1366x768,desktop
MacOS|Mac|chrome 63.0|5120x2880,MacOS,Mac,chrome 63.0,5120x2880,desktop
LG-D693n Build/LRX22G||chrome 53.0 for android|,LG-D693n Build/LRX22G,,chrome 53.0 for android,,mobile
MacOS|Mac OS X 10_12_2|chrome 63.0|4096x2304,MacOS,Mac OS X 10_12_2,chrome 63.0,4096x2304,desktop
Windows|Windows 8.1|firefox 57.0|1920x1200,Windows,Windows 8.1,firefox 57.0,1920x1200,desktop
LG-X180g Build/LMY47I||chrome 63.0 for android|,LG-X180g Build/LMY47I,,chrome 63.0 for android,,mobile
SM-J510MN Build/MMB29M|Android 6.0.1|opera|1280x720,SM-J510MN Build/MMB29M,Android 6.0.1,opera,1280x720,mobile
|Linux|chrome 62.0|2880x1620,,Linux,chrome 62.0,2880x1620,desktop
MacOS|Mac OS X 10_13_1|safari generic|1920x1200,MacOS,Mac OS X 10_13_1,safari generic,1920x1200,desktop
SM-G935P Build/NRD90M|Android 7.0|android webview 4.0|,SM-G935P Build/NRD90M,Android 7.0,android webview 4.0,,mobile
SM-J327T1 Build/NRD90M||chrome 60.0 for android|,SM-J327T1 Build/NRD90M,,chrome 60.0 for android,,mobile
HUAWEI TAG-L13 Build/HUAWEITAG-L13||chrome 63.0 for android|,HUAWEI TAG-L13 Build/HUAWEITAG-L13,,chrome 63.0 for android,,mobile
LG-H700 Build/NRD90U|Android 7.0|chrome 63.0 for android|,LG-H700 Build/NRD90U,Android 7.0,chrome 63.0 for android,,mobile
2PS64 Build/NRD90M|Android 7.0|chrome 63.0 for android|2560x1440,2PS64 Build/NRD90M,Android 7.0,chrome 63.0 for android,2560x1440,mobile
LG-H443/H44312g|Android 5.1.1|android browser 4.0|1280x720,LG-H443/H44312g,Android 5.1.1,android browser 4.0,1280x720,mobile
BLU LIFE XL Build/L050U||chrome 62.0 for android|,BLU LIFE XL Build/L050U,,chrome 62.0 for android,,mobile
MacOS|Mac OS X 10_9_5|chrome 60.0|1280x800,MacOS,Mac OS X 10_9_5,chrome 60.0,1280x800,desktop
SM-G935V Build/NRD90M|Android 7.0|chrome 60.0 for android|1920x1080,SM-G935V Build/NRD90M,Android 7.0,chrome 60.0 for android,1920x1080,mobile
Windows|Windows 7|chrome 62.0|1264x924,Windows,Windows 7,chrome 62.0,1264x924,desktop
Windows|Windows 7|chrome 63.0|3840x1080,Windows,Windows 7,chrome 63.0,3840x1080,desktop
SAMSUNG-SM-G890A Build/NRD90M|Android 7.0|chrome 63.0 for android|2560x1440,SAMSUNG-SM-G890A Build/NRD90M,Android 7.0,chrome 63.0 for android,2560x1440,mobile
MacOS|Mac OS X 10_12_2|chrome 63.0|1440x900,MacOS,Mac OS X 10_12_2,chrome 63.0,1440x900,desktop
LG-H840 Build/MMB29M||chrome 62.0 for android|,LG-H840 Build/MMB29M,,chrome 62.0 for android,,mobile
G3223 Build/42.0.A.4.101||chrome 63.0 for android|,G3223 Build/42.0.A.4.101,,chrome 63.0 for android,,mobile
LG-V495||chrome 61.0 for android|,LG-V495,,chrome 61.0 for android,,mobile
MacOS|Mac OS X 10_13_1|chrome 63.0|2520x1575,MacOS,Mac OS X 10_13_1,chrome 63.0,2520x1575,desktop
Windows|Windows 7|chrome 63.0|1280x768,Windows,Windows 7,chrome 63.0,1280x768,desktop
Windows|Windows 7|ie 11.0 for desktop|1536x864,Windows,Windows 7,ie 11.0 for desktop,1536x864,desktop
Lenovo TB2-X30F Build/LenovoTB2-X30F||chrome 63.0 for android|,Lenovo TB2-X30F Build/LenovoTB2-X30F,,chrome 63.0 for android,,mobile
XT1635-01 Build/NDNS26.118-23-12-3|Android 7.1.1|chrome 63.0 for android|,XT1635-01 Build/NDNS26.118-23-12-3,Android 7.1.1,chrome 63.0 for android,,mobile
SM-G532M Build/MMB29T||chrome 63.0 for android|,SM-G532M Build/MMB29T,,chrome 63.0 for android,,mobile
SAMSUNG|Android 6.0.1|samsung browser 6.2|2560x1600,SAMSUNG,Android 6.0.1,samsung browser 6.2,2560x1600,mobile
SAMSUNG-SM-G930A Build/NRD90M|Android 7.0|chrome 60.0 for android|1920x1080,SAMSUNG-SM-G930A Build/NRD90M,Android 7.0,chrome 60.0 for android,1920x1080,mobile
Windows|Windows 7|chrome 57.0|1920x1200,Windows,Windows 7,chrome 57.0,1920x1200,desktop
Windows|Windows 7||1440x900,Windows,Windows 7,,1440x900,desktop
Windows|Windows 7|chrome 63.0|1536x864,Windows,Windows 7,chrome 63.0,1536x864,desktop
Hisense F23 Build/NRD90M||chrome 62.0 for android|,Hisense F23 Build/NRD90M,,chrome 62.0 for android,,mobile
2PZC5|Android 7.1.1|chrome 63.0 for android|2560x1440,2PZC5,Android 7.1.1,chrome 63.0 for android,2560x1440,mobile
SM-G550T1 Build/MMB29K||chrome 62.0 for android|,SM-G550T1 Build/MMB29K,,chrome 62.0 for android,,mobile
VS880PP|Android 5.1.1|chrome 56.0 for android|1280x720,VS880PP,Android 5.1.1,chrome 56.0 for android,1280x720,mobile
rv:45.0|Windows 10|firefox|2160x1350,rv:45.0,Windows 10,firefox,2160x1350,desktop
SM-G950U Build/NRD90M|Android 7.0|chrome 63.0 for android|,SM-G950U Build/NRD90M,Android 7.0,chrome 63.0 for android,,mobile
Windows|Windows 8|chrome|1680x1050,Windows,Windows 8,chrome,1680x1050,desktop
SAMSUNG-SM-G900A Build/LMY47X|Android 5.1.1|chrome 63.0 for android|1920x1080,SAMSUNG-SM-G900A Build/LMY47X,Android 5.1.1,chrome 63.0 for android,1920x1080,mobile
MacOS|Mac OS X 10_13_1|safari generic|2048x1280,MacOS,Mac OS X 10_13_1,safari generic,2048x1280,desktop
Windows|Windows 7|chrome 51.0|1366x768,Windows,Windows 7,chrome 51.0,1366x768,desktop
SM-J320VPP|Android 6.0.1|chrome 62.0 for android|1280x720,SM-J320VPP,Android 6.0.1,chrome 62.0 for android,1280x720,mobile
Moto E (4) Build/NMA26.42-69||android webview 4.0|,Moto E (4) Build/NMA26.42-69,,android webview 4.0,,mobile
SM-A520F Build/NRD90M||chrome 63.0 for android|,SM-A520F Build/NRD90M,,chrome 63.0 for android,,mobile
HTC 10 Build/NRD90M||chrome 62.0 for android|,HTC 10 Build/NRD90M,,chrome 62.0 for android,,mobile
XT1563 Build/MPD24.107-52||chrome 63.0 for android|,XT1563 Build/MPD24.107-52,,chrome 63.0 for android,,mobile
HUAWEI NXT-L09 Build/HUAWEINXT-L09||chrome 62.0 for android|,HUAWEI NXT-L09 Build/HUAWEINXT-L09,,chrome 62.0 for android,,mobile
rv:47.0|Windows 7|firefox 47.0|1920x1080,rv:47.0,Windows 7,firefox 47.0,1920x1080,desktop
S.N.O.W.4|Windows 7|ie 11.0 for desktop|,S.N.O.W.4,Windows 7,ie 11.0 for desktop,,desktop
Studio||chrome 63.0 for android|,Studio,,chrome 63.0 for android,,mobile
MacOS|Mac OS X 10_12_5|safari generic|1680x1050,MacOS,Mac OS X 10_12_5,safari generic,1680x1050,desktop
ASUS|Android 5.1.1|android browser 4.0|,ASUS,Android 5.1.1,android browser 4.0,,mobile
Windows|Windows 10|chrome 63.0|1700x960,Windows,Windows 10,chrome 63.0,1700x960,desktop
Windows|Windows 10|chrome 63.0|3240x2160,Windows,Windows 10,chrome 63.0,3240x2160,desktop
iOS Device|iOS 11.2.0|mobile safari generic|2732x2048,iOS Device,iOS 11.2.0,mobile safari generic,2732x2048,mobile
SM-G360V Build/LMY48B|Android 5.1.1|chrome 51.0 for android|801x480,SM-G360V Build/LMY48B,Android 5.1.1,chrome 51.0 for android,801x480,mobile
Windows|Windows 8.1|chrome 63.0|1768x992,Windows,Windows 8.1,chrome 63.0,1768x992,desktop
LGL52VL Build/LMY47V|Android 5.1.1|other|855x480,LGL52VL Build/LMY47V,Android 5.1.1,other,855x480,mobile
LG-V521|Android 7.0|chrome 59.0 for android|1920x1200,LG-V521,Android 7.0,chrome 59.0 for android,1920x1200,mobile
Lenovo|Android 5.1.1|chrome 63.0 for android|,Lenovo,Android 5.1.1,chrome 63.0 for android,,mobile
HUAWEI RIO-L03 Build/HUAWEIRIO-L03||chrome 63.0 for android|,HUAWEI RIO-L03 Build/HUAWEIRIO-L03,,chrome 63.0 for android,,mobile
MacOS|Mac OS X 10_11_3|chrome 63.0|2880x1800,MacOS,Mac OS X 10_11_3,chrome 63.0,2880x1800,desktop
SM-G955U Build/NRD90M|Android 7.0|chrome 63.0 for android|2220x1080,SM-G955U Build/NRD90M,Android 7.0,chrome 63.0 for android,2220x1080,mobile
FP2||chrome 63.0 for android|,FP2,,chrome 63.0 for android,,mobile
GT-P5210 Build/KOT49H|Android 4.4.2|chrome 63.0 for android|1280x800,GT-P5210 Build/KOT49H,Android 4.4.2,chrome 63.0 for android,1280x800,mobile
SM-A720F Build/NRD90M||chrome 63.0 for android|,SM-A720F Build/NRD90M,,chrome 63.0 for android,,mobile
MacOS|Mac OS X 10_9_5|chrome 55.0|1280x800,MacOS,Mac OS X 10_9_5,chrome 55.0,1280x800,desktop
Trident/7.0|Windows 7|ie 11.0 for desktop|3440x1440,Trident/7.0,Windows 7,ie 11.0 for desktop,3440x1440,desktop
MacOS|Mac OS X 10_11_4|safari generic|3440x1440,MacOS,Mac OS X 10_11_4,safari generic,3440x1440,desktop
|Linux|chrome 61.0|2672x1440,,Linux,chrome 61.0,2672x1440,desktop
Windows|Windows 10|edge 15.0|3000x2000,Windows,Windows 10,edge 15.0,3000x2000,desktop
Pixel Build/OPM1.171019.011||chrome 63.0 for android|,Pixel Build/OPM1.171019.011,,chrome 63.0 for android,,mobile
Moto C Build/NRD90M.046||chrome 56.0 for android|,Moto C Build/NRD90M.046,,chrome 56.0 for android,,mobile
rv:48.0|Mac OS X 10.9|firefox 48.0|1280x800,rv:48.0,Mac OS X 10.9,firefox 48.0,1280x800,desktop
rv:44.0|Windows 8.1|firefox|1366x768,rv:44.0,Windows 8.1,firefox,1366x768,desktop
Windows|Windows 10|chrome 62.0|1152x648,Windows,Windows 10,chrome 62.0,1152x648,desktop
MacOS|Mac OS X 10_13_2|chrome 63.0|3440x1440,MacOS,Mac OS X 10_13_2,chrome 63.0,3440x1440,desktop
MacOS|Mac OS X 10_12_5|safari generic|2048x1280,MacOS,Mac OS X 10_12_5,safari generic,2048x1280,desktop
SAMSUNG-SM-G900A Build/MMB29M|Android 6.0.1|chrome 61.0 for android|1920x1080,SAMSUNG-SM-G900A Build/MMB29M,Android 6.0.1,chrome 61.0 for android,1920x1080,mobile
Windows|Windows XP|firefox 52.0|1152x720,Windows,Windows XP,firefox 52.0,1152x720,desktop
rv:47.0|Windows XP|firefox 47.0|1600x900,rv:47.0,Windows XP,firefox 47.0,1600x900,desktop
HUAWEI VNS-L53 Build/HUAWEIVNS-L53||chrome 60.0 for android|,HUAWEI VNS-L53 Build/HUAWEIVNS-L53,,chrome 60.0 for android,,mobile
verykoolS5525||android webview 4.0|,verykoolS5525,,android webview 4.0,,mobile
MacOS|Mac OS X 10_9_5|chrome 59.0|2880x1800,MacOS,Mac OS X 10_9_5,chrome 59.0,2880x1800,desktop
SM-T817V Build/NRD90M|Android 7.0|chrome 63.0 for android|2048x1536,SM-T817V Build/NRD90M,Android 7.0,chrome 63.0 for android,2048x1536,mobile
Windows|Windows 7|chrome 63.0|2400x1350,Windows,Windows 7,chrome 63.0,2400x1350,desktop
SM-T230NU Build/KOT49H||chrome 63.0 for android|,SM-T230NU Build/KOT49H,,chrome 63.0 for android,,mobile
SM-N920T Build/NRD90M|Android 7.0|chrome 58.0 for android|,SM-N920T Build/NRD90M,Android 7.0,chrome 58.0 for android,,mobile
F5121 Build/34.3.A.0.252||chrome 63.0 for android|,F5121 Build/34.3.A.0.252,,chrome 63.0 for android,,mobile
MacOS|Mac OS X 10_10_5|chrome 63.0|1920x1200,MacOS,Mac OS X 10_10_5,chrome 63.0,1920x1200,desktop
iOS Device|iOS|mobile safari 9.0|2208x1242,iOS Device,iOS,mobile safari 9.0,2208x1242,mobile
SM-N920T Build/NRD90M|Android 7.0|chrome 63.0 for android|1920x1080,SM-N920T Build/NRD90M,Android 7.0,chrome 63.0 for android,1920x1080,mobile
SM-G950U1 Build/NRD90M|Android 7.0|chrome 58.0 for android|,SM-G950U1 Build/NRD90M,Android 7.0,chrome 58.0 for android,,mobile
SAMSUNG SM-A720F Build/NRD90M||samsung browser 6.2|,SAMSUNG SM-A720F Build/NRD90M,,samsung browser 6.2,,mobile
SAMSUNG SM-G570M Build/MMB29K||samsung browser 4.0|,SAMSUNG SM-G570M Build/MMB29K,,samsung browser 4.0,,mobile
MacOS|Mac OS X 10_9_5|chrome 61.0|1920x1080,MacOS,Mac OS X 10_9_5,chrome 61.0,1920x1080,desktop
D5803 Build/23.5.A.1.291||chrome 63.0 for android|,D5803 Build/23.5.A.1.291,,chrome 63.0 for android,,mobile
SM-J320M Build/LMY47V||chrome 63.0 for android|,SM-J320M Build/LMY47V,,chrome 63.0 for android,,mobile
SM-J710MN Build/MMB29K||chrome 63.0 for android|,SM-J710MN Build/MMB29K,,chrome 63.0 for android,,mobile
MacOS|Mac OS X 10_13_2|safari generic|6400x3600,MacOS,Mac OS X 10_13_2,safari generic,6400x3600,desktop
2PS64 Build/NRD90M||chrome 63.0 for android|,2PS64 Build/NRD90M,,chrome 63.0 for android,,mobile
SM-N920R4|Android 7.0|chrome 61.0 for android|,SM-N920R4,Android 7.0,chrome 61.0 for android,,mobile
HTC6535LVW|Android 7.0|chrome 63.0 for android|1920x1080,HTC6535LVW,Android 7.0,chrome 63.0 for android,1920x1080,mobile
LGLS676 Build/MXB48T|Android 6.0.1|chrome 55.0 for android|1280x720,LGLS676 Build/MXB48T,Android 6.0.1,chrome 55.0 for android,1280x720,mobile
LG-H500 Build/LRX21Y||chrome generic|,LG-H500 Build/LRX21Y,,chrome generic,,mobile
TREKKER-M1||chrome 62.0 for android|,TREKKER-M1,,chrome 62.0 for android,,mobile
SCH-I535|Android 4.4.2|chrome 63.0 for android|1280x720,SCH-I535,Android 4.4.2,chrome 63.0 for android,1280x720,mobile
Blade V6 Plus Build/MRA58K||chrome 55.0 for android|,Blade V6 Plus Build/MRA58K,,chrome 55.0 for android,,mobile
Hisense F20 Build/MMB29M||chrome 63.0 for android|,Hisense F20 Build/MMB29M,,chrome 63.0 for android,,mobile
SM-G900T Build/MMB29M|Android 6.0.1|chrome 63.0 for android|1920x1080,SM-G900T Build/MMB29M,Android 6.0.1,chrome 63.0 for android,1920x1080,mobile
BLL-L23 Build/HUAWEIBLL-L23||chrome 63.0 for android|,BLL-L23 Build/HUAWEIBLL-L23,,chrome 63.0 for android,,mobile
SM-T580 Build/NRD90M||chrome 62.0 for android|,SM-T580 Build/NRD90M,,chrome 62.0 for android,,mobile
SM-G900M Build/LRX21T||chrome generic|,SM-G900M Build/LRX21T,,chrome generic,,mobile
SM-G950U1 Build/NRD90M|Android 7.0|chrome 58.0 for android|2220x1080,SM-G950U1 Build/NRD90M,Android 7.0,chrome 58.0 for android,2220x1080,mobile
Windows|Windows 10|chrome 63.0|7500x5000,Windows,Windows 10,chrome 63.0,7500x5000,desktop
MacOS|Mac OS X 10_12_6|chrome 61.0|1366x768,MacOS,Mac OS X 10_12_6,chrome 61.0,1366x768,desktop
MacOS|Mac OS X 10_11_6|chrome 58.0|1280x800,MacOS,Mac OS X 10_11_6,chrome 58.0,1280x800,desktop
SAMSUNG SM-N900T Build/LRX21V|Android 5.0|chrome generic|1920x1080,SAMSUNG SM-N900T Build/LRX21V,Android 5.0,chrome generic,1920x1080,mobile
SM-G360V|Android|chrome 62.0 for android|801x480,SM-G360V,Android,chrome 62.0 for android,801x480,mobile
MacOS|Mac OS X 10_11_4|chrome 63.0|1280x800,MacOS,Mac OS X 10_11_4,chrome 63.0,1280x800,desktop
iOS Device|iOS 10.3.2|chrome 63.0 for ios|2048x1536,iOS Device,iOS 10.3.2,chrome 63.0 for ios,2048x1536,mobile
rv:57.0|Android 7.0|Generic/Android 7.0|2368x1440,rv:57.0,Android 7.0,Generic/Android 7.0,2368x1440,mobile
Windows||chrome generic|,Windows,,chrome generic,,desktop
AX920||chrome 61.0 for android|,AX920,,chrome 61.0 for android,,mobile
Moto G (4) Build/NPJ25.93-14.7|Android 7.0|chrome generic|1920x1080,Moto G (4) Build/NPJ25.93-14.7,Android 7.0,chrome generic,1920x1080,mobile
LG-D693n Build/LRX22G||chrome 55.0 for android|,LG-D693n Build/LRX22G,,chrome 55.0 for android,,mobile
Ilium L1120 Build/NRD90M||chrome 63.0 for android|,Ilium L1120 Build/NRD90M,,chrome 63.0 for android,,mobile
SM-G920I Build/NRD90M||chrome 63.0 for android|,SM-G920I Build/NRD90M,,chrome 63.0 for android,,mobile
BLADE V8 Build/NRD90M||chrome 63.0 for android|,BLADE V8 Build/NRD90M,,chrome 63.0 for android,,mobile
SAMSUNG SM-A510M Build/NRD90M||samsung browser 6.2|,SAMSUNG SM-A510M Build/NRD90M,,samsung browser 6.2,,mobile
iOS Device|iOS 11.2.5|mobile safari 11.0|2208x1242,iOS Device,iOS 11.2.5,mobile safari 11.0,2208x1242,mobile
iOS Device|iOS 11.0.1|mobile safari generic|2001x1125,iOS Device,iOS 11.0.1,mobile safari generic,2001x1125,mobile
MacOS|Mac OS X 10_10_5|chrome|2880x1800,MacOS,Mac OS X 10_10_5,chrome,2880x1800,desktop
SM-T230NU Build/KOT49H|Android 4.4.2|chrome 63.0 for android|,SM-T230NU Build/KOT49H,Android 4.4.2,chrome 63.0 for android,,mobile
SM-G920T Build/NRD90M|Android 7.0|chrome 63.0 for android|2560x1440,SM-G920T Build/NRD90M,Android 7.0,chrome 63.0 for android,2560x1440,mobile
SM-J320FN Build/LMY47V||chrome 62.0 for android|,SM-J320FN Build/LMY47V,,chrome 62.0 for android,,mobile
Windows|Windows 10|chrome 56.0|1440x900,Windows,Windows 10,chrome 56.0,1440x900,desktop
LG-H540||other|,LG-H540,,other,,mobile
SM-G935V Build/NRD90M|Android 7.0|chrome 60.0 for android|1280x720,SM-G935V Build/NRD90M,Android 7.0,chrome 60.0 for android,1280x720,mobile
MotoG3-TE Build/MPDS24.65-33-1-3||chrome 61.0 for android|,MotoG3-TE Build/MPDS24.65-33-1-3,,chrome 61.0 for android,,mobile
SM-J700T1 Build/NMF26X||chrome 60.0 for android|,SM-J700T1 Build/NMF26X,,chrome 60.0 for android,,mobile
MacOS|Mac OS X 10_11_6|chrome 63.0|1024x640,MacOS,Mac OS X 10_11_6,chrome 63.0,1024x640,desktop
iOS Device|iOS 11.0.0|mobile safari 11.0|2224x1668,iOS Device,iOS 11.0.0,mobile safari 11.0,2224x1668,mobile
SAMSUNG-SM-G870A|Android 5.1.1|chrome generic|1920x1080,SAMSUNG-SM-G870A,Android 5.1.1,chrome generic,1920x1080,mobile
MacOS|Mac OS X 10_12_4|safari generic|1280x800,MacOS,Mac OS X 10_12_4,safari generic,1280x800,desktop
MacOS|Mac OS X 10_10_5|chrome 63.0|5120x2880,MacOS,Mac OS X 10_10_5,chrome 63.0,5120x2880,desktop
Moto C Plus Build/NRD90M.05.034||chrome 58.0 for android|,Moto C Plus Build/NRD90M.05.034,,chrome 58.0 for android,,mobile
|Linux|chrome|1366x768,,Linux,chrome,1366x768,desktop
rv:53.0|Windows 10|firefox|1280x768,rv:53.0,Windows 10,firefox,1280x768,desktop
VS987 Build/NRD90U|Android 7.0|chrome 55.0 for android|2560x1440,VS987 Build/NRD90U,Android 7.0,chrome 55.0 for android,2560x1440,mobile
Windows|Windows 7|chrome 49.0|1920x1080,Windows,Windows 7,chrome 49.0,1920x1080,desktop
SM-G950U1 Build/NRD90M|Android 7.0|chrome 63.0 for android|,SM-G950U1 Build/NRD90M,Android 7.0,chrome 63.0 for android,,mobile
MacOS|Mac OS X 10_12_6|safari generic|1344x756,MacOS,Mac OS X 10_12_6,safari generic,1344x756,desktop
Ilium LT510 Build/MRA58K||chrome 61.0 for android|,Ilium LT510 Build/MRA58K,,chrome 61.0 for android,,mobile
MacOS|Mac OS X 10_13_2|chrome 49.0|1440x900,MacOS,Mac OS X 10_13_2,chrome 49.0,1440x900,desktop
Windows|Windows 7|firefox 57.0|2560x1440,Windows,Windows 7,firefox 57.0,2560x1440,desktop
Moto||chrome 50.0 for android|,Moto,,chrome 50.0 for android,,mobile
SM-N910V Build/MMB29M||chrome 63.0 for android|,SM-N910V Build/MMB29M,,chrome 63.0 for android,,mobile
MacOS|Mac OS X 10_11_6|chrome 63.0|1152x864,MacOS,Mac OS X 10_11_6,chrome 63.0,1152x864,desktop
Windows|Windows 10|chrome 63.0|1824x1026,Windows,Windows 10,chrome 63.0,1824x1026,desktop
SM-G935V Build/NRD90M|Android 7.0|chrome 63.0 for android|,SM-G935V Build/NRD90M,Android 7.0,chrome 63.0 for android,,mobile
LGL58VL|Android 6.0.1|chrome 62.0 for android|855x480,LGL58VL,Android 6.0.1,chrome 62.0 for android,855x480,mobile
BLA-L29 Build/HUAWEIBLA-L29||chrome 63.0 for android|,BLA-L29 Build/HUAWEIBLA-L29,,chrome 63.0 for android,,mobile
Windows|Windows Vista|opera|1024x768,Windows,Windows Vista,opera,1024x768,desktop
TREKKER-X3 Build/MMB29M||chrome 63.0 for android|,TREKKER-X3 Build/MMB29M,,chrome 63.0 for android,,mobile
CAM-L03 Build/HUAWEICAM-L03||chrome 61.0 for android|,CAM-L03 Build/HUAWEICAM-L03,,chrome 61.0 for android,,mobile
|Linux|firefox|1280x1024,,Linux,firefox,1280x1024,desktop
iOS Device|iOS 11.2.1|mobile safari uiwebview|2208x1242,iOS Device,iOS 11.2.1,mobile safari uiwebview,2208x1242,mobile
Venue|Android 5.0.2|chrome 63.0 for android|1280x800,Venue,Android 5.0.2,chrome 63.0 for android,1280x800,mobile
SAMSUNG SM-N950U Build/NMF26X|Android 7.1.1|samsung browser 6.2|2220x1080,SAMSUNG SM-N950U Build/NMF26X,Android 7.1.1,samsung browser 6.2,2220x1080,mobile
PRA-LX1 Build/HUAWEIPRA-LX1||chrome 63.0 for android|,PRA-LX1 Build/HUAWEIPRA-LX1,,chrome 63.0 for android,,mobile
SAMSUNG-SM-G935A|Android 6.0.1|chrome 63.0 for android|2560x1440,SAMSUNG-SM-G935A,Android 6.0.1,chrome 63.0 for android,2560x1440,mobile
MacOS|Mac OS X 10_11_6|chrome 59.0|1280x800,MacOS,Mac OS X 10_11_6,chrome 59.0,1280x800,desktop
SAMSUNG SM-G900M Build/LRX21T||chrome generic|,SAMSUNG SM-G900M Build/LRX21T,,chrome generic,,mobile
Windows|Windows 8.1|firefox 57.0|1600x1200,Windows,Windows 8.1,firefox 57.0,1600x1200,desktop
SM-G900M Build/LRX21T||chrome 63.0 for android|,SM-G900M Build/LRX21T,,chrome 63.0 for android,,mobile
LG-H811 Build/MRA58K|Android 6.0|chrome 63.0 for android|2560x1440,LG-H811 Build/MRA58K,Android 6.0,chrome 63.0 for android,2560x1440,mobile
|Linux|chrome 61.0|1280x1024,,Linux,chrome 61.0,1280x1024,desktop
SM-G955U Build/NRD90M|Android 7.0|chrome 63.0 for android|2961x1440,SM-G955U Build/NRD90M,Android 7.0,chrome 63.0 for android,2961x1440,mobile
MacOS|Mac OS X 10_12_5|chrome 61.0|1366x768,MacOS,Mac OS X 10_12_5,chrome 61.0,1366x768,desktop
ALE-L23 Build/HuaweiALE-L23||chrome 60.0 for android|,ALE-L23 Build/HuaweiALE-L23,,chrome 60.0 for android,,mobile
Windows|Windows Vista|chrome|1280x800,Windows,Windows Vista,chrome,1280x800,desktop
XT1254 Build/MCG24.251-5-5||chrome 63.0 for android|,XT1254 Build/MCG24.251-5-5,,chrome 63.0 for android,,mobile
F3213 Build/36.0.A.2.146||chrome 61.0 for android|,F3213 Build/36.0.A.2.146,,chrome 61.0 for android,,mobile
MacOS|Mac OS X 10_11_6|chrome 63.0|3840x2160,MacOS,Mac OS X 10_11_6,chrome 63.0,3840x2160,desktop
rv:11.0|Windows 7|ie 11.0 for desktop|1360x768,rv:11.0,Windows 7,ie 11.0 for desktop,1360x768,desktop
rv:35.0||firefox|,rv:35.0,,firefox,,desktop
MacOS|Mac OS X 10_11_6|safari generic|2048x1280,MacOS,Mac OS X 10_11_6,safari generic,2048x1280,desktop
Windows|Windows 10|firefox 57.0|1600x1200,Windows,Windows 10,firefox 57.0,1600x1200,desktop
SAMSUNG-SM-T807A|Android 5.0.2|chrome 61.0 for android|2560x1600,SAMSUNG-SM-T807A,Android 5.0.2,chrome 61.0 for android,2560x1600,mobile
Blade V6 Max Build/MRA58K||chrome 49.0 for android|,Blade V6 Max Build/MRA58K,,chrome 49.0 for android,,mobile
SM-G955U Build/NRD90M|Android 7.0|chrome 63.0 for android|2010x1080,SM-G955U Build/NRD90M,Android 7.0,chrome 63.0 for android,2010x1080,mobile
SAMSUNG-SM-G530AZ Build/LMY48B|Android 5.1.1|chrome 63.0 for android|960x540,SAMSUNG-SM-G530AZ Build/LMY48B,Android 5.1.1,chrome 63.0 for android,960x540,mobile
rv:11.0|Windows 7|ie 11.0 for desktop|3440x1440,rv:11.0,Windows 7,ie 11.0 for desktop,3440x1440,desktop
ALE-L23 Build/HuaweiALE-L23||chrome 43.0 for android|,ALE-L23 Build/HuaweiALE-L23,,chrome 43.0 for android,,mobile
Windows|Windows 10|edge 14.0|3200x1800,Windows,Windows 10,edge 14.0,3200x1800,desktop
iOS Device|iOS 11.0.3|mobile safari 9.0|2208x1242,iOS Device,iOS 11.0.3,mobile safari 9.0,2208x1242,mobile
MacOS|Mac OS X 10_12_6|chrome 63.0|2048x1280,MacOS,Mac OS X 10_12_6,chrome 63.0,2048x1280,desktop
rv:47.0|Windows 7|firefox 47.0|1280x1024,rv:47.0,Windows 7,firefox 47.0,1280x1024,desktop
XT1094|Android|chrome 63.0 for android|1920x1080,XT1094,Android,chrome 63.0 for android,1920x1080,mobile
iOS Device|iOS 11.1.0|chrome 63.0 for ios|2048x1536,iOS Device,iOS 11.1.0,chrome 63.0 for ios,2048x1536,mobile
rv:48.0|Mac OS X 10.6|firefox 48.0|2560x1600,rv:48.0,Mac OS X 10.6,firefox 48.0,2560x1600,desktop
P5026A||chrome 63.0 for android|,P5026A,,chrome 63.0 for android,,mobile
XT1096|Android|chrome 63.0 for android|1920x1080,XT1096,Android,chrome 63.0 for android,1920x1080,mobile
MacOS|Mac OS X 10_11_3|chrome 63.0|1920x1080,MacOS,Mac OS X 10_11_3,chrome 63.0,1920x1080,desktop
Trident/7.0|Windows 10|ie 11.0 for desktop|1280x800,Trident/7.0,Windows 10,ie 11.0 for desktop,1280x800,desktop
rv:57.0|Windows 7|firefox 57.0|1440x900,rv:57.0,Windows 7,firefox 57.0,1440x900,desktop
SAMSUNG SM-T800 Build/MMB29K|Android 6.0.1|samsung browser 6.2|2560x1600,SAMSUNG SM-T800 Build/MMB29K,Android 6.0.1,samsung browser 6.2,2560x1600,mobile
Windows NT 6.1|Windows 7|ie|1440x900,Windows NT 6.1,Windows 7,ie,1440x900,desktop
Nexus|Android 7.0|chrome 63.0 for android|2562x1442,Nexus,Android 7.0,chrome 63.0 for android,2562x1442,mobile
Windows|Windows 7|chrome 63.0|2560x1080,Windows,Windows 7,chrome 63.0,2560x1080,desktop
iOS Device|iOS 10.3.2|mobile safari generic|2208x1242,iOS Device,iOS 10.3.2,mobile safari generic,2208x1242,mobile
MacOS|Mac OS X 10_12_4|chrome 63.0|3360x2100,MacOS,Mac OS X 10_12_4,chrome 63.0,3360x2100,desktop
Windows|Windows 10|chrome 63.0|2880x1800,Windows,Windows 10,chrome 63.0,2880x1800,desktop
LG-K450 Build/MXB48T|Android 6.0.1|chrome 63.0 for android|1280x720,LG-K450 Build/MXB48T,Android 6.0.1,chrome 63.0 for android,1280x720,mobile
HTC Desire 530 Build/MMB29M||chrome 58.0 for android|,HTC Desire 530 Build/MMB29M,,chrome 58.0 for android,,mobile
Windows|Windows 8.1|chrome 63.0|1920x1200,Windows,Windows 8.1,chrome 63.0,1920x1200,desktop
LG-M320 Build/NRD90U||chrome 63.0 for android|,LG-M320 Build/NRD90U,,chrome 63.0 for android,,mobile
rv:57.0|Mac OS X 10.9|firefox 57.0|,rv:57.0,Mac OS X 10.9,firefox 57.0,,desktop
MacOS|Mac OS X 10_11_4|chrome 63.0|2560x1440,MacOS,Mac OS X 10_11_4,chrome 63.0,2560x1440,desktop
SAMSUNG SM-G900T Build/MMB29M|Android 6.0.1|samsung browser 6.2|1920x1080,SAMSUNG SM-G900T Build/MMB29M,Android 6.0.1,samsung browser 6.2,1920x1080,mobile
Win64|Windows 10|edge 14.0|,Win64,Windows 10,edge 14.0,,desktop
Trident/7.0|Windows 10|ie 11.0 for desktop|1768x992,Trident/7.0,Windows 10,ie 11.0 for desktop,1768x992,desktop
iOS Device|iOS 10.3.2|mobile safari generic|2048x1536,iOS Device,iOS 10.3.2,mobile safari generic,2048x1536,mobile
KIW-L24|Android 6.0.1|chrome 63.0 for android|1920x1080,KIW-L24,Android 6.0.1,chrome 63.0 for android,1920x1080,mobile
Z959 Build/LMY47V|Android 5.1.1|chrome 57.0 for android|1280x720,Z959 Build/LMY47V,Android 5.1.1,chrome 57.0 for android,1280x720,mobile
rv:48.0|Mac|firefox 48.0|1366x768,rv:48.0,Mac,firefox 48.0,1366x768,desktop
Windows|Windows 7|firefox 57.0|3200x1800,Windows,Windows 7,firefox 57.0,3200x1800,desktop
MacOS|Mac OS X 10_10_5|chrome 61.0|2880x1800,MacOS,Mac OS X 10_10_5,chrome 61.0,2880x1800,desktop
MacOS|Mac OS X 10_13_1|safari generic|1280x720,MacOS,Mac OS X 10_13_1,safari generic,1280x720,desktop
Moto C Plus Build/NRD90M.05.034||chrome 62.0 for android|,Moto C Plus Build/NRD90M.05.034,,chrome 62.0 for android,,mobile
Windows|Windows 7|chrome 63.0|1776x1000,Windows,Windows 7,chrome 63.0,1776x1000,desktop
iOS Device|iOS 11.2.5|mobile safari 11.0|2001x1125,iOS Device,iOS 11.2.5,mobile safari 11.0,2001x1125,mobile
0PJA2|Android 7.0|chrome 61.0 for android|1920x1080,0PJA2,Android 7.0,chrome 61.0 for android,1920x1080,mobile
Pixel|Android 8.1.0|chrome 63.0 for android|2560x1800,Pixel,Android 8.1.0,chrome 63.0 for android,2560x1800,mobile
MacOS|Mac OS X 10_13_1|chrome 63.0|3440x1440,MacOS,Mac OS X 10_13_1,chrome 63.0,3440x1440,desktop
SM-G360T1 Build/LMY47X|Android 5.1.1|chrome 61.0 for android|801x480,SM-G360T1 Build/LMY47X,Android 5.1.1,chrome 61.0 for android,801x480,mobile
||edge 14.0|,,,edge 14.0,,desktop
SM-G935V Build/NRD90M|Android 7.0|chrome 61.0 for android|1920x1080,SM-G935V Build/NRD90M,Android 7.0,chrome 61.0 for android,1920x1080,mobile
iOS Device|iOS 11.1.1|chrome 63.0 for ios|2048x1536,iOS Device,iOS 11.1.1,chrome 63.0 for ios,2048x1536,mobile
Windows|other|edge 16.0|3840x2160,Windows,other,edge 16.0,3840x2160,desktop
Nexus|Android 4.4.2|chrome 63.0 for android|1920x1200,Nexus,Android 4.4.2,chrome 63.0 for android,1920x1200,mobile
SM-G900F Build/LRX21T||chrome 63.0 for android|,SM-G900F Build/LRX21T,,chrome 63.0 for android,,mobile
SM-J700M Build/LMY48B||other|,SM-J700M Build/LMY48B,,other,,mobile
MacOS|Mac OS X 10_12_5|chrome 57.0|2880x1800,MacOS,Mac OS X 10_12_5,chrome 57.0,2880x1800,desktop
SAMSUNG-SM-N910A|Android|chrome 63.0 for android|2560x1440,SAMSUNG-SM-N910A,Android,chrome 63.0 for android,2560x1440,mobile
Windows|Windows 10|edge 16.0|3840x1600,Windows,Windows 10,edge 16.0,3840x1600,desktop
iOS Device|iOS 9.3.5|mobile safari uiwebview|1024x768,iOS Device,iOS 9.3.5,mobile safari uiwebview,1024x768,mobile
LG-H830 Build/NRD90U|Android 7.0|chrome 63.0 for android|2560x1440,LG-H830 Build/NRD90U,Android 7.0,chrome 63.0 for android,2560x1440,mobile
SAMSUNG SM-N950U1 Build/NMF26X|Android 7.1.1|samsung browser 6.2|,SAMSUNG SM-N950U1 Build/NMF26X,Android 7.1.1,samsung browser 6.2,,mobile
SM-J120H Build/LMY47V||chrome 62.0 for android|,SM-J120H Build/LMY47V,,chrome 62.0 for android,,mobile
MAMI||ie 11.0 for desktop|,MAMI,,ie 11.0 for desktop,,desktop
MacOS|Mac OS X 10_12_4|safari generic|4096x2304,MacOS,Mac OS X 10_12_4,safari generic,4096x2304,desktop
EVA-L09 Build/HUAWEIEVA-L09||chrome 63.0 for android|,EVA-L09 Build/HUAWEIEVA-L09,,chrome 63.0 for android,,mobile
SM-G955U Build/NRD90M|Android 7.0|chrome 63.0 for android|2960x1440,SM-G955U Build/NRD90M,Android 7.0,chrome 63.0 for android,2960x1440,mobile
M4||chrome 62.0 for android|,M4,,chrome 62.0 for android,,mobile
MacOS|Mac OS X 10_11_6|chrome 63.0|3200x1800,MacOS,Mac OS X 10_11_6,chrome 63.0,3200x1800,desktop
LG-X220 Build/LMY47I||chrome 62.0 for android|,LG-X220 Build/LMY47I,,chrome 62.0 for android,,mobile
SM-J700M Build/LMY48B||chrome 59.0 for android|,SM-J700M Build/LMY48B,,chrome 59.0 for android,,mobile
MacOS|Mac OS X 10_13_2|safari generic|3200x1800,MacOS,Mac OS X 10_13_2,safari generic,3200x1800,desktop
SM-J111M Build/LMY47V||chrome 57.0 for android|,SM-J111M Build/LMY47V,,chrome 57.0 for android,,mobile
Windows|Windows 8|ie 11.0 for desktop|1920x1080,Windows,Windows 8,ie 11.0 for desktop,1920x1080,desktop
|Android|chrome 60.0|1920x1080,,Android,chrome 60.0,1920x1080,mobile
MotoG3 Build/MPI24.65-25||chrome 60.0 for android|,MotoG3 Build/MPI24.65-25,,chrome 60.0 for android,,mobile
HTC Desire 626s Build/LMY47O||chrome 63.0 for android|,HTC Desire 626s Build/LMY47O,,chrome 63.0 for android,,mobile
Z983 Build/NMF26F|Android 7.1.1|chrome 63.0 for android|1920x1080,Z983 Build/NMF26F,Android 7.1.1,chrome 63.0 for android,1920x1080,mobile
rv:48.0|Mac|firefox 48.0|1920x1200,rv:48.0,Mac,firefox 48.0,1920x1200,desktop
RS988|Android 7.0|chrome 63.0 for android|2560x1440,RS988,Android 7.0,chrome 63.0 for android,2560x1440,mobile
MacOS|Mac OS X 10_12_5|chrome 60.0|2560x1600,MacOS,Mac OS X 10_12_5,chrome 60.0,2560x1600,desktop
KFDOWI Build/LVY48F|Android 5.1.1|chrome 63.0 for android|,KFDOWI Build/LVY48F,Android 5.1.1,chrome 63.0 for android,,mobile
SM-G900R4|Android 6.0.1|chrome 62.0 for android|1920x1080,SM-G900R4,Android 6.0.1,chrome 62.0 for android,1920x1080,mobile
SM-G930V Build/NRD90M|Android 7.0|android webview 4.0|1920x1080,SM-G930V Build/NRD90M,Android 7.0,android webview 4.0,1920x1080,mobile
MacOS|Mac OS X 10_9_5|chrome 63.0|1600x900,MacOS,Mac OS X 10_9_5,chrome 63.0,1600x900,desktop
SAMSUNG SM-G920P Build/NRD90M||samsung browser 6.2|,SAMSUNG SM-G920P Build/NRD90M,,samsung browser 6.2,,mobile
SM-T800 Build/MMB29K|Android 6.0.1|chrome 52.0 for android|2560x1600,SM-T800 Build/MMB29K,Android 6.0.1,chrome 52.0 for android,2560x1600,mobile
LG-H931|Android 7.1.2|firefox|,LG-H931,Android 7.1.2,firefox,,mobile
Windows|Windows 10|chrome 63.0|3201x1800,Windows,Windows 10,chrome 63.0,3201x1800,desktop
|Linux|chrome|1920x1080,,Linux,chrome,1920x1080,desktop
5015A Build/LMY47I||chrome 63.0 for android|,5015A Build/LMY47I,,chrome 63.0 for android,,mobile
HUAWEI CUN-L03 Build/HUAWEICUN-L03||chrome 63.0 for android|,HUAWEI CUN-L03 Build/HUAWEICUN-L03,,chrome 63.0 for android,,mobile
Moto C Build/NRD90M.046||chrome 62.0 for android|,Moto C Build/NRD90M.046,,chrome 62.0 for android,,mobile
MacOS|Mac OS X 10_13_3|chrome 63.0|2560x1440,MacOS,Mac OS X 10_13_3,chrome 63.0,2560x1440,desktop
MacOS|Mac OS X 10_12_6|chrome 63.0|1680x1050,MacOS,Mac OS X 10_12_6,chrome 63.0,1680x1050,desktop
Microsoft|Windows|edge|2560x1440,Microsoft,Windows,edge,2560x1440,mobile
SM-S920L|Android 5.0.2|chrome 63.0 for android|960x540,SM-S920L,Android 5.0.2,chrome 63.0 for android,960x540,mobile
CAM-L23||chrome 63.0 for android|,CAM-L23,,chrome 63.0 for android,,mobile
Ilium L910 Build/MRA58K||chrome 63.0 for android|,Ilium L910 Build/MRA58K,,chrome 63.0 for android,,mobile
Windows|Windows 7|firefox 57.0|2560x1080,Windows,Windows 7,firefox 57.0,2560x1080,desktop
XT1635-02 Build/NPN26.118-22-2||chrome 57.0 for android|,XT1635-02 Build/NPN26.118-22-2,,chrome 57.0 for android,,mobile
BLADE A520 Build/NRD90M||chrome 55.0 for android|,BLADE A520 Build/NRD90M,,chrome 55.0 for android,,mobile
Z956 Build/MMB29M|Android 6.0.1|chrome 62.0 for android|1280x720,Z956 Build/MMB29M,Android 6.0.1,chrome 62.0 for android,1280x720,mobile
SM-G925V Build/NRD90M||chrome 63.0 for android|,SM-G925V Build/NRD90M,,chrome 63.0 for android,,mobile
SM-G550T1 Build/MMB29K|Android 6.0.1|chrome 59.0 for android|1280x720,SM-G550T1 Build/MMB29K,Android 6.0.1,chrome 59.0 for android,1280x720,mobile
rv:54.0|Mac OS X 10.12|firefox|1920x1080,rv:54.0,Mac OS X 10.12,firefox,1920x1080,desktop
E5506 Build/29.2.A.0.166||chrome 62.0 for android|,E5506 Build/29.2.A.0.166,,chrome 62.0 for android,,mobile
rv:58.0|Mac OS X 10.11|firefox generic|2560x1600,rv:58.0,Mac OS X 10.11,firefox generic,2560x1600,desktop
Windows|Windows 8.1|ie 11.0 for desktop|2160x1440,Windows,Windows 8.1,ie 11.0 for desktop,2160x1440,desktop
SM-N950U Build/NMF26X|Android 7.1.1|chrome 59.0 for android|,SM-N950U Build/NMF26X,Android 7.1.1,chrome 59.0 for android,,mobile
rv:50.0|Windows 7|firefox|1024x768,rv:50.0,Windows 7,firefox,1024x768,desktop
MacOS|Mac OS X 10_11_4|safari generic|1280x800,MacOS,Mac OS X 10_11_4,safari generic,1280x800,desktop
iOS Device|iOS|mobile safari generic|2001x1125,iOS Device,iOS,mobile safari generic,2001x1125,mobile
Windows|Windows 10|edge 14.0|1024x768,Windows,Windows 10,edge 14.0,1024x768,desktop
SGH-M919N|Android|chrome 63.0 for android|1920x1080,SGH-M919N,Android,chrome 63.0 for android,1920x1080,mobile
AX920||chrome 63.0 for android|,AX920,,chrome 63.0 for android,,mobile
Blade V6 Plus Build/MRA58K||chrome 61.0 for android|,Blade V6 Plus Build/MRA58K,,chrome 61.0 for android,,mobile
rv:47.0|Mac OS X 10.10|firefox 47.0|2560x1600,rv:47.0,Mac OS X 10.10,firefox 47.0,2560x1600,desktop
rv:49.0|Mac OS X 10.11|firefox|1920x1080,rv:49.0,Mac OS X 10.11,firefox,1920x1080,desktop
SM-J105B Build/LMY47V||chrome 63.0 for android|,SM-J105B Build/LMY47V,,chrome 63.0 for android,,mobile
rv:51.0|Windows 10|firefox|,rv:51.0,Windows 10,firefox,,desktop
MacOS|Mac OS X 10_11_4|chrome 62.0|2560x1600,MacOS,Mac OS X 10_11_4,chrome 62.0,2560x1600,desktop
SM-G955U Build/NRD90M||chrome 63.0 for android|,SM-G955U Build/NRD90M,,chrome 63.0 for android,,mobile
Windows|Windows 7|chrome 56.0|1920x1200,Windows,Windows 7,chrome 56.0,1920x1200,desktop
rv:50.0|Windows 10|firefox|1680x1050,rv:50.0,Windows 10,firefox,1680x1050,desktop
Windows|Windows 7|chrome 58.0|1680x1050,Windows,Windows 7,chrome 58.0,1680x1050,desktop
Lenovo|Android 6.0|chrome 63.0 for android|1920x1200,Lenovo,Android 6.0,chrome 63.0 for android,1920x1200,mobile
Windows|Windows 10|chrome generic|1680x1050,Windows,Windows 10,chrome generic,1680x1050,desktop
iOS Device|iOS 11.0.2|chrome 63.0 for ios|2048x1536,iOS Device,iOS 11.0.2,chrome 63.0 for ios,2048x1536,mobile
rv:57.0|Windows 8|firefox 57.0|1920x1080,rv:57.0,Windows 8,firefox 57.0,1920x1080,desktop
SM-N920V Build/NRD90M|Android 7.0|chrome 56.0 for android|2562x1442,SM-N920V Build/NRD90M,Android 7.0,chrome 56.0 for android,2562x1442,mobile
SM-G930P Build/NRD90M||chrome 63.0 for android|,SM-G930P Build/NRD90M,,chrome 63.0 for android,,mobile
|Linux|chrome 62.0|1920x1200,,Linux,chrome 62.0,1920x1200,desktop
SM-A520F Build/MMB29K||chrome 63.0 for android|,SM-A520F Build/MMB29K,,chrome 63.0 for android,,mobile
D2306||chrome 63.0 for android|,D2306,,chrome 63.0 for android,,mobile
LGMS550 Build/MXB48T||chrome 58.0 for android|,LGMS550 Build/MXB48T,,chrome 58.0 for android,,mobile
HUAWEI||chrome 63.0 for android|,HUAWEI,,chrome 63.0 for android,,mobile
|Android|chrome 59.0|1366x768,,Android,chrome 59.0,1366x768,mobile
MYA-L13 Build/HUAWEIMYA-L13||chrome 52.0 for android|,MYA-L13 Build/HUAWEIMYA-L13,,chrome 52.0 for android,,mobile
MacOS|Mac OS X 10_11_6|safari generic|3360x2100,MacOS,Mac OS X 10_11_6,safari generic,3360x2100,desktop
rv:39.0|Windows 10|firefox|1366x768,rv:39.0,Windows 10,firefox,1366x768,desktop
SM-G928T Build/NRD90M|Android 7.0|chrome 63.0 for android|,SM-G928T Build/NRD90M,Android 7.0,chrome 63.0 for android,,mobile
Windows|Windows 7|chrome 55.0|1680x1050,Windows,Windows 7,chrome 55.0,1680x1050,desktop
SM-A710M Build/LMY47X||chrome 62.0 for android|,SM-A710M Build/LMY47X,,chrome 62.0 for android,,mobile
Pixel Build/OPM1.171019.011|Android 8.1.0|chrome 61.0 for android|,Pixel Build/OPM1.171019.011,Android 8.1.0,chrome 61.0 for android,,mobile
Linux x86_64|Linux|firefox|1024x768,Linux x86_64,Linux,firefox,1024x768,desktop
iOS Device|iOS 10.3.1|chrome|2048x1536,iOS Device,iOS 10.3.1,chrome,2048x1536,mobile
MacOS|Mac OS X 10_12_5|chrome 62.0|3360x2100,MacOS,Mac OS X 10_12_5,chrome 62.0,3360x2100,desktop
SAMSUNG SM-P580 Build/NRD90M||samsung browser 6.2|,SAMSUNG SM-P580 Build/NRD90M,,samsung browser 6.2,,mobile
K90U|Android 6.0.1|chrome 63.0 for android|1920x1200,K90U,Android 6.0.1,chrome 63.0 for android,1920x1200,mobile
SM-E700M||chrome 62.0 for android|,SM-E700M,,chrome 62.0 for android,,mobile
iOS Device|iOS 11.0.2|chrome 62.0 for ios|2048x1536,iOS Device,iOS 11.0.2,chrome 62.0 for ios,2048x1536,mobile
9003A Build/MRA58K||chrome 61.0 for android|,9003A Build/MRA58K,,chrome 61.0 for android,,mobile
Windows|Windows 10|chrome 58.0|1600x900,Windows,Windows 10,chrome 58.0,1600x900,desktop
Nexus|Android 7.1.1|chrome 63.0 for android|,Nexus,Android 7.1.1,chrome 63.0 for android,,mobile
SCH-I545 Build/LRX22C|Android|chrome 61.0 for android|1920x1080,SCH-I545 Build/LRX22C,Android,chrome 61.0 for android,1920x1080,mobile
E5506 Build/29.2.A.0.166||chrome 63.0 for android|,E5506 Build/29.2.A.0.166,,chrome 63.0 for android,,mobile
es-mx||android browser 4.0|,es-mx,,android browser 4.0,,mobile
Moto G (5) Plus Build/NPN25.137-82||chrome generic|,Moto G (5) Plus Build/NPN25.137-82,,chrome generic,,mobile
rv:52.0|Windows 10|firefox|1680x1050,rv:52.0,Windows 10,firefox,1680x1050,desktop
Windows|Windows 8.1|firefox 57.0|3200x1800,Windows,Windows 8.1,firefox 57.0,3200x1800,desktop
||maxthon|,,,maxthon,,desktop
WAS-LX3 Build/HUAWEIWAS-LX3||other|,WAS-LX3 Build/HUAWEIWAS-LX3,,other,,mobile
SM-G950U Build/NRD90M|Android 7.0|chrome 63.0 for android|2961x1442,SM-G950U Build/NRD90M,Android 7.0,chrome 63.0 for android,2961x1442,mobile
orbis||chrome 63.0 for android|,orbis,,chrome 63.0 for android,,mobile
Windows|Windows 7|chrome 51.0|1600x900,Windows,Windows 7,chrome 51.0,1600x900,desktop
SM-A510M Build/NRD90M||chrome 63.0 for android|,SM-A510M Build/NRD90M,,chrome 63.0 for android,,mobile
MacOS|Mac OS X 10_13_2|chrome 56.0|1440x900,MacOS,Mac OS X 10_13_2,chrome 56.0,1440x900,desktop
XT1058||chrome 63.0 for android|,XT1058,,chrome 63.0 for android,,mobile
SM-T377P||chrome 63.0 for android|,SM-T377P,,chrome 63.0 for android,,mobile
Pixel|Android 7.1.2|chrome 63.0 for android|,Pixel,Android 7.1.2,chrome 63.0 for android,,mobile
SM-T827V Build/NRD90M|Android 7.0|chrome 63.0 for android|2048x1536,SM-T827V Build/NRD90M,Android 7.0,chrome 63.0 for android,2048x1536,mobile
SM-J710MN Build/MMB29K|Android 6.0.1|chrome 61.0 for android|1280x720,SM-J710MN Build/MMB29K,Android 6.0.1,chrome 61.0 for android,1280x720,mobile
rv:35.0|Mac OS X 10.10|firefox|1440x900,rv:35.0,Mac OS X 10.10,firefox,1440x900,desktop
Windows|Windows XP|firefox 52.0|800x600,Windows,Windows XP,firefox 52.0,800x600,desktop
QwestIE8|Windows 7|ie 11.0 for desktop|1280x800,QwestIE8,Windows 7,ie 11.0 for desktop,1280x800,desktop
rv:52.9|Windows 7|palemoon|1280x1024,rv:52.9,Windows 7,palemoon,1280x1024,desktop
iOS Device|iOS 11.2.5|mobile safari 11.0|2436x1125,iOS Device,iOS 11.2.5,mobile safari 11.0,2436x1125,mobile
LGLS665 Build/LMY47V|Android 5.1.1|chrome 61.0 for android|855x480,LGLS665 Build/LMY47V,Android 5.1.1,chrome 61.0 for android,855x480,mobile
Intel|Mac OS X 10_6_8|safari|1920x1080,Intel,Mac OS X 10_6_8,safari,1920x1080,desktop
MacOS|Mac OS X 10_12_5|safari generic|1280x720,MacOS,Mac OS X 10_12_5,safari generic,1280x720,desktop
SAMSUNG-SM-G530AZ Build/LMY48B|Android 5.1.1|chrome 61.0 for android|960x540,SAMSUNG-SM-G530AZ Build/LMY48B,Android 5.1.1,chrome 61.0 for android,960x540,mobile
SAMSUNG-SM-T817A|Android 7.0|chrome 63.0 for android|2048x1536,SAMSUNG-SM-T817A,Android 7.0,chrome 63.0 for android,2048x1536,mobile
rv:52.0|Mac OS X 10.11|firefox 52.0|5120x2880,rv:52.0,Mac OS X 10.11,firefox 52.0,5120x2880,desktop
MacOS|Mac OS X 10_12_6|chrome 62.0|2304x1440,MacOS,Mac OS X 10_12_6,chrome 62.0,2304x1440,desktop
Z833|Android 6.0.1|chrome 63.0 for android|855x480,Z833,Android 6.0.1,chrome 63.0 for android,855x480,mobile
SM-G930T Build/NRD90M|Android 7.0|chrome 63.0 for android|,SM-G930T Build/NRD90M,Android 7.0,chrome 63.0 for android,,mobile
5095I Build/MRA58K||chrome 63.0 for android|,5095I Build/MRA58K,,chrome 63.0 for android,,mobile
ATT|Windows 7|ie 11.0 for desktop|,ATT,Windows 7,ie 11.0 for desktop,,desktop
MacOS|Mac OS X 10_12_1|chrome 61.0|1920x1080,MacOS,Mac OS X 10_12_1,chrome 61.0,1920x1080,desktop
Pixel|||,Pixel,,,,mobile
MacOS|Mac OS X 10_6_8|chrome 49.0|1366x768,MacOS,Mac OS X 10_6_8,chrome 49.0,1366x768,desktop
MacOS|Mac OS X 10_11_6|opera 49.0|1280x800,MacOS,Mac OS X 10_11_6,opera 49.0,1280x800,desktop
SM-T700 Build/MMB29K|Android 6.0.1|chrome 52.0 for android|2560x1600,SM-T700 Build/MMB29K,Android 6.0.1,chrome 52.0 for android,2560x1600,mobile
VS995 Build/NRD90M|Android 7.0|chrome 63.0 for android|,VS995 Build/NRD90M,Android 7.0,chrome 63.0 for android,,mobile
LG-M255|Android 7.0|chrome 61.0 for android|1280x720,LG-M255,Android 7.0,chrome 61.0 for android,1280x720,mobile
rv:56.0|Mac OS X 10.10|firefox 56.0|2560x1440,rv:56.0,Mac OS X 10.10,firefox 56.0,2560x1440,desktop
MacOS|Mac OS X 10_12|safari generic|5120x2880,MacOS,Mac OS X 10_12,safari generic,5120x2880,desktop
es-mx||android webview 4.0|,es-mx,,android webview 4.0,,mobile
XT1040||chrome 61.0 for android|,XT1040,,chrome 61.0 for android,,mobile
iOS Device|iOS 9.3.5|mobile safari 9.0|2001x1125,iOS Device,iOS 9.3.5,mobile safari 9.0,2001x1125,mobile
Z835 Build/NMF26V||other|,Z835 Build/NMF26V,,other,,mobile
SAMSUNG SM-G900I Build/MMB29M||samsung browser 6.2|,SAMSUNG SM-G900I Build/MMB29M,,samsung browser 6.2,,mobile
XT1080 Build/SU6-7.7|Android|chrome 63.0 for android|1280x720,XT1080 Build/SU6-7.7,Android,chrome 63.0 for android,1280x720,mobile
SM-G900F Build/MMB29M||chrome 63.0 for android|,SM-G900F Build/MMB29M,,chrome 63.0 for android,,mobile
MacOS|Mac OS X 10_12_6|chrome 63.0|1600x900,MacOS,Mac OS X 10_12_6,chrome 63.0,1600x900,desktop
iOS Device|iOS 11.2.1|chrome 62.0 for ios|2732x2048,iOS Device,iOS 11.2.1,chrome 62.0 for ios,2732x2048,mobile
rv:57.0|Android 8.1.0|firefox|,rv:57.0,Android 8.1.0,firefox,,mobile
SAMSUNG-SM-G928A Build/NRD90M||chrome 61.0 for android|,SAMSUNG-SM-G928A Build/NRD90M,,chrome 61.0 for android,,mobile
MacOS|Mac OS X 10_12_4|safari generic|1920x1080,MacOS,Mac OS X 10_12_4,safari generic,1920x1080,desktop
rv:52.0|Windows Vista|firefox 52.0|1280x1024,rv:52.0,Windows Vista,firefox 52.0,1280x1024,desktop
Blade||chrome 63.0 for android|,Blade,,chrome 63.0 for android,,mobile
LG-D693n Build/LRX22G||chrome 50.0 for android|,LG-D693n Build/LRX22G,,chrome 50.0 for android,,mobile
MacOS|Mac OS X 10_13_2|chrome 49.0|2880x1800,MacOS,Mac OS X 10_13_2,chrome 49.0,2880x1800,desktop
LG-M700 Build/NMF26X||other|,LG-M700 Build/NMF26X,,other,,mobile
Nexus|Android 8.0.0||2562x1442,Nexus,Android 8.0.0,,2562x1442,mobile
LG-X230 Build/MRA58K||chrome 63.0 for android|,LG-X230 Build/MRA58K,,chrome 63.0 for android,,mobile
MYA-L13 Build/HUAWEIMYA-L13||chrome 63.0 for android|,MYA-L13 Build/HUAWEIMYA-L13,,chrome 63.0 for android,,mobile
|Android|chrome 61.0|2400x1350,,Android,chrome 61.0,2400x1350,mobile
MacOS|Mac OS X 10_11_3|chrome 59.0|1440x900,MacOS,Mac OS X 10_11_3,chrome 59.0,1440x900,desktop
SM-G610M Build/MMB29K||chrome 57.0 for android|,SM-G610M Build/MMB29K,,chrome 57.0 for android,,mobile
VS990 Build/MRA58K|Android 6.0|chrome 63.0 for android|2560x1440,VS990 Build/MRA58K,Android 6.0,chrome 63.0 for android,2560x1440,mobile
MacOS|Mac OS X 10_10_5|chrome 58.0|1440x900,MacOS,Mac OS X 10_10_5,chrome 58.0,1440x900,desktop
SAMSUNG SM-S727VL Build/MMB29M|Android 6.0.1|samsung browser 6.2|1280x720,SAMSUNG SM-S727VL Build/MMB29M,Android 6.0.1,samsung browser 6.2,1280x720,mobile
Windows|Windows 10|chrome 63.0|1760x990,Windows,Windows 10,chrome 63.0,1760x990,desktop
SM-A510M Build/NRD90M||chrome 59.0 for android|,SM-A510M Build/NRD90M,,chrome 59.0 for android,,mobile
LG-H830 Build/NRD90U||chrome 63.0 for android|,LG-H830 Build/NRD90U,,chrome 63.0 for android,,mobile
SM-G930V Build/MMB29M|Android 6.0.1|chrome 63.0 for android|2560x1440,SM-G930V Build/MMB29M,Android 6.0.1,chrome 63.0 for android,2560x1440,mobile
iOS Device|iOS 11.2.1|mobile safari uiwebview|2436x1125,iOS Device,iOS 11.2.1,mobile safari uiwebview,2436x1125,mobile
|other|mobile safari 11.0|2208x1242,,other,mobile safari 11.0,2208x1242,mobile
Android 5.1||chrome 43.0 for android|,Android 5.1,,chrome 43.0 for android,,mobile
SM-J327T Build/NRD90M|Android 7.0|chrome 61.0 for android|1280x720,SM-J327T Build/NRD90M,Android 7.0,chrome 61.0 for android,1280x720,mobile
SAMSUNG-SM-G530AZ Build/LMY48B|Android 5.1.1|chrome generic|960x540,SAMSUNG-SM-G530AZ Build/LMY48B,Android 5.1.1,chrome generic,960x540,mobile
MotoG3 Build/MPIS24.65-33.1-2-16||chrome 63.0 for android|,MotoG3 Build/MPIS24.65-33.1-2-16,,chrome 63.0 for android,,mobile
LG-K430 Build/MRA58K||chrome 63.0 for android|,LG-K430 Build/MRA58K,,chrome 63.0 for android,,mobile
Ilium LT500 Build/LMY47O||chrome 59.0 for android|,Ilium LT500 Build/LMY47O,,chrome 59.0 for android,,mobile
XT1030 Build/SU6-7.7|Android|chrome 63.0 for android|1280x720,XT1030 Build/SU6-7.7,Android,chrome 63.0 for android,1280x720,mobile
SAMSUNG-SM-G920A Build/MMB29K|Android 6.0.1|chrome 63.0 for android|2560x1440,SAMSUNG-SM-G920A Build/MMB29K,Android 6.0.1,chrome 63.0 for android,2560x1440,mobile
SM-G935V Build/NRD90M|Android 7.0|chrome 63.0 for android|2560x1440,SM-G935V Build/NRD90M,Android 7.0,chrome 63.0 for android,2560x1440,mobile
SM-G900L||chrome 63.0 for android|,SM-G900L,,chrome 63.0 for android,,mobile
STV100-2 Build/MMB29M||chrome 63.0 for android|,STV100-2 Build/MMB29M,,chrome 63.0 for android,,mobile
TA-1039 Build/NMF26F||other|,TA-1039 Build/NMF26F,,other,,mobile
HTC Desire 650 Build/MMB29M||chrome 61.0 for android|,HTC Desire 650 Build/MMB29M,,chrome 61.0 for android,,mobile
Nexus|Android 7.1.1|chrome 63.0 for android|2562x1442,Nexus,Android 7.1.1,chrome 63.0 for android,2562x1442,mobile
SM-A500M Build/LRX22G||chrome 63.0 for android|,SM-A500M Build/LRX22G,,chrome 63.0 for android,,mobile
ONE TOUCH 4033A Build/JDQ39||chrome 51.0 for android|,ONE TOUCH 4033A Build/JDQ39,,chrome 51.0 for android,,mobile
SAMSUNG SM-G610M Build/MMB29K||samsung browser 4.0|,SAMSUNG SM-G610M Build/MMB29K,,samsung browser 4.0,,mobile
ALE-L23 Build/HuaweiALE-L23||chrome 61.0 for android|,ALE-L23 Build/HuaweiALE-L23,,chrome 61.0 for android,,mobile
SM-J727V Build/NRD90M|Android 7.0|chrome 61.0 for android|1280x720,SM-J727V Build/NRD90M,Android 7.0,chrome 61.0 for android,1280x720,mobile
Blade V6 Max Build/MRA58K||chrome 58.0 for android|,Blade V6 Max Build/MRA58K,,chrome 58.0 for android,,mobile
Windows|Windows 8|chrome 63.0|1280x1024,Windows,Windows 8,chrome 63.0,1280x1024,desktop
Windows NT 6.1|Windows 7|ie 11.0 for desktop|1422x889,Windows NT 6.1,Windows 7,ie 11.0 for desktop,1422x889,desktop
LG-LS777 Build/NRD90U|Android 7.0|chrome 63.0 for android|1280x720,LG-LS777 Build/NRD90U,Android 7.0,chrome 63.0 for android,1280x720,mobile
XT1650 Build/NCLS26.118-23-13-3|Android 7.1.1|chrome 58.0 for android|2560x1440,XT1650 Build/NCLS26.118-23-13-3,Android 7.1.1,chrome 58.0 for android,2560x1440,mobile
LGMS210 Build/NRD90U|Android 7.0|chrome 62.0 for android|,LGMS210 Build/NRD90U,Android 7.0,chrome 62.0 for android,,mobile
CAM-L03 Build/HUAWEICAM-L03||chrome 54.0 for android|,CAM-L03 Build/HUAWEICAM-L03,,chrome 54.0 for android,,mobile
iOS Device|iOS 10.3.1|mobile safari generic|2048x1536,iOS Device,iOS 10.3.1,mobile safari generic,2048x1536,mobile
Touch|Windows 8.1|ie 11.0 for desktop|1368x768,Touch,Windows 8.1,ie 11.0 for desktop,1368x768,desktop
E5606 Build/30.2.A.1.21||chrome 63.0 for android|,E5606 Build/30.2.A.1.21,,chrome 63.0 for android,,mobile
SM-G900V Build/LRX21T|Android 5.0|chrome 61.0 for android|1920x1080,SM-G900V Build/LRX21T,Android 5.0,chrome 61.0 for android,1920x1080,mobile
Windows|Windows 8.1|chrome 56.0|1280x768,Windows,Windows 8.1,chrome 56.0,1280x768,desktop
Trident/7.0|Windows 8.1|ie 11.0 for desktop|1024x768,Trident/7.0,Windows 8.1,ie 11.0 for desktop,1024x768,desktop
BBA100-1|Android 6.0.1|chrome 63.0 for android|2562x1442,BBA100-1,Android 6.0.1,chrome 63.0 for android,2562x1442,mobile
SAMSUNG-SM-G930A|Android 6.0.1|chrome 63.0 for android|2560x1440,SAMSUNG-SM-G930A,Android 6.0.1,chrome 63.0 for android,2560x1440,mobile
SM-T713 Build/NRD90M|Android 7.0|chrome 63.0 for android|2048x1536,SM-T713 Build/NRD90M,Android 7.0,chrome 63.0 for android,2048x1536,mobile
XT1032 Build/LPBS23.13-56-2||chrome|,XT1032 Build/LPBS23.13-56-2,,chrome,,mobile
XT1063 Build/MPB24.65-34-3||chrome 63.0 for android|,XT1063 Build/MPB24.65-34-3,,chrome 63.0 for android,,mobile
rv:57.0|Mac OS X 10.13|firefox 57.0|1680x1050,rv:57.0,Mac OS X 10.13,firefox 57.0,1680x1050,desktop
LG-H872 Build/NRD90U|Android 7.0|chrome 60.0 for android|2672x1440,LG-H872 Build/NRD90U,Android 7.0,chrome 60.0 for android,2672x1440,mobile
LG-D331 Build/LRX22G||chrome 58.0 for android|,LG-D331 Build/LRX22G,,chrome 58.0 for android,,mobile
LG-M327 Build/NRD90U||chrome 56.0 for android|,LG-M327 Build/NRD90U,,chrome 56.0 for android,,mobile
rv:57.0|Android 6.0.1|firefox|1232x800,rv:57.0,Android 6.0.1,firefox,1232x800,mobile
5057M||chrome 63.0 for android|,5057M,,chrome 63.0 for android,,mobile
Windows|Windows 7|chrome|1920x1200,Windows,Windows 7,chrome,1920x1200,desktop
Blade L2 Plus Build/KOT49H||chrome 61.0 for android|,Blade L2 Plus Build/KOT49H,,chrome 61.0 for android,,mobile
SGH-I337M Build/LRX22C||chrome 50.0 for android|,SGH-I337M Build/LRX22C,,chrome 50.0 for android,,mobile
rv:52.0|Windows 10|firefox|1600x900,rv:52.0,Windows 10,firefox,1600x900,desktop
Blade A460 Build/LMY47O||chrome 62.0 for android|,Blade A460 Build/LMY47O,,chrome 62.0 for android,,mobile
SM-G920V Build/NRD90M|Android 7.0|chrome 61.0 for android|2560x1440,SM-G920V Build/NRD90M,Android 7.0,chrome 61.0 for android,2560x1440,mobile
rv:57.0|Windows 10|firefox|2560x1440,rv:57.0,Windows 10,firefox,2560x1440,desktop
5054S Build/LMY47V||chrome 62.0 for android|,5054S Build/LMY47V,,chrome 62.0 for android,,mobile
Windows|Windows 7|chrome 56.0|1280x1024,Windows,Windows 7,chrome 56.0,1280x1024,desktop
rv:57.0|Android|firefox|1920x1080,rv:57.0,Android,firefox,1920x1080,mobile
HUAWEI NXT-L09 Build/HUAWEINXT-L09||chrome 63.0 for android|,HUAWEI NXT-L09 Build/HUAWEINXT-L09,,chrome 63.0 for android,,mobile
iOS Device|iOS 11.2.0|other|2732x2048,iOS Device,iOS 11.2.0,other,2732x2048,mobile
|Linux|chrome 63.0|2400x1350,,Linux,chrome 63.0,2400x1350,desktop
SM-T113NU Build/KTU84P||chrome 46.0 for android|,SM-T113NU Build/KTU84P,,chrome 46.0 for android,,mobile
MacOS|Mac OS X 10_11_4|safari generic|2560x1440,MacOS,Mac OS X 10_11_4,safari generic,2560x1440,desktop
rv:56.0|Mac OS X 10.12|firefox 56.0|1280x800,rv:56.0,Mac OS X 10.12,firefox 56.0,1280x800,desktop
SAMSUNG-SM-G900A|Android|chrome|1920x1080,SAMSUNG-SM-G900A,Android,chrome,1920x1080,mobile
MacOS|Mac OS X 10_12_6|chrome 59.0|3360x2100,MacOS,Mac OS X 10_12_6,chrome 59.0,3360x2100,desktop
SM-N950U Build/NMF26X|Android 7.1.1|chrome 63.0 for android|2960x1440,SM-N950U Build/NMF26X,Android 7.1.1,chrome 63.0 for android,2960x1440,mobile
SM-N950U Build/NMF26X||chrome 63.0 for android|,SM-N950U Build/NMF26X,,chrome 63.0 for android,,mobile
rv:57.0|Windows 7|firefox 57.0|1360x768,rv:57.0,Windows 7,firefox 57.0,1360x768,desktop
SM-G900V Build/MMB29M|Android 6.0.1|chrome 60.0 for android|1920x1080,SM-G900V Build/MMB29M,Android 6.0.1,chrome 60.0 for android,1920x1080,mobile
rv:57.0|Mac OS X 10.9|firefox 57.0|1680x1050,rv:57.0,Mac OS X 10.9,firefox 57.0,1680x1050,desktop
Windows|Windows 7|opera 49.0|1280x800,Windows,Windows 7,opera 49.0,1280x800,desktop
D5306 Build/19.4.A.0.182||chrome 60.0 for android|,D5306 Build/19.4.A.0.182,,chrome 60.0 for android,,mobile
LG-H990 Build/NRD90M|Android 7.0|chrome 63.0 for android|2560x1440,LG-H990 Build/NRD90M,Android 7.0,chrome 63.0 for android,2560x1440,mobile
SM-A720F Build/MMB29K||chrome 61.0 for android|,SM-A720F Build/MMB29K,,chrome 61.0 for android,,mobile
Windows|Windows 8.1|chrome 63.0|1920x1281,Windows,Windows 8.1,chrome 63.0,1920x1281,desktop
|Linux|samsung browser 6.2|2560x1440,,Linux,samsung browser 6.2,2560x1440,mobile
MacOS|Mac OS X 10_12_6|chrome 61.0|1280x800,MacOS,Mac OS X 10_12_6,chrome 61.0,1280x800,desktop
LG-LS995|Android 4.4.2|chrome 63.0 for android|1280x720,LG-LS995,Android 4.4.2,chrome 63.0 for android,1280x720,mobile
Pixel|Android 8.0.0|chrome 62.0 for android|,Pixel,Android 8.0.0,chrome 62.0 for android,,mobile
SM-G930V Build/NRD90M|Android 7.0|opera|2560x1440,SM-G930V Build/NRD90M,Android 7.0,opera,2560x1440,mobile
SAMSUNG SM-J700T1 Build/NMF26X|Android 7.1.1|samsung browser 6.2|1280x720,SAMSUNG SM-J700T1 Build/NMF26X,Android 7.1.1,samsung browser 6.2,1280x720,mobile
SM-G930F Build/NRD90M||chrome 58.0 for android|,SM-G930F Build/NRD90M,,chrome 58.0 for android,,mobile
Windows|Windows 10|opera 49.0|2560x1600,Windows,Windows 10,opera 49.0,2560x1600,desktop
MacOS|Mac OS X 10_9_5|chrome 63.0|2880x1800,MacOS,Mac OS X 10_9_5,chrome 63.0,2880x1800,desktop
SM-G570M Build/MMB29K||chrome 56.0 for android|,SM-G570M Build/MMB29K,,chrome 56.0 for android,,mobile
iOS Device|iOS 11.2.5|mobile safari generic|2436x1125,iOS Device,iOS 11.2.5,mobile safari generic,2436x1125,mobile
SM-G800M Build/KOT49H||chrome 63.0 for android|,SM-G800M Build/KOT49H,,chrome 63.0 for android,,mobile
MacOS|Mac OS X 10_13_1|chrome 59.0|1440x900,MacOS,Mac OS X 10_13_1,chrome 59.0,1440x900,desktop
LG-TP260 Build/NRD90U|func|chrome 63.0 for android|1280x720,LG-TP260 Build/NRD90U,func,chrome 63.0 for android,1280x720,mobile
Moto C Plus Build/NRD90M.05.034||chrome 63.0 for android|,Moto C Plus Build/NRD90M.05.034,,chrome 63.0 for android,,mobile
MacOS|Mac OS X 10_10_5|chrome 61.0|5120x2880,MacOS,Mac OS X 10_10_5,chrome 61.0,5120x2880,desktop
MacOS|Mac OS X 10_12_1|chrome 63.0|1440x900,MacOS,Mac OS X 10_12_1,chrome 63.0,1440x900,desktop
Windows|Windows 10|chrome 55.0|1920x1080,Windows,Windows 10,chrome 55.0,1920x1080,desktop
SAMSUNG SM-G955U Build/NRD90M|Android 7.0|samsung browser 6.2|2960x1440,SAMSUNG SM-G955U Build/NRD90M,Android 7.0,samsung browser 6.2,2960x1440,mobile
D6503||chrome 62.0 for android|,D6503,,chrome 62.0 for android,,mobile
Windows|Windows 10|firefox 52.0|1366x768,Windows,Windows 10,firefox 52.0,1366x768,desktop
SM-J500M Build/MMB29M||chrome 55.0 for android|,SM-J500M Build/MMB29M,,chrome 55.0 for android,,mobile
iOS Device|iOS 11.2.5|mobile safari 11.0|2732x2048,iOS Device,iOS 11.2.5,mobile safari 11.0,2732x2048,mobile
Z981 Build/MMB29M|Android 6.0.1|chrome 60.0 for android|1920x1080,Z981 Build/MMB29M,Android 6.0.1,chrome 60.0 for android,1920x1080,mobile
iOS Device|iOS 10.2.1|mobile safari generic|1334x750,iOS Device,iOS 10.2.1,mobile safari generic,1334x750,mobile
Trident/7.0|Windows 8.1|ie 11.0 for desktop|1360x768,Trident/7.0,Windows 8.1,ie 11.0 for desktop,1360x768,desktop
SM-T580 Build/NRD90M||chrome 56.0 for android|,SM-T580 Build/NRD90M,,chrome 56.0 for android,,mobile
SM-J700T Build/NMF26X|Android 7.1.1|chrome 63.0 for android|,SM-J700T Build/NMF26X,Android 7.1.1,chrome 63.0 for android,,mobile
ZTE BLADE A321 Build/NMF26F||chrome 63.0 for android|,ZTE BLADE A321 Build/NMF26F,,chrome 63.0 for android,,mobile
MotoG3 Build/MPIS24.65-33.1-2-16||chrome 61.0 for android|,MotoG3 Build/MPIS24.65-33.1-2-16,,chrome 61.0 for android,,mobile
LG-LS998|Android 7.1.2|chrome 63.0 for android|1440x720,LG-LS998,Android 7.1.2,chrome 63.0 for android,1440x720,mobile
Trident/7.0|Windows 7|ie 11.0 for desktop|1912x1025,Trident/7.0,Windows 7,ie 11.0 for desktop,1912x1025,desktop
MacOS|Mac OS X 10_13_3|safari generic|4096x2304,MacOS,Mac OS X 10_13_3,safari generic,4096x2304,desktop
|Android|chrome 61.0|960x540,,Android,chrome 61.0,960x540,mobile
ZTE A2017U Build/NRD90M|Android 7.0|chrome 63.0 for android|2560x1440,ZTE A2017U Build/NRD90M,Android 7.0,chrome 63.0 for android,2560x1440,mobile
iOS Device|iOS 10.3.3|mobile safari uiwebview|1334x750,iOS Device,iOS 10.3.3,mobile safari uiwebview,1334x750,mobile
Windows|Windows 8.1|ie 11.0 for desktop|1280x1024,Windows,Windows 8.1,ie 11.0 for desktop,1280x1024,desktop
Windows|Windows XP|chrome 49.0|1280x768,Windows,Windows XP,chrome 49.0,1280x768,desktop
MacOS|Mac OS X 10_7_5|safari generic|1600x900,MacOS,Mac OS X 10_7_5,safari generic,1600x900,desktop
KFSOWI|Android|chrome generic|1281x801,KFSOWI,Android,chrome generic,1281x801,mobile
SM-N950U1 Build/NMF26X|Android 7.1.1|chrome 63.0 for android|2961x1440,SM-N950U1 Build/NMF26X,Android 7.1.1,chrome 63.0 for android,2961x1440,mobile
rv:52.0|Linux|firefox 52.0|1920x1080,rv:52.0,Linux,firefox 52.0,1920x1080,desktop
Trident/7.0|Windows 10|ie 11.0 for tablet|1280x800,Trident/7.0,Windows 10,ie 11.0 for tablet,1280x800,desktop
SM-G920V Build/MMB29K|Android 6.0.1|chrome 60.0 for android|2560x1440,SM-G920V Build/MMB29K,Android 6.0.1,chrome 60.0 for android,2560x1440,mobile
LG-D693n Build/LRX22G||chrome 52.0 for android|,LG-D693n Build/LRX22G,,chrome 52.0 for android,,mobile
Windows|Windows 8.1|chrome|1366x768,Windows,Windows 8.1,chrome,1366x768,desktop
Z981 Build/MMB29M|Android 6.0.1|chrome 58.0 for android|1920x1080,Z981 Build/MMB29M,Android 6.0.1,chrome 58.0 for android,1920x1080,mobile
SM-N920V Build/NRD90M|Android 7.0|chrome 63.0 for android|2562x1442,SM-N920V Build/NRD90M,Android 7.0,chrome 63.0 for android,2562x1442,mobile
SAMSUNG-SGH-I337||chrome 63.0 for android|,SAMSUNG-SGH-I337,,chrome 63.0 for android,,mobile
SM-J700M Build/MMB29K||chrome 57.0 for android|,SM-J700M Build/MMB29K,,chrome 57.0 for android,,mobile
SAMSUNG SM-G930T Build/NRD90M|Android 7.0|samsung browser 5.4|1920x1080,SAMSUNG SM-G930T Build/NRD90M,Android 7.0,samsung browser 5.4,1920x1080,mobile
SM-P550 Build/NMF26X|Android 7.1.1|chrome 63.0 for android|1024x768,SM-P550 Build/NMF26X,Android 7.1.1,chrome 63.0 for android,1024x768,mobile
SM-G950U1 Build/NRD90M|Android 7.0|chrome 63.0 for android|2220x1080,SM-G950U1 Build/NRD90M,Android 7.0,chrome 63.0 for android,2220x1080,mobile
LG-LS993 Build/NRD90U|Android 7.0|chrome 63.0 for android|2672x1440,LG-LS993 Build/NRD90U,Android 7.0,chrome 63.0 for android,2672x1440,mobile
SM-G928V Build/NRD90M|Android 7.0|chrome 63.0 for android|,SM-G928V Build/NRD90M,Android 7.0,chrome 63.0 for android,,mobile
Windows|Windows 7|chrome 57.0|,Windows,Windows 7,chrome 57.0,,desktop
XT1032 Build/KXB21.14-L1.40||chrome 63.0 for android|,XT1032 Build/KXB21.14-L1.40,,chrome 63.0 for android,,mobile
LGL84VL Build/NRD90U|Android 7.0|chrome 63.0 for android|1280x720,LGL84VL Build/NRD90U,Android 7.0,chrome 63.0 for android,1280x720,mobile
|Linux|chrome 63.0|2672x1440,,Linux,chrome 63.0,2672x1440,desktop
SM-N950U Build/NMF26X|Android 7.1.1|android webview 4.0|,SM-N950U Build/NMF26X,Android 7.1.1,android webview 4.0,,mobile
LG-X165g Build/LRX21M||chrome 62.0 for android|,LG-X165g Build/LRX21M,,chrome 62.0 for android,,mobile
SM-G930U Build/NRD90M||chrome 63.0 for android|,SM-G930U Build/NRD90M,,chrome 63.0 for android,,mobile
SLAY||android webview 4.0|,SLAY,,android webview 4.0,,mobile
SAMSUNG SM-G928G Build/NRD90M||samsung browser 6.2|,SAMSUNG SM-G928G Build/NRD90M,,samsung browser 6.2,,mobile
2PYB2|Android 7.0|chrome 63.0 for android|1920x1080,2PYB2,Android 7.0,chrome 63.0 for android,1920x1080,mobile
Lenovo TAB 2 A7-30GC Build/KOT49H||chrome 55.0 for android|,Lenovo TAB 2 A7-30GC Build/KOT49H,,chrome 55.0 for android,,mobile
LG-H420 Build/LRX21Y||chrome 49.0 for android|,LG-H420 Build/LRX21Y,,chrome 49.0 for android,,mobile
LG-K428 Build/MMB29M|Android 6.0.1|chrome 54.0 for android|1280x720,LG-K428 Build/MMB29M,Android 6.0.1,chrome 54.0 for android,1280x720,mobile
LG-D680 Build/KOT49I||chrome 61.0 for android|,LG-D680 Build/KOT49I,,chrome 61.0 for android,,mobile
SAMSUNG-SM-G935A Build/NRD90M|Android 7.0|chrome 63.0 for android|2560x1440,SAMSUNG-SM-G935A Build/NRD90M,Android 7.0,chrome 63.0 for android,2560x1440,mobile
A621R|Android 5.1.1|chrome 62.0 for android|1280x720,A621R,Android 5.1.1,chrome 62.0 for android,1280x720,mobile
Hisense L675 Build/MRA58K||chrome 62.0 for android|,Hisense L675 Build/MRA58K,,chrome 62.0 for android,,mobile
LG-H700 Build/NRD90U||chrome 63.0 for android|,LG-H700 Build/NRD90U,,chrome 63.0 for android,,mobile
ASUS_P00J|Android 7.0|chrome 63.0 for android|,ASUS_P00J,Android 7.0,chrome 63.0 for android,,mobile
HTC Desire 10 lifestyle Build/MMB29M||chrome 51.0 for android|,HTC Desire 10 lifestyle Build/MMB29M,,chrome 51.0 for android,,mobile
VS985|Android 6.0|chrome 63.0 for android|2560x1440,VS985,Android 6.0,chrome 63.0 for android,2560x1440,mobile
E2306 Build/26.1.A.3.111||chrome generic|,E2306 Build/26.1.A.3.111,,chrome generic,,mobile
F3113||chrome 63.0 for android|,F3113,,chrome 63.0 for android,,mobile
rv:52.0|Mac OS X 10.13|firefox 52.0|1440x900,rv:52.0,Mac OS X 10.13,firefox 52.0,1440x900,desktop
rv:57.0|Mac OS X 10.9|firefox 57.0|2880x1800,rv:57.0,Mac OS X 10.9,firefox 57.0,2880x1800,desktop
SAMSUNG|Android 7.1.1|samsung browser 6.2|1024x768,SAMSUNG,Android 7.1.1,samsung browser 6.2,1024x768,mobile
MacOS|Mac OS X 10_11_5|chrome 63.0|1280x800,MacOS,Mac OS X 10_11_5,chrome 63.0,1280x800,desktop
SCH-I545 Build/LRX22C|Android|chrome 63.0 for android|1920x1080,SCH-I545 Build/LRX22C,Android,chrome 63.0 for android,1920x1080,mobile
SM-J320M Build/LMY47V||chrome 59.0 for android|,SM-J320M Build/LMY47V,,chrome 59.0 for android,,mobile
SM-N920P Build/NRD90M|Android 7.0|chrome 56.0 for android|,SM-N920P Build/NRD90M,Android 7.0,chrome 56.0 for android,,mobile
Blade A510 Build/MRA58K||chrome 62.0 for android|,Blade A510 Build/MRA58K,,chrome 62.0 for android,,mobile
SM-G360V Build/LMY48B|Android 5.1.1|chrome 57.0 for android|801x480,SM-G360V Build/LMY48B,Android 5.1.1,chrome 57.0 for android,801x480,mobile
XT1097||chrome 63.0 for android|,XT1097,,chrome 63.0 for android,,mobile
YOGA|Android|chrome 49.0 for android|1920x1200,YOGA,Android,chrome 49.0 for android,1920x1200,mobile
Z982 Build/NMF26V|Android 7.1.1|chrome 63.0 for android|1920x1080,Z982 Build/NMF26V,Android 7.1.1,chrome 63.0 for android,1920x1080,mobile
rv:48.0|Mac|firefox 48.0|2560x1440,rv:48.0,Mac,firefox 48.0,2560x1440,desktop
rv:52.0|Windows 7|firefox 52.0|1920x1200,rv:52.0,Windows 7,firefox 52.0,1920x1200,desktop
MacOS|Mac OS X 10_7_5|safari generic|1680x1050,MacOS,Mac OS X 10_7_5,safari generic,1680x1050,desktop
SM-G935U|Android 7.0|chrome 63.0 for android|1920x1080,SM-G935U,Android 7.0,chrome 63.0 for android,1920x1080,mobile
rv:49.0|Linux|firefox|1920x1080,rv:49.0,Linux,firefox,1920x1080,desktop
SM-G900P|Android 7.1.2|chrome 63.0 for android|1920x1080,SM-G900P,Android 7.1.2,chrome 63.0 for android,1920x1080,mobile
Windows|Windows 10|edge 15.0|1024x600,Windows,Windows 10,edge 15.0,1024x600,desktop
MacOS|Mac OS X 10_13_3|safari generic|2880x1800,MacOS,Mac OS X 10_13_3,safari generic,2880x1800,desktop
Moto C Plus Build/NRD90M.05.022||chrome 62.0 for android|,Moto C Plus Build/NRD90M.05.022,,chrome 62.0 for android,,mobile
rv:55.0||firefox 55.0|,rv:55.0,,firefox 55.0,,desktop
SM-G950U1 Build/NRD90M||chrome 63.0 for android|,SM-G950U1 Build/NRD90M,,chrome 63.0 for android,,mobile
MacOS|Mac|safari|1680x1050,MacOS,Mac,safari,1680x1050,desktop
Lenovo YT3-X50F Build/MMB29M||chrome 63.0 for android|,Lenovo YT3-X50F Build/MMB29M,,chrome 63.0 for android,,mobile
|Linux|samsung browser 6.2|,,Linux,samsung browser 6.2,,mobile
SAMSUNG-SM-G928A Build/NRD90M|Android 7.0|chrome 63.0 for android|,SAMSUNG-SM-G928A Build/NRD90M,Android 7.0,chrome 63.0 for android,,mobile
F3213 Build/36.1.A.1.86||chrome 58.0 for android|,F3213 Build/36.1.A.1.86,,chrome 58.0 for android,,mobile
SAMSUNG SM-G920T Build/NRD90M||samsung browser 6.2|,SAMSUNG SM-G920T Build/NRD90M,,samsung browser 6.2,,mobile
MacOS|Mac OS X 10_13_2|chrome generic|2880x1800,MacOS,Mac OS X 10_13_2,chrome generic,2880x1800,desktop
MacOS|Mac|chrome 61.0|1920x1080,MacOS,Mac,chrome 61.0,1920x1080,desktop
SAMSUNG SM-N950F Build/NMF26X||samsung browser 6.2|,SAMSUNG SM-N950F Build/NMF26X,,samsung browser 6.2,,mobile
MacOS|Mac OS X 10_10_5|chrome 63.0|1360x768,MacOS,Mac OS X 10_10_5,chrome 63.0,1360x768,desktop
MacOS|Mac OS X 10_13_2|chrome 56.0|2560x1600,MacOS,Mac OS X 10_13_2,chrome 56.0,2560x1600,desktop
SM-G930P Build/NRD90M|Android 7.0|chrome 63.0 for android|2560x1440,SM-G930P Build/NRD90M,Android 7.0,chrome 63.0 for android,2560x1440,mobile
Vivo|Android 7.0|chrome 63.0 for android|1920x1080,Vivo,Android 7.0,chrome 63.0 for android,1920x1080,mobile
5010G Build/MRA58K||chrome 60.0 for android|,5010G Build/MRA58K,,chrome 60.0 for android,,mobile
Windows|Windows 10|waterfox|2560x1600,Windows,Windows 10,waterfox,2560x1600,desktop
SM-G800F Build/MMB29K||chrome 62.0 for android|,SM-G800F Build/MMB29K,,chrome 62.0 for android,,mobile
MacOS|Mac OS X 10_12_3|safari generic|5120x2880,MacOS,Mac OS X 10_12_3,safari generic,5120x2880,desktop
SM-G935P Build/NRD90M|Android 7.0|chrome 63.0 for android|1281x721,SM-G935P Build/NRD90M,Android 7.0,chrome 63.0 for android,1281x721,mobile
iOS Device|iOS 11.2.1|mobile safari uiwebview|1334x750,iOS Device,iOS 11.2.1,mobile safari uiwebview,1334x750,mobile
HTC Desire 10 lifestyle Build/MMB29M||chrome 60.0 for android|,HTC Desire 10 lifestyle Build/MMB29M,,chrome 60.0 for android,,mobile
MacOS|Mac OS X 10_11_3|safari generic|5120x2880,MacOS,Mac OS X 10_11_3,safari generic,5120x2880,desktop
SM-N920A Build/MMB29K||chrome 61.0 for android|,SM-N920A Build/MMB29K,,chrome 61.0 for android,,mobile
iOS Device|iOS 11.1.1|mobile safari generic|2732x2048,iOS Device,iOS 11.1.1,mobile safari generic,2732x2048,mobile
SM-J500M Build/LMY48B||chrome 61.0 for android|,SM-J500M Build/LMY48B,,chrome 61.0 for android,,mobile
MacOS|Mac OS X 10_12_6|chrome 63.0|,MacOS,Mac OS X 10_12_6,chrome 63.0,,desktop
MacOS|Mac OS X 10_8_5|chrome 49.0|1920x1200,MacOS,Mac OS X 10_8_5,chrome 49.0,1920x1200,desktop
Z831|Android 6.0.1|chrome 59.0 for android|855x480,Z831,Android 6.0.1,chrome 59.0 for android,855x480,mobile
MacOS|Mac OS X 10_10_5|chrome 59.0|2560x1440,MacOS,Mac OS X 10_10_5,chrome 59.0,2560x1440,desktop
MacOS|Mac OS X 10_13_1|chrome generic|1920x1080,MacOS,Mac OS X 10_13_1,chrome generic,1920x1080,desktop
MacOS|Mac OS X 10_11_6|chrome 63.0|1600x1000,MacOS,Mac OS X 10_11_6,chrome 63.0,1600x1000,desktop
S6000||chrome 63.0 for android|,S6000,,chrome 63.0 for android,,mobile
SM-A310F Build/NRD90M||chrome 63.0 for android|,SM-A310F Build/NRD90M,,chrome 63.0 for android,,mobile
Blade A510 Build/MRA58K||chrome 49.0 for android|,Blade A510 Build/MRA58K,,chrome 49.0 for android,,mobile
SM-J111M Build/LMY47V||chrome 55.0 for android|,SM-J111M Build/LMY47V,,chrome 55.0 for android,,mobile
LG-M400 Build/NRD90U||chrome 62.0 for android|,LG-M400 Build/NRD90U,,chrome 62.0 for android,,mobile
Windows|func|chrome 63.0|1600x900,Windows,func,chrome 63.0,1600x900,desktop
ASUS_Z00UD||android webview 4.0|,ASUS_Z00UD,,android webview 4.0,,mobile
SM-T560 Build/KTU84P||chrome 55.0 for android|,SM-T560 Build/KTU84P,,chrome 55.0 for android,,mobile
HTC6525LVW|Android 6.0|android webview 4.0|1920x1080,HTC6525LVW,Android 6.0,android webview 4.0,1920x1080,mobile
SM-G531H Build/LMY48B||chrome 56.0 for android|,SM-G531H Build/LMY48B,,chrome 56.0 for android,,mobile
ALE-L21 Build/HuaweiALE-L21||chrome 50.0 for android|,ALE-L21 Build/HuaweiALE-L21,,chrome 50.0 for android,,mobile
Windows|Windows 8|chrome 63.0|1280x800,Windows,Windows 8,chrome 63.0,1280x800,desktop
FRD-L14 Build/HUAWEIFRD-L14|Android 7.0|chrome 63.0 for android|1920x1080,FRD-L14 Build/HUAWEIFRD-L14,Android 7.0,chrome 63.0 for android,1920x1080,mobile
SM-G9250||chrome 63.0 for android|,SM-G9250,,chrome 63.0 for android,,mobile
Blade A475 Build/LMY47D||chrome 61.0 for android|,Blade A475 Build/LMY47D,,chrome 61.0 for android,,mobile
SM-J700M Build/LMY48B||chrome 56.0 for android|,SM-J700M Build/LMY48B,,chrome 56.0 for android,,mobile
MacOS|Mac OS X 10_11_5|safari generic|5120x2880,MacOS,Mac OS X 10_11_5,safari generic,5120x2880,desktop
SM-T713 Build/NRD90M||chrome 59.0 for android|,SM-T713 Build/NRD90M,,chrome 59.0 for android,,mobile
LG-K580 Build/MRA58K||chrome 50.0 for android|,LG-K580 Build/MRA58K,,chrome 50.0 for android,,mobile
MacOS|Mac OS X 10_9_5|chrome 63.0|2560x1440,MacOS,Mac OS X 10_9_5,chrome 63.0,2560x1440,desktop
SAMSUNG SM-N900T Build/LRX21V|Android 5.0|other|1920x1080,SAMSUNG SM-N900T Build/LRX21V,Android 5.0,other,1920x1080,mobile
LG-H918 Build/NRD90M|Android 7.0|chrome 63.0 for android|2560x1440,LG-H918 Build/NRD90M,Android 7.0,chrome 63.0 for android,2560x1440,mobile
SM-G610M Build/NRD90M||chrome 63.0 for android|,SM-G610M Build/NRD90M,,chrome 63.0 for android,,mobile
SM-G930T Build/NRD90M||chrome 63.0 for android|,SM-G930T Build/NRD90M,,chrome 63.0 for android,,mobile
MacOS|Mac OS X 10_12_3|chrome 63.0|1440x900,MacOS,Mac OS X 10_12_3,chrome 63.0,1440x900,desktop
5054N|Android 5.1.1|chrome 53.0 for android|1280x720,5054N,Android 5.1.1,chrome 53.0 for android,1280x720,mobile
SM-J320P Build/LMY47X|Android 5.1.1|chrome 63.0 for android|1280x720,SM-J320P Build/LMY47X,Android 5.1.1,chrome 63.0 for android,1280x720,mobile
MacOS|Mac OS X 10_13_2|chrome 62.0|,MacOS,Mac OS X 10_13_2,chrome 62.0,,desktop
SM-G720AX||chrome 63.0 for android|,SM-G720AX,,chrome 63.0 for android,,mobile
D6708|Android 5.1.1|chrome 63.0 for android|1920x1080,D6708,Android 5.1.1,chrome 63.0 for android,1920x1080,mobile
SM-J700T1 Build/NMF26X|Android 7.1.1|chrome 60.0 for android|1280x720,SM-J700T1 Build/NMF26X,Android 7.1.1,chrome 60.0 for android,1280x720,mobile
BLU|Android 5.0|chrome 62.0 for android|1280x720,BLU,Android 5.0,chrome 62.0 for android,1280x720,mobile
E5506||chrome 63.0 for android|,E5506,,chrome 63.0 for android,,mobile
SM-G900M Build/MMB29M||chrome 49.0 for android|,SM-G900M Build/MMB29M,,chrome 49.0 for android,,mobile
HTC Desire 10 lifestyle Build/MMB29M||chrome 61.0 for android|,HTC Desire 10 lifestyle Build/MMB29M,,chrome 61.0 for android,,mobile
MacOS|Mac OS X 10_13_1|chrome 63.0|,MacOS,Mac OS X 10_13_1,chrome 63.0,,desktop
MacOS|Mac OS X 10_12_2|chrome 63.0|1280x800,MacOS,Mac OS X 10_12_2,chrome 63.0,1280x800,desktop
MacOS|Mac OS X 10_11_3|chrome 60.0|1280x800,MacOS,Mac OS X 10_11_3,chrome 60.0,1280x800,desktop
E6853||chrome|,E6853,,chrome,,mobile
BLU ENERGY X PLUS Build/LRX21M||chrome 55.0 for android|,BLU ENERGY X PLUS Build/LRX21M,,chrome 55.0 for android,,mobile
MacOS|Mac OS X 10_12_5|chrome 59.0|1440x900,MacOS,Mac OS X 10_12_5,chrome 59.0,1440x900,desktop
rv:58.0|Android 7.0|Generic/Android 7.0|1920x1080,rv:58.0,Android 7.0,Generic/Android 7.0,1920x1080,mobile
XT1563 Build/MPDS24.107-52-5||chrome 62.0 for android|,XT1563 Build/MPDS24.107-52-5,,chrome 62.0 for android,,mobile
GT-N7100||chrome 63.0 for android|,GT-N7100,,chrome 63.0 for android,,mobile
LG-H542 Build/MRA58K||chrome 63.0 for android|,LG-H542 Build/MRA58K,,chrome 63.0 for android,,mobile
Nexus|Android 5.1.1|chrome 63.0 for android|2560x1600,Nexus,Android 5.1.1,chrome 63.0 for android,2560x1600,mobile
ONE||chrome 63.0 for android|,ONE,,chrome 63.0 for android,,mobile
LGL62VL||chrome 59.0 for android|,LGL62VL,,chrome 59.0 for android,,mobile
Redmi 4X Build/N2G47H||chrome 63.0 for android|,Redmi 4X Build/N2G47H,,chrome 63.0 for android,,mobile
Linux i686|Linux|firefox 57.0|1920x1080,Linux i686,Linux,firefox 57.0,1920x1080,desktop
XT1063 Build/MPB24.65-34||chrome 63.0 for android|,XT1063 Build/MPB24.65-34,,chrome 63.0 for android,,mobile
Windows|Windows 7|chrome 58.0|1280x1025,Windows,Windows 7,chrome 58.0,1280x1025,desktop
Moto G Play Build/MPIS24.241-15.3-26||chrome 60.0 for android|,Moto G Play Build/MPIS24.241-15.3-26,,chrome 60.0 for android,,mobile
LG-D320 Build/KOT49I.V10a||chrome 57.0 for android|,LG-D320 Build/KOT49I.V10a,,chrome 57.0 for android,,mobile
SM-P605V||chrome 62.0 for android|,SM-P605V,,chrome 62.0 for android,,mobile
SM-T560NU Build/MMB29M|Android 6.0.1|chrome 63.0 for android|1280x800,SM-T560NU Build/MMB29M,Android 6.0.1,chrome 63.0 for android,1280x800,mobile
Windows|Windows 10|firefox 57.0|1280x768,Windows,Windows 10,firefox 57.0,1280x768,desktop
SM-T530||chrome 63.0 for android|,SM-T530,,chrome 63.0 for android,,mobile
SM-G925I Build/MMB29K||chrome 63.0 for android|,SM-G925I Build/MMB29K,,chrome 63.0 for android,,mobile
LG-TP260 Build/NRD90U|Android 7.0|chrome 61.0 for android|1280x720,LG-TP260 Build/NRD90U,Android 7.0,chrome 61.0 for android,1280x720,mobile
rv:57.0|Mac OS X 10.13|firefox 57.0|2048x1152,rv:57.0,Mac OS X 10.13,firefox 57.0,2048x1152,desktop
HTC One M9 Build/NRD90M||chrome 61.0 for android|,HTC One M9 Build/NRD90M,,chrome 61.0 for android,,mobile
Lenovo||chrome 54.0 for android|,Lenovo,,chrome 54.0 for android,,mobile
SM-J110M Build/LMY48B||chrome 62.0 for android|,SM-J110M Build/LMY48B,,chrome 62.0 for android,,mobile
LG-D213||chrome 61.0 for android|,LG-D213,,chrome 61.0 for android,,mobile
TA-1028 Build/NMF26O||chrome 63.0 for android|,TA-1028 Build/NMF26O,,chrome 63.0 for android,,mobile
rv:37.0||firefox|,rv:37.0,,firefox,,desktop
LG-K428 Build/NRD90U|Android 7.0|chrome 62.0 for android|1280x720,LG-K428 Build/NRD90U,Android 7.0,chrome 62.0 for android,1280x720,mobile
TA-1028 Build/NRD90M||chrome 63.0 for android|,TA-1028 Build/NRD90M,,chrome 63.0 for android,,mobile
Redmi Note 4 Build/MMB29M|Android 6.0.1|chrome 54.0 for android|1920x1080,Redmi Note 4 Build/MMB29M,Android 6.0.1,chrome 54.0 for android,1920x1080,mobile
Ilium X710 Build/MRA58K||chrome 63.0 for android|,Ilium X710 Build/MRA58K,,chrome 63.0 for android,,mobile
XT1635-02||chrome 63.0 for android|,XT1635-02,,chrome 63.0 for android,,mobile
KYOCERA-C6742A Build/LMY47V|Android 5.1.1|chrome 62.0 for android|960x540,KYOCERA-C6742A Build/LMY47V,Android 5.1.1,chrome 62.0 for android,960x540,mobile
Linux x86_64||chrome 63.0|,Linux x86_64,,chrome 63.0,,desktop
LG-H871|Android 7.0|chrome 63.0 for android|2672x1440,LG-H871,Android 7.0,chrome 63.0 for android,2672x1440,mobile
SM-J327T Build/NRD90M|Android 7.0|chrome 63.0 for android|1280x720,SM-J327T Build/NRD90M,Android 7.0,chrome 63.0 for android,1280x720,mobile
SM-T800 Build/MMB29K|Android 6.0.1|chrome 62.0 for android|2560x1600,SM-T800 Build/MMB29K,Android 6.0.1,chrome 62.0 for android,2560x1600,mobile
LG-H918 Build/NRD90M|Android 7.0|chrome 61.0 for android|2560x1440,LG-H918 Build/NRD90M,Android 7.0,chrome 61.0 for android,2560x1440,mobile
SM-G955F Build/NRD90M|Android 7.0|chrome 63.0 for android|,SM-G955F Build/NRD90M,Android 7.0,chrome 63.0 for android,,mobile
en-us|Android 4.4.2|chrome generic|,en-us,Android 4.4.2,chrome generic,,mobile
MacOS|Mac OS X 10_12_5|chrome 63.0|2560x1440,MacOS,Mac OS X 10_12_5,chrome 63.0,2560x1440,desktop
SM-S975L|Android|chrome 63.0 for android|1920x1080,SM-S975L,Android,chrome 63.0 for android,1920x1080,mobile
|Linux||1536x864,,Linux,,1536x864,desktop
P4526A Build/NRD90M||chrome 63.0 for android|,P4526A Build/NRD90M,,chrome 63.0 for android,,mobile
Windows|Windows 10|edge 16.0|2560x1440,Windows,Windows 10,edge 16.0,2560x1440,desktop
SAMSUNG|Android 5.1.1|chrome generic|2562x1442,SAMSUNG,Android 5.1.1,chrome generic,2562x1442,mobile
Windows|Windows Vista|chrome 49.0|1400x1050,Windows,Windows Vista,chrome 49.0,1400x1050,desktop
|Android|chrome 60.0|960x540,,Android,chrome 60.0,960x540,mobile
BLADE A520 Build/NRD90M||chrome 63.0 for android|,BLADE A520 Build/NRD90M,,chrome 63.0 for android,,mobile
iOS Device|iOS 11.2.1|mobile safari uiwebview|1136x640,iOS Device,iOS 11.2.1,mobile safari uiwebview,1136x640,mobile
MacOS|Mac OS X 10_10_5|safari generic|1344x840,MacOS,Mac OS X 10_10_5,safari generic,1344x840,desktop
MacOS|Mac OS X 10_7_5|chrome 49.0|2560x1440,MacOS,Mac OS X 10_7_5,chrome 49.0,2560x1440,desktop
Moto Z (2|Android 7.1.1|chrome generic|,Moto Z (2,Android 7.1.1,chrome generic,,mobile
LG-D959|Android 4.4.2|chrome 62.0 for android|1280x720,LG-D959,Android 4.4.2,chrome 62.0 for android,1280x720,mobile
MacOS|Mac|safari generic|1152x720,MacOS,Mac,safari generic,1152x720,desktop
Windows|Windows 7|chrome 63.0|1280x712,Windows,Windows 7,chrome 63.0,1280x712,desktop
rv:57.0|Mac OS X 10.12|firefox 57.0|,rv:57.0,Mac OS X 10.12,firefox 57.0,,desktop
WOW64|Windows 8.1|ie 11.0 for desktop|1440x900,WOW64,Windows 8.1,ie 11.0 for desktop,1440x900,desktop
D5316||chrome 62.0 for android|,D5316,,chrome 62.0 for android,,mobile
MacOS|Mac OS X 10_11_6|chrome 60.0|1920x1200,MacOS,Mac OS X 10_11_6,chrome 60.0,1920x1200,desktop
|Linux|chrome generic|1920x1080,,Linux,chrome generic,1920x1080,desktop
SM-G935V Build/NRD90M|Android 7.0|chrome 62.0 for android|,SM-G935V Build/NRD90M,Android 7.0,chrome 62.0 for android,,mobile
SAMSUNG SM-G930R4 Build/NRD90M|Android 7.0|samsung browser 6.2|1920x1080,SAMSUNG SM-G930R4 Build/NRD90M,Android 7.0,samsung browser 6.2,1920x1080,mobile
5012G Build/MRA58K||chrome 63.0 for android|,5012G Build/MRA58K,,chrome 63.0 for android,,mobile
MacOS|Mac|chrome 60.0|2560x1600,MacOS,Mac,chrome 60.0,2560x1600,desktop
HTC Desire 626s Build/LMY47O||chrome 56.0 for android|,HTC Desire 626s Build/LMY47O,,chrome 56.0 for android,,mobile
SM-T813 Build/NRD90M|Android 7.0|opera|2048x1536,SM-T813 Build/NRD90M,Android 7.0,opera,2048x1536,mobile
Windows|Windows 7|chrome 63.0|1800x1125,Windows,Windows 7,chrome 63.0,1800x1125,desktop
FRD-L04 Build/HUAWEIFRD-L04||chrome 63.0 for android|,FRD-L04 Build/HUAWEIFRD-L04,,chrome 63.0 for android,,mobile
SM-T800 Build/MMB29K|Android 6.0.1|chrome 63.0 for android|2560x1600,SM-T800 Build/MMB29K,Android 6.0.1,chrome 63.0 for android,2560x1600,mobile
SAMSUNG SM-G930A Build/NRD90M|Android 7.0|samsung browser 5.4|1920x1080,SAMSUNG SM-G930A Build/NRD90M,Android 7.0,samsung browser 5.4,1920x1080,mobile
SAMSUNG-SM-G925A||chrome 63.0 for android|,SAMSUNG-SM-G925A,,chrome 63.0 for android,,mobile
MacOS|Mac OS X 10_12_6|chrome 61.0|2560x1440,MacOS,Mac OS X 10_12_6,chrome 61.0,2560x1440,desktop
Linux x86_64|Linux|chrome 61.0|1920x1080,Linux x86_64,Linux,chrome 61.0,1920x1080,desktop
Windows|Windows 10|chrome 63.0|3520x1980,Windows,Windows 10,chrome 63.0,3520x1980,desktop
A50C+||chrome 63.0 for android|,A50C+,,chrome 63.0 for android,,mobile
Windows|Windows XP|firefox 52.0|1920x1080,Windows,Windows XP,firefox 52.0,1920x1080,desktop
MacOS|Mac OS X 10_11_6|chrome 62.0|3360x2100,MacOS,Mac OS X 10_11_6,chrome 62.0,3360x2100,desktop
6039A Build/LRX22G||chrome 63.0 for android|,6039A Build/LRX22G,,chrome 63.0 for android,,mobile
LG-K428 Build/NRD90U|Android 7.0|chrome 63.0 for android|1280x720,LG-K428 Build/NRD90U,Android 7.0,chrome 63.0 for android,1280x720,mobile
SAMSUNG-SM-J320AZ|Android 7.1.1|chrome 63.0 for android|1280x720,SAMSUNG-SM-J320AZ,Android 7.1.1,chrome 63.0 for android,1280x720,mobile
rv:48.0|Mac OS X 10.6|firefox 48.0|2560x1440,rv:48.0,Mac OS X 10.6,firefox 48.0,2560x1440,desktop
Windows|Windows 7|chrome 63.0|2552x1337,Windows,Windows 7,chrome 63.0,2552x1337,desktop
MDDRJS|Windows 7|ie 11.0 for desktop|1366x768,MDDRJS,Windows 7,ie 11.0 for desktop,1366x768,desktop
Windows|Windows 7|firefox generic|1280x720,Windows,Windows 7,firefox generic,1280x720,desktop
Windows|func|edge 15.0|1366x768,Windows,func,edge 15.0,1366x768,desktop
Windows|Windows 8.1|firefox generic|1920x1080,Windows,Windows 8.1,firefox generic,1920x1080,desktop
MotoG3 Build/MPIS24.65-25.1-19||chrome|,MotoG3 Build/MPIS24.65-25.1-19,,chrome,,mobile
|Linux|chrome 62.0|3360x1890,,Linux,chrome 62.0,3360x1890,desktop
iOS Device|iOS 11.2.1|chrome 62.0 for ios|2048x1536,iOS Device,iOS 11.2.1,chrome 62.0 for ios,2048x1536,mobile
MacOS|Mac OS X 10_12_6|chrome 56.0|1920x1080,MacOS,Mac OS X 10_12_6,chrome 56.0,1920x1080,desktop
HUAWEI Build/MMB28B||chrome 63.0 for android|,HUAWEI Build/MMB28B,,chrome 63.0 for android,,mobile
LGUS991|Android 6.0|chrome 63.0 for android|2560x1440,LGUS991,Android 6.0,chrome 63.0 for android,2560x1440,mobile
E5606||other|,E5606,,other,,mobile
LG-M400 Build/NRD90U||chrome 61.0 for android|,LG-M400 Build/NRD90U,,chrome 61.0 for android,,mobile
Ilium L620 Build/NRD90M||chrome 63.0 for android|,Ilium L620 Build/NRD90M,,chrome 63.0 for android,,mobile
SM-J111M Build/LMY47V||other|,SM-J111M Build/LMY47V,,other,,mobile
rv:50.0|Mac OS X 10.10|firefox|2560x1600,rv:50.0,Mac OS X 10.10,firefox,2560x1600,desktop
Windows|Windows 10|chrome 63.0|1536x864,Windows,Windows 10,chrome 63.0,1536x864,desktop
Windows|Windows 7|chrome 62.0|2049x1152,Windows,Windows 7,chrome 62.0,2049x1152,desktop
||mobile safari 10.0|2208x1242,,,mobile safari 10.0,2208x1242,mobile
ZTE||chrome 63.0 for android|,ZTE,,chrome 63.0 for android,,mobile
XT1032 Build/KXB21.14-L1.40||chrome 60.0 for android|,XT1032 Build/KXB21.14-L1.40,,chrome 60.0 for android,,mobile
SM-G930T Build/NRD90M|Android 7.0|chrome 63.0 for android|2560x1440,SM-G930T Build/NRD90M,Android 7.0,chrome 63.0 for android,2560x1440,mobile
FRD-L14 Build/HUAWEIFRD-L14||chrome 63.0 for android|,FRD-L14 Build/HUAWEIFRD-L14,,chrome 63.0 for android,,mobile
SM-N910P|Android 6.0.1|chrome 63.0 for android|2560x1440,SM-N910P,Android 6.0.1,chrome 63.0 for android,2560x1440,mobile
rv:49.0|Windows 7|firefox|1366x768,rv:49.0,Windows 7,firefox,1366x768,desktop
rv:46.0|Windows 7|firefox|1366x768,rv:46.0,Windows 7,firefox,1366x768,desktop
LG-K330|Android 5.1.1|chrome 52.0 for android|855x480,LG-K330,Android 5.1.1,chrome 52.0 for android,855x480,mobile
LG-D331 Build/LRX22G||chrome 62.0 for android|,LG-D331 Build/LRX22G,,chrome 62.0 for android,,mobile
XT1040||chrome 58.0 for android|,XT1040,,chrome 58.0 for android,,mobile
SM-G955U1 Build/NRD90M||chrome 63.0 for android|,SM-G955U1 Build/NRD90M,,chrome 63.0 for android,,mobile
LG-V410|Android 5.0.2|chrome|,LG-V410,Android 5.0.2,chrome,,mobile
SM-N920C Build/NRD90M||chrome 63.0 for android|,SM-N920C Build/NRD90M,,chrome 63.0 for android,,mobile
Ilium LT500 Build/LMY47O||chrome 49.0 for android|,Ilium LT500 Build/LMY47O,,chrome 49.0 for android,,mobile
SM-N920P Build/NRD90M|Android 7.0|chrome 63.0 for android|,SM-N920P Build/NRD90M,Android 7.0,chrome 63.0 for android,,mobile
rv:57.0|Android 6.0|Generic/Android|1776x1080,rv:57.0,Android 6.0,Generic/Android,1776x1080,mobile
rv:57.0|Mac OS X 10.10|firefox 57.0|2560x1440,rv:57.0,Mac OS X 10.10,firefox 57.0,2560x1440,desktop
Windows|Windows 10|edge 16.0|1280x768,Windows,Windows 10,edge 16.0,1280x768,desktop
5080A Build/MRA58K||chrome 52.0 for android|,5080A Build/MRA58K,,chrome 52.0 for android,,mobile
F3113 Build/33.2.A.3.81||chrome 63.0 for android|,F3113 Build/33.2.A.3.81,,chrome 63.0 for android,,mobile
P008 Build/NRD90M|Android 7.0|chrome 63.0 for android|,P008 Build/NRD90M,Android 7.0,chrome 63.0 for android,,mobile
SM-J530F Build/NRD90M||chrome 63.0 for android|,SM-J530F Build/NRD90M,,chrome 63.0 for android,,mobile
XT1032 Build/LPBS23.13-56-2||chrome 63.0 for android|,XT1032 Build/LPBS23.13-56-2,,chrome 63.0 for android,,mobile
Lenovo TB-X103F Build/LenovoTB-X103F|Android 6.0.1|chrome 63.0 for android|1280x800,Lenovo TB-X103F Build/LenovoTB-X103F,Android 6.0.1,chrome 63.0 for android,1280x800,mobile
Windows|Windows 8.1|chrome 55.0|1366x768,Windows,Windows 8.1,chrome 55.0,1366x768,desktop
|Linux|chrome generic|1280x800,,Linux,chrome generic,1280x800,desktop
MacOS|Mac OS X 10_12_5|chrome 63.0|5120x2880,MacOS,Mac OS X 10_12_5,chrome 63.0,5120x2880,desktop
Vivo||chrome 61.0 for android|,Vivo,,chrome 61.0 for android,,mobile
iOS Device|iOS|mobile safari 9.0|2732x2048,iOS Device,iOS,mobile safari 9.0,2732x2048,mobile
SAMSUNG SM-J530GM Build/NRD90M||samsung browser 6.2|,SAMSUNG SM-J530GM Build/NRD90M,,samsung browser 6.2,,mobile
Windows|Windows XP|chrome 49.0|1920x1200,Windows,Windows XP,chrome 49.0,1920x1200,desktop
LGMP260 Build/NRD90U||chrome 62.0 for android|,LGMP260 Build/NRD90U,,chrome 62.0 for android,,mobile
Windows|Windows 7|chrome 57.0|1680x1050,Windows,Windows 7,chrome 57.0,1680x1050,desktop
MacOS|Mac OS X 10_11_6|opera 49.0|5120x2880,MacOS,Mac OS X 10_11_6,opera 49.0,5120x2880,desktop
2PS64 Build/NRD90M|Android 7.0|chrome 63.0 for android|,2PS64 Build/NRD90M,Android 7.0,chrome 63.0 for android,,mobile
Moto Z2 Play Build/NPSS26.118-19-11||chrome 63.0 for android|,Moto Z2 Play Build/NPSS26.118-19-11,,chrome 63.0 for android,,mobile
LG-X180g Build/LMY47I||chrome 58.0 for android|,LG-X180g Build/LMY47I,,chrome 58.0 for android,,mobile
Alcatel_5044R Build/NRD90M|Android 7.0|chrome 63.0 for android|,Alcatel_5044R Build/NRD90M,Android 7.0,chrome 63.0 for android,,mobile
LG-M400 Build/NRD90U||chrome 63.0 for android|,LG-M400 Build/NRD90U,,chrome 63.0 for android,,mobile
Windows|Windows 10|chrome 57.0|,Windows,Windows 10,chrome 57.0,,desktop
SM-G955U Build/NRD90M|Android 7.0|chrome 61.0 for android|2961x1442,SM-G955U Build/NRD90M,Android 7.0,chrome 61.0 for android,2961x1442,mobile
5049W Build/NRD90M|Android 7.0|chrome 63.0 for android|,5049W Build/NRD90M,Android 7.0,chrome 63.0 for android,,mobile
MacOS|Mac OS X 10_11_6|safari generic|1152x720,MacOS,Mac OS X 10_11_6,safari generic,1152x720,desktop
ALE-L21 Build/HuaweiALE-L21||chrome 63.0 for android|,ALE-L21 Build/HuaweiALE-L21,,chrome 63.0 for android,,mobile
SM-J510MN Build/MMB29M||chrome 50.0 for android|,SM-J510MN Build/MMB29M,,chrome 50.0 for android,,mobile
LG-LS998|Android 7.1.2|chrome 63.0 for android|2880x1440,LG-LS998,Android 7.1.2,chrome 63.0 for android,2880x1440,mobile
HUAWEI G7-L03 Build/HuaweiG7-L03||chrome 61.0 for android|,HUAWEI G7-L03 Build/HuaweiG7-L03,,chrome 61.0 for android,,mobile
Moto||chrome generic|,Moto,,chrome generic,,mobile
SM-J700M Build/MMB29K||chrome 54.0 for android|,SM-J700M Build/MMB29K,,chrome 54.0 for android,,mobile
SAMSUNG|Android 7.0|samsung browser 6.2|2220x1080,SAMSUNG,Android 7.0,samsung browser 6.2,2220x1080,mobile
Lenovo A2016b30 Build/MRA58K||chrome 63.0 for android|,Lenovo A2016b30 Build/MRA58K,,chrome 63.0 for android,,mobile
QTAQZ3 Build/KOT49H|Android 4.4.2|chrome 56.0 for android|,QTAQZ3 Build/KOT49H,Android 4.4.2,chrome 56.0 for android,,mobile
MacOS|Mac OS X 10_12_6|chrome generic|1440x900,MacOS,Mac OS X 10_12_6,chrome generic,1440x900,desktop
iOS Device|iOS 9.3.5|chrome|2048x1536,iOS Device,iOS 9.3.5,chrome,2048x1536,mobile
HTC6500LVW|Android 5.0.2|chrome generic|1920x1080,HTC6500LVW,Android 5.0.2,chrome generic,1920x1080,mobile
M4 SS4450 Build/MRA58K||chrome 52.0 for android|,M4 SS4450 Build/MRA58K,,chrome 52.0 for android,,mobile
MacOS|Mac OS X 10_12_4|chrome 63.0|1280x800,MacOS,Mac OS X 10_12_4,chrome 63.0,1280x800,desktop
Moto Z2 Play Build/NPSS26.118-19-6||chrome 57.0 for android|,Moto Z2 Play Build/NPSS26.118-19-6,,chrome 57.0 for android,,mobile
SAMSUNG-SM-G935A Build/NRD90M|Android 7.0|chrome 60.0 for android|1920x1080,SAMSUNG-SM-G935A Build/NRD90M,Android 7.0,chrome 60.0 for android,1920x1080,mobile
SM-T280 Build/LMY47V|Android 5.1.1|chrome 63.0 for android|,SM-T280 Build/LMY47V,Android 5.1.1,chrome 63.0 for android,,mobile
SM-J700T1 Build/NMF26X|Android 7.1.1|chrome 63.0 for android|,SM-J700T1 Build/NMF26X,Android 7.1.1,chrome 63.0 for android,,mobile
SM-T560NU Build/NMF26X||other|,SM-T560NU Build/NMF26X,,other,,mobile
MacOS|Mac OS X 10_11_3|chrome 62.0|1280x800,MacOS,Mac OS X 10_11_3,chrome 62.0,1280x800,desktop
SM-G355M Build/KOT49H||chrome 60.0 for android|,SM-G355M Build/KOT49H,,chrome 60.0 for android,,mobile
SM-A710M Build/NRD90M||chrome 61.0 for android|,SM-A710M Build/NRD90M,,chrome 61.0 for android,,mobile
LGMS210 Build/NRD90U|Android 7.0|chrome 61.0 for android|1280x720,LGMS210 Build/NRD90U,Android 7.0,chrome 61.0 for android,1280x720,mobile
SM-T350 Build/NMF26X|Android 7.1.1|chrome 60.0 for android|1024x768,SM-T350 Build/NMF26X,Android 7.1.1,chrome 60.0 for android,1024x768,mobile
RCT6S03W12|Android 7.0|chrome 62.0 for android|1280x800,RCT6S03W12,Android 7.0,chrome 62.0 for android,1280x800,mobile
BLU STUDIO C 5+5 Build/LRX21M||chrome 63.0 for android|,BLU STUDIO C 5+5 Build/LRX21M,,chrome 63.0 for android,,mobile
SM-J727P||chrome 63.0 for android|,SM-J727P,,chrome 63.0 for android,,mobile
LG-H650 Build/MRA58K||chrome 63.0 for android|,LG-H650 Build/MRA58K,,chrome 63.0 for android,,mobile
SM-T820 Build/NRD90M|Android 7.0|chrome 63.0 for android|2048x1536,SM-T820 Build/NRD90M,Android 7.0,chrome 63.0 for android,2048x1536,mobile
LG-H815 Build/MRA58K||chrome 63.0 for android|,LG-H815 Build/MRA58K,,chrome 63.0 for android,,mobile
SAMSUNG SM-G532M Build/MMB29T||samsung browser 5.4|,SAMSUNG SM-G532M Build/MMB29T,,samsung browser 5.4,,mobile
LG-K428 Build/NRD90U|Android 7.0|chrome 63.0 for android|,LG-K428 Build/NRD90U,Android 7.0,chrome 63.0 for android,,mobile
TRT-L53 Build/HUAWEITRT-L53||chrome 59.0 for android|,TRT-L53 Build/HUAWEITRT-L53,,chrome 59.0 for android,,mobile
GT-I9195L||chrome 63.0 for android|,GT-I9195L,,chrome 63.0 for android,,mobile
SM-J320VPP|Android 6.0.1|chrome 61.0 for android|1280x720,SM-J320VPP,Android 6.0.1,chrome 61.0 for android,1280x720,mobile
MacOS|Mac OS X 10_13_2|safari generic|1600x900,MacOS,Mac OS X 10_13_2,safari generic,1600x900,desktop
SM-S327VL|Android 6.0.1|chrome 63.0 for android|1280x720,SM-S327VL,Android 6.0.1,chrome 63.0 for android,1280x720,mobile
SAMSUNG SM-N920T Build/NRD90M|Android 7.0|samsung browser 5.2|,SAMSUNG SM-N920T Build/NRD90M,Android 7.0,samsung browser 5.2,,mobile
SM-A800I||chrome 63.0 for android|,SM-A800I,,chrome 63.0 for android,,mobile
iOS Device|iOS 11.0.1|mobile safari 11.0|2001x1125,iOS Device,iOS 11.0.1,mobile safari 11.0,2001x1125,mobile
MacOS|Mac OS X 10_12_1|safari generic|2560x1600,MacOS,Mac OS X 10_12_1,safari generic,2560x1600,desktop
SM-G935V Build/NRD90M|Android 7.0|chrome 58.0 for android|2560x1440,SM-G935V Build/NRD90M,Android 7.0,chrome 58.0 for android,2560x1440,mobile
Windows|Windows Vista||1680x1050,Windows,Windows Vista,,1680x1050,desktop
MacOS|Mac OS X 10_11_4|chrome 62.0|2560x1440,MacOS,Mac OS X 10_11_4,chrome 62.0,2560x1440,desktop
Alcatel_5054O|Android 5.1.1|chrome 63.0 for android|1280x720,Alcatel_5054O,Android 5.1.1,chrome 63.0 for android,1280x720,mobile
MacOS|Mac OS X 10_12_3|chrome 63.0|3360x2100,MacOS,Mac OS X 10_12_3,chrome 63.0,3360x2100,desktop
P5526A Build/NRD90M||chrome 63.0 for android|,P5526A Build/NRD90M,,chrome 63.0 for android,,mobile
LGL83BL|Android 7.0|chrome 63.0 for android|1280x720,LGL83BL,Android 7.0,chrome 63.0 for android,1280x720,mobile
MacOS|Mac OS X 10_12_6|chrome 60.0|1366x768,MacOS,Mac OS X 10_12_6,chrome 60.0,1366x768,desktop
rv:56.0|Mac OS X 10.11|firefox 56.0|1280x720,rv:56.0,Mac OS X 10.11,firefox 56.0,1280x720,desktop
K92|Android 7.1.1|chrome 62.0 for android|1920x1200,K92,Android 7.1.1,chrome 62.0 for android,1920x1200,mobile
ALCATEL ONE TOUCH 7047A Build/JDQ39||chrome 58.0 for android|,ALCATEL ONE TOUCH 7047A Build/JDQ39,,chrome 58.0 for android,,mobile
BOIE9|Windows 7|ie 11.0 for desktop|1680x1050,BOIE9,Windows 7,ie 11.0 for desktop,1680x1050,desktop
SM-G925V Build/NRD90M|Android 7.0|chrome 63.0 for android|2560x1440,SM-G925V Build/NRD90M,Android 7.0,chrome 63.0 for android,2560x1440,mobile
VS425PP Build/LMY47V|Android 5.1.1|android browser 4.0|855x480,VS425PP Build/LMY47V,Android 5.1.1,android browser 4.0,855x480,mobile
SM-T705||chrome 63.0 for android|,SM-T705,,chrome 63.0 for android,,mobile
ASTRO||chrome 63.0 for android|,ASTRO,,chrome 63.0 for android,,mobile
SAMSUNG-SM-N920A Build/NRD90M|Android 7.0|chrome 63.0 for android|,SAMSUNG-SM-N920A Build/NRD90M,Android 7.0,chrome 63.0 for android,,mobile
VS988 Build/NRD90U|Android 7.0|chrome 60.0 for android|2672x1440,VS988 Build/NRD90U,Android 7.0,chrome 60.0 for android,2672x1440,mobile
XT1710-02 Build/NDSS26.118-23-15|Android 7.1.1|chrome 63.0 for android|1920x1080,XT1710-02 Build/NDSS26.118-23-15,Android 7.1.1,chrome 63.0 for android,1920x1080,mobile
XT1580 Build/NPKS25.200-12-9||chrome 62.0 for android|,XT1580 Build/NPKS25.200-12-9,,chrome 62.0 for android,,mobile
Windows|Windows 7|opera 49.0|1440x900,Windows,Windows 7,opera 49.0,1440x900,desktop
HUAWEI G7-L03 Build/HuaweiG7-L03||chrome 57.0 for android|,HUAWEI G7-L03 Build/HuaweiG7-L03,,chrome 57.0 for android,,mobile
LG-X165g Build/LRX21M||chrome 43.0 for android|,LG-X165g Build/LRX21M,,chrome 43.0 for android,,mobile
SM-G925V Build/NRD90M|Android 7.0|chrome 61.0 for android|2560x1440,SM-G925V Build/NRD90M,Android 7.0,chrome 61.0 for android,2560x1440,mobile
F3313 Build/37.0.A.2.108||chrome 55.0 for android|,F3313 Build/37.0.A.2.108,,chrome 55.0 for android,,mobile
A1601 Build/LMY47I||chrome 63.0 for android|,A1601 Build/LMY47I,,chrome 63.0 for android,,mobile
Windows|Windows 7|chrome 63.0|800x600,Windows,Windows 7,chrome 63.0,800x600,desktop
MacOS|Mac OS X 10_13_1|chrome 63.0|3200x1800,MacOS,Mac OS X 10_13_1,chrome 63.0,3200x1800,desktop
XT1021 Build/KXC21.5-40||chrome 62.0 for android|,XT1021 Build/KXC21.5-40,,chrome 62.0 for android,,mobile
iOS Device|iOS 10.3.1|chrome 63.0 for ios|2048x1536,iOS Device,iOS 10.3.1,chrome 63.0 for ios,2048x1536,mobile
MacOS|Mac OS X 10_13_2|chrome 55.0|2880x1800,MacOS,Mac OS X 10_13_2,chrome 55.0,2880x1800,desktop
SM-N920C Build/NRD90M||chrome 62.0 for android|,SM-N920C Build/NRD90M,,chrome 62.0 for android,,mobile
HTC One M9 Build/NRD90M||chrome 63.0 for android|,HTC One M9 Build/NRD90M,,chrome 63.0 for android,,mobile
SM-N900P Build/LRX21V|Android 5.0|chrome 43.0 for android|1920x1080,SM-N900P Build/LRX21V,Android 5.0,chrome 43.0 for android,1920x1080,mobile
R1|Android 6.0|chrome 63.0 for android|1280x720,R1,Android 6.0,chrome 63.0 for android,1280x720,mobile
LG-V700||chrome 52.0 for android|,LG-V700,,chrome 52.0 for android,,mobile
LGUS990|Android 4.4.2|chrome 63.0 for android|2560x1440,LGUS990,Android 4.4.2,chrome 63.0 for android,2560x1440,mobile
VS987 Build/NRD90U||chrome 63.0 for android|,VS987 Build/NRD90U,,chrome 63.0 for android,,mobile
Intel|Mac|safari|2880x1800,Intel,Mac,safari,2880x1800,desktop
SM-G928V Build/NRD90M|Android 7.0|chrome 63.0 for android|1920x1080,SM-G928V Build/NRD90M,Android 7.0,chrome 63.0 for android,1920x1080,mobile
SAMSUNG-SM-J320A Build/NMF26X|Android 7.1.1|chrome 63.0 for android|1280x720,SAMSUNG-SM-J320A Build/NMF26X,Android 7.1.1,chrome 63.0 for android,1280x720,mobile
LG-K550|Android 6.0.1|chrome 62.0 for android|1280x720,LG-K550,Android 6.0.1,chrome 62.0 for android,1280x720,mobile
LG-D680||chrome 62.0 for android|,LG-D680,,chrome 62.0 for android,,mobile
SM-T530NU Build/LRX22G|Android 5.0.2|chrome 63.0 for android|1280x800,SM-T530NU Build/LRX22G,Android 5.0.2,chrome 63.0 for android,1280x800,mobile
LG-M250 Build/NRD90U||other|,LG-M250 Build/NRD90U,,other,,mobile
LG-D693n||chrome 62.0 for android|,LG-D693n,,chrome 62.0 for android,,mobile
LG-D850||chrome 58.0 for android|,LG-D850,,chrome 58.0 for android,,mobile
MacOS|Mac OS X 10_9_5|safari generic|1280x720,MacOS,Mac OS X 10_9_5,safari generic,1280x720,desktop
rv:43.0||firefox|,rv:43.0,,firefox,,desktop
Hisense U963 Build/MRA58K||chrome 63.0 for android|,Hisense U963 Build/MRA58K,,chrome 63.0 for android,,mobile
6045I Build/LRX22G||chrome 58.0 for android|,6045I Build/LRX22G,,chrome 58.0 for android,,mobile
Lenovo A2016b30 Build/MRA58K||chrome 50.0 for android|,Lenovo A2016b30 Build/MRA58K,,chrome 50.0 for android,,mobile
Windows|Windows 10|chrome 63.0|600x450,Windows,Windows 10,chrome 63.0,600x450,desktop
LG-K220 Build/MXB48T||chrome 63.0 for android|,LG-K220 Build/MXB48T,,chrome 63.0 for android,,mobile
iOS Device|iOS 11.0.1|mobile safari generic|1136x640,iOS Device,iOS 11.0.1,mobile safari generic,1136x640,mobile
SAMSUNG SM-G920P Build/NRD90M|Android 7.0|other|2560x1440,SAMSUNG SM-G920P Build/NRD90M,Android 7.0,other,2560x1440,mobile
2PYB2|Android 7.0|chrome 63.0 for android|2560x1440,2PYB2,Android 7.0,chrome 63.0 for android,2560x1440,mobile
Windows|Windows 10|chrome 59.0|,Windows,Windows 10,chrome 59.0,,desktop
XT1080 Build/SU6-7.7|Android|chrome 59.0 for android|1280x720,XT1080 Build/SU6-7.7,Android,chrome 59.0 for android,1280x720,mobile
MacOS|Mac OS X 10_13_2|chrome generic|1440x900,MacOS,Mac OS X 10_13_2,chrome generic,1440x900,desktop
XT1575 Build/NPHS25.200-23-1|Android 7.0|chrome 63.0 for android|2562x1442,XT1575 Build/NPHS25.200-23-1,Android 7.0,chrome 63.0 for android,2562x1442,mobile
LG-D693n Build/LRX22G||chrome 63.0 for android|,LG-D693n Build/LRX22G,,chrome 63.0 for android,,mobile
SAMSUNG SM-G891A Build/NRD90M|Android 7.0|samsung browser 6.2|1281x721,SAMSUNG SM-G891A Build/NRD90M,Android 7.0,samsung browser 6.2,1281x721,mobile
SAMSUNG SM-G920A Build/NRD90M||samsung browser 6.2|,SAMSUNG SM-G920A Build/NRD90M,,samsung browser 6.2,,mobile
LG-V495|Android 6.0|chrome 63.0 for android|,LG-V495,Android 6.0,chrome 63.0 for android,,mobile
rv:52.0|Mac OS X 10.11|firefox 52.0|1280x800,rv:52.0,Mac OS X 10.11,firefox 52.0,1280x800,desktop
LG-K530 Build/NRD90U||chrome 53.0 for android|,LG-K530 Build/NRD90U,,chrome 53.0 for android,,mobile
LG-TP450 Build/NRD90U||chrome 63.0 for android|,LG-TP450 Build/NRD90U,,chrome 63.0 for android,,mobile
M4||chrome 63.0 for android|,M4,,chrome 63.0 for android,,mobile
SM-N920V Build/NRD90M|Android 7.0|chrome 61.0 for android|,SM-N920V Build/NRD90M,Android 7.0,chrome 61.0 for android,,mobile
|Linux|chrome 62.0|1280x1024,,Linux,chrome 62.0,1280x1024,desktop
SAMSUNG SM-J530F Build/NRD90M||samsung browser 6.2|,SAMSUNG SM-J530F Build/NRD90M,,samsung browser 6.2,,mobile
Windows|Windows 10|chrome 63.0|2700x1800,Windows,Windows 10,chrome 63.0,2700x1800,desktop
Windows||chrome|,Windows,,chrome,,desktop
BOIE9||ie 11.0 for desktop|,BOIE9,,ie 11.0 for desktop,,desktop
Windows NT 6.1|Windows 7|ie 11.0 for desktop|1371x857,Windows NT 6.1,Windows 7,ie 11.0 for desktop,1371x857,desktop
SM-G610M Build/MMB29K||chrome 61.0 for android|,SM-G610M Build/MMB29K,,chrome 61.0 for android,,mobile
VS996||chrome 63.0 for android|,VS996,,chrome 63.0 for android,,mobile
TA-1025||chrome 63.0 for android|,TA-1025,,chrome 63.0 for android,,mobile
XT1053 Build/LPAS23.12-21.7-1||chrome|,XT1053 Build/LPAS23.12-21.7-1,,chrome,,mobile
ILIUM||chrome 63.0 for android|,ILIUM,,chrome 63.0 for android,,mobile
VS985|Android 6.0|chrome 55.0 for android|2560x1440,VS985,Android 6.0,chrome 55.0 for android,2560x1440,mobile
rv:52.0|Windows Vista|firefox 52.0|1600x900,rv:52.0,Windows Vista,firefox 52.0,1600x900,desktop
SM-T713 Build/NRD90M|Android 7.0|chrome 62.0 for android|2048x1536,SM-T713 Build/NRD90M,Android 7.0,chrome 62.0 for android,2048x1536,mobile
SAMSUNG SM-J510MN Build/MMB29M||samsung browser 6.2|,SAMSUNG SM-J510MN Build/MMB29M,,samsung browser 6.2,,mobile
SM-T110 Build/JDQ39|Android|chrome 63.0 for android|1024x600,SM-T110 Build/JDQ39,Android,chrome 63.0 for android,1024x600,mobile
XT1563 Build/MPDS24.107-52-5||chrome 63.0 for android|,XT1563 Build/MPDS24.107-52-5,,chrome 63.0 for android,,mobile
A0001 Build/MHC19Q|Android 6.0.1|chrome 62.0 for android|1920x1080,A0001 Build/MHC19Q,Android 6.0.1,chrome 62.0 for android,1920x1080,mobile
|Linux|chrome 56.0|1366x768,,Linux,chrome 56.0,1366x768,desktop
|func|mobile safari 11.0|2436x1125,,func,mobile safari 11.0,2436x1125,mobile
Z410||chrome 61.0 for android|,Z410,,chrome 61.0 for android,,mobile
iOS Device|iOS 11.2.0|chrome 63.0 for ios|2732x2048,iOS Device,iOS 11.2.0,chrome 63.0 for ios,2732x2048,mobile
VS996|Android 7.1.2|chrome 63.0 for android|2880x1440,VS996,Android 7.1.2,chrome 63.0 for android,2880x1440,mobile
SAMSUNG SM-J320M Build/LMY47V||chrome generic|,SAMSUNG SM-J320M Build/LMY47V,,chrome generic,,mobile
Windows|Windows 8.1|chrome 63.0|2736x1824,Windows,Windows 8.1,chrome 63.0,2736x1824,desktop
SM-G900R4|Android 6.0.1|chrome 63.0 for android|1920x1080,SM-G900R4,Android 6.0.1,chrome 63.0 for android,1920x1080,mobile
rv:50.0||firefox|,rv:50.0,,firefox,,desktop
Ilium X510 Build/MRA58K||chrome 49.0 for android|,Ilium X510 Build/MRA58K,,chrome 49.0 for android,,mobile
SPH-L720|Android|chrome 62.0 for android|1920x1080,SPH-L720,Android,chrome 62.0 for android,1920x1080,mobile
SM-N920G Build/NRD90M||chrome 63.0 for android|,SM-N920G Build/NRD90M,,chrome 63.0 for android,,mobile
SM-T827V Build/NRD90M|Android 7.0|chrome 61.0 for android|2048x1536,SM-T827V Build/NRD90M,Android 7.0,chrome 61.0 for android,2048x1536,mobile
SM-G928P|Android 5.1.1|chrome 62.0 for android|2562x1442,SM-G928P,Android 5.1.1,chrome 62.0 for android,2562x1442,mobile
LG-H820 Build/NRD90U||chrome 63.0 for android|,LG-H820 Build/NRD90U,,chrome 63.0 for android,,mobile
SM-A310M Build/LMY47X||chrome 63.0 for android|,SM-A310M Build/LMY47X,,chrome 63.0 for android,,mobile
Moto G (5S|Android 7.1.1|chrome generic|1920x1080,Moto G (5S,Android 7.1.1,chrome generic,1920x1080,mobile
SM-J200M Build/LMY47X||chrome 43.0 for android|,SM-J200M Build/LMY47X,,chrome 43.0 for android,,mobile
C6906 Build/14.6.A.1.236||chrome 63.0 for android|,C6906 Build/14.6.A.1.236,,chrome 63.0 for android,,mobile
831C|Android 6.0|chrome 63.0 for android|1920x1080,831C,Android 6.0,chrome 63.0 for android,1920x1080,mobile
LG-H830|Android 6.0.1|chrome 63.0 for android|2560x1440,LG-H830,Android 6.0.1,chrome 63.0 for android,2560x1440,mobile
SM-G935V Build/NRD90M|Android 7.0|chrome 63.0 for android|1280x720,SM-G935V Build/NRD90M,Android 7.0,chrome 63.0 for android,1280x720,mobile
E6853||chrome 63.0 for android|,E6853,,chrome 63.0 for android,,mobile
LGMP450 Build/NRD90U|Android 7.0|chrome 63.0 for android|1920x1080,LGMP450 Build/NRD90U,Android 7.0,chrome 63.0 for android,1920x1080,mobile
MacOS|Mac OS X 10_11_5|chrome 60.0|1280x800,MacOS,Mac OS X 10_11_5,chrome 60.0,1280x800,desktop
0PM92|Android 6.0.1|chrome 46.0 for android|1280x720,0PM92,Android 6.0.1,chrome 46.0 for android,1280x720,mobile
SAMSUNG-SM-G935A Build/NRD90M|Android 7.0|chrome 63.0 for android|,SAMSUNG-SM-G935A Build/NRD90M,Android 7.0,chrome 63.0 for android,,mobile
S57 Build/KTU84P||chrome 63.0 for android|,S57 Build/KTU84P,,chrome 63.0 for android,,mobile
Windows|Windows 7|chrome|,Windows,Windows 7,chrome,,desktop
SM-N915V||chrome 57.0 for android|,SM-N915V,,chrome 57.0 for android,,mobile
SAMSUNG-SM-J327A Build/NRD90M|Android 7.0|chrome 63.0 for android|1280x720,SAMSUNG-SM-J327A Build/NRD90M,Android 7.0,chrome 63.0 for android,1280x720,mobile
LG-V410||chrome 62.0 for android|,LG-V410,,chrome 62.0 for android,,mobile
Windows|Windows Vista|chrome 49.0|1920x1200,Windows,Windows Vista,chrome 49.0,1920x1200,desktop
E6853 Build/32.4.A.1.54||chrome 62.0 for android|,E6853 Build/32.4.A.1.54,,chrome 62.0 for android,,mobile
LG-H542 Build/MRA58K||chrome 61.0 for android|,LG-H542 Build/MRA58K,,chrome 61.0 for android,,mobile
Blade A475 Build/LMY47D||chrome 52.0 for android|,Blade A475 Build/LMY47D,,chrome 52.0 for android,,mobile
SM-G930V Build/NRD90M||chrome 63.0 for android|,SM-G930V Build/NRD90M,,chrome 63.0 for android,,mobile
rv:52.0|Windows 8.1|firefox 52.0|1280x1024,rv:52.0,Windows 8.1,firefox 52.0,1280x1024,desktop
LG-H870 Build/NRD90U||other|,LG-H870 Build/NRD90U,,other,,mobile
5015A Build/LMY47I||chrome 59.0 for android|,5015A Build/LMY47I,,chrome 59.0 for android,,mobile
SM-G930V Build/MMB29M|Android 6.0.1|chrome 60.0 for android|2560x1440,SM-G930V Build/MMB29M,Android 6.0.1,chrome 60.0 for android,2560x1440,mobile
SM-G955U Build/NRD90M|Android 7.0|chrome 60.0 for android|,SM-G955U Build/NRD90M,Android 7.0,chrome 60.0 for android,,mobile
ONEPLUS|Android 7.1.1|chrome 59.0 for android|1920x1080,ONEPLUS,Android 7.1.1,chrome 59.0 for android,1920x1080,mobile
LG-K550 Build/NRD90U|Android 7.0|chrome 59.0 for android|1280x720,LG-K550 Build/NRD90U,Android 7.0,chrome 59.0 for android,1280x720,mobile
MacOS|Mac OS X 10_11_6|chrome 63.0|3600x2250,MacOS,Mac OS X 10_11_6,chrome 63.0,3600x2250,desktop
5049W Build/NRD90M|Android 7.0|chrome 56.0 for android|1280x720,5049W Build/NRD90M,Android 7.0,chrome 56.0 for android,1280x720,mobile
SM-G935W8|Android 7.0|chrome 63.0 for android|1920x1080,SM-G935W8,Android 7.0,chrome 63.0 for android,1920x1080,mobile
SM-G360V Build/LMY48B|Android 5.1.1|chrome 63.0 for android|801x480,SM-G360V Build/LMY48B,Android 5.1.1,chrome 63.0 for android,801x480,mobile
XT1021 Build/KXC21.5-40||chrome 57.0 for android|,XT1021 Build/KXC21.5-40,,chrome 57.0 for android,,mobile
SM-T377T|Android 7.1.1|chrome 61.0 for android|,SM-T377T,Android 7.1.1,chrome 61.0 for android,,mobile
LG-D320 Build/KOT49I.V10a||chrome 63.0 for android|,LG-D320 Build/KOT49I.V10a,,chrome 63.0 for android,,mobile
BLU||chrome 60.0 for android|,BLU,,chrome 60.0 for android,,mobile
SAMSUNG-SM-T337A Build/LMY47X|Android 5.1.1|other|,SAMSUNG-SM-T337A Build/LMY47X,Android 5.1.1,other,,mobile
SM-S727VL Build/MMB29M|Android 6.0.1|chrome 63.0 for android|1280x720,SM-S727VL Build/MMB29M,Android 6.0.1,chrome 63.0 for android,1280x720,mobile
rv:57.0|Mac OS X 10.13|firefox 57.0|3440x1440,rv:57.0,Mac OS X 10.13,firefox 57.0,3440x1440,desktop
Lenovo A6020l37 Build/LMY47V||chrome 63.0 for android|,Lenovo A6020l37 Build/LMY47V,,chrome 63.0 for android,,mobile
SM-G531H Build/LMY48B||chrome|,SM-G531H Build/LMY48B,,chrome,,mobile
4013M Build/KOT49H||chrome|,4013M Build/KOT49H,,chrome,,mobile
HUAWEI TAG-L13 Build/HUAWEITAG-L13||chrome generic|,HUAWEI TAG-L13 Build/HUAWEITAG-L13,,chrome generic,,mobile
F3313||chrome 63.0 for android|,F3313,,chrome 63.0 for android,,mobile
Windows|Windows 8|chrome 63.0|1440x900,Windows,Windows 8,chrome 63.0,1440x900,desktop
LG-E450f||chrome 62.0 for android|,LG-E450f,,chrome 62.0 for android,,mobile
BBB100-1|Android 7.1.1|chrome 63.0 for android|,BBB100-1,Android 7.1.1,chrome 63.0 for android,,mobile
D5106||chrome 62.0 for android|,D5106,,chrome 62.0 for android,,mobile
Beat|Android|android browser 4.0|,Beat,Android,android browser 4.0,,mobile
SAMSUNG SM-J510MN Build/MMB29M||samsung browser 5.4|,SAMSUNG SM-J510MN Build/MMB29M,,samsung browser 5.4,,mobile
M4 SS4452 Build/LMY47V||chrome 46.0 for android|,M4 SS4452 Build/LMY47V,,chrome 46.0 for android,,mobile
GT-I9060L Build/JDQ39||chrome 62.0 for android|,GT-I9060L Build/JDQ39,,chrome 62.0 for android,,mobile
|Linux|chrome 62.0|2049x1152,,Linux,chrome 62.0,2049x1152,desktop
SM-T813 Build/NRD90M||chrome 63.0 for android|,SM-T813 Build/NRD90M,,chrome 63.0 for android,,mobile
Moto|Android 6.0.1|chrome 63.0 for android|1280x720,Moto,Android 6.0.1,chrome 63.0 for android,1280x720,mobile
Y635-L03 Build/HuaweiY635-L03||chrome 63.0 for android|,Y635-L03 Build/HuaweiY635-L03,,chrome 63.0 for android,,mobile
SM-T807T|Android 4.4.2|chrome 63.0 for android|2560x1600,SM-T807T,Android 4.4.2,chrome 63.0 for android,2560x1600,mobile
SM-T817T|Android 7.0|chrome 63.0 for android|2048x1536,SM-T817T,Android 7.0,chrome 63.0 for android,2048x1536,mobile
SAMSUNG SM-G935T Build/NRD90M|Android 7.0|samsung browser 5.4|1920x1080,SAMSUNG SM-G935T Build/NRD90M,Android 7.0,samsung browser 5.4,1920x1080,mobile
SM-G550T2|Android 6.0.1|chrome 56.0 for android|1280x720,SM-G550T2,Android 6.0.1,chrome 56.0 for android,1280x720,mobile
Windows|Windows 10|chrome 61.0|1728x972,Windows,Windows 10,chrome 61.0,1728x972,desktop
SM-G920T Build/NRD90M|Android 7.0|chrome 60.0 for android|2560x1440,SM-G920T Build/NRD90M,Android 7.0,chrome 60.0 for android,2560x1440,mobile
BLADE V8 SE Build/NRD90M||chrome 55.0 for android|,BLADE V8 SE Build/NRD90M,,chrome 55.0 for android,,mobile
|other|mobile safari 10.0|1136x640,,other,mobile safari 10.0,1136x640,mobile
F5321|Android 7.1.1|chrome 63.0 for android|1280x720,F5321,Android 7.1.1,chrome 63.0 for android,1280x720,mobile
Linux i686|Linux|firefox 47.0|1440x900,Linux i686,Linux,firefox 47.0,1440x900,desktop
iOS Device|iOS 11.0.2|mobile safari generic|2208x1242,iOS Device,iOS 11.0.2,mobile safari generic,2208x1242,mobile
Linux x86_64|Linux|puffin|2001x1125,Linux x86_64,Linux,puffin,2001x1125,mobile
|Android|chrome 63.0|960x540,,Android,chrome 63.0,960x540,mobile
LG-H811 Build/MRA58K|Android 6.0|chrome 60.0 for android|2560x1440,LG-H811 Build/MRA58K,Android 6.0,chrome 60.0 for android,2560x1440,mobile
Moto X Play Build/NPD26.48-24-1||chrome 58.0 for android|,Moto X Play Build/NPD26.48-24-1,,chrome 58.0 for android,,mobile
HUAWEI Y520-U03 Build/HUAWEIY520-U03||chrome 63.0 for android|,HUAWEI Y520-U03 Build/HUAWEIY520-U03,,chrome 63.0 for android,,mobile
SM-T330NU Build/LMY47X||chrome 63.0 for android|,SM-T330NU Build/LMY47X,,chrome 63.0 for android,,mobile
SAMSUNG SM-J710MN Build/NRD90M|Android 7.0|samsung browser 6.2|,SAMSUNG SM-J710MN Build/NRD90M,Android 7.0,samsung browser 6.2,,mobile
||safari generic|1136x640,,,safari generic,1136x640,desktop
GT-P3100||chrome generic for android|,GT-P3100,,chrome generic for android,,mobile
BG2-W09||chrome 63.0 for android|,BG2-W09,,chrome 63.0 for android,,mobile
SM-J700H Build/MMB29K||chrome 63.0 for android|,SM-J700H Build/MMB29K,,chrome 63.0 for android,,mobile
Lenovo PB2-650Y Build/MRA58K||chrome 62.0 for android|,Lenovo PB2-650Y Build/MRA58K,,chrome 62.0 for android,,mobile
F3113 Build/33.2.A.4.70||chrome 63.0 for android|,F3113 Build/33.2.A.4.70,,chrome 63.0 for android,,mobile
GT-I9060L Build/JDQ39||chrome 59.0 for android|,GT-I9060L Build/JDQ39,,chrome 59.0 for android,,mobile
Moto G (4) Build/NPJ25.93-14.5||android webview 4.0|,Moto G (4) Build/NPJ25.93-14.5,,android webview 4.0,,mobile
SM-A520F Build/MMB29K||chrome 56.0 for android|,SM-A520F Build/MMB29K,,chrome 56.0 for android,,mobile
SM-A500W||chrome 63.0 for android|,SM-A500W,,chrome 63.0 for android,,mobile
SM-J500M Build/LMY48B||chrome 56.0 for android|,SM-J500M Build/LMY48B,,chrome 56.0 for android,,mobile
SAMSUNG SM-N910A Build/MMB29M||samsung browser 6.2|,SAMSUNG SM-N910A Build/MMB29M,,samsung browser 6.2,,mobile
BBB100-2|Android 7.1.1|chrome 63.0 for android|,BBB100-2,Android 7.1.1,chrome 63.0 for android,,mobile
SM-G935W8|Android 7.0|chrome 63.0 for android|2562x1442,SM-G935W8,Android 7.0,chrome 63.0 for android,2562x1442,mobile
Pixel||chrome 63.0 for android|,Pixel,,chrome 63.0 for android,,mobile
SAMSUNG SM-G800F Build/MMB29K||samsung browser 6.2|,SAMSUNG SM-G800F Build/MMB29K,,samsung browser 6.2,,mobile
Nexus 6 Build/N6F27M|Android 7.1.1|chrome 63.0 for android|2562x1442,Nexus 6 Build/N6F27M,Android 7.1.1,chrome 63.0 for android,2562x1442,mobile
LG-X240 Build/MRA58K||chrome 55.0 for android|,LG-X240 Build/MRA58K,,chrome 55.0 for android,,mobile
Windows|Windows 8.1|chrome|1600x900,Windows,Windows 8.1,chrome,1600x900,desktop
LG-H500 Build/LRX21Y||chrome 43.0 for android|,LG-H500 Build/LRX21Y,,chrome 43.0 for android,,mobile
F3113 Build/33.3.A.1.97||chrome 61.0 for android|,F3113 Build/33.3.A.1.97,,chrome 61.0 for android,,mobile
MacOS|Mac OS X 10_12_5|chrome 62.0|1366x768,MacOS,Mac OS X 10_12_5,chrome 62.0,1366x768,desktop
Windows|Windows 10|firefox generic|1600x900,Windows,Windows 10,firefox generic,1600x900,desktop
Windows|Windows 10|firefox 57.0|3200x1800,Windows,Windows 10,firefox 57.0,3200x1800,desktop
Redmi 4A Build/MMB29M||android webview 4.0|,Redmi 4A Build/MMB29M,,android webview 4.0,,mobile
HUAWEI TAG-L13 Build/HUAWEITAG-L13||chrome 60.0 for android|,HUAWEI TAG-L13 Build/HUAWEITAG-L13,,chrome 60.0 for android,,mobile
Android 6.0||android webview 4.0|,Android 6.0,,android webview 4.0,,mobile
SM-T560NU Build/MMB29M|Android 6.0.1|chrome 59.0 for android|1280x800,SM-T560NU Build/MMB29M,Android 6.0.1,chrome 59.0 for android,1280x800,mobile
HUAWEI TAG-L13 Build/HUAWEITAG-L13||chrome 59.0 for android|,HUAWEI TAG-L13 Build/HUAWEITAG-L13,,chrome 59.0 for android,,mobile
MacOS|Mac OS X 10_12_6|chrome 63.0|1800x1125,MacOS,Mac OS X 10_12_6,chrome 63.0,1800x1125,desktop
5054S Build/LMY47V||chrome 61.0 for android|,5054S Build/LMY47V,,chrome 61.0 for android,,mobile
Neffos C5 Build/LMY47D||chrome 63.0 for android|,Neffos C5 Build/LMY47D,,chrome 63.0 for android,,mobile
SM-J727T1 Build/NRD90M|Android 7.0|chrome 62.0 for android|1280x720,SM-J727T1 Build/NRD90M,Android 7.0,chrome 62.0 for android,1280x720,mobile
SM-J200M Build/LMY47X||chrome 56.0 for android|,SM-J200M Build/LMY47X,,chrome 56.0 for android,,mobile
LAVA_A3||chrome 63.0 for android|,LAVA_A3,,chrome 63.0 for android,,mobile
F3213 Build/36.0.A.2.146||chrome 63.0 for android|,F3213 Build/36.0.A.2.146,,chrome 63.0 for android,,mobile
GT-S7390||chrome 59.0 for android|,GT-S7390,,chrome 59.0 for android,,mobile
SM-A300H Build/LRX22G||chrome 61.0 for android|,SM-A300H Build/LRX22G,,chrome 61.0 for android,,mobile
P5006A||chrome 62.0 for android|,P5006A,,chrome 62.0 for android,,mobile
SM-J727T1 Build/NRD90M|Android 7.0|chrome 63.0 for android|1280x720,SM-J727T1 Build/NRD90M,Android 7.0,chrome 63.0 for android,1280x720,mobile
E6603||chrome 63.0 for android|,E6603,,chrome 63.0 for android,,mobile
KIW-L24||chrome 63.0 for android|,KIW-L24,,chrome 63.0 for android,,mobile
MacOS|Mac OS X 10_11_6|chrome 63.0|2560x1080,MacOS,Mac OS X 10_11_6,chrome 63.0,2560x1080,desktop
Lenovo TB3-710I Build/LMY47I||chrome 63.0 for android|,Lenovo TB3-710I Build/LMY47I,,chrome 63.0 for android,,mobile
rv:57.0|Mac OS X 10.12|firefox 57.0|5120x2880,rv:57.0,Mac OS X 10.12,firefox 57.0,5120x2880,desktop
iris 870 Build/MRA58K||android webview 4.0|,iris 870 Build/MRA58K,,android webview 4.0,,mobile
LG-M327 Build/NRD90U||chrome 63.0 for android|,LG-M327 Build/NRD90U,,chrome 63.0 for android,,mobile
MacOS|Mac OS X 10_12_6|chrome 60.0|1280x800,MacOS,Mac OS X 10_12_6,chrome 60.0,1280x800,desktop
XT1032 Build/KXB20.9-1.10-1.24-1.1||chrome 62.0 for android|,XT1032 Build/KXB20.9-1.10-1.24-1.1,,chrome 62.0 for android,,mobile
Lenovo K33b36 Build/NRD90N||chrome 63.0 for android|,Lenovo K33b36 Build/NRD90N,,chrome 63.0 for android,,mobile
SM-N950U1 Build/NMF26X|Android 7.1.1|chrome 63.0 for android|,SM-N950U1 Build/NMF26X,Android 7.1.1,chrome 63.0 for android,,mobile
LG-X220 Build/LMY47I||chrome 63.0 for android|,LG-X220 Build/LMY47I,,chrome 63.0 for android,,mobile
SM-A300H||chrome 55.0 for android|,SM-A300H,,chrome 55.0 for android,,mobile
Windows|Windows 7|chrome 59.0|2560x1600,Windows,Windows 7,chrome 59.0,2560x1600,desktop
Windows|Windows 10|chrome 58.0|1280x1024,Windows,Windows 10,chrome 58.0,1280x1024,desktop
|func|chrome 58.0|1280x1024,,func,chrome 58.0,1280x1024,desktop
0PAJ5|Android 6.0.1|chrome 63.0 for android|1920x1080,0PAJ5,Android 6.0.1,chrome 63.0 for android,1920x1080,mobile
ALCATEL ONE TOUCH 7047A Build/JDQ39||chrome 51.0 for android|,ALCATEL ONE TOUCH 7047A Build/JDQ39,,chrome 51.0 for android,,mobile
E2306 Build/26.3.A.1.33||chrome 63.0 for android|,E2306 Build/26.3.A.1.33,,chrome 63.0 for android,,mobile
RCT6513W87 Build/MRA58K|Android 6.0|chrome 63.0 for android|1024x600,RCT6513W87 Build/MRA58K,Android 6.0,chrome 63.0 for android,1024x600,mobile
SM-G920I||chrome 50.0 for android|,SM-G920I,,chrome 50.0 for android,,mobile
ASUS_Z01KD|Android 7.1.1|chrome 63.0 for android|1920x1080,ASUS_Z01KD,Android 7.1.1,chrome 63.0 for android,1920x1080,mobile
LG-H840 Build/MMB29M||chrome 63.0 for android|,LG-H840 Build/MMB29M,,chrome 63.0 for android,,mobile
XT1710-02 Build/NDSS26.118-23-15|Android 7.1.1|chrome 58.0 for android|1920x1080,XT1710-02 Build/NDSS26.118-23-15,Android 7.1.1,chrome 58.0 for android,1920x1080,mobile
SM-N900P Build/LRX21V|Android 5.0|chrome 63.0 for android|1920x1080,SM-N900P Build/LRX21V,Android 5.0,chrome 63.0 for android,1920x1080,mobile
LG-H542 Build/MRA58K||chrome 50.0 for android|,LG-H542 Build/MRA58K,,chrome 50.0 for android,,mobile
SM-J120H Build/LMY47V||chrome 55.0 for android|,SM-J120H Build/LMY47V,,chrome 55.0 for android,,mobile
5054S Build/LMY47V||chrome 56.0 for android|,5054S Build/LMY47V,,chrome 56.0 for android,,mobile
7048A Build/LRX22G||chrome 46.0 for android|,7048A Build/LRX22G,,chrome 46.0 for android,,mobile
HTC||chrome 61.0 for android|,HTC,,chrome 61.0 for android,,mobile
LGL57BL|Android 6.0.1|chrome 63.0 for android|855x480,LGL57BL,Android 6.0.1,chrome 63.0 for android,855x480,mobile
XT1563 Build/MPD24.107-52||chrome 59.0 for android|,XT1563 Build/MPD24.107-52,,chrome 59.0 for android,,mobile
RCT6S03W12|Android 7.0|chrome 63.0 for android|1280x800,RCT6S03W12,Android 7.0,chrome 63.0 for android,1280x800,mobile
Moto C Build/NRD90M.054||chrome 62.0 for android|,Moto C Build/NRD90M.054,,chrome 62.0 for android,,mobile
STV100-1||chrome 63.0 for android|,STV100-1,,chrome 63.0 for android,,mobile
SM-T800||chrome 59.0 for android|,SM-T800,,chrome 59.0 for android,,mobile
E2006||chrome 62.0 for android|,E2006,,chrome 62.0 for android,,mobile
SM-A310F Build/NRD90M||chrome 62.0 for android|,SM-A310F Build/NRD90M,,chrome 62.0 for android,,mobile
SM-J727VPP Build/NRD90M|Android 7.0|chrome 63.0 for android|1280x720,SM-J727VPP Build/NRD90M,Android 7.0,chrome 63.0 for android,1280x720,mobile
HUAWEI VNS-L23 Build/HUAWEIVNS-L23||chrome 56.0 for android|,HUAWEI VNS-L23 Build/HUAWEIVNS-L23,,chrome 56.0 for android,,mobile
Infinit||chrome 63.0 for android|,Infinit,,chrome 63.0 for android,,mobile
GT-S7390||chrome 58.0 for android|,GT-S7390,,chrome 58.0 for android,,mobile
GT-I9060L Build/JDQ39||chrome 63.0 for android|,GT-I9060L Build/JDQ39,,chrome 63.0 for android,,mobile
XT1064 Build/MPB24.65-34-3||chrome 63.0 for android|,XT1064 Build/MPB24.65-34-3,,chrome 63.0 for android,,mobile
GT-I9060M Build/KTU84P||chrome 63.0 for android|,GT-I9060M Build/KTU84P,,chrome 63.0 for android,,mobile
SAMSUNG SM-G531H Build/LMY48B||chrome generic|,SAMSUNG SM-G531H Build/LMY48B,,chrome generic,,mobile
VK700 Build/LRX22G|Android 5.0.2|chrome 53.0 for android|1280x800,VK700 Build/LRX22G,Android 5.0.2,chrome 53.0 for android,1280x800,mobile
MacOS|Mac OS X 10_12_5|chrome 58.0|1366x768,MacOS,Mac OS X 10_12_5,chrome 58.0,1366x768,desktop
A1601 Build/LMY47I||chrome 60.0 for android|,A1601 Build/LMY47I,,chrome 60.0 for android,,mobile
F3213 Build/36.0.A.2.146||chrome 62.0 for android|,F3213 Build/36.0.A.2.146,,chrome 62.0 for android,,mobile
SM-A520W Build/NRD90M||chrome 63.0 for android|,SM-A520W Build/NRD90M,,chrome 63.0 for android,,mobile
SM-T377P Build/NMF26X||chrome 63.0 for android|,SM-T377P Build/NMF26X,,chrome 63.0 for android,,mobile
Ilium||chrome 63.0 for android|,Ilium,,chrome 63.0 for android,,mobile
LG-H932|Android 7.1.2|chrome 60.0 for android|1440x720,LG-H932,Android 7.1.2,chrome 60.0 for android,1440x720,mobile
TA-1044 Build/NMF26F||chrome 63.0 for android|,TA-1044 Build/NMF26F,,chrome 63.0 for android,,mobile
Moto G (4) Build/NPJS25.93-14-13||chrome generic|,Moto G (4) Build/NPJS25.93-14-13,,chrome generic,,mobile
SM-J327T1 Build/NRD90M|Android 7.0|chrome 62.0 for android|1280x720,SM-J327T1 Build/NRD90M,Android 7.0,chrome 62.0 for android,1280x720,mobile
SAMSUNG SM-J700M Build/MMB29K||samsung browser 5.4|,SAMSUNG SM-J700M Build/MMB29K,,samsung browser 5.4,,mobile
Windows|Windows 7|firefox 56.0|1600x900,Windows,Windows 7,firefox 56.0,1600x900,desktop
MacOS|Mac OS X 10_11_6|safari generic|1280x768,MacOS,Mac OS X 10_11_6,safari generic,1280x768,desktop
Ilium X520 Build/NRD90M||chrome 62.0 for android|,Ilium X520 Build/NRD90M,,chrome 62.0 for android,,mobile
F5121||chrome 63.0 for android|,F5121,,chrome 63.0 for android,,mobile
SM-G355M Build/KOT49H||chrome 63.0 for android|,SM-G355M Build/KOT49H,,chrome 63.0 for android,,mobile
GT-P5110||chrome generic for android|,GT-P5110,,chrome generic for android,,mobile
SM-J320V Build/NMF26X|Android 7.1.1|other|1280x720,SM-J320V Build/NMF26X,Android 7.1.1,other,1280x720,mobile
Lenovo PB2-650Y Build/MRA58K||chrome 63.0 for android|,Lenovo PB2-650Y Build/MRA58K,,chrome 63.0 for android,,mobile
SM-J710GN|Android 7.0|chrome 63.0 for android|1280x720,SM-J710GN,Android 7.0,chrome 63.0 for android,1280x720,mobile
SAMSUNG SM-G891A Build/NRD90M||samsung browser 6.2|,SAMSUNG SM-G891A Build/NRD90M,,samsung browser 6.2,,mobile
SM-J700M Build/MMB29K||android webview 4.0|,SM-J700M Build/MMB29K,,android webview 4.0,,mobile
SM-J327T Build/NRD90M||chrome 61.0 for android|,SM-J327T Build/NRD90M,,chrome 61.0 for android,,mobile
SM-J700T Build/NMF26X|Android 7.1.1|chrome 60.0 for android|1280x720,SM-J700T Build/NMF26X,Android 7.1.1,chrome 60.0 for android,1280x720,mobile
SAMSUNG SM-J120H Build/LMY47V||chrome generic|,SAMSUNG SM-J120H Build/LMY47V,,chrome generic,,mobile
Windows|Windows 10|firefox 57.0|1824x1026,Windows,Windows 10,firefox 57.0,1824x1026,desktop
E2104||chrome 63.0 for android|,E2104,,chrome 63.0 for android,,mobile
LG-X210 Build/LMY47I||chrome 46.0 for android|,LG-X210 Build/LMY47I,,chrome 46.0 for android,,mobile
Hisense L675 PRO Build/NRD90M||chrome 56.0 for android|,Hisense L675 PRO Build/NRD90M,,chrome 56.0 for android,,mobile
XT1023||chrome 51.0 for android|,XT1023,,chrome 51.0 for android,,mobile
LG-H870 Build/NRD90U||chrome 58.0 for android|,LG-H870 Build/NRD90U,,chrome 58.0 for android,,mobile
XT1008||chrome 63.0 for android|,XT1008,,chrome 63.0 for android,,mobile
rv:43.0|Windows 10|firefox|1920x1080,rv:43.0,Windows 10,firefox,1920x1080,desktop
Max||android webview 4.0|,Max,,android webview 4.0,,mobile
Blade A510 Build/MRA58K||chrome 63.0 for android|,Blade A510 Build/MRA58K,,chrome 63.0 for android,,mobile
LG-H525n Build/MRA58K||chrome 61.0 for android|,LG-H525n Build/MRA58K,,chrome 61.0 for android,,mobile
LG-H960||chrome 63.0 for android|,LG-H960,,chrome 63.0 for android,,mobile
SAMSUNG SM-A320Y Build/NRD90M||samsung browser 6.2|,SAMSUNG SM-A320Y Build/NRD90M,,samsung browser 6.2,,mobile
SM-P580 Build/NRD90M||chrome 63.0 for android|,SM-P580 Build/NRD90M,,chrome 63.0 for android,,mobile
SM-T110 Build/JDQ39|Android|chrome generic|1024x600,SM-T110 Build/JDQ39,Android,chrome generic,1024x600,mobile
Moto C Build/NRD90M.054||chrome 63.0 for android|,Moto C Build/NRD90M.054,,chrome 63.0 for android,,mobile
SM-T320 Build/KOT49H||chrome 55.0 for android|,SM-T320 Build/KOT49H,,chrome 55.0 for android,,mobile
SM-T800 Build/MMB29K||chrome 63.0 for android|,SM-T800 Build/MMB29K,,chrome 63.0 for android,,mobile
MotoG3 Build/MPIS24.107-55-2-17||chrome 62.0 for android|,MotoG3 Build/MPIS24.107-55-2-17,,chrome 62.0 for android,,mobile
SAMSUNG SM-G935T Build/NRD90M||samsung browser 6.2|,SAMSUNG SM-G935T Build/NRD90M,,samsung browser 6.2,,mobile
MacOS|Mac OS X 10_11_5|chrome 61.0|2880x1800,MacOS,Mac OS X 10_11_5,chrome 61.0,2880x1800,desktop
|Linux||,,Linux,,,desktop
rv:11.0|Windows 7|ie 11.0 for desktop|1280x768,rv:11.0,Windows 7,ie 11.0 for desktop,1280x768,desktop
Windows|Windows 10|ie 11.0 for tablet|1440x900,Windows,Windows 10,ie 11.0 for tablet,1440x900,desktop
MacOS|Mac OS X 10_12_4|safari generic|2560x1440,MacOS,Mac OS X 10_12_4,safari generic,2560x1440,desktop
Blade V6 Max Build/MRA58K||chrome 60.0 for android|,Blade V6 Max Build/MRA58K,,chrome 60.0 for android,,mobile
GT-I9060M Build/KTU84P||chrome 61.0 for android|,GT-I9060M Build/KTU84P,,chrome 61.0 for android,,mobile
LG-V521||chrome 63.0 for android|,LG-V521,,chrome 63.0 for android,,mobile
Windows|Windows 8|chrome 63.0|1280x768,Windows,Windows 8,chrome 63.0,1280x768,desktop
SM-J120H Build/LMY47V||chrome 60.0 for android|,SM-J120H Build/LMY47V,,chrome 60.0 for android,,mobile
Moto C Build/NRD90M.054||chrome 56.0 for android|,Moto C Build/NRD90M.054,,chrome 56.0 for android,,mobile
LG-X180g Build/LMY47I||chrome 52.0 for android|,LG-X180g Build/LMY47I,,chrome 52.0 for android,,mobile
MacOS|Mac OS X 10_12_2|safari generic|1920x1080,MacOS,Mac OS X 10_12_2,safari generic,1920x1080,desktop
SM-G530H Build/KTU84P||chrome 63.0 for android|,SM-G530H Build/KTU84P,,chrome 63.0 for android,,mobile
SM-T550 Build/NMF26X|Android 7.1.1|chrome 61.0 for android|1024x768,SM-T550 Build/NMF26X,Android 7.1.1,chrome 61.0 for android,1024x768,mobile
Mi A1 Build/OPR1.170623.026||opera|,Mi A1 Build/OPR1.170623.026,,opera,,mobile
rv:29.0||firefox|,rv:29.0,,firefox,,desktop
SAMSUNG SM-G935A Build/NRD90M|Android 7.0|samsung browser 6.2|,SAMSUNG SM-G935A Build/NRD90M,Android 7.0,samsung browser 6.2,,mobile
verykools5004||chrome|,verykools5004,,chrome,,mobile
LG-V495|Android 5.0.2|chrome 60.0 for android|,LG-V495,Android 5.0.2,chrome 60.0 for android,,mobile
SAMSUNG-SM-G900A Build/LRX21T||chrome 63.0 for android|,SAMSUNG-SM-G900A Build/LRX21T,,chrome 63.0 for android,,mobile
VS986 Build/MRA58K|Android 6.0|chrome 55.0 for android|2560x1440,VS986 Build/MRA58K,Android 6.0,chrome 55.0 for android,2560x1440,mobile
Nexus|Android 7.1.1|chrome 63.0 for android|2048x1536,Nexus,Android 7.1.1,chrome 63.0 for android,2048x1536,mobile
G620S-L03||chrome 63.0 for android|,G620S-L03,,chrome 63.0 for android,,mobile
Windows|Windows 8.1|chrome 63.0|1536x864,Windows,Windows 8.1,chrome 63.0,1536x864,desktop
SM-G950U Build/NRD90M|Android 7.0|chrome 63.0 for android|2961x1440,SM-G950U Build/NRD90M,Android 7.0,chrome 63.0 for android,2961x1440,mobile
Hisense U963 Build/MRA58K||chrome 54.0 for android|,Hisense U963 Build/MRA58K,,chrome 54.0 for android,,mobile
SAMSUNG SM-G935F Build/NRD90M|Android 7.0|samsung browser 6.2|1920x1080,SAMSUNG SM-G935F Build/NRD90M,Android 7.0,samsung browser 6.2,1920x1080,mobile
SM-G928G Build/MMB29K||chrome 63.0 for android|,SM-G928G Build/MMB29K,,chrome 63.0 for android,,mobile
Windows||chrome 57.0|,Windows,,chrome 57.0,,desktop
LG-X165g Build/LRX21M||chrome 63.0 for android|,LG-X165g Build/LRX21M,,chrome 63.0 for android,,mobile
SM-G950U Build/NRD90M|Android 7.0|chrome 63.0 for android|1480x720,SM-G950U Build/NRD90M,Android 7.0,chrome 63.0 for android,1480x720,mobile
Mi A1 Build/N2G47H||chrome 63.0 for android|,Mi A1 Build/N2G47H,,chrome 63.0 for android,,mobile
MacOS|Mac OS X 10_7_5|chrome 49.0|1280x768,MacOS,Mac OS X 10_7_5,chrome 49.0,1280x768,desktop
rv:48.0|Mac OS X 10.13|firefox 48.0|1440x900,rv:48.0,Mac OS X 10.13,firefox 48.0,1440x900,desktop
A3_mini||chrome 63.0 for android|,A3_mini,,chrome 63.0 for android,,mobile
KFSUWI Build/LVY48F|Android 5.1.1|chrome 63.0 for android|1920x1200,KFSUWI Build/LVY48F,Android 5.1.1,chrome 63.0 for android,1920x1200,mobile
LG-D331 Build/LRX22G||chrome|,LG-D331 Build/LRX22G,,chrome,,mobile
LG-D331 Build/LRX22G||chrome generic|,LG-D331 Build/LRX22G,,chrome generic,,mobile
Windows|Windows 8.1|chrome|1280x1024,Windows,Windows 8.1,chrome,1280x1024,desktop
|Android|chrome 63.0|801x480,,Android,chrome 63.0,801x480,mobile
EVA-L19 Build/HUAWEIEVA-L19||chrome 63.0 for android|,EVA-L19 Build/HUAWEIEVA-L19,,chrome 63.0 for android,,mobile
SAMSUNG SM-G925P Build/MMB29K||samsung browser 6.2|,SAMSUNG SM-G925P Build/MMB29K,,samsung browser 6.2,,mobile
SAMSUNG SM-T587P Build/NRD90M|Android 7.0|other|1920x1200,SAMSUNG SM-T587P Build/NRD90M,Android 7.0,other,1920x1200,mobile
LG-H340AR||chrome 63.0 for android|,LG-H340AR,,chrome 63.0 for android,,mobile
BLADE A520 Build/NRD90M||chrome 61.0 for android|,BLADE A520 Build/NRD90M,,chrome 61.0 for android,,mobile
8050G Build/LMY47I||chrome 63.0 for android|,8050G Build/LMY47I,,chrome 63.0 for android,,mobile
SAMSUNG SM-J500M Build/MMB29M||samsung browser 4.0|,SAMSUNG SM-J500M Build/MMB29M,,samsung browser 4.0,,mobile
7055A Build/KVT49L||chrome 63.0 for android|,7055A Build/KVT49L,,chrome 63.0 for android,,mobile
es-us||android browser 4.0|,es-us,,android browser 4.0,,mobile
LG-H542 Build/LRX22G||other|,LG-H542 Build/LRX22G,,other,,mobile
moto||chrome 58.0 for android|,moto,,chrome 58.0 for android,,mobile
Moto G (5) Build/NPP25.137-15||chrome generic|,Moto G (5) Build/NPP25.137-15,,chrome generic,,mobile
SM-G360T1 Build/LMY47X||chrome 61.0 for android|,SM-G360T1 Build/LMY47X,,chrome 61.0 for android,,mobile
SM-G930T Build/NRD90M||other|,SM-G930T Build/NRD90M,,other,,mobile
Trident/7.0|Windows 10|ie 11.0 for tablet|1440x900,Trident/7.0,Windows 10,ie 11.0 for tablet,1440x900,desktop
HTC U11 Build/NMF26X||chrome 63.0 for android|,HTC U11 Build/NMF26X,,chrome 63.0 for android,,mobile
Blade V6 Plus Build/MRA58K||chrome 58.0 for android|,Blade V6 Plus Build/MRA58K,,chrome 58.0 for android,,mobile
LGMP260 Build/NRD90U|Android 7.0|chrome 58.0 for android|1280x720,LGMP260 Build/NRD90U,Android 7.0,chrome 58.0 for android,1280x720,mobile
SM-G900T1||chrome 63.0 for android|,SM-G900T1,,chrome 63.0 for android,,mobile
Neffos X1 Max Build/NRD90M||chrome 63.0 for android|,Neffos X1 Max Build/NRD90M,,chrome 63.0 for android,,mobile
SAMSUNG|Android 7.1.1|samsung browser 6.2|1280x720,SAMSUNG,Android 7.1.1,samsung browser 6.2,1280x720,mobile
SM-G530H Build/LRX22G||chrome 58.0 for android|,SM-G530H Build/LRX22G,,chrome 58.0 for android,,mobile
TA-1027 Build/N2G47H||chrome 63.0 for android|,TA-1027 Build/N2G47H,,chrome 63.0 for android,,mobile
gxq6580_weg_l Build/LMY47I||chrome 63.0 for android|,gxq6580_weg_l Build/LMY47I,,chrome 63.0 for android,,mobile
SM-G930T|Android 6.0.1|chrome 63.0 for android|2560x1440,SM-G930T,Android 6.0.1,chrome 63.0 for android,2560x1440,mobile
SAMSUNG SM-J701M Build/NRD90M|Android 7.0|samsung browser 6.2|1280x720,SAMSUNG SM-J701M Build/NRD90M,Android 7.0,samsung browser 6.2,1280x720,mobile
Alcatel_5044R Build/NRD90M|Android 7.0|android webview 4.0|855x480,Alcatel_5044R Build/NRD90M,Android 7.0,android webview 4.0,855x480,mobile
SM-J200M Build/LMY47X||chrome 63.0 for android|,SM-J200M Build/LMY47X,,chrome 63.0 for android,,mobile
SM-P550 Build/MMB29M||chrome 63.0 for android|,SM-P550 Build/MMB29M,,chrome 63.0 for android,,mobile
Linux i686||firefox 57.0|,Linux i686,,firefox 57.0,,desktop
ZTE BLADE A512 Build/MMB29M||chrome 63.0 for android|,ZTE BLADE A512 Build/MMB29M,,chrome 63.0 for android,,mobile
A96 Build/LMY47I||chrome 61.0 for android|,A96 Build/LMY47I,,chrome 61.0 for android,,mobile
MacOS|Mac OS X 10_9_5|safari generic|1360x768,MacOS,Mac OS X 10_9_5,safari generic,1360x768,desktop
Windows|Windows 10|firefox 57.0|3201x1800,Windows,Windows 10,firefox 57.0,3201x1800,desktop
MacOS|Mac OS X 10_12_4|chrome 62.0|1366x768,MacOS,Mac OS X 10_12_4,chrome 62.0,1366x768,desktop
Alcatel_5098O Build/MMB29M||chrome 63.0 for android|,Alcatel_5098O Build/MMB29M,,chrome 63.0 for android,,mobile
MacOS|Mac OS X 10_12_5|safari generic|1344x756,MacOS,Mac OS X 10_12_5,safari generic,1344x756,desktop
Lenovo K33b36 Build/MMB29M||chrome 51.0 for android|,Lenovo K33b36 Build/MMB29M,,chrome 51.0 for android,,mobile
BLADE A520 Build/NRD90M||chrome 62.0 for android|,BLADE A520 Build/NRD90M,,chrome 62.0 for android,,mobile
MacOS|Mac OS X 10_11_3|chrome 63.0|2560x1600,MacOS,Mac OS X 10_11_3,chrome 63.0,2560x1600,desktop
Lenovo YT3-X50F Build/MMB29M||chrome 54.0 for android|,Lenovo YT3-X50F Build/MMB29M,,chrome 54.0 for android,,mobile
Blade L2 Plus Build/KOT49H||chrome 63.0 for android|,Blade L2 Plus Build/KOT49H,,chrome 63.0 for android,,mobile
CHC-U03 Build/HuaweiCHC-U03||chrome 61.0 for android|,CHC-U03 Build/HuaweiCHC-U03,,chrome 61.0 for android,,mobile
||android webview 4.0|,,,android webview 4.0,,mobile
SM-G928P Build/NRD90M|Android 7.0|chrome 63.0 for android|,SM-G928P Build/NRD90M,Android 7.0,chrome 63.0 for android,,mobile
LG-H735 Build/LMY47V||chrome 63.0 for android|,LG-H735 Build/LMY47V,,chrome 63.0 for android,,mobile
HTC_D10i|||,HTC_D10i,,,,mobile
E5803||chrome 62.0 for android|,E5803,,chrome 62.0 for android,,mobile
LG-H850||chrome 63.0 for android|,LG-H850,,chrome 63.0 for android,,mobile
SM-G920R4|Android 7.0|chrome 63.0 for android|2562x1442,SM-G920R4,Android 7.0,chrome 63.0 for android,2562x1442,mobile
SM-T800||chrome 63.0 for android|,SM-T800,,chrome 63.0 for android,,mobile
SM-J710MN Build/NRD90M||chrome 63.0 for android|,SM-J710MN Build/NRD90M,,chrome 63.0 for android,,mobile
LG-D320 Build/KOT49I.V10a||chrome 62.0 for android|,LG-D320 Build/KOT49I.V10a,,chrome 62.0 for android,,mobile
NEM-L51 Build/HONORNEM-L51||chrome 63.0 for android|,NEM-L51 Build/HONORNEM-L51,,chrome 63.0 for android,,mobile
SM-G318ML||chrome 60.0 for android|,SM-G318ML,,chrome 60.0 for android,,mobile
SAMSUNG SM-J730GM Build/NRD90M||samsung browser 5.2|,SAMSUNG SM-J730GM Build/NRD90M,,samsung browser 5.2,,mobile
A9||android webview 4.0|,A9,,android webview 4.0,,mobile
M4 SS4458 Build/MMB29M||chrome 63.0 for android|,M4 SS4458 Build/MMB29M,,chrome 63.0 for android,,mobile
iPhone||chrome 63.0 for android|,iPhone,,chrome 63.0 for android,,mobile
Hisense L675 Build/MRA58K||chrome 63.0 for android|,Hisense L675 Build/MRA58K,,chrome 63.0 for android,,mobile
SAMSUNG SM-J500M Build/MMB29M||samsung browser 6.2|,SAMSUNG SM-J500M Build/MMB29M,,samsung browser 6.2,,mobile
F1f Build/LMY47V||chrome 63.0 for android|,F1f Build/LMY47V,,chrome 63.0 for android,,mobile
5051A Build/MMB29M||chrome 62.0 for android|,5051A Build/MMB29M,,chrome 62.0 for android,,mobile
Windows|Windows 10|edge|1024x768,Windows,Windows 10,edge,1024x768,desktop
SM-G930F Build/NRD90M|Android 7.0|chrome 63.0 for android|,SM-G930F Build/NRD90M,Android 7.0,chrome 63.0 for android,,mobile
Moto G Play Build/NJH47F||chrome 63.0 for android|,Moto G Play Build/NJH47F,,chrome 63.0 for android,,mobile
es-us||ZTE/Blade|,es-us,,ZTE/Blade,,mobile
LG-D331 Build/LRX22G||chrome 63.0 for android|,LG-D331 Build/LRX22G,,chrome 63.0 for android,,mobile
SM-G530H Build/LRX22G||chrome 46.0 for android|,SM-G530H Build/LRX22G,,chrome 46.0 for android,,mobile
SM-N910C Build/MMB29K||chrome 55.0 for android|,SM-N910C Build/MMB29K,,chrome 55.0 for android,,mobile
WAS-LX1A Build/HUAWEIWAS-LX1A||chrome 63.0 for android|,WAS-LX1A Build/HUAWEIWAS-LX1A,,chrome 63.0 for android,,mobile
VTR-L29||chrome 63.0 for android|,VTR-L29,,chrome 63.0 for android,,mobile
D2306 Build/18.6.A.0.182||chrome 62.0 for android|,D2306 Build/18.6.A.0.182,,chrome 62.0 for android,,mobile
iOS Device|iOS 11.0.0|chrome 63.0 for ios|2048x1536,iOS Device,iOS 11.0.0,chrome 63.0 for ios,2048x1536,mobile
Blade A465 Build/LMY47D||chrome 61.0 for android|,Blade A465 Build/LMY47D,,chrome 61.0 for android,,mobile
SM-G550T1 Build/MMB29K|Android 6.0.1|chrome 63.0 for android|1280x720,SM-G550T1 Build/MMB29K,Android 6.0.1,chrome 63.0 for android,1280x720,mobile
SAMSUNG SM-N950U Build/NMF26X||samsung browser 6.2|,SAMSUNG SM-N950U Build/NMF26X,,samsung browser 6.2,,mobile
iris 820 Build/MRA58K||android webview 4.0|,iris 820 Build/MRA58K,,android webview 4.0,,mobile
Ilium X520 Build/NRD90M||chrome 60.0 for android|,Ilium X520 Build/NRD90M,,chrome 60.0 for android,,mobile
Wileyfox||chrome 63.0 for android|,Wileyfox,,chrome 63.0 for android,,mobile
SM-J120H Build/LMY47V||chrome 63.0 for android|,SM-J120H Build/LMY47V,,chrome 63.0 for android,,mobile
MacOS|Mac OS X 10_11_6|chrome generic|5120x2880,MacOS,Mac OS X 10_11_6,chrome generic,5120x2880,desktop
rv:57.0|Mac OS X 10.9|firefox 57.0|2560x1600,rv:57.0,Mac OS X 10.9,firefox 57.0,2560x1600,desktop
Blade L3 Build/KOT49H||chrome 61.0 for android|,Blade L3 Build/KOT49H,,chrome 61.0 for android,,mobile
SLA-L02||chrome 63.0 for android|,SLA-L02,,chrome 63.0 for android,,mobile
||line|,,,line,,mobile
SM-A720F Build/MMB29K||chrome 63.0 for android|,SM-A720F Build/MMB29K,,chrome 63.0 for android,,mobile
DT0704K08||chrome 63.0 for android|,DT0704K08,,chrome 63.0 for android,,mobile
rv:52.0|Windows 7|firefox 52.0|,rv:52.0,Windows 7,firefox 52.0,,desktop
E5606||chrome 62.0 for android|,E5606,,chrome 62.0 for android,,mobile
rv:57.0|Android 6.0.1|firefox|2560x1440,rv:57.0,Android 6.0.1,firefox,2560x1440,mobile
U||chrome 63.0 for android|,U,,chrome 63.0 for android,,mobile
Windows|Windows 10|firefox 55.0|1920x1080,Windows,Windows 10,firefox 55.0,1920x1080,desktop
iOS Device|iOS 10.2.0|mobile safari 10.0|2732x2048,iOS Device,iOS 10.2.0,mobile safari 10.0,2732x2048,mobile
BLU||chrome 63.0 for android|,BLU,,chrome 63.0 for android,,mobile
SAMSUNG-SM-G900A Build/LRX21T|Android 5.0|chrome generic|1920x1080,SAMSUNG-SM-G900A Build/LRX21T,Android 5.0,chrome generic,1920x1080,mobile
Ilium L610 Build/MRA58K||chrome 63.0 for android|,Ilium L610 Build/MRA58K,,chrome 63.0 for android,,mobile
A466BG|Android 6.0|android webview 4.0|801x480,A466BG,Android 6.0,android webview 4.0,801x480,mobile
SM-G930R4 Build/NRD90M||chrome 62.0 for android|,SM-G930R4 Build/NRD90M,,chrome 62.0 for android,,mobile
XT1097|Android|chrome 63.0 for android|1920x1080,XT1097,Android,chrome 63.0 for android,1920x1080,mobile
SM-G900M Build/LRX21T||chrome 61.0 for android|,SM-G900M Build/LRX21T,,chrome 61.0 for android,,mobile
IdeaTab||chrome 63.0 for android|,IdeaTab,,chrome 63.0 for android,,mobile
LG-K200 Build/MXB48T||chrome 58.0 for android|,LG-K200 Build/MXB48T,,chrome 58.0 for android,,mobile
LG-K240 Build/MXB48T||chrome 63.0 for android|,LG-K240 Build/MXB48T,,chrome 63.0 for android,,mobile
MotoG3||chrome 63.0 for android|,MotoG3,,chrome 63.0 for android,,mobile
ALCATEL ONE TOUCH 5036A Build/JDQ39||chrome 58.0 for android|,ALCATEL ONE TOUCH 5036A Build/JDQ39,,chrome 58.0 for android,,mobile
HTC 10 Build/NRD90M||chrome 63.0 for android|,HTC 10 Build/NRD90M,,chrome 63.0 for android,,mobile
CRO-L03 Build/HUAWEICRO-L03||chrome 52.0 for android|,CRO-L03 Build/HUAWEICRO-L03,,chrome 52.0 for android,,mobile
XT1032 Build/KXB20.9-1.10-1.24-1.1||chrome 56.0 for android|,XT1032 Build/KXB20.9-1.10-1.24-1.1,,chrome 56.0 for android,,mobile
ONE TOUCH 4016A Build/JDQ39||chrome 63.0 for android|,ONE TOUCH 4016A Build/JDQ39,,chrome 63.0 for android,,mobile
E2306 Build/26.3.A.1.33||chrome 51.0 for android|,E2306 Build/26.3.A.1.33,,chrome 51.0 for android,,mobile
Fractal||chrome 63.0 for android|,Fractal,,chrome 63.0 for android,,mobile
LG-H500 Build/LRX21Y||chrome 55.0 for android|,LG-H500 Build/LRX21Y,,chrome 55.0 for android,,mobile
SM-T310 Build/KOT49H|Android 4.4.2|chrome 63.0 for android|,SM-T310 Build/KOT49H,Android 4.4.2,chrome 63.0 for android,,mobile
HUAWEI LUA-U23 Build/HUAWEILUA-U23||chrome 63.0 for android|,HUAWEI LUA-U23 Build/HUAWEILUA-U23,,chrome 63.0 for android,,mobile
SM-J100VPP Build/LMY48B||chrome 63.0 for android|,SM-J100VPP Build/LMY48B,,chrome 63.0 for android,,mobile
LG-D693n Build/LRX22G||chrome 62.0 for android|,LG-D693n Build/LRX22G,,chrome 62.0 for android,,mobile
SM-G531H Build/LMY48B||chrome 46.0 for android|,SM-G531H Build/LMY48B,,chrome 46.0 for android,,mobile
rv:51.0|Windows 8.1|firefox|1366x768,rv:51.0,Windows 8.1,firefox,1366x768,desktop
MotoG3 Build/MPI24.65-33.1-2||chrome 61.0 for android|,MotoG3 Build/MPI24.65-33.1-2,,chrome 61.0 for android,,mobile
LG-H320 Build/LRX21Y||chrome 63.0 for android|,LG-H320 Build/LRX21Y,,chrome 63.0 for android,,mobile
HUAWEI Y625-U13 Build/HUAWEIY625-U13||chrome 60.0 for android|,HUAWEI Y625-U13 Build/HUAWEIY625-U13,,chrome 60.0 for android,,mobile
SM-G550T1 Build/MMB29K|Android 6.0.1|android webview 4.0|1280x720,SM-G550T1 Build/MMB29K,Android 6.0.1,android webview 4.0,1280x720,mobile
HUAWEI G7-L03 Build/HuaweiG7-L03||chrome generic|,HUAWEI G7-L03 Build/HuaweiG7-L03,,chrome generic,,mobile
MacOS|Mac OS X 10_12_2|safari generic|3360x2100,MacOS,Mac OS X 10_12_2,safari generic,3360x2100,desktop
SM-G355M Build/KOT49H||chrome|,SM-G355M Build/KOT49H,,chrome,,mobile
LG-M700 Build/NMF26X||chrome 56.0 for android|,LG-M700 Build/NMF26X,,chrome 56.0 for android,,mobile
M4 SS4456 Build/LMY47V||chrome 46.0 for android|,M4 SS4456 Build/LMY47V,,chrome 46.0 for android,,mobile
Alcatel_5098O Build/MMB29M||chrome 62.0 for android|,Alcatel_5098O Build/MMB29M,,chrome 62.0 for android,,mobile
F3213||chrome 60.0 for android|,F3213,,chrome 60.0 for android,,mobile
SAMSUNG SM-G930A Build/NRD90M||samsung browser 6.2|,SAMSUNG SM-G930A Build/NRD90M,,samsung browser 6.2,,mobile
SM-G930F Build/NRD90M|Android 7.0|chrome 63.0 for android|1920x1080,SM-G930F Build/NRD90M,Android 7.0,chrome 63.0 for android,1920x1080,mobile
rv:42.0||firefox|,rv:42.0,,firefox,,desktop
moto x4 Build/NPW26.83-42||chrome 63.0 for android|,moto x4 Build/NPW26.83-42,,chrome 63.0 for android,,mobile
Hisense||chrome 63.0 for android|,Hisense,,chrome 63.0 for android,,mobile
LGMS323||chrome generic|,LGMS323,,chrome generic,,mobile
SM-G900P Build/MMB29M||chrome 63.0 for android|,SM-G900P Build/MMB29M,,chrome 63.0 for android,,mobile
rv:45.0|Mac OS X 10.10|firefox|1280x800,rv:45.0,Mac OS X 10.10,firefox,1280x800,desktop
VS995 Build/NRD90M||chrome 63.0 for android|,VS995 Build/NRD90M,,chrome 63.0 for android,,mobile
SM-G920T Build/NRD90M||chrome 63.0 for android|,SM-G920T Build/NRD90M,,chrome 63.0 for android,,mobile
SGP621 Build/23.5.A.1.291||chrome 63.0 for android|,SGP621 Build/23.5.A.1.291,,chrome 63.0 for android,,mobile
SGH-I337M Build/LRX22C||chrome 62.0 for android|,SGH-I337M Build/LRX22C,,chrome 62.0 for android,,mobile
rv:57.0|Windows 10|firefox|2736x1824,rv:57.0,Windows 10,firefox,2736x1824,desktop
MotoG3 Build/MPI24.65-25.1||chrome 63.0 for android|,MotoG3 Build/MPI24.65-25.1,,chrome 63.0 for android,,mobile
LG-D693n Build/LRX22G||chrome 56.0 for android|,LG-D693n Build/LRX22G,,chrome 56.0 for android,,mobile
HUAWEI||chrome 59.0 for android|,HUAWEI,,chrome 59.0 for android,,mobile
LG-H650 Build/LMY47V||chrome 63.0 for android|,LG-H650 Build/LMY47V,,chrome 63.0 for android,,mobile
SM-A300FU Build/MMB29M||chrome 63.0 for android|,SM-A300FU Build/MMB29M,,chrome 63.0 for android,,mobile
SM-G531H Build/LMY48B||chrome 58.0 for android|,SM-G531H Build/LMY48B,,chrome 58.0 for android,,mobile
TA-1025 Build/NMF26F||other|,TA-1025 Build/NMF26F,,other,,mobile
ONEPLUS A5000 Build/NMF26X||chrome 63.0 for android|,ONEPLUS A5000 Build/NMF26X,,chrome 63.0 for android,,mobile
LG-H343|Android 5.1.1|chrome 58.0 for android|855x480,LG-H343,Android 5.1.1,chrome 58.0 for android,855x480,mobile
HUAWEI VNS-L23 Build/HUAWEIVNS-L23||chrome 60.0 for android|,HUAWEI VNS-L23 Build/HUAWEIVNS-L23,,chrome 60.0 for android,,mobile
D5316 Build/19.4.A.0.182||chrome|,D5316 Build/19.4.A.0.182,,chrome,,mobile
|Linux|chrome 63.0|2562x1442,,Linux,chrome 63.0,2562x1442,desktop
Windows|Windows 10|firefox 56.0|1280x768,Windows,Windows 10,firefox 56.0,1280x768,desktop
MacOS|Mac OS X 10_11_3|safari generic|1680x1050,MacOS,Mac OS X 10_11_3,safari generic,1680x1050,desktop
SAMSUNG SM-A510F Build/NRD90M||samsung browser 6.2|,SAMSUNG SM-A510F Build/NRD90M,,samsung browser 6.2,,mobile
ALCATEL ONE TOUCH 7042A Build/JDQ39||chrome|,ALCATEL ONE TOUCH 7042A Build/JDQ39,,chrome,,mobile
SM-G530H Build/LRX22G||chrome|,SM-G530H Build/LRX22G,,chrome,,mobile
HUAWEI||chrome generic|,HUAWEI,,chrome generic,,mobile
SM-G355M Build/KOT49H||chrome 58.0 for android|,SM-G355M Build/KOT49H,,chrome 58.0 for android,,mobile
SM-A510M Build/MMB29K||chrome 58.0 for android|,SM-A510M Build/MMB29K,,chrome 58.0 for android,,mobile
Win64|Windows 10||,Win64,Windows 10,,,desktop
RCT6773W22B||chrome 63.0 for android|,RCT6773W22B,,chrome 63.0 for android,,mobile
iOS Device|iOS 11.2.2|mobile safari 11.0|1136x640,iOS Device,iOS 11.2.2,mobile safari 11.0,1136x640,mobile
4047G Build/NRD90M||chrome 62.0 for android|,4047G Build/NRD90M,,chrome 62.0 for android,,mobile
LG-H815 Build/MRA58K||other|,LG-H815 Build/MRA58K,,other,,mobile
F80 PIABELLA Build/MRA58K||chrome 63.0 for android|,F80 PIABELLA Build/MRA58K,,chrome 63.0 for android,,mobile
Windows|Windows 7|ie 11.0 for desktop|1280x720,Windows,Windows 7,ie 11.0 for desktop,1280x720,desktop
SAMSUNG SM-N920T Build/NRD90M|Android 7.0|samsung browser 5.4|,SAMSUNG SM-N920T Build/NRD90M,Android 7.0,samsung browser 5.4,,mobile
SM-G530H Build/LRX22G||chrome 61.0 for android|,SM-G530H Build/LRX22G,,chrome 61.0 for android,,mobile
LG-V520|Android 6.0.1|chrome 63.0 for android|1920x1200,LG-V520,Android 6.0.1,chrome 63.0 for android,1920x1200,mobile
SM-J730GM Build/NRD90M||chrome 58.0 for android|,SM-J730GM Build/NRD90M,,chrome 58.0 for android,,mobile
F8331 Build/41.2.A.7.76||chrome 63.0 for android|,F8331 Build/41.2.A.7.76,,chrome 63.0 for android,,mobile
SM-G955U Build/NRD90M||chrome 62.0 for android|,SM-G955U Build/NRD90M,,chrome 62.0 for android,,mobile
ILIUM||chrome 58.0 for android|,ILIUM,,chrome 58.0 for android,,mobile
SM-T230 Build/KOT49H||chrome 56.0 for android|,SM-T230 Build/KOT49H,,chrome 56.0 for android,,mobile
LG-X165g Build/LRX21M||chrome 53.0 for android|,LG-X165g Build/LRX21M,,chrome 53.0 for android,,mobile
SM-G930F Build/NRD90M||chrome 60.0 for android|,SM-G930F Build/NRD90M,,chrome 60.0 for android,,mobile
LG-M210 Build/NRD90U|Android 7.0|chrome 58.0 for android|1280x720,LG-M210 Build/NRD90U,Android 7.0,chrome 58.0 for android,1280x720,mobile
rv:53.0|Windows 7|firefox|1920x1080,rv:53.0,Windows 7,firefox,1920x1080,desktop
G3313||chrome 55.0 for android|,G3313,,chrome 55.0 for android,,mobile
SM-G355M Build/KOT49H||chrome 61.0 for android|,SM-G355M Build/KOT49H,,chrome 61.0 for android,,mobile
LG-D373 Build/KOT49I.V10a||chrome 62.0 for android|,LG-D373 Build/KOT49I.V10a,,chrome 62.0 for android,,mobile
Moto Z2 Play Build/NPSS26.118-19-14||chrome 63.0 for android|,Moto Z2 Play Build/NPSS26.118-19-14,,chrome 63.0 for android,,mobile
HTC Desire 510 Build/KOT49H||chrome 62.0 for android|,HTC Desire 510 Build/KOT49H,,chrome 62.0 for android,,mobile
D5316 Build/19.4.A.0.182||android browser 4.0|,D5316 Build/19.4.A.0.182,,android browser 4.0,,mobile
SAMSUNG SM-G610M Build/NRD90M||samsung browser 6.2|,SAMSUNG SM-G610M Build/NRD90M,,samsung browser 6.2,,mobile
4047A Build/NRD90M||chrome 56.0 for android|,4047A Build/NRD90M,,chrome 56.0 for android,,mobile
N9136|Android 6.0.1|chrome 63.0 for android|855x480,N9136,Android 6.0.1,chrome 63.0 for android,855x480,mobile
SM-G530H Build/KTU84P||chrome 49.0 for android|,SM-G530H Build/KTU84P,,chrome 49.0 for android,,mobile
P5026A||chrome 58.0 for android|,P5026A,,chrome 58.0 for android,,mobile
iOS Device|iOS 11.1.0|mobile safari generic|2048x1536,iOS Device,iOS 11.1.0,mobile safari generic,2048x1536,mobile
SM-G610F Build/NRD90M||chrome 63.0 for android|,SM-G610F Build/NRD90M,,chrome 63.0 for android,,mobile
F8331||chrome 63.0 for android|,F8331,,chrome 63.0 for android,,mobile
5015A Build/LMY47I||chrome 62.0 for android|,5015A Build/LMY47I,,chrome 62.0 for android,,mobile
XT1032||chrome 63.0 for android|,XT1032,,chrome 63.0 for android,,mobile
5056A Build/MMB29M||chrome 60.0 for android|,5056A Build/MMB29M,,chrome 60.0 for android,,mobile
|Linux|chrome 63.0|1536x864,,Linux,chrome 63.0,1536x864,desktop
HTC Desire 626s Build/LMY47O||chrome 62.0 for android|,HTC Desire 626s Build/LMY47O,,chrome 62.0 for android,,mobile
TA-1039 Build/N2G47H||chrome 63.0 for android|,TA-1039 Build/N2G47H,,chrome 63.0 for android,,mobile
Archos||chrome 63.0 for android|,Archos,,chrome 63.0 for android,,mobile
|Linux|chrome 63.0|2560x1700,,Linux,chrome 63.0,2560x1700,desktop
SM-P580 Build/NRD90M||chrome 62.0 for android|,SM-P580 Build/NRD90M,,chrome 62.0 for android,,mobile
SAMSUNG-SM-G930A Build/NRD90M|Android 7.0|chrome 63.0 for android|1280x720,SAMSUNG-SM-G930A Build/NRD90M,Android 7.0,chrome 63.0 for android,1280x720,mobile
MI||chrome 63.0 for android|,MI,,chrome 63.0 for android,,mobile
G3123 Build/40.0.A.6.135||chrome 63.0 for android|,G3123 Build/40.0.A.6.135,,chrome 63.0 for android,,mobile
Redmi 4A Build/N2G47H||chrome 63.0 for android|,Redmi 4A Build/N2G47H,,chrome 63.0 for android,,mobile
SGP521||chrome 63.0 for android|,SGP521,,chrome 63.0 for android,,mobile
SM-G900M Build/MMB29M||chrome 59.0 for android|,SM-G900M Build/MMB29M,,chrome 59.0 for android,,mobile
LG-D625||chrome 62.0 for android|,LG-D625,,chrome 62.0 for android,,mobile
LG-K200 Build/MXB48T||LG/K-200|,LG-K200 Build/MXB48T,,LG/K-200,,mobile
SM-G955F||chrome 63.0 for android|,SM-G955F,,chrome 63.0 for android,,mobile
LG-H542 Build/LRX22G||chrome 61.0 for android|,LG-H542 Build/LRX22G,,chrome 61.0 for android,,mobile
MacOS|Mac OS X 10_12_6|chrome 61.0|1920x1080,MacOS,Mac OS X 10_12_6,chrome 61.0,1920x1080,desktop
1016S||chrome generic|,1016S,,chrome generic,,mobile
MacOS|Mac OS X 10_6_8|safari|1920x1080,MacOS,Mac OS X 10_6_8,safari,1920x1080,desktop
Windows|Windows 8.1|chrome 63.0|2880x1620,Windows,Windows 8.1,chrome 63.0,2880x1620,desktop
RS988 Build/MMB29M|Android 6.0.1|chrome 63.0 for android|2560x1440,RS988 Build/MMB29M,Android 6.0.1,chrome 63.0 for android,2560x1440,mobile
5010S Build/MRA58K||chrome 63.0 for android|,5010S Build/MRA58K,,chrome 63.0 for android,,mobile
SM-G928V||chrome 63.0 for android|,SM-G928V,,chrome 63.0 for android,,mobile
XT1635-01|Android 7.1.1|chrome 63.0 for android|,XT1635-01,Android 7.1.1,chrome 63.0 for android,,mobile
Mi A1 Build/OPR1.170623.026|||,Mi A1 Build/OPR1.170623.026,,,,mobile
iOS Device|iOS 11.2.2|mobile safari 11.0|1334x750,iOS Device,iOS 11.2.2,mobile safari 11.0,1334x750,mobile
BBA100-2||chrome 63.0 for android|,BBA100-2,,chrome 63.0 for android,,mobile
LG-X230 Build/MRA58K||chrome 56.0 for android|,LG-X230 Build/MRA58K,,chrome 56.0 for android,,mobile
SAMSUNG SM-J327T1 Build/NRD90M|Android 7.0|samsung browser 6.2|1280x720,SAMSUNG SM-J327T1 Build/NRD90M,Android 7.0,samsung browser 6.2,1280x720,mobile
LGLS751|Android 5.1.1|chrome 61.0 for android|1280x720,LGLS751,Android 5.1.1,chrome 61.0 for android,1280x720,mobile
LG-M210 Build/NRD90U|Android 7.0|chrome 63.0 for android|1280x720,LG-M210 Build/NRD90U,Android 7.0,chrome 63.0 for android,1280x720,mobile
SM-T280 Build/LMY47V||chrome 63.0 for android|,SM-T280 Build/LMY47V,,chrome 63.0 for android,,mobile
SM-J710F Build/NRD90M||chrome 63.0 for android|,SM-J710F Build/NRD90M,,chrome 63.0 for android,,mobile
LGLS751||chrome 43.0 for android|,LGLS751,,chrome 43.0 for android,,mobile
LG-H420 Build/LRX21Y||chrome 63.0 for android|,LG-H420 Build/LRX21Y,,chrome 63.0 for android,,mobile
SM-G920V||chrome 63.0 for android|,SM-G920V,,chrome 63.0 for android,,mobile
Ilium X510 Build/MRA58K||chrome 62.0 for android|,Ilium X510 Build/MRA58K,,chrome 62.0 for android,,mobile
|Linux|samsung browser 6.2|2960x1440,,Linux,samsung browser 6.2,2960x1440,mobile
SM-N910C Build/MMB29K||chrome 63.0 for android|,SM-N910C Build/MMB29K,,chrome 63.0 for android,,mobile
FTJ152D||chrome 63.0 for android|,FTJ152D,,chrome 63.0 for android,,mobile
iOS Device|iOS 11.2.2|mobile safari 11.0|2208x1242,iOS Device,iOS 11.2.2,mobile safari 11.0,2208x1242,mobile
LG-K420||chrome 59.0 for android|,LG-K420,,chrome 59.0 for android,,mobile
SM-J320M Build/LMY47V||chrome 56.0 for android|,SM-J320M Build/LMY47V,,chrome 56.0 for android,,mobile
Aquaris U Plus Build/NMF26F||chrome 63.0 for android|,Aquaris U Plus Build/NMF26F,,chrome 63.0 for android,,mobile
Windows||opera generic|,Windows,,opera generic,,desktop
BLADE L7 Build/MRA58K||chrome 53.0 for android|,BLADE L7 Build/MRA58K,,chrome 53.0 for android,,mobile
Lenovo TB3-710F Build/LRX21M||chrome 46.0 for android|,Lenovo TB3-710F Build/LRX21M,,chrome 46.0 for android,,mobile
ASUS_X008DC Build/NRD90M||chrome 63.0 for android|,ASUS_X008DC Build/NRD90M,,chrome 63.0 for android,,mobile
XT1650 Build/NPLS26.118-20-5-11||chrome 63.0 for android|,XT1650 Build/NPLS26.118-20-5-11,,chrome 63.0 for android,,mobile
Moto Z2 Play Build/NPS26.118-19||chrome 63.0 for android|,Moto Z2 Play Build/NPS26.118-19,,chrome 63.0 for android,,mobile
Windows|Windows 7|firefox 57.0|1024x600,Windows,Windows 7,firefox 57.0,1024x600,desktop
BLL-L23 Build/HUAWEIBLL-L23||chrome 54.0 for android|,BLL-L23 Build/HUAWEIBLL-L23,,chrome 54.0 for android,,mobile
E6603 Build/32.4.A.1.54||chrome 58.0 for android|,E6603 Build/32.4.A.1.54,,chrome 58.0 for android,,mobile
|Android|chrome 63.0|2560x1440,,Android,chrome 63.0,2560x1440,mobile
ASUS_Z01BDA||chrome 63.0 for android|,ASUS_Z01BDA,,chrome 63.0 for android,,mobile
M4 SS4453 Build/MMB29M||chrome 57.0 for android|,M4 SS4453 Build/MMB29M,,chrome 57.0 for android,,mobile
MacOS|Mac OS X 10_11_6|chrome 63.0|1280x1024,MacOS,Mac OS X 10_11_6,chrome 63.0,1280x1024,desktop
LG-K200 Build/MXB48T||chrome 59.0 for android|,LG-K200 Build/MXB48T,,chrome 59.0 for android,,mobile
SM-J320M Build/LMY47V||chrome 61.0 for android|,SM-J320M Build/LMY47V,,chrome 61.0 for android,,mobile
Vivo||chrome 63.0 for android|,Vivo,,chrome 63.0 for android,,mobile
SAMSUNG||other|,SAMSUNG,,other,,mobile
E6603 Build/32.4.A.1.54||chrome 63.0 for android|,E6603 Build/32.4.A.1.54,,chrome 63.0 for android,,mobile
rv:57.0|Windows 7|firefox 57.0|1366x768,rv:57.0,Windows 7,firefox 57.0,1366x768,desktop
EGO||chrome 63.0 for android|,EGO,,chrome 63.0 for android,,mobile
SM-G930U Build/NRD90M|Android 7.0|chrome 63.0 for android|1920x1080,SM-G930U Build/NRD90M,Android 7.0,chrome 63.0 for android,1920x1080,mobile
SAMSUNG SM-G920I Build/NRD90M||samsung browser 6.2|,SAMSUNG SM-G920I Build/NRD90M,,samsung browser 6.2,,mobile
Windows|Windows 10|chrome 60.0|3200x1800,Windows,Windows 10,chrome 60.0,3200x1800,desktop
Windows|Windows 10|chrome generic|2112x1188,Windows,Windows 10,chrome generic,2112x1188,desktop
ASUS_X00DD||chrome 63.0 for android|,ASUS_X00DD,,chrome 63.0 for android,,mobile
ONE A2003 Build/MMB29M||chrome 63.0 for android|,ONE A2003 Build/MMB29M,,chrome 63.0 for android,,mobile
iOS Device|iOS 11.2.2|mobile safari 11.0|2732x2048,iOS Device,iOS 11.2.2,mobile safari 11.0,2732x2048,mobile
LG-K410 Build/LRX22G||chrome 56.0 for android|,LG-K410 Build/LRX22G,,chrome 56.0 for android,,mobile
iOS Device|iOS 11.2.2|mobile safari 11.0|2048x1536,iOS Device,iOS 11.2.2,mobile safari 11.0,2048x1536,mobile
MacOS|Mac OS X 10_12_6|safari generic|1280x720,MacOS,Mac OS X 10_12_6,safari generic,1280x720,desktop
SM-G920V Build/NRD90M|Android 7.0|chrome 63.0 for android|,SM-G920V Build/NRD90M,Android 7.0,chrome 63.0 for android,,mobile
QTASUN1|Android 6.0.1|chrome 51.0 for android|1920x1200,QTASUN1,Android 6.0.1,chrome 51.0 for android,1920x1200,mobile
Windows|Windows 7|chrome 63.0|3840x2160,Windows,Windows 7,chrome 63.0,3840x2160,desktop
Robin||chrome 63.0 for android|,Robin,,chrome 63.0 for android,,mobile
iOS Device|iOS 11.2.2|mobile safari 11.0|2436x1125,iOS Device,iOS 11.2.2,mobile safari 11.0,2436x1125,mobile
LGMS210 Build/NRD90U|Android 7.0|other|1280x720,LGMS210 Build/NRD90U,Android 7.0,other,1280x720,mobile
verykools5035||chrome 63.0 for android|,verykools5035,,chrome 63.0 for android,,mobile
MotoG3 Build/MPIS24.65-25.1-19||chrome 63.0 for android|,MotoG3 Build/MPIS24.65-25.1-19,,chrome 63.0 for android,,mobile
LG-X165g Build/LRX21M||chrome 56.0 for android|,LG-X165g Build/LRX21M,,chrome 56.0 for android,,mobile
SM-G925P Build/NRD90M|Android 7.0|chrome 63.0 for android|2560x1440,SM-G925P Build/NRD90M,Android 7.0,chrome 63.0 for android,2560x1440,mobile
SM-J320W8||chrome 63.0 for android|,SM-J320W8,,chrome 63.0 for android,,mobile
M4 SS4452 Build/LMY47V||other|,M4 SS4452 Build/LMY47V,,other,,mobile
Lenovo TB3-710F Build/LRX21M||chrome 62.0 for android|,Lenovo TB3-710F Build/LRX21M,,chrome 62.0 for android,,mobile
rv:56.0||Generic/Android|,rv:56.0,,Generic/Android,,mobile
MacOS|Mac OS X 10_13_3|safari generic|2560x1600,MacOS,Mac OS X 10_13_3,safari generic,2560x1600,desktop
SM-T550 Build/NMF26X||chrome 63.0 for android|,SM-T550 Build/NMF26X,,chrome 63.0 for android,,mobile
SM-T350 Build/NMF26X|Android 7.1.1|chrome 63.0 for android|,SM-T350 Build/NMF26X,Android 7.1.1,chrome 63.0 for android,,mobile
verykools4009||chrome 62.0 for android|,verykools4009,,chrome 62.0 for android,,mobile
Windows|Windows 10|chrome 63.0|2816x1760,Windows,Windows 10,chrome 63.0,2816x1760,desktop
BLADE A602 Build/MRA58K||chrome 63.0 for android|,BLADE A602 Build/MRA58K,,chrome 63.0 for android,,mobile
SM-G935F Build/NRD90M||chrome 61.0 for android|,SM-G935F Build/NRD90M,,chrome 61.0 for android,,mobile
SM-A300H Build/LRX22G||chrome 55.0 for android|,SM-A300H Build/LRX22G,,chrome 55.0 for android,,mobile
9003A Build/MRA58K||chrome 60.0 for android|,9003A Build/MRA58K,,chrome 60.0 for android,,mobile
iOS Device|iOS 11.2.2|mobile safari generic|1334x750,iOS Device,iOS 11.2.2,mobile safari generic,1334x750,mobile
SM-A710M Build/NRD90M||chrome 63.0 for android|,SM-A710M Build/NRD90M,,chrome 63.0 for android,,mobile
Moto G Play Build/NPI26.48-36||chrome 63.0 for android|,Moto G Play Build/NPI26.48-36,,chrome 63.0 for android,,mobile
Lenovo K33b36 Build/MMB29M||chrome 55.0 for android|,Lenovo K33b36 Build/MMB29M,,chrome 55.0 for android,,mobile
SAMSUNG SM-G930T Build/NRD90M||samsung browser 6.2|,SAMSUNG SM-G930T Build/NRD90M,,samsung browser 6.2,,mobile
ALE-L23 Build/HuaweiALE-L23||chrome 57.0 for android|,ALE-L23 Build/HuaweiALE-L23,,chrome 57.0 for android,,mobile
XT1680||chrome 63.0 for android|,XT1680,,chrome 63.0 for android,,mobile
SM-A710M Build/LMY47X||chrome 57.0 for android|,SM-A710M Build/LMY47X,,chrome 57.0 for android,,mobile
Windows|Windows 7|chrome 61.0|1280x1025,Windows,Windows 7,chrome 61.0,1280x1025,desktop
iOS Device|iOS 11.2.2|mobile safari generic|2048x1536,iOS Device,iOS 11.2.2,mobile safari generic,2048x1536,mobile
Moto Z2 Play Build/NPSS26.118-19-14||chrome 57.0 for android|,Moto Z2 Play Build/NPSS26.118-19-14,,chrome 57.0 for android,,mobile
SM-G930F Build/MMB29K||chrome 52.0 for android|,SM-G930F Build/MMB29K,,chrome 52.0 for android,,mobile
SM-G550T Build/MMB29K||chrome 55.0 for android|,SM-G550T Build/MMB29K,,chrome 55.0 for android,,mobile
XT1092||chrome 63.0 for android|,XT1092,,chrome 63.0 for android,,mobile
XT1003||chrome 63.0 for android|,XT1003,,chrome 63.0 for android,,mobile
HT0701A16||chrome 50.0 for android|,HT0701A16,,chrome 50.0 for android,,mobile
SAMSUNG SM-G610M Build/NRD90M||samsung browser 5.4|,SAMSUNG SM-G610M Build/NRD90M,,samsung browser 5.4,,mobile
LG-X230 Build/MRA58K||chrome 59.0 for android|,LG-X230 Build/MRA58K,,chrome 59.0 for android,,mobile
5085B Build/MRA58K||chrome 63.0 for android|,5085B Build/MRA58K,,chrome 63.0 for android,,mobile
SM-J111M Build/LMY47V||chrome 63.0 for android|,SM-J111M Build/LMY47V,,chrome 63.0 for android,,mobile
SM-A320Y||chrome 61.0 for android|,SM-A320Y,,chrome 61.0 for android,,mobile
Grand2c||android webview 4.0|,Grand2c,,android webview 4.0,,mobile
SM-G935F Build/NRD90M|Android 7.0|chrome 62.0 for android|1920x1080,SM-G935F Build/NRD90M,Android 7.0,chrome 62.0 for android,1920x1080,mobile
rv:49.0|Mac OS X 10.10|firefox|1920x1080,rv:49.0,Mac OS X 10.10,firefox,1920x1080,desktop
HTC Desire 626s Build/LMY47O||chrome 60.0 for android|,HTC Desire 626s Build/LMY47O,,chrome 60.0 for android,,mobile
rv:57.0|Mac OS X 10.13|firefox 57.0|1024x768,rv:57.0,Mac OS X 10.13,firefox 57.0,1024x768,desktop
LG-H815||chrome 63.0 for android|,LG-H815,,chrome 63.0 for android,,mobile
HUAWEI GRA-L09 Build/HUAWEIGRA-L09||chrome 63.0 for android|,HUAWEI GRA-L09 Build/HUAWEIGRA-L09,,chrome 63.0 for android,,mobile
SGP621 Build/23.5.A.1.291||chrome 61.0 for android|,SGP621 Build/23.5.A.1.291,,chrome 61.0 for android,,mobile
iOS Device|iOS 11.2.2|mobile safari generic|2208x1242,iOS Device,iOS 11.2.2,mobile safari generic,2208x1242,mobile
K90U|Android 6.0.1|chrome 56.0 for android|1920x1200,K90U,Android 6.0.1,chrome 56.0 for android,1920x1200,mobile
iOS Device|iOS 11.2.2|mobile safari generic|2732x2048,iOS Device,iOS 11.2.2,mobile safari generic,2732x2048,mobile
rv:55.0|Android 6.0|Generic/Android|1280x720,rv:55.0,Android 6.0,Generic/Android,1280x720,mobile
SM-T377V|Android 6.0.1|chrome 59.0 for android|,SM-T377V,Android 6.0.1,chrome 59.0 for android,,mobile
LG-H542 Build/MRA58K||chrome 62.0 for android|,LG-H542 Build/MRA58K,,chrome 62.0 for android,,mobile
HUAWEI VNS-L53 Build/HUAWEIVNS-L53||chrome 59.0 for android|,HUAWEI VNS-L53 Build/HUAWEIVNS-L53,,chrome 59.0 for android,,mobile
PLAYTAB||chrome 55.0 for android|,PLAYTAB,,chrome 55.0 for android,,mobile
Tab2A7-10F||chrome 63.0 for android|,Tab2A7-10F,,chrome 63.0 for android,,mobile
VKY-L09 Build/HUAWEIVKY-L09||chrome 63.0 for android|,VKY-L09 Build/HUAWEIVKY-L09,,chrome 63.0 for android,,mobile
Windows|Windows 10|edge 13.0|3000x2000,Windows,Windows 10,edge 13.0,3000x2000,desktop
Windows|Windows 10|ie 11.0 for desktop|1280x1024,Windows,Windows 10,ie 11.0 for desktop,1280x1024,desktop
SAMSUNG SM-G930F Build/NRD90M|Android 7.0|samsung browser 6.2|1920x1080,SAMSUNG SM-G930F Build/NRD90M,Android 7.0,samsung browser 6.2,1920x1080,mobile
Z799VL|Android 6.0.1|chrome|855x480,Z799VL,Android 6.0.1,chrome,855x480,mobile
MacOS|Mac|chrome 63.0|1920x1200,MacOS,Mac,chrome 63.0,1920x1200,desktop
E5823 Build/32.4.A.1.54||chrome 63.0 for android|,E5823 Build/32.4.A.1.54,,chrome 63.0 for android,,mobile
Blade V6 Build/LRX22G||chrome 55.0 for android|,Blade V6 Build/LRX22G,,chrome 55.0 for android,,mobile
SM-G532M Build/MMB29T||chrome 61.0 for android|,SM-G532M Build/MMB29T,,chrome 61.0 for android,,mobile
iOS Device|iOS 11.2.2|mobile safari 11.0|2224x1668,iOS Device,iOS 11.2.2,mobile safari 11.0,2224x1668,mobile
SM-J110M Build/LMY48B||chrome 63.0 for android|,SM-J110M Build/LMY48B,,chrome 63.0 for android,,mobile
iOS Device|iOS 11.2.2|chrome 63.0 for ios|2048x1536,iOS Device,iOS 11.2.2,chrome 63.0 for ios,2048x1536,mobile
ICON||chrome 60.0 for android|,ICON,,chrome 60.0 for android,,mobile
iOS Device|iOS 11.2.2|mobile safari 11.0|2001x1125,iOS Device,iOS 11.2.2,mobile safari 11.0,2001x1125,mobile
MacOS|Mac OS X 10_12_1|safari generic|2560x1440,MacOS,Mac OS X 10_12_1,safari generic,2560x1440,desktop
GT-P5110||chrome 63.0 for android|,GT-P5110,,chrome 63.0 for android,,mobile
SM-G903F Build/MMB29K||chrome 63.0 for android|,SM-G903F Build/MMB29K,,chrome 63.0 for android,,mobile
SM-G800F Build/MMB29K||chrome 52.0 for android|,SM-G800F Build/MMB29K,,chrome 52.0 for android,,mobile
E6810|Android 7.1.2|chrome 63.0 for android|1920x1080,E6810,Android 7.1.2,chrome 63.0 for android,1920x1080,mobile
SM-G925W8||chrome 63.0 for android|,SM-G925W8,,chrome 63.0 for android,,mobile
ONE||chrome 57.0 for android|,ONE,,chrome 57.0 for android,,mobile
HP||chrome 63.0 for android|,HP,,chrome 63.0 for android,,mobile
SM-J727P|Android 7.0|chrome 63.0 for android|1280x720,SM-J727P,Android 7.0,chrome 63.0 for android,1280x720,mobile
Pixel 2 XL Build/OPM1.171019.013|Android 8.1.0|chrome 63.0 for android|,Pixel 2 XL Build/OPM1.171019.013,Android 8.1.0,chrome 63.0 for android,,mobile
||iron|,,,iron,,desktop
MacOS|Mac OS X 10_10_5|chrome 63.0|1152x720,MacOS,Mac OS X 10_10_5,chrome 63.0,1152x720,desktop
SAMSUNG SM-A520F Build/NRD90M||samsung browser 5.2|,SAMSUNG SM-A520F Build/NRD90M,,samsung browser 5.2,,mobile
Moto|Android 7.1.1|chrome 63.0 for android|1920x1080,Moto,Android 7.1.1,chrome 63.0 for android,1920x1080,mobile
SM-P550 Build/NMF26X||chrome 63.0 for android|,SM-P550 Build/NMF26X,,chrome 63.0 for android,,mobile
SM-A320FL Build/NRD90M||chrome 63.0 for android|,SM-A320FL Build/NRD90M,,chrome 63.0 for android,,mobile
Moto C Build/NRD90M.050||chrome 62.0 for android|,Moto C Build/NRD90M.050,,chrome 62.0 for android,,mobile
Joy||android webview 4.0|,Joy,,android webview 4.0,,mobile
iOS Device|iOS 10.1.1|mobile safari generic|2208x1242,iOS Device,iOS 10.1.1,mobile safari generic,2208x1242,mobile
rv:52.9|Windows 10|firefox|1920x1080,rv:52.9,Windows 10,firefox,1920x1080,desktop
Tornado||chrome 62.0 for android|,Tornado,,chrome 62.0 for android,,mobile
ASUS_Z00AD Build/LRX21V||chrome 63.0 for android|,ASUS_Z00AD Build/LRX21V,,chrome 63.0 for android,,mobile
Ilium X210 Build/LMY47I||chrome 46.0 for android|,Ilium X210 Build/LMY47I,,chrome 46.0 for android,,mobile
iOS Device|iOS 11.2.2|mobile safari generic|1136x640,iOS Device,iOS 11.2.2,mobile safari generic,1136x640,mobile
iOS Device|iOS 11.2.1|mobile safari 9.0|2208x1242,iOS Device,iOS 11.2.1,mobile safari 9.0,2208x1242,mobile
SAMSUNG SM-J710MN Build/MMB29K||samsung browser 4.0|,SAMSUNG SM-J710MN Build/MMB29K,,samsung browser 4.0,,mobile
MacOS|Mac OS X 10_6_8|chrome 49.0|1360x768,MacOS,Mac OS X 10_6_8,chrome 49.0,1360x768,desktop
SM-A510M Build/LMY47X||chrome 62.0 for android|,SM-A510M Build/LMY47X,,chrome 62.0 for android,,mobile
|Linux|chrome 55.0|,,Linux,chrome 55.0,,desktop
SM-J500M Build/MMB29M||chrome 61.0 for android|,SM-J500M Build/MMB29M,,chrome 61.0 for android,,mobile
SAMSUNG SM-G935T Build/NRD90M|Android 7.0|samsung browser 6.2|,SAMSUNG SM-G935T Build/NRD90M,Android 7.0,samsung browser 6.2,,mobile
Z839|Android 7.1.1|chrome 63.0 for android|855x480,Z839,Android 7.1.1,chrome 63.0 for android,855x480,mobile
|other|mobile safari 11.0|1334x750,,other,mobile safari 11.0,1334x750,mobile
MacOS|Mac OS X 10_12_3|chrome 63.0|5120x2880,MacOS,Mac OS X 10_12_3,chrome 63.0,5120x2880,desktop
SM-J320M Build/LMY47V||chrome 60.0 for android|,SM-J320M Build/LMY47V,,chrome 60.0 for android,,mobile
Pixel|Android 8.1.0|chrome 63.0 for android|,Pixel,Android 8.1.0,chrome 63.0 for android,,mobile
LG-H815 Build/MRA58K||chrome 62.0 for android|,LG-H815 Build/MRA58K,,chrome 62.0 for android,,mobile
S60 Build/MMB29M||chrome 63.0 for android|,S60 Build/MMB29M,,chrome 63.0 for android,,mobile
SM-N950F Build/NMF26X||chrome 60.0 for android|,SM-N950F Build/NMF26X,,chrome 60.0 for android,,mobile
iOS Device|iOS 10.3.2|mobile safari generic|2732x2048,iOS Device,iOS 10.3.2,mobile safari generic,2732x2048,mobile
Windows|Windows 10|chrome 56.0|1366x768,Windows,Windows 10,chrome 56.0,1366x768,desktop
HUAWEI VNS-L23 Build/HUAWEIVNS-L23||chrome 54.0 for android|,HUAWEI VNS-L23 Build/HUAWEIVNS-L23,,chrome 54.0 for android,,mobile
SM-G955U Build/NRD90M|Android 7.0|chrome 62.0 for android|2960x1440,SM-G955U Build/NRD90M,Android 7.0,chrome 62.0 for android,2960x1440,mobile
Windows|Windows 7|chrome 63.0|1364x768,Windows,Windows 7,chrome 63.0,1364x768,desktop
XT1032 Build/LPBS23.13-56-2||chrome 61.0 for android|,XT1032 Build/LPBS23.13-56-2,,chrome 61.0 for android,,mobile
SAMSUNG-SM-T377A Build/MMB29K||chrome 63.0 for android|,SAMSUNG-SM-T377A Build/MMB29K,,chrome 63.0 for android,,mobile
SM-G360T1 Build/LMY47X||chrome 63.0 for android|,SM-G360T1 Build/LMY47X,,chrome 63.0 for android,,mobile
LG-LK460|Android 7.1.1|chrome 58.0 for android|,LG-LK460,Android 7.1.1,chrome 58.0 for android,,mobile
iOS Device|iOS 9.3.5|mobile safari generic|960x640,iOS Device,iOS 9.3.5,mobile safari generic,960x640,mobile
iOS Device|iOS|mobile|2048x1536,iOS Device,iOS,mobile,2048x1536,mobile
SM-T825 Build/NRD90M||chrome 63.0 for android|,SM-T825 Build/NRD90M,,chrome 63.0 for android,,mobile
SAMSUNG-SM-J320AZ Build/MMB29K||chrome 62.0 for android|,SAMSUNG-SM-J320AZ Build/MMB29K,,chrome 62.0 for android,,mobile
SM-T560NU Build/NMF26X||chrome 63.0 for android|,SM-T560NU Build/NMF26X,,chrome 63.0 for android,,mobile
WAS-L03T Build/HUAWEIWAS-L03T||chrome 63.0 for android|,WAS-L03T Build/HUAWEIWAS-L03T,,chrome 63.0 for android,,mobile
Moto G (5) Plus Build/NPN25.137-92||chrome generic|,Moto G (5) Plus Build/NPN25.137-92,,chrome generic,,mobile
LM-X210(G|Android 7.1.2|chrome generic|1280x720,LM-X210(G,Android 7.1.2,chrome generic,1280x720,mobile
P00C||chrome 63.0 for android|,P00C,,chrome 63.0 for android,,mobile
Ilium LT510 Build/MRA58K||chrome 63.0 for android|,Ilium LT510 Build/MRA58K,,chrome 63.0 for android,,mobile
Pixel Build/OPM1.171019.012|Android 8.1.0|chrome 63.0 for android|,Pixel Build/OPM1.171019.012,Android 8.1.0,chrome 63.0 for android,,mobile
MacOS|Mac OS X 10_12_5|chrome 60.0|1920x1080,MacOS,Mac OS X 10_12_5,chrome 60.0,1920x1080,desktop
rv:52.0|Mac OS X 10.11|firefox 52.0|1920x1080,rv:52.0,Mac OS X 10.11,firefox 52.0,1920x1080,desktop
|Android|chrome 63.0|855x480,,Android,chrome 63.0,855x480,mobile
Windows|Windows 8.1|chrome 63.0|2880x1800,Windows,Windows 8.1,chrome 63.0,2880x1800,desktop
U FEEL LITE Build/MRA58K||chrome 63.0 for android|,U FEEL LITE Build/MRA58K,,chrome 63.0 for android,,mobile
Trident/7.0|Windows 7|ie 11.0 for desktop|1440x960,Trident/7.0,Windows 7,ie 11.0 for desktop,1440x960,desktop
F3213 Build/36.1.A.1.86|Android 7.0|chrome 63.0 for android|,F3213 Build/36.1.A.1.86,Android 7.0,chrome 63.0 for android,,mobile
SM-G928P Build/NRD90M||chrome 63.0 for android|,SM-G928P Build/NRD90M,,chrome 63.0 for android,,mobile
|Linux|chrome 63.0|2960x1440,,Linux,chrome 63.0,2960x1440,desktop
SAMSUNG SM-J327T1 Build/NRD90M|Android 7.0|samsung browser 5.2|1280x720,SAMSUNG SM-J327T1 Build/NRD90M,Android 7.0,samsung browser 5.2,1280x720,mobile
SM-G570M Build/NRD90M||chrome 63.0 for android|,SM-G570M Build/NRD90M,,chrome 63.0 for android,,mobile
N817|Android|chrome 63.0 for android|801x480,N817,Android,chrome 63.0 for android,801x480,mobile
HUAWEI LYO-L21 Build/HUAWEILYO-L21||chrome 63.0 for android|,HUAWEI LYO-L21 Build/HUAWEILYO-L21,,chrome 63.0 for android,,mobile
C6906||chrome 63.0 for android|,C6906,,chrome 63.0 for android,,mobile
ALE-L23 Build/HuaweiALE-L23||chrome 50.0 for android|,ALE-L23 Build/HuaweiALE-L23,,chrome 50.0 for android,,mobile
E5823||chrome 63.0 for android|,E5823,,chrome 63.0 for android,,mobile
SM-G950W||chrome 63.0 for android|,SM-G950W,,chrome 63.0 for android,,mobile
SM-G390W||chrome 63.0 for android|,SM-G390W,,chrome 63.0 for android,,mobile
MacOS|Mac OS X 10_13_2|safari generic|2560x1080,MacOS,Mac OS X 10_13_2,safari generic,2560x1080,desktop
iOS Device|iOS 11.2.2|mobile safari generic|2436x1125,iOS Device,iOS 11.2.2,mobile safari generic,2436x1125,mobile
rv:53.0|Windows 7|firefox|1366x768,rv:53.0,Windows 7,firefox,1366x768,desktop
MacOS|Mac OS X 10_12_4|safari generic|1920x1200,MacOS,Mac OS X 10_12_4,safari generic,1920x1200,desktop
rv:48.0|Mac|firefox 48.0|1600x900,rv:48.0,Mac,firefox 48.0,1600x900,desktop
SM-J710GN Build/MMB29K||chrome 63.0 for android|,SM-J710GN Build/MMB29K,,chrome 63.0 for android,,mobile
iOS Device|iOS 11.2.2|mobile safari uiwebview|2048x1536,iOS Device,iOS 11.2.2,mobile safari uiwebview,2048x1536,mobile
SM-J111M Build/LMY47V||chrome 56.0 for android|,SM-J111M Build/LMY47V,,chrome 56.0 for android,,mobile
LG-K550|Android 6.0.1|chrome 63.0 for android|1280x720,LG-K550,Android 6.0.1,chrome 63.0 for android,1280x720,mobile
Nexus|Android 5.1.1|chrome 63.0 for android|,Nexus,Android 5.1.1,chrome 63.0 for android,,mobile
Windows|Windows 7|chrome generic|1280x1024,Windows,Windows 7,chrome generic,1280x1024,desktop
ASUS_X015D Build/NRD90M||chrome 63.0 for android|,ASUS_X015D Build/NRD90M,,chrome 63.0 for android,,mobile
SM-A510M Build/NRD90M||chrome 58.0 for android|,SM-A510M Build/NRD90M,,chrome 58.0 for android,,mobile
MacOS|Mac OS X 10_12_2|chrome 58.0|1680x1050,MacOS,Mac OS X 10_12_2,chrome 58.0,1680x1050,desktop
BLU||BLU/Dash|,BLU,,BLU/Dash,,mobile
E5803 Build/32.4.A.1.54||chrome 63.0 for android|,E5803 Build/32.4.A.1.54,,chrome 63.0 for android,,mobile
MacOS|Mac OS X 10_13_1|chrome 56.0|1280x800,MacOS,Mac OS X 10_13_1,chrome 56.0,1280x800,desktop
SAMSUNG SM-J320M Build/LMY47V||other|,SAMSUNG SM-J320M Build/LMY47V,,other,,mobile
GT-P5210 Build/JDQ39||chrome 63.0 for android|,GT-P5210 Build/JDQ39,,chrome 63.0 for android,,mobile
HTC Desire 530 Build/MMB29M|Android 6.0.1|chrome 63.0 for android|1280x720,HTC Desire 530 Build/MMB29M,Android 6.0.1,chrome 63.0 for android,1280x720,mobile
GT-I8190L Build/JZO54K||chrome 63.0 for android|,GT-I8190L Build/JZO54K,,chrome 63.0 for android,,mobile
LG-H320 Build/LRX21Y||chrome 46.0 for android|,LG-H320 Build/LRX21Y,,chrome 46.0 for android,,mobile
SM-J500FN Build/MMB29M||chrome 63.0 for android|,SM-J500FN Build/MMB29M,,chrome 63.0 for android,,mobile
MacOS|Mac OS X 10_9_5|safari generic|1024x640,MacOS,Mac OS X 10_9_5,safari generic,1024x640,desktop
MacOS|Mac OS X 10_12_3|safari generic|1440x800,MacOS,Mac OS X 10_12_3,safari generic,1440x800,desktop
es-us||other|,es-us,,other,,mobile
LG-H831 Build/NRD90U||chrome 63.0 for android|,LG-H831 Build/NRD90U,,chrome 63.0 for android,,mobile
SM-T530 Build/LRX22G||chrome|,SM-T530 Build/LRX22G,,chrome,,mobile
Windows|Windows 10|opera generic|1920x1080,Windows,Windows 10,opera generic,1920x1080,desktop
5015A Build/LMY47I||chrome 55.0 for android|,5015A Build/LMY47I,,chrome 55.0 for android,,mobile
Lenovo||chrome 51.0 for android|,Lenovo,,chrome 51.0 for android,,mobile
SM-G950U Build/R16NW|Android 8.0.0|chrome 63.0 for android|2220x1080,SM-G950U Build/R16NW,Android 8.0.0,chrome 63.0 for android,2220x1080,mobile
Moto Z2 Play Build/NPS26.74-16-1||chrome 63.0 for android|,Moto Z2 Play Build/NPS26.74-16-1,,chrome 63.0 for android,,mobile
rv:52.0|Mac OS X 10.12|firefox 52.0|1920x1080,rv:52.0,Mac OS X 10.12,firefox 52.0,1920x1080,desktop
SM-J730GM Build/NRD90M||android webview 4.0|,SM-J730GM Build/NRD90M,,android webview 4.0,,mobile
Windows|Windows 10|chrome 61.0|1600x1200,Windows,Windows 10,chrome 61.0,1600x1200,desktop
GT-I9195I||chrome 63.0 for android|,GT-I9195I,,chrome 63.0 for android,,mobile
LGLS675 Build/LMY47V|Android 5.1.1|chrome 59.0 for android|855x480,LGLS675 Build/LMY47V,Android 5.1.1,chrome 59.0 for android,855x480,mobile
SM-G955U1 Build/NRD90M|Android 7.0|chrome 60.0 for android|,SM-G955U1 Build/NRD90M,Android 7.0,chrome 60.0 for android,,mobile
LGLS775 Build/MMB29M|Android 6.0.1|chrome 62.0 for android|1280x720,LGLS775 Build/MMB29M,Android 6.0.1,chrome 62.0 for android,1280x720,mobile
HTC Desire 626s Build/LMY47O||chrome 43.0 for android|,HTC Desire 626s Build/LMY47O,,chrome 43.0 for android,,mobile
TRT-LX3||chrome 59.0 for android|,TRT-LX3,,chrome 59.0 for android,,mobile
iOS Device|iOS 11.2.2|mobile safari generic|2001x1125,iOS Device,iOS 11.2.2,mobile safari generic,2001x1125,mobile
Z981 Build/MMB29M||chrome 63.0 for android|,Z981 Build/MMB29M,,chrome 63.0 for android,,mobile
SAMSUNG SM-J320FN Build/LMY47V||other|,SAMSUNG SM-J320FN Build/LMY47V,,other,,mobile
rv:58.0|Mac OS X 10.12|firefox generic|1920x1080,rv:58.0,Mac OS X 10.12,firefox generic,1920x1080,desktop
SM-N920P Build/NRD90M||chrome 63.0 for android|,SM-N920P Build/NRD90M,,chrome 63.0 for android,,mobile
ALTER||chrome 63.0 for android|,ALTER,,chrome 63.0 for android,,mobile
SAMSUNG-SM-T337A Build/LMY47X|Android 5.1.1|chrome 63.0 for android|,SAMSUNG-SM-T337A Build/LMY47X,Android 5.1.1,chrome 63.0 for android,,mobile
SM-G390F||chrome 63.0 for android|,SM-G390F,,chrome 63.0 for android,,mobile
|Android|samsung browser 6.2|801x480,,Android,samsung browser 6.2,801x480,mobile
SAMSUNG SM-G891A Build/NRD90M|Android 7.0|samsung browser 5.4|1920x1080,SAMSUNG SM-G891A Build/NRD90M,Android 7.0,samsung browser 5.4,1920x1080,mobile
|Linux|chrome 62.0|1200x675,,Linux,chrome 62.0,1200x675,desktop
Mobiistar_LAI_Yuna_X||android webview 4.0|,Mobiistar_LAI_Yuna_X,,android webview 4.0,,mobile
SM-T550|Android 6.0.1|chrome 63.0 for android|1024x768,SM-T550,Android 6.0.1,chrome 63.0 for android,1024x768,mobile
Windows|Windows 10|chrome 57.0|1440x900,Windows,Windows 10,chrome 57.0,1440x900,desktop
|Linux|chrome 63.0|1920x1280,,Linux,chrome 63.0,1920x1280,desktop
rv:59.0||firefox generic|,rv:59.0,,firefox generic,,desktop
A37f||chrome 63.0 for android|,A37f,,chrome 63.0 for android,,mobile
rv:57.0|Mac OS X 10.13|firefox 57.0|1280x720,rv:57.0,Mac OS X 10.13,firefox 57.0,1280x720,desktop
Windows|Windows 10|chrome generic|3840x2160,Windows,Windows 10,chrome generic,3840x2160,desktop
SM-G550T1 Build/MMB29K||chrome 55.0 for android|,SM-G550T1 Build/MMB29K,,chrome 55.0 for android,,mobile
Ilium L950 Build/KTU84P||chrome 63.0 for android|,Ilium L950 Build/KTU84P,,chrome 63.0 for android,,mobile
Windows|Windows 10|edge 16.0|2560x1080,Windows,Windows 10,edge 16.0,2560x1080,desktop
Blade V6 Plus Build/MRA58K||chrome 56.0 for android|,Blade V6 Plus Build/MRA58K,,chrome 56.0 for android,,mobile
Windows|Windows 7|firefox generic|1280x1024,Windows,Windows 7,firefox generic,1280x1024,desktop
TAB7||chrome generic|,TAB7,,chrome generic,,mobile
Redmi 4A Build/MMB29M||chrome 63.0 for android|,Redmi 4A Build/MMB29M,,chrome 63.0 for android,,mobile
iris 870 Build/MRA58K||chrome 63.0 for android|,iris 870 Build/MRA58K,,chrome 63.0 for android,,mobile
SAMSUNG SM-J327T1 Build/NRD90M||samsung browser 6.2|,SAMSUNG SM-J327T1 Build/NRD90M,,samsung browser 6.2,,mobile
Blade A475 Build/LMY47D||chrome 56.0 for android|,Blade A475 Build/LMY47D,,chrome 56.0 for android,,mobile
rv:57.0|Android 7.0|Generic/Android 7.0|2048x1536,rv:57.0,Android 7.0,Generic/Android 7.0,2048x1536,mobile
LG-K200 Build/MXB48T||chrome 61.0 for android|,LG-K200 Build/MXB48T,,chrome 61.0 for android,,mobile
Moto Z2 Play Build/NPSS26.118-19-4||chrome 57.0 for android|,Moto Z2 Play Build/NPSS26.118-19-4,,chrome 57.0 for android,,mobile
F5321 Build/34.3.A.0.238||chrome 63.0 for android|,F5321 Build/34.3.A.0.238,,chrome 63.0 for android,,mobile
IdeaTabA1000-F||chrome 61.0 for android|,IdeaTabA1000-F,,chrome 61.0 for android,,mobile
SM-G955U Build/NRD90M|Android 7.0|chrome 55.0 for android|,SM-G955U Build/NRD90M,Android 7.0,chrome 55.0 for android,,mobile
HIGHWAY||chrome 63.0 for android|,HIGHWAY,,chrome 63.0 for android,,mobile
rv:11.0|Windows 7|ie 11.0 for desktop|1440x803,rv:11.0,Windows 7,ie 11.0 for desktop,1440x803,desktop
MotoE2 Build/LPCS23.13-56-5||chrome 54.0 for android|,MotoE2 Build/LPCS23.13-56-5,,chrome 54.0 for android,,mobile
SAMSUNG SM-J500FN Build/MMB29M||samsung browser 6.2|,SAMSUNG SM-J500FN Build/MMB29M,,samsung browser 6.2,,mobile
HTC One A9 Build/NRD90M||other|,HTC One A9 Build/NRD90M,,other,,mobile
Windows|Windows 8.1|firefox generic|1280x800,Windows,Windows 8.1,firefox generic,1280x800,desktop
iOS Device|iOS 11.2.2|mobile safari uiwebview|1334x750,iOS Device,iOS 11.2.2,mobile safari uiwebview,1334x750,mobile
SM-A510F Build/MMB29K||chrome 63.0 for android|,SM-A510F Build/MMB29K,,chrome 63.0 for android,,mobile
RCT6203W46 Build/KOT49H|Android 4.4.2|chrome 52.0 for android|1024x600,RCT6203W46 Build/KOT49H,Android 4.4.2,chrome 52.0 for android,1024x600,mobile
MacOS|Mac OS X 10_12_2|safari generic|2880x1800,MacOS,Mac OS X 10_12_2,safari generic,2880x1800,desktop
Lenovo K33b36 Build/MMB29M||chrome 58.0 for android|,Lenovo K33b36 Build/MMB29M,,chrome 58.0 for android,,mobile
LG-H542 Build/LRX22G||chrome 63.0 for android|,LG-H542 Build/LRX22G,,chrome 63.0 for android,,mobile
TRT-LX3||chrome 63.0 for android|,TRT-LX3,,chrome 63.0 for android,,mobile
MotoG3 Build/MPIS24.107-55-2-17||chrome 63.0 for android|,MotoG3 Build/MPIS24.107-55-2-17,,chrome 63.0 for android,,mobile
GT-I9505 Build/LRX22C||chrome 53.0 for android|,GT-I9505 Build/LRX22C,,chrome 53.0 for android,,mobile
VS425PP Build/LMY47V||chrome 63.0 for android|,VS425PP Build/LMY47V,,chrome 63.0 for android,,mobile
SM-N920T Build/NRD90M||chrome 63.0 for android|,SM-N920T Build/NRD90M,,chrome 63.0 for android,,mobile
MacOS|Mac OS X 10_13_3|safari generic|1280x720,MacOS,Mac OS X 10_13_3,safari generic,1280x720,desktop
SAMSUNG SM-N900W8 Build/LRX21V||chrome generic|,SAMSUNG SM-N900W8 Build/LRX21V,,chrome generic,,mobile
iOS Device|iOS 11.1.1|mobile safari generic|2436x1125,iOS Device,iOS 11.1.1,mobile safari generic,2436x1125,mobile
MacOS|Mac OS X 10_12_3|chrome 63.0|4096x2304,MacOS,Mac OS X 10_12_3,chrome 63.0,4096x2304,desktop
SM-A510M Build/NRD90M||chrome 61.0 for android|,SM-A510M Build/NRD90M,,chrome 61.0 for android,,mobile
Alcatel_5098O Build/MMB29M|Android 6.0.1|chrome 63.0 for android|1280x720,Alcatel_5098O Build/MMB29M,Android 6.0.1,chrome 63.0 for android,1280x720,mobile
Ilium L910 Build/MRA58K||chrome 46.0 for android|,Ilium L910 Build/MRA58K,,chrome 46.0 for android,,mobile
rv:52.0|Windows XP|firefox 52.0|,rv:52.0,Windows XP,firefox 52.0,,desktop
iOS Device|iOS 11.3.0|mobile safari 11.0|2208x1242,iOS Device,iOS 11.3.0,mobile safari 11.0,2208x1242,mobile
MacOS|Mac OS X 10_12_4|chrome 63.0|2880x1800,MacOS,Mac OS X 10_12_4,chrome 63.0,2880x1800,desktop
rv:54.0|Windows 10|firefox|1280x800,rv:54.0,Windows 10,firefox,1280x800,desktop
Pixel Build/OPM1.171019.012||chrome 63.0 for android|,Pixel Build/OPM1.171019.012,,chrome 63.0 for android,,mobile
Windows|Windows 8.1|chrome 63.0|1280x800,Windows,Windows 8.1,chrome 63.0,1280x800,desktop
SAMSUNG|Android 7.1.1|samsung browser 6.2|,SAMSUNG,Android 7.1.1,samsung browser 6.2,,mobile
rv:52.0|Mac OS X 10.12|firefox 52.0|3360x2100,rv:52.0,Mac OS X 10.12,firefox 52.0,3360x2100,desktop
SM-G920V Build/MMB29K|Android 6.0.1|chrome 51.0 for android|2560x1440,SM-G920V Build/MMB29K,Android 6.0.1,chrome 51.0 for android,2560x1440,mobile
SM-T555||chrome 63.0 for android|,SM-T555,,chrome 63.0 for android,,mobile
Trident/7.0|Windows 10|ie 11.0 for desktop|2880x1800,Trident/7.0,Windows 10,ie 11.0 for desktop,2880x1800,desktop
LG-D802||chrome 63.0 for android|,LG-D802,,chrome 63.0 for android,,mobile
iOS Device|iOS 11.2.5|mobile safari generic|1334x750,iOS Device,iOS 11.2.5,mobile safari generic,1334x750,mobile
MYA-L13 Build/HUAWEIMYA-L13||chrome 62.0 for android|,MYA-L13 Build/HUAWEIMYA-L13,,chrome 62.0 for android,,mobile
SM-G550T1 Build/MMB29K||chrome 63.0 for android|,SM-G550T1 Build/MMB29K,,chrome 63.0 for android,,mobile
iOS Device|iOS 11.2.2|chrome|2732x2048,iOS Device,iOS 11.2.2,chrome,2732x2048,mobile
SM-G925I Build/NRD90M||chrome 61.0 for android|,SM-G925I Build/NRD90M,,chrome 61.0 for android,,mobile
Hisense||chrome 61.0 for android|,Hisense,,chrome 61.0 for android,,mobile
TA-1039 Build/N2G47H||chrome generic for android|,TA-1039 Build/N2G47H,,chrome generic for android,,mobile
|Linux|chrome generic|2560x1440,,Linux,chrome generic,2560x1440,desktop
T1||chrome 63.0 for android|,T1,,chrome 63.0 for android,,mobile
rv:11.0|Windows 7|ie 11.0 for desktop|1152x864,rv:11.0,Windows 7,ie 11.0 for desktop,1152x864,desktop
SM-G920P Build/NRD90M||chrome 63.0 for android|,SM-G920P Build/NRD90M,,chrome 63.0 for android,,mobile
BND-L21 Build/HONORBND-L21||chrome 63.0 for android|,BND-L21 Build/HONORBND-L21,,chrome 63.0 for android,,mobile
verykools5034||chrome 63.0 for android|,verykools5034,,chrome 63.0 for android,,mobile
SAMSUNG SM-G930T Build/NRD90M|Android 7.0|samsung browser 6.2|2560x1440,SAMSUNG SM-G930T Build/NRD90M,Android 7.0,samsung browser 6.2,2560x1440,mobile
MacOS|Mac OS X 10_10_5|chrome 61.0|1680x1050,MacOS,Mac OS X 10_10_5,chrome 61.0,1680x1050,desktop
SM-J710MN Build/MMB29K||chrome generic for android|,SM-J710MN Build/MMB29K,,chrome generic for android,,mobile
GT-I8190L Build/JZO54K||chrome 52.0 for android|,GT-I8190L Build/JZO54K,,chrome 52.0 for android,,mobile
MacOS|Mac OS X 10_11_6|chrome|2880x1800,MacOS,Mac OS X 10_11_6,chrome,2880x1800,desktop
Moto Z2 Play Build/NPSS26.118-19-14||chrome generic for android|,Moto Z2 Play Build/NPSS26.118-19-14,,chrome generic for android,,mobile
Linux x86_64|Linux|firefox 47.0|1024x768,Linux x86_64,Linux,firefox 47.0,1024x768,desktop
MacOS|Mac OS X 10_11_3|safari generic|1440x900,MacOS,Mac OS X 10_11_3,safari generic,1440x900,desktop
Windows|Windows 7|firefox 52.0|1920x1200,Windows,Windows 7,firefox 52.0,1920x1200,desktop
|Android|chrome generic|1920x1080,,Android,chrome generic,1920x1080,mobile
HTC U11 Build/OPR6.170623.013|Android 8.0.0||2560x1440,HTC U11 Build/OPR6.170623.013,Android 8.0.0,,2560x1440,mobile
Windows|Windows 7|chrome generic|,Windows,Windows 7,chrome generic,,desktop
iris80||chrome 62.0 for android|,iris80,,chrome 62.0 for android,,mobile
SLA-L22||chrome 63.0 for android|,SLA-L22,,chrome 63.0 for android,,mobile
SM-T550||chrome 63.0 for android|,SM-T550,,chrome 63.0 for android,,mobile
HTC One A9s Build/MRA58K||chrome generic for android|,HTC One A9s Build/MRA58K,,chrome generic for android,,mobile
Windows|Windows 10|firefox generic|3840x2160,Windows,Windows 10,firefox generic,3840x2160,desktop
Windows|Windows 10|firefox 52.0|1280x1024,Windows,Windows 10,firefox 52.0,1280x1024,desktop
SM-G930W8 Build/NRD90M||chrome generic for android|,SM-G930W8 Build/NRD90M,,chrome generic for android,,mobile
SAMSUNG||samsung browser 4.0|,SAMSUNG,,samsung browser 4.0,,mobile
SM-G930F Build/NRD90M||chrome generic for android|,SM-G930F Build/NRD90M,,chrome generic for android,,mobile
SM-J730GM Build/NRD90M||chrome generic for android|,SM-J730GM Build/NRD90M,,chrome generic for android,,mobile
Linux x86_64|Linux|firefox generic|1920x1080,Linux x86_64,Linux,firefox generic,1920x1080,desktop
Pixel 2 XL Build/OPM1.171019.013|Android 8.1.0|chrome generic for android|,Pixel 2 XL Build/OPM1.171019.013,Android 8.1.0,chrome generic for android,,mobile
TR10CS1 Build/JDQ39||chrome 63.0 for android|,TR10CS1 Build/JDQ39,,chrome 63.0 for android,,mobile
Moto G Play Build/MPIS24.241-15.3-7||chrome generic for android|,Moto G Play Build/MPIS24.241-15.3-7,,chrome generic for android,,mobile
SM-G950F Build/NRD90M||chrome generic for android|,SM-G950F Build/NRD90M,,chrome generic for android,,mobile
rv:57.0|Mac OS X 10.10|firefox 57.0|5120x2880,rv:57.0,Mac OS X 10.10,firefox 57.0,5120x2880,desktop
Windows|Windows 10|chrome 59.0|1600x900,Windows,Windows 10,chrome 59.0,1600x900,desktop
LG-TP450 Build/NRD90U|Android 7.0|chrome 58.0 for android|1920x1080,LG-TP450 Build/NRD90U,Android 7.0,chrome 58.0 for android,1920x1080,mobile
iOS Device|iOS|mobile safari 8.0|2208x1242,iOS Device,iOS,mobile safari 8.0,2208x1242,mobile
E6633||chrome 63.0 for android|,E6633,,chrome 63.0 for android,,mobile
4013M Build/KOT49H||chrome 62.0 for android|,4013M Build/KOT49H,,chrome 62.0 for android,,mobile
Z837VL|Android 6.0.1|other|855x480,Z837VL,Android 6.0.1,other,855x480,mobile
ZTE||chrome generic|,ZTE,,chrome generic,,mobile
Nexus 5X Build/OPM3.171019.013||chrome 63.0 for android|,Nexus 5X Build/OPM3.171019.013,,chrome 63.0 for android,,mobile
SM-J320M Build/LMY47V||chrome 57.0 for android|,SM-J320M Build/LMY47V,,chrome 57.0 for android,,mobile
SM-G950F Build/NRD90M||chrome 58.0 for android|,SM-G950F Build/NRD90M,,chrome 58.0 for android,,mobile
BLL-L23 Build/HUAWEIBLL-L23||chrome generic for android|,BLL-L23 Build/HUAWEIBLL-L23,,chrome generic for android,,mobile
SM-A320FL Build/NRD90M||chrome generic for android|,SM-A320FL Build/NRD90M,,chrome generic for android,,mobile
GT-N8000||chrome 63.0 for android|,GT-N8000,,chrome 63.0 for android,,mobile
SM-T800 Build/MMB29K||chrome 55.0 for android|,SM-T800 Build/MMB29K,,chrome 55.0 for android,,mobile
LG-K450 Build/MXB48T|Android 6.0.1|chrome 62.0 for android|1280x720,LG-K450 Build/MXB48T,Android 6.0.1,chrome 62.0 for android,1280x720,mobile
Windows|Windows 7|chrome generic|1440x900,Windows,Windows 7,chrome generic,1440x900,desktop
Moto G (5) Build/NPP25.137-93||chrome generic|,Moto G (5) Build/NPP25.137-93,,chrome generic,,mobile
Pixel 2 Build/OPM2.171019.016|Android 8.1.0|chrome 63.0 for android|,Pixel 2 Build/OPM2.171019.016,Android 8.1.0,chrome 63.0 for android,,mobile
|Android|chrome generic|1280x720,,Android,chrome generic,1280x720,mobile
rv:58.0|Mac OS X 10.11|firefox generic|1680x1050,rv:58.0,Mac OS X 10.11,firefox generic,1680x1050,desktop
SM-G903M||chrome 60.0 for android|,SM-G903M,,chrome 60.0 for android,,mobile
Nexus 5X Build/OPM3.171019.013||chrome generic for android|,Nexus 5X Build/OPM3.171019.013,,chrome generic for android,,mobile
SM-G950U Build/NRD90M|Android 7.0|chrome generic for android|2220x1080,SM-G950U Build/NRD90M,Android 7.0,chrome generic for android,2220x1080,mobile
HTC Desire 10 lifestyle Build/MMB29M||chrome generic for android|,HTC Desire 10 lifestyle Build/MMB29M,,chrome generic for android,,mobile
LG-X210 Build/LMY47I||chrome generic|,LG-X210 Build/LMY47I,,chrome generic,,mobile
rv:41.0|Mac OS X 10.10|firefox|1280x800,rv:41.0,Mac OS X 10.10,firefox,1280x800,desktop
5011A Build/NRD90M||chrome generic for android|,5011A Build/NRD90M,,chrome generic for android,,mobile
Blade V580 Build/LMY47D||chrome 43.0 for android|,Blade V580 Build/LMY47D,,chrome 43.0 for android,,mobile
SM-N920V||chrome 63.0 for android|,SM-N920V,,chrome 63.0 for android,,mobile
Pixel|Android 8.1.0|chrome 62.0 for android|2562x1442,Pixel,Android 8.1.0,chrome 62.0 for android,2562x1442,mobile
||other|,,,other,,mobile
LG-X180g Build/LMY47I||chrome generic|,LG-X180g Build/LMY47I,,chrome generic,,mobile
SM-N950U Build/NMF26X|Android 7.1.1|chrome generic for android|2961x1442,SM-N950U Build/NMF26X,Android 7.1.1,chrome generic for android,2961x1442,mobile
Windows|Windows 7|chrome generic|1600x900,Windows,Windows 7,chrome generic,1600x900,desktop
LG-K330||chrome 54.0 for android|,LG-K330,,chrome 54.0 for android,,mobile
SM-G610M Build/NRD90M||chrome generic for android|,SM-G610M Build/NRD90M,,chrome generic for android,,mobile
SM-A310M Build/NRD90M||chrome 63.0 for android|,SM-A310M Build/NRD90M,,chrome 63.0 for android,,mobile
Moto Z2 Play Build/NPSS26.118-19-14||samsung browser 6.2|,Moto Z2 Play Build/NPSS26.118-19-14,,samsung browser 6.2,,mobile
SM-G928T Build/NRD90M||chrome 63.0 for android|,SM-G928T Build/NRD90M,,chrome 63.0 for android,,mobile
MacOS|Mac OS X 10_13_3|safari generic|3360x2100,MacOS,Mac OS X 10_13_3,safari generic,3360x2100,desktop
XT1030 Build/SU6-7.7|Android|chrome generic|1280x720,XT1030 Build/SU6-7.7,Android,chrome generic,1280x720,mobile
LGL41C|Android 4.4.2|chrome 63.0 for android|801x480,LGL41C,Android 4.4.2,chrome 63.0 for android,801x480,mobile
SM-G930V Build/NRD90M|Android 7.0|chrome generic for android|1920x1080,SM-G930V Build/NRD90M,Android 7.0,chrome generic for android,1920x1080,mobile
rv:58.0|Mac OS X 10.13|firefox generic|4096x2304,rv:58.0,Mac OS X 10.13,firefox generic,4096x2304,desktop
BLU||chrome 43.0 for android|,BLU,,chrome 43.0 for android,,mobile
Moto X Play Build/NPD26.48-24-1||chrome generic for android|,Moto X Play Build/NPD26.48-24-1,,chrome generic for android,,mobile
iOS Device|iOS 11.2.5|mobile safari 11.0|2048x1536,iOS Device,iOS 11.2.5,mobile safari 11.0,2048x1536,mobile
LG-D213||chrome|,LG-D213,,chrome,,mobile
SM-G900V Build/MMB29M|Android 6.0.1|chrome generic for android|1920x1080,SM-G900V Build/MMB29M,Android 6.0.1,chrome generic for android,1920x1080,mobile
LG-K530 Build/MMB29M||chrome generic for android|,LG-K530 Build/MMB29M,,chrome generic for android,,mobile
Redmi 3S Build/MMB29M||chrome generic for android|,Redmi 3S Build/MMB29M,,chrome generic for android,,mobile
rv:58.0|Mac OS X 10.9|firefox generic|1366x768,rv:58.0,Mac OS X 10.9,firefox generic,1366x768,desktop
iOS Device|iOS 11.2.5|mobile safari uiwebview|1334x750,iOS Device,iOS 11.2.5,mobile safari uiwebview,1334x750,mobile
Trident/7.0|Windows 7|ie 11.0 for desktop|1920x1018,Trident/7.0,Windows 7,ie 11.0 for desktop,1920x1018,desktop
SM-T580 Build/NRD90M|Android 7.0|chrome 63.0 for android|,SM-T580 Build/NRD90M,Android 7.0,chrome 63.0 for android,,mobile
SM-G610M Build/MMB29K||chrome generic for android|,SM-G610M Build/MMB29K,,chrome generic for android,,mobile
XT1080|Android|chrome 60.0 for android|1280x720,XT1080,Android,chrome 60.0 for android,1280x720,mobile
SM-N950U Build/NMF26X|Android 7.1.1|chrome generic for android|,SM-N950U Build/NMF26X,Android 7.1.1,chrome generic for android,,mobile
E2303||chrome 63.0 for android|,E2303,,chrome 63.0 for android,,mobile
SM-G920F Build/NRD90M||chrome 55.0 for android|,SM-G920F Build/NRD90M,,chrome 55.0 for android,,mobile
XT1058 Build/LPAS23.12-21.7-1||chrome generic|,XT1058 Build/LPAS23.12-21.7-1,,chrome generic,,mobile
SAMSUNG-SM-N920A||chrome 63.0 for android|,SAMSUNG-SM-N920A,,chrome 63.0 for android,,mobile
LG-D722||chrome 61.0 for android|,LG-D722,,chrome 61.0 for android,,mobile
|Android|samsung browser 6.2|1920x1080,,Android,samsung browser 6.2,1920x1080,mobile
LG-F400K||chrome generic|,LG-F400K,,chrome generic,,mobile
RCT6223W87||chrome generic for android|,RCT6223W87,,chrome generic for android,,mobile
SM-J701M Build/NRD90M||chrome 60.0 for android|,SM-J701M Build/NRD90M,,chrome 60.0 for android,,mobile
Windows||firefox 58.0|,Windows,,firefox 58.0,,desktop
Windows|Windows 7|firefox generic|1680x1050,Windows,Windows 7,firefox generic,1680x1050,desktop
Windows|Windows 7|firefox generic|1440x900,Windows,Windows 7,firefox generic,1440x900,desktop
MacOS|Mac OS X 10_13_2|chrome 63.0|2560x1080,MacOS,Mac OS X 10_13_2,chrome 63.0,2560x1080,desktop
Windows|Windows 10|ie 11.0 for tablet|,Windows,Windows 10,ie 11.0 for tablet,,desktop
WAS-L03T Build/HUAWEIWAS-L03T||chrome generic for android|,WAS-L03T Build/HUAWEIWAS-L03T,,chrome generic for android,,mobile
F3213 Build/36.1.A.1.86||chrome generic for android|,F3213 Build/36.1.A.1.86,,chrome generic for android,,mobile
Windows|Windows 10|firefox generic|1280x1024,Windows,Windows 10,firefox generic,1280x1024,desktop
LGMS330 Build/LMY47V||chrome 63.0 for android|,LGMS330 Build/LMY47V,,chrome 63.0 for android,,mobile
VTR-L09 Build/HUAWEIVTR-L09||chrome generic for android|,VTR-L09 Build/HUAWEIVTR-L09,,chrome generic for android,,mobile
SM-G570M Build/MMB29K||chrome generic for android|,SM-G570M Build/MMB29K,,chrome generic for android,,mobile
SM-G531F||chrome 50.0 for android|,SM-G531F,,chrome 50.0 for android,,mobile
rv:58.0|Mac OS X 10.10|firefox generic|1920x1080,rv:58.0,Mac OS X 10.10,firefox generic,1920x1080,desktop
||chrome 64.0|,,,chrome 64.0,,desktop
MacOS|Mac OS X 10_11_6|chrome generic|2880x1800,MacOS,Mac OS X 10_11_6,chrome generic,2880x1800,desktop
|Android|chrome 64.0|1280x720,,Android,chrome 64.0,1280x720,mobile
XT1650|Android 6.0.1|chrome generic for android|2560x1440,XT1650,Android 6.0.1,chrome generic for android,2560x1440,mobile
Nexus 5X Build/OPM3.171019.013|Android 8.1.0|chrome 63.0 for android|,Nexus 5X Build/OPM3.171019.013,Android 8.1.0,chrome 63.0 for android,,mobile
SM-J700M Build/MMB29K||chrome generic for android|,SM-J700M Build/MMB29K,,chrome generic for android,,mobile
Ilium X520 Build/NRD90M||chrome 63.0 for android|,Ilium X520 Build/NRD90M,,chrome 63.0 for android,,mobile
SGH-M919 Build/KTU84P|Android|chrome 63.0 for android|1920x1080,SGH-M919 Build/KTU84P,Android,chrome 63.0 for android,1920x1080,mobile
rv:58.0||Generic/Android 7.0|,rv:58.0,,Generic/Android 7.0,,mobile
Lenovo K33b36 Build/NRD90N||chrome generic for android|,Lenovo K33b36 Build/NRD90N,,chrome generic for android,,mobile
SAMSUNG SM-A320FL Build/NRD90M||samsung browser 6.2|,SAMSUNG SM-A320FL Build/NRD90M,,samsung browser 6.2,,mobile
XT1032 Build/LPBS23.13-57-2||chrome 63.0 for android|,XT1032 Build/LPBS23.13-57-2,,chrome 63.0 for android,,mobile
SM-A310M Build/LMY47X||chrome generic|,SM-A310M Build/LMY47X,,chrome generic,,mobile
F3313 Build/37.0.A.2.108||chrome 64.0 for android|,F3313 Build/37.0.A.2.108,,chrome 64.0 for android,,mobile
LG-X210 Build/LMY47I||chrome 50.0 for android|,LG-X210 Build/LMY47I,,chrome 50.0 for android,,mobile
GT-I9300||chrome 63.0 for android|,GT-I9300,,chrome 63.0 for android,,mobile
ALE-L23 Build/HuaweiALE-L23||chrome 56.0 for android|,ALE-L23 Build/HuaweiALE-L23,,chrome 56.0 for android,,mobile
SM-G955U1 Build/NRD90M||chrome generic for android|,SM-G955U1 Build/NRD90M,,chrome generic for android,,mobile
Blade V6 Plus Build/MRA58K||chrome generic for android|,Blade V6 Plus Build/MRA58K,,chrome generic for android,,mobile
XT1021 Build/LPCS23.13-34.8-3||chrome|,XT1021 Build/LPCS23.13-34.8-3,,chrome,,mobile
Windows|Windows 10|firefox 58.0|1366x768,Windows,Windows 10,firefox 58.0,1366x768,desktop
Trident/7.0|Windows 8|ie 11.0 for desktop|1600x900,Trident/7.0,Windows 8,ie 11.0 for desktop,1600x900,desktop
Windows|Windows 10|chrome 64.0|3840x2160,Windows,Windows 10,chrome 64.0,3840x2160,desktop
Windows|Windows XP|firefox|1024x768,Windows,Windows XP,firefox,1024x768,desktop
HUAWEI TAG-L13 Build/HUAWEITAG-L13||chrome 64.0 for android|,HUAWEI TAG-L13 Build/HUAWEITAG-L13,,chrome 64.0 for android,,mobile
SM-N950U Build/NMF26X|Android 7.1.1|chrome 64.0 for android|2960x1440,SM-N950U Build/NMF26X,Android 7.1.1,chrome 64.0 for android,2960x1440,mobile
XT1650|Android 6.0.1|chrome 64.0 for android|2560x1440,XT1650,Android 6.0.1,chrome 64.0 for android,2560x1440,mobile
SM-G935F Build/NRD90M||chrome generic for android|,SM-G935F Build/NRD90M,,chrome generic for android,,mobile
|Linux|chrome 64.0|2560x1440,,Linux,chrome 64.0,2560x1440,desktop
F5121 Build/34.3.A.0.252||chrome generic for android|,F5121 Build/34.3.A.0.252,,chrome generic for android,,mobile
Windows|Windows 10|firefox generic|4500x3000,Windows,Windows 10,firefox generic,4500x3000,desktop
ALE-L23 Build/HuaweiALE-L23||chrome generic|,ALE-L23 Build/HuaweiALE-L23,,chrome generic,,mobile
HUAWEI||chrome 56.0 for android|,HUAWEI,,chrome 56.0 for android,,mobile
Linux x86_64|Linux|chrome|1920x1080,Linux x86_64,Linux,chrome,1920x1080,desktop
rv:58.0|Android 7.1.1|Generic/Android|2220x1080,rv:58.0,Android 7.1.1,Generic/Android,2220x1080,mobile
MacOS|Mac OS X 10_11_4|chrome 58.0|1440x900,MacOS,Mac OS X 10_11_4,chrome 58.0,1440x900,desktop
|Linux|samsung browser 6.2|2961x1442,,Linux,samsung browser 6.2,2961x1442,mobile
MotoG3 Build/MPIS24.65-33.1-2-16||chrome generic for android|,MotoG3 Build/MPIS24.65-33.1-2-16,,chrome generic for android,,mobile
Windows||chrome 64.0|,Windows,,chrome 64.0,,desktop
Z981 Build/MMB29M|Android 6.0.1|chrome 64.0 for android|1920x1080,Z981 Build/MMB29M,Android 6.0.1,chrome 64.0 for android,1920x1080,mobile
iOS Device|iOS 11.2.5|mobile safari generic|1136x640,iOS Device,iOS 11.2.5,mobile safari generic,1136x640,mobile
SM-N950U Build/NMF26X|Android 7.1.1|chrome 64.0 for android|,SM-N950U Build/NMF26X,Android 7.1.1,chrome 64.0 for android,,mobile
LG-M320 Build/NRD90U||chrome 64.0 for android|,LG-M320 Build/NRD90U,,chrome 64.0 for android,,mobile
MotoG3 Build/MPI24.65-33.1-2||chrome 59.0 for android|,MotoG3 Build/MPI24.65-33.1-2,,chrome 59.0 for android,,mobile
LG-H870 Build/NRD90U||chrome generic for android|,LG-H870 Build/NRD90U,,chrome generic for android,,mobile
SM-J710MN Build/MMB29K||chrome 64.0 for android|,SM-J710MN Build/MMB29K,,chrome 64.0 for android,,mobile
E5506 Build/29.1.A.0.101||chrome 49.0 for android|,E5506 Build/29.1.A.0.101,,chrome 49.0 for android,,mobile
ALE-L23 Build/HuaweiALE-L23||chrome 64.0 for android|,ALE-L23 Build/HuaweiALE-L23,,chrome 64.0 for android,,mobile
8050G Build/LMY47I||chrome 55.0 for android|,8050G Build/LMY47I,,chrome 55.0 for android,,mobile
LG-X230 Build/MRA58K||chrome generic for android|,LG-X230 Build/MRA58K,,chrome generic for android,,mobile
SM-N910F Build/MMB29M||chrome 64.0 for android|,SM-N910F Build/MMB29M,,chrome 64.0 for android,,mobile
LG-K500 Build/MMB29M||chrome 64.0 for android|,LG-K500 Build/MMB29M,,chrome 64.0 for android,,mobile
SM-G850M Build/LRX22G||chrome 63.0 for android|,SM-G850M Build/LRX22G,,chrome 63.0 for android,,mobile
Hisense L675 Build/MRA58K||chrome 55.0 for android|,Hisense L675 Build/MRA58K,,chrome 55.0 for android,,mobile
|Android|chrome|855x480,,Android,chrome,855x480,mobile
SM-N920A Build/MMB29K||chrome 63.0 for android|,SM-N920A Build/MMB29K,,chrome 63.0 for android,,mobile
LGLK430|Android|chrome generic|,LGLK430,Android,chrome generic,,mobile
Windows|Windows 10|firefox 58.0|4500x3000,Windows,Windows 10,firefox 58.0,4500x3000,desktop
ALE-L21 Build/HuaweiALE-L21||chrome generic for android|,ALE-L21 Build/HuaweiALE-L21,,chrome generic for android,,mobile
Moto||chrome 64.0 for android|,Moto,,chrome 64.0 for android,,mobile
KYY22||chrome 63.0 for android|,KYY22,,chrome 63.0 for android,,mobile
rv:49.0|Mac OS X 10.12|firefox|1280x800,rv:49.0,Mac OS X 10.12,firefox,1280x800,desktop
MacOS|Mac OS X 10_12_3|chrome 63.0|2880x1800,MacOS,Mac OS X 10_12_3,chrome 63.0,2880x1800,desktop
SAMSUNG SM-J500M Build/LMY48B||chrome generic|,SAMSUNG SM-J500M Build/LMY48B,,chrome generic,,mobile
5054S Build/LMY47V||chrome 63.0 for android|,5054S Build/LMY47V,,chrome 63.0 for android,,mobile
Windows|Windows 10|firefox generic|1680x1050,Windows,Windows 10,firefox generic,1680x1050,desktop
rv:56.0|Windows 8.1|firefox 56.0|1920x1080,rv:56.0,Windows 8.1,firefox 56.0,1920x1080,desktop
Windows|Windows 10|chrome 64.0|1680x1050,Windows,Windows 10,chrome 64.0,1680x1050,desktop
SM-J730GM Build/NRD90M||chrome 64.0 for android|,SM-J730GM Build/NRD90M,,chrome 64.0 for android,,mobile
9022X||chrome 63.0 for android|,9022X,,chrome 63.0 for android,,mobile
SM-G935F Build/NRD90M||chrome 64.0 for android|,SM-G935F Build/NRD90M,,chrome 64.0 for android,,mobile
BLADE V8 SE Build/NRD90M||chrome generic for android|,BLADE V8 SE Build/NRD90M,,chrome generic for android,,mobile
Windows||opera|,Windows,,opera,,desktop
LG-H870 Build/NRD90U||chrome 64.0 for android|,LG-H870 Build/NRD90U,,chrome 64.0 for android,,mobile
rv:58.0||firefox 58.0|,rv:58.0,,firefox 58.0,,desktop
Windows|Windows 7|firefox 58.0|1366x768,Windows,Windows 7,firefox 58.0,1366x768,desktop
PRA-LX3 Build/HUAWEIPRA-LX3||chrome generic for android|,PRA-LX3 Build/HUAWEIPRA-LX3,,chrome generic for android,,mobile
Windows|Windows 7|chrome 64.0|1366x768,Windows,Windows 7,chrome 64.0,1366x768,desktop
SM-G900P Build/LRX21T|Android 5.0|chrome 64.0 for android|1920x1080,SM-G900P Build/LRX21T,Android 5.0,chrome 64.0 for android,1920x1080,mobile
SAMSUNG SM-G935A Build/NRD90M||samsung browser 6.2|,SAMSUNG SM-G935A Build/NRD90M,,samsung browser 6.2,,mobile
5010G Build/MRA58K||chrome generic for android|,5010G Build/MRA58K,,chrome generic for android,,mobile
iOS Device|iOS 11.2.5|mobile safari generic|2732x2048,iOS Device,iOS 11.2.5,mobile safari generic,2732x2048,mobile
MacOS|Mac OS X 10_13_3|chrome 63.0|6016x3384,MacOS,Mac OS X 10_13_3,chrome 63.0,6016x3384,desktop
TA-1027||chrome 63.0 for android|,TA-1027,,chrome 63.0 for android,,mobile
LG-H542 Build/LRX22G||chrome 52.0 for android|,LG-H542 Build/LRX22G,,chrome 52.0 for android,,mobile
Lenovo K33b36 Build/MMB29M||android webview 4.0|,Lenovo K33b36 Build/MMB29M,,android webview 4.0,,mobile
ALP-L09 Build/HUAWEIALP-L09||chrome generic for android|,ALP-L09 Build/HUAWEIALP-L09,,chrome generic for android,,mobile
LG-D331 Build/LRX22G||chrome 64.0 for android|,LG-D331 Build/LRX22G,,chrome 64.0 for android,,mobile
MYA-L13 Build/HUAWEIMYA-L13||chrome generic for android|,MYA-L13 Build/HUAWEIMYA-L13,,chrome generic for android,,mobile
SAMSUNG SM-G570M Build/MMB29K||samsung browser 5.4|,SAMSUNG SM-G570M Build/MMB29K,,samsung browser 5.4,,mobile
Blade||chrome 64.0 for android|,Blade,,chrome 64.0 for android,,mobile
Turbo C5 Build/LMY47I||chrome 64.0 for android|,Turbo C5 Build/LMY47I,,chrome 64.0 for android,,mobile
Windows|Windows 7|firefox 58.0|1920x1080,Windows,Windows 7,firefox 58.0,1920x1080,desktop
LG-M320 Build/NRD90U||chrome generic for android|,LG-M320 Build/NRD90U,,chrome generic for android,,mobile
hi6210sft Build/MRA58K||chrome 64.0 for android|,hi6210sft Build/MRA58K,,chrome 64.0 for android,,mobile
SLA-L03 Build/HUAWEISLA-L03||chrome 59.0 for android|,SLA-L03 Build/HUAWEISLA-L03,,chrome 59.0 for android,,mobile
E2104 Build/24.0.A.5.14||chrome generic|,E2104 Build/24.0.A.5.14,,chrome generic,,mobile
F3113 Build/33.2.A.3.81||chrome 51.0 for android|,F3113 Build/33.2.A.3.81,,chrome 51.0 for android,,mobile
Redmi Note 4 Build/NRD90M||chrome 61.0 for android|,Redmi Note 4 Build/NRD90M,,chrome 61.0 for android,,mobile
Windows|Windows 10|firefox generic|1440x900,Windows,Windows 10,firefox generic,1440x900,desktop
LG-H420 Build/LRX21Y||chrome 46.0 for android|,LG-H420 Build/LRX21Y,,chrome 46.0 for android,,mobile
LG-M700 Build/NMF26X||chrome 64.0 for android|,LG-M700 Build/NMF26X,,chrome 64.0 for android,,mobile
Windows|Windows 7|chrome generic|1920x1200,Windows,Windows 7,chrome generic,1920x1200,desktop
SM-T377V Build/NMF26X|Android 7.1.1|chrome 61.0 for android|,SM-T377V Build/NMF26X,Android 7.1.1,chrome 61.0 for android,,mobile
iOS Device|iOS 11.2.5|chrome 63.0 for ios|2048x1536,iOS Device,iOS 11.2.5,chrome 63.0 for ios,2048x1536,mobile
iOS Device|iOS 11.2.5|mobile safari generic|2048x1536,iOS Device,iOS 11.2.5,mobile safari generic,2048x1536,mobile
LG-H870DS Build/NRD90U||chrome 64.0 for android|,LG-H870DS Build/NRD90U,,chrome 64.0 for android,,mobile
SM-J700M Build/LMY48B||chrome generic|,SM-J700M Build/LMY48B,,chrome generic,,mobile
Windows|Windows 10|chrome 64.0|1600x900,Windows,Windows 10,chrome 64.0,1600x900,desktop
Lenovo TB-7703X Build/S100||chrome 62.0 for android|,Lenovo TB-7703X Build/S100,,chrome 62.0 for android,,mobile
LG-H650 Build/MRA58K||chrome 64.0 for android|,LG-H650 Build/MRA58K,,chrome 64.0 for android,,mobile
Grand||chrome 56.0 for android|,Grand,,chrome 56.0 for android,,mobile
Windows|Windows 10|opera|1600x900,Windows,Windows 10,opera,1600x900,desktop
rv:51.0|Windows 7|seamonkey|1440x900,rv:51.0,Windows 7,seamonkey,1440x900,desktop
ZTE Blade A511 Build/MRA58K||chrome 63.0 for android|,ZTE Blade A511 Build/MRA58K,,chrome 63.0 for android,,mobile
rv:50.0|Mac OS X 10.13|firefox|1920x1080,rv:50.0,Mac OS X 10.13,firefox,1920x1080,desktop
LG-K200 Build/MXB48T||chrome generic for android|,LG-K200 Build/MXB48T,,chrome generic for android,,mobile
MacOS|Mac OS X 10_13_3|safari generic|3200x1800,MacOS,Mac OS X 10_13_3,safari generic,3200x1800,desktop
Stellar||chrome 61.0 for android|,Stellar,,chrome 61.0 for android,,mobile
rv:58.0|Mac OS X 10.13|firefox generic|1440x900,rv:58.0,Mac OS X 10.13,firefox generic,1440x900,desktop
SM-P350 Build/MMB29M||chrome generic for android|,SM-P350 Build/MMB29M,,chrome generic for android,,mobile
REX||chrome 58.0 for android|,REX,,chrome 58.0 for android,,mobile
VS988 Build/NRD90U|Android 7.0|chrome 64.0 for android|2672x1440,VS988 Build/NRD90U,Android 7.0,chrome 64.0 for android,2672x1440,mobile
TA-1039 Build/NMF26F||chrome 64.0 for android|,TA-1039 Build/NMF26F,,chrome 64.0 for android,,mobile
MacOS|Mac OS X 10_13_3|chrome 64.0|1800x1125,MacOS,Mac OS X 10_13_3,chrome 64.0,1800x1125,desktop
SM-G920V||chrome generic|,SM-G920V,,chrome generic,,mobile
Windows|Windows 10|firefox 58.0|1600x900,Windows,Windows 10,firefox 58.0,1600x900,desktop
LG-H542 Build/MRA58K||other|,LG-H542 Build/MRA58K,,other,,mobile
SM-G530W||chrome 63.0 for android|,SM-G530W,,chrome 63.0 for android,,mobile
Windows|Windows 10|chrome 64.0|1920x1080,Windows,Windows 10,chrome 64.0,1920x1080,desktop
SAMSUNG SM-G903F Build/MMB29K||samsung browser 4.0|,SAMSUNG SM-G903F Build/MMB29K,,samsung browser 4.0,,mobile
AX921 Build/MRA58K||chrome 63.0 for android|,AX921 Build/MRA58K,,chrome 63.0 for android,,mobile
|Linux|chrome 63.0|1280x800,,Linux,chrome 63.0,1280x800,desktop
E8QP||chrome generic|,E8QP,,chrome generic,,mobile
SM-J700M Build/MMB29K||chrome 64.0 for android|,SM-J700M Build/MMB29K,,chrome 64.0 for android,,mobile
SM-G930W8 Build/NRD90M|Android 7.0|chrome generic for android|1920x1080,SM-G930W8 Build/NRD90M,Android 7.0,chrome generic for android,1920x1080,mobile
SM-P580 Build/NRD90M||chrome 56.0 for android|,SM-P580 Build/NRD90M,,chrome 56.0 for android,,mobile
TA-1039 Build/N2G47H||chrome 64.0 for android|,TA-1039 Build/N2G47H,,chrome 64.0 for android,,mobile
FRD-L09 Build/HUAWEIFRD-L09||chrome 64.0 for android|,FRD-L09 Build/HUAWEIFRD-L09,,chrome 64.0 for android,,mobile
iOS Device|iOS 11.2.2|mobile safari uiwebview|2001x1125,iOS Device,iOS 11.2.2,mobile safari uiwebview,2001x1125,mobile
rv:53.0||firefox|,rv:53.0,,firefox,,desktop
||firefox 58.0|,,,firefox 58.0,,desktop
SM-T530 Build/LRX22G||chrome 63.0 for android|,SM-T530 Build/LRX22G,,chrome 63.0 for android,,mobile
Nexus 5X Build/OPM3.171019.013|Android 8.1.0|chrome generic for android|,Nexus 5X Build/OPM3.171019.013,Android 8.1.0,chrome generic for android,,mobile
G3223 Build/42.0.A.4.101||chrome 64.0 for android|,G3223 Build/42.0.A.4.101,,chrome 64.0 for android,,mobile
iOS Device|iOS 10.0.2|mobile safari generic|1334x750,iOS Device,iOS 10.0.2,mobile safari generic,1334x750,mobile
LG-H990 Build/NRD90M||chrome 64.0 for android|,LG-H990 Build/NRD90M,,chrome 64.0 for android,,mobile
F5121 Build/34.3.A.0.252||chrome 64.0 for android|,F5121 Build/34.3.A.0.252,,chrome 64.0 for android,,mobile
rv:58.0|Mac OS X 10.11|firefox 58.0|1280x800,rv:58.0,Mac OS X 10.11,firefox 58.0,1280x800,desktop
Lenovo TB-7703X Build/S100||chrome generic for android|,Lenovo TB-7703X Build/S100,,chrome generic for android,,mobile
D5316 Build/19.4.A.0.182||chrome 62.0 for android|,D5316 Build/19.4.A.0.182,,chrome 62.0 for android,,mobile
SM-G610M Build/MMB29K||chrome 64.0 for android|,SM-G610M Build/MMB29K,,chrome 64.0 for android,,mobile
Moto X Play Build/NPD26.48-24-1||chrome 64.0 for android|,Moto X Play Build/NPD26.48-24-1,,chrome 64.0 for android,,mobile
|Linux|chrome 64.0|2961x1442,,Linux,chrome 64.0,2961x1442,desktop
iOS Device|iOS 11.2.5|chrome 64.0 for ios|2048x1536,iOS Device,iOS 11.2.5,chrome 64.0 for ios,2048x1536,mobile
rv:58.0|Windows 10|firefox|1440x900,rv:58.0,Windows 10,firefox,1440x900,desktop
Lenovo K33b36 Build/NRD90N||chrome 64.0 for android|,Lenovo K33b36 Build/NRD90N,,chrome 64.0 for android,,mobile
Windows|Windows 10|firefox 58.0|2560x1080,Windows,Windows 10,firefox 58.0,2560x1080,desktop
Moto C Build/NRD90M.063||chrome 64.0 for android|,Moto C Build/NRD90M.063,,chrome 64.0 for android,,mobile
SM-G530T||chrome 64.0 for android|,SM-G530T,,chrome 64.0 for android,,mobile
SM-N950F Build/NMF26X||chrome 64.0 for android|,SM-N950F Build/NMF26X,,chrome 64.0 for android,,mobile
LG-K410 Build/LRX22G||chrome 64.0 for android|,LG-K410 Build/LRX22G,,chrome 64.0 for android,,mobile
LGLS770|Android 6.0|chrome 63.0 for android|1280x720,LGLS770,Android 6.0,chrome 63.0 for android,1280x720,mobile
rv:58.0|Windows 10|firefox|2736x1824,rv:58.0,Windows 10,firefox,2736x1824,desktop
LGLS755||chrome 63.0 for android|,LGLS755,,chrome 63.0 for android,,mobile
|Android|chrome 64.0|855x480,,Android,chrome 64.0,855x480,mobile
HUAWEI VNS-L53 Build/HUAWEIVNS-L53||chrome 64.0 for android|,HUAWEI VNS-L53 Build/HUAWEIVNS-L53,,chrome 64.0 for android,,mobile
|Linux|chrome 63.0|2400x1600,,Linux,chrome 63.0,2400x1600,desktop
Windows|Windows 10|firefox 58.0|3000x2000,Windows,Windows 10,firefox 58.0,3000x2000,desktop
Windows|Windows 8.1|chrome generic|1600x900,Windows,Windows 8.1,chrome generic,1600x900,desktop
COVET Build/NRD90M||android webview 4.0|,COVET Build/NRD90M,,android webview 4.0,,mobile
5010S Build/MRA58K||chrome 64.0 for android|,5010S Build/MRA58K,,chrome 64.0 for android,,mobile
SM-N900W8 Build/LRX21V||chrome 64.0 for android|,SM-N900W8 Build/LRX21V,,chrome 64.0 for android,,mobile
rv:58.0|Mac OS X 10.13|firefox 58.0|2560x1600,rv:58.0,Mac OS X 10.13,firefox 58.0,2560x1600,desktop
SM-J730G Build/NRD90M||chrome 64.0 for android|,SM-J730G Build/NRD90M,,chrome 64.0 for android,,mobile
MYA-L13 Build/HUAWEIMYA-L13||other|,MYA-L13 Build/HUAWEIMYA-L13,,other,,mobile
SM-J327P Build/MMB29M|Android 6.0.1|chrome 64.0 for android|1280x720,SM-J327P Build/MMB29M,Android 6.0.1,chrome 64.0 for android,1280x720,mobile
SM-J120FN Build/LMY47X||chrome 63.0 for android|,SM-J120FN Build/LMY47X,,chrome 63.0 for android,,mobile
HTC U11 Build/NMF26X||chrome 64.0 for android|,HTC U11 Build/NMF26X,,chrome 64.0 for android,,mobile
GT-I9515||chrome 63.0 for android|,GT-I9515,,chrome 63.0 for android,,mobile
LG-H831 Build/NRD90U||chrome 59.0 for android|,LG-H831 Build/NRD90U,,chrome 59.0 for android,,mobile
BLADE V8 SE Build/NRD90M||chrome 64.0 for android|,BLADE V8 SE Build/NRD90M,,chrome 64.0 for android,,mobile
SM-G930F Build/NRD90M||chrome 64.0 for android|,SM-G930F Build/NRD90M,,chrome 64.0 for android,,mobile
SM-A300H Build/LRX22G||chrome 64.0 for android|,SM-A300H Build/LRX22G,,chrome 64.0 for android,,mobile
SLA-L03 Build/HUAWEISLA-L03||chrome generic for android|,SLA-L03 Build/HUAWEISLA-L03,,chrome generic for android,,mobile
||chrome 64.0 for ios|,,,chrome 64.0 for ios,,mobile
MacOS|Mac OS X 10_13_3|chrome 63.0|2880x1800,MacOS,Mac OS X 10_13_3,chrome 63.0,2880x1800,desktop
SM-G920F Build/NRD90M||chrome 64.0 for android|,SM-G920F Build/NRD90M,,chrome 64.0 for android,,mobile
SM-G950F Build/NRD90M||chrome 64.0 for android|,SM-G950F Build/NRD90M,,chrome 64.0 for android,,mobile
HUAWEI VNS-L21 Build/HUAWEIVNS-L21||chrome 64.0 for android|,HUAWEI VNS-L21 Build/HUAWEIVNS-L21,,chrome 64.0 for android,,mobile
SM-G955U Build/NRD90M||chrome 64.0 for android|,SM-G955U Build/NRD90M,,chrome 64.0 for android,,mobile
MacOS|Mac OS X 10_13_3|chrome 63.0|2560x1600,MacOS,Mac OS X 10_13_3,chrome 63.0,2560x1600,desktop
LG-H960||chrome generic for android|,LG-H960,,chrome generic for android,,mobile
LG-X165g Build/LRX21M||chrome 64.0 for android|,LG-X165g Build/LRX21M,,chrome 64.0 for android,,mobile
5025G Build/LMY47I||chrome 63.0 for android|,5025G Build/LMY47I,,chrome 63.0 for android,,mobile
SM-G955U Build/NRD90M|Android 7.0|chrome 64.0 for android|,SM-G955U Build/NRD90M,Android 7.0,chrome 64.0 for android,,mobile
LG-X240 Build/MRA58K||chrome 64.0 for android|,LG-X240 Build/MRA58K,,chrome 64.0 for android,,mobile
5015A Build/LMY47I||chrome 43.0 for android|,5015A Build/LMY47I,,chrome 43.0 for android,,mobile
P5006A Build/NRD90M||chrome 63.0 for android|,P5006A Build/NRD90M,,chrome 63.0 for android,,mobile
Windows|Windows 10|firefox 58.0|1920x1080,Windows,Windows 10,firefox 58.0,1920x1080,desktop
SM-G930V Build/NRD90M|Android 7.0|chrome 64.0 for android|1920x1080,SM-G930V Build/NRD90M,Android 7.0,chrome 64.0 for android,1920x1080,mobile
E6810||chrome 63.0 for android|,E6810,,chrome 63.0 for android,,mobile
SM-T110 Build/JDQ39||chrome 63.0 for android|,SM-T110 Build/JDQ39,,chrome 63.0 for android,,mobile
TRT-L53 Build/HUAWEITRT-L53||chrome 64.0 for android|,TRT-L53 Build/HUAWEITRT-L53,,chrome 64.0 for android,,mobile
LG-K530 Build/MMB29M||chrome 64.0 for android|,LG-K530 Build/MMB29M,,chrome 64.0 for android,,mobile
SM-G900M Build/LRX21T||chrome 57.0 for android|,SM-G900M Build/LRX21T,,chrome 57.0 for android,,mobile
SM-A520F Build/NRD90M||chrome 64.0 for android|,SM-A520F Build/NRD90M,,chrome 64.0 for android,,mobile
Windows|Windows 8.1|firefox 58.0|1920x1080,Windows,Windows 8.1,firefox 58.0,1920x1080,desktop
Windows|Windows 7|chrome 64.0|1920x1080,Windows,Windows 7,chrome 64.0,1920x1080,desktop
Windows|Windows 7|firefox 58.0|1440x900,Windows,Windows 7,firefox 58.0,1440x900,desktop
M4 SS4456 Build/LMY47V||M4Tel/M4|,M4 SS4456 Build/LMY47V,,M4Tel/M4,,mobile
WAS-LX3 Build/HUAWEIWAS-LX3||chrome 64.0 for android|,WAS-LX3 Build/HUAWEIWAS-LX3,,chrome 64.0 for android,,mobile
SM-A720F Build/NRD90M||chrome 64.0 for android|,SM-A720F Build/NRD90M,,chrome 64.0 for android,,mobile
Windows|Windows 7|chrome generic|1680x1050,Windows,Windows 7,chrome generic,1680x1050,desktop
SM-G925V Build/NRD90M||android webview 4.0|,SM-G925V Build/NRD90M,,android webview 4.0,,mobile
SM-G935V Build/NRD90M|Android 7.0|chrome 64.0 for android|2560x1440,SM-G935V Build/NRD90M,Android 7.0,chrome 64.0 for android,2560x1440,mobile
9002A||chrome 63.0 for android|,9002A,,chrome 63.0 for android,,mobile
MacOS|Mac OS X 10_13_3|chrome 63.0|1440x900,MacOS,Mac OS X 10_13_3,chrome 63.0,1440x900,desktop
SM-J320M Build/LMY47V||chrome 64.0 for android|,SM-J320M Build/LMY47V,,chrome 64.0 for android,,mobile
Windows|Windows 10|chrome 64.0|1366x768,Windows,Windows 10,chrome 64.0,1366x768,desktop
SAMSUNG-SM-G930A Build/NRD90M|Android 7.0|chrome 64.0 for android|1920x1080,SAMSUNG-SM-G930A Build/NRD90M,Android 7.0,chrome 64.0 for android,1920x1080,mobile
rv:58.0|Mac OS X 10.9|firefox 58.0|2880x1800,rv:58.0,Mac OS X 10.9,firefox 58.0,2880x1800,desktop
E2306 Build/26.3.A.1.33||chrome 64.0 for android|,E2306 Build/26.3.A.1.33,,chrome 64.0 for android,,mobile
SM-G531H Build/LMY48B||chrome 64.0 for android|,SM-G531H Build/LMY48B,,chrome 64.0 for android,,mobile
SM-G955F Build/NRD90M||chrome 64.0 for android|,SM-G955F Build/NRD90M,,chrome 64.0 for android,,mobile
F5121 Build/34.3.A.0.238||chrome 64.0 for android|,F5121 Build/34.3.A.0.238,,chrome 64.0 for android,,mobile
SM-A500M Build/KTU84P||chrome 64.0 for android|,SM-A500M Build/KTU84P,,chrome 64.0 for android,,mobile
MotoG3 Build/MPIS24.65-33.1-2-16||chrome 64.0 for android|,MotoG3 Build/MPIS24.65-33.1-2-16,,chrome 64.0 for android,,mobile
MacOS|Mac OS X 10_12_6|chrome generic|2880x1800,MacOS,Mac OS X 10_12_6,chrome generic,2880x1800,desktop
Windows||firefox 59.0|,Windows,,firefox 59.0,,desktop
5010G Build/MRA58K||chrome 61.0 for android|,5010G Build/MRA58K,,chrome 61.0 for android,,mobile
SM-J700M Build/LMY48B||chrome 64.0 for android|,SM-J700M Build/LMY48B,,chrome 64.0 for android,,mobile
||comodo|,,,comodo,,desktop
AX1070||chrome 63.0 for android|,AX1070,,chrome 63.0 for android,,mobile
PRA-LX1 Build/HUAWEIPRA-LX1||chrome 64.0 for android|,PRA-LX1 Build/HUAWEIPRA-LX1,,chrome 64.0 for android,,mobile
PRA-LX3 Build/HUAWEIPRA-LX3||chrome 64.0 for android|,PRA-LX3 Build/HUAWEIPRA-LX3,,chrome 64.0 for android,,mobile
Moto Z2 Play Build/NPSS26.118-19-14||chrome 64.0 for android|,Moto Z2 Play Build/NPSS26.118-19-14,,chrome 64.0 for android,,mobile
SM-G900F Build/KOT49H||chrome 64.0 for android|,SM-G900F Build/KOT49H,,chrome 64.0 for android,,mobile
Windows|Windows 10|firefox 58.0|1360x768,Windows,Windows 10,firefox 58.0,1360x768,desktop
SM-G570M Build/MMB29K||chrome 64.0 for android|,SM-G570M Build/MMB29K,,chrome 64.0 for android,,mobile
RNE-L03 Build/HUAWEIRNE-L03||chrome 63.0 for android|,RNE-L03 Build/HUAWEIRNE-L03,,chrome 63.0 for android,,mobile
iOS Device|iOS 11.2.5|mobile safari generic|2001x1125,iOS Device,iOS 11.2.5,mobile safari generic,2001x1125,mobile
SAMSUNG SM-G930F Build/NRD90M||other|,SAMSUNG SM-G930F Build/NRD90M,,other,,mobile
|Android|chrome 64.0|1920x1080,,Android,chrome 64.0,1920x1080,mobile
SM-G930T Build/NRD90M|Android 7.0|chrome 64.0 for android|1920x1080,SM-G930T Build/NRD90M,Android 7.0,chrome 64.0 for android,1920x1080,mobile
SM-J510MN Build/MMB29M||chrome generic for android|,SM-J510MN Build/MMB29M,,chrome generic for android,,mobile
Lenovo A2016b30 Build/MRA58K||chrome 60.0 for android|,Lenovo A2016b30 Build/MRA58K,,chrome 60.0 for android,,mobile
MacOS|Mac OS X 10_13_3|safari generic|5120x2880,MacOS,Mac OS X 10_13_3,safari generic,5120x2880,desktop
SM-J530GM Build/NRD90M||chrome 64.0 for android|,SM-J530GM Build/NRD90M,,chrome 64.0 for android,,mobile
ME301T||chrome 63.0 for android|,ME301T,,chrome 63.0 for android,,mobile
iOS Device|iOS 10.2.1|mobile safari generic|2732x2048,iOS Device,iOS 10.2.1,mobile safari generic,2732x2048,mobile
rv:58.0|Mac OS X 10.10|firefox 58.0|1280x1024,rv:58.0,Mac OS X 10.10,firefox 58.0,1280x1024,desktop
Windows|Windows 10|chrome 64.0|2560x1440,Windows,Windows 10,chrome 64.0,2560x1440,desktop
GT-I9060L Build/JDQ39||chrome 64.0 for android|,GT-I9060L Build/JDQ39,,chrome 64.0 for android,,mobile
LG-K580 Build/MRA58K||chrome 64.0 for android|,LG-K580 Build/MRA58K,,chrome 64.0 for android,,mobile
MacOS|Mac OS X 10_13_3|chrome 64.0|1366x768,MacOS,Mac OS X 10_13_3,chrome 64.0,1366x768,desktop
XT1635-02 Build/NPN26.118-22-2||chrome 64.0 for android|,XT1635-02 Build/NPN26.118-22-2,,chrome 64.0 for android,,mobile
Lenovo A2016b30 Build/MRA58K||chrome 64.0 for android|,Lenovo A2016b30 Build/MRA58K,,chrome 64.0 for android,,mobile
Turbo C5 Build/LMY47I||chrome 63.0 for android|,Turbo C5 Build/LMY47I,,chrome 63.0 for android,,mobile
Blade V6 Max Build/MRA58K||chrome 63.0 for android|,Blade V6 Max Build/MRA58K,,chrome 63.0 for android,,mobile
SM-N920T Build/NRD90M|Android 7.0|chrome 64.0 for android|,SM-N920T Build/NRD90M,Android 7.0,chrome 64.0 for android,,mobile
|Linux|chrome 60.0|2560x1440,,Linux,chrome 60.0,2560x1440,desktop
Windows|Windows 7|firefox 58.0|1280x1024,Windows,Windows 7,firefox 58.0,1280x1024,desktop
Moto C Build/NRD90M.050||chrome 64.0 for android|,Moto C Build/NRD90M.050,,chrome 64.0 for android,,mobile
MacOS|Mac OS X 10_13_3|safari generic|1344x756,MacOS,Mac OS X 10_13_3,safari generic,1344x756,desktop
MacOS|Mac OS X 10_13_3|safari generic|1600x900,MacOS,Mac OS X 10_13_3,safari generic,1600x900,desktop
MacOS|Mac OS X 10_7_5|opera|1280x800,MacOS,Mac OS X 10_7_5,opera,1280x800,desktop
MacOS|Mac OS X 10_13_3|chrome 63.0|1280x800,MacOS,Mac OS X 10_13_3,chrome 63.0,1280x800,desktop
Lenovo K33b36 Build/MMB29M||chrome 64.0 for android|,Lenovo K33b36 Build/MMB29M,,chrome 64.0 for android,,mobile
Windows|Windows 7|firefox 58.0|,Windows,Windows 7,firefox 58.0,,desktop
SAMSUNG SM-T550 Build/NMF26X||samsung browser 6.2|,SAMSUNG SM-T550 Build/NMF26X,,samsung browser 6.2,,mobile
SAMSUNG-SM-G900A Build/MMB29M|Android 6.0.1|samsung browser 4.0|1920x1080,SAMSUNG-SM-G900A Build/MMB29M,Android 6.0.1,samsung browser 4.0,1920x1080,mobile
Blade V6 Plus Build/MRA58K||chrome 64.0 for android|,Blade V6 Plus Build/MRA58K,,chrome 64.0 for android,,mobile
SM-G532M Build/MMB29T||chrome 64.0 for android|,SM-G532M Build/MMB29T,,chrome 64.0 for android,,mobile
Windows|Windows 10|edge 16.0|1280x960,Windows,Windows 10,edge 16.0,1280x960,desktop
Windows|Windows 7|firefox 58.0|1600x900,Windows,Windows 7,firefox 58.0,1600x900,desktop
SM-J730GM Build/NRD90M||chrome 61.0 for android|,SM-J730GM Build/NRD90M,,chrome 61.0 for android,,mobile
LG-M400 Build/NRD90U||chrome 64.0 for android|,LG-M400 Build/NRD90U,,chrome 64.0 for android,,mobile
MacOS|Mac OS X 10_13_3|chrome 63.0|1920x1080,MacOS,Mac OS X 10_13_3,chrome 63.0,1920x1080,desktop
EVA-L09 Build/HUAWEIEVA-L09||chrome 64.0 for android|,EVA-L09 Build/HUAWEIEVA-L09,,chrome 64.0 for android,,mobile
SM-T810 Build/NRD90M||chrome 64.0 for android|,SM-T810 Build/NRD90M,,chrome 64.0 for android,,mobile
CAM-L03 Build/HUAWEICAM-L03||chrome 64.0 for android|,CAM-L03 Build/HUAWEICAM-L03,,chrome 64.0 for android,,mobile
SM-J500M Build/MMB29M||chrome 64.0 for android|,SM-J500M Build/MMB29M,,chrome 64.0 for android,,mobile
Linux i686||firefox 58.0|,Linux i686,,firefox 58.0,,desktop
SM-T580 Build/NRD90M||chrome 64.0 for android|,SM-T580 Build/NRD90M,,chrome 64.0 for android,,mobile
SM-J330FN Build/NRD90M||chrome 64.0 for android|,SM-J330FN Build/NRD90M,,chrome 64.0 for android,,mobile
SM-A510M Build/NRD90M||chrome 64.0 for android|,SM-A510M Build/NRD90M,,chrome 64.0 for android,,mobile
5015A Build/LMY47I||chrome 64.0 for android|,5015A Build/LMY47I,,chrome 64.0 for android,,mobile
MYA-L13 Build/HUAWEIMYA-L13||chrome 64.0 for android|,MYA-L13 Build/HUAWEIMYA-L13,,chrome 64.0 for android,,mobile
Y635-L03 Build/HuaweiY635-L03||chrome 56.0 for android|,Y635-L03 Build/HuaweiY635-L03,,chrome 56.0 for android,,mobile
SM-J701M Build/NRD90M||chrome 64.0 for android|,SM-J701M Build/NRD90M,,chrome 64.0 for android,,mobile
SM-A310M Build/LMY47X||chrome 64.0 for android|,SM-A310M Build/LMY47X,,chrome 64.0 for android,,mobile
SM-T530 Build/LRX22G||chrome 64.0 for android|,SM-T530 Build/LRX22G,,chrome 64.0 for android,,mobile
SM-N920C Build/NRD90M||chrome 64.0 for android|,SM-N920C Build/NRD90M,,chrome 64.0 for android,,mobile
Ilium L610 Build/MRA58K||chrome 64.0 for android|,Ilium L610 Build/MRA58K,,chrome 64.0 for android,,mobile
Windows|Windows 7|firefox 58.0|1280x720,Windows,Windows 7,firefox 58.0,1280x720,desktop
XT1575 Build/NPHS25.200-23-1||chrome 63.0 for android|,XT1575 Build/NPHS25.200-23-1,,chrome 63.0 for android,,mobile
Ilium L1000 Build/LRX22G||chrome 64.0 for android|,Ilium L1000 Build/LRX22G,,chrome 64.0 for android,,mobile
E5803 Build/32.4.A.1.54||opera|,E5803 Build/32.4.A.1.54,,opera,,mobile
||samsung browser 6.2|,,,samsung browser 6.2,,mobile
LG-K220 Build/MXB48T||chrome 64.0 for android|,LG-K220 Build/MXB48T,,chrome 64.0 for android,,mobile
rv:47.0|Windows 10|firefox 47.0|1768x992,rv:47.0,Windows 10,firefox 47.0,1768x992,desktop
MacOS|Mac OS X 10_11_6|chrome 64.0|1280x800,MacOS,Mac OS X 10_11_6,chrome 64.0,1280x800,desktop
SAMSUNG SM-G925I Build/NRD90M||samsung browser 5.4|,SAMSUNG SM-G925I Build/NRD90M,,samsung browser 5.4,,mobile
Windows|Windows 7|chrome 64.0|,Windows,Windows 7,chrome 64.0,,desktop
Windows|Windows 10|chrome 64.0|3000x2000,Windows,Windows 10,chrome 64.0,3000x2000,desktop
SM-G935V Build/NRD90M||chrome 64.0 for android|,SM-G935V Build/NRD90M,,chrome 64.0 for android,,mobile
Windows|Windows 8|chrome 64.0|1280x768,Windows,Windows 8,chrome 64.0,1280x768,desktop
Windows|Windows 7|chrome 64.0|1280x1024,Windows,Windows 7,chrome 64.0,1280x1024,desktop
MacOS|Mac OS X 10_12_6|chrome 64.0|1280x800,MacOS,Mac OS X 10_12_6,chrome 64.0,1280x800,desktop
Trident/7.0|Windows 7|ie 11.0 for desktop|1280x620,Trident/7.0,Windows 7,ie 11.0 for desktop,1280x620,desktop
iOS Device|iOS 9.3.5|mobile safari generic|1136x640,iOS Device,iOS 9.3.5,mobile safari generic,1136x640,mobile
G8141||chrome 64.0 for android|,G8141,,chrome 64.0 for android,,mobile
SM-T530NU Build/LRX22G||chrome 54.0 for android|,SM-T530NU Build/LRX22G,,chrome 54.0 for android,,mobile
SM-G570M Build/NRD90M||chrome 64.0 for android|,SM-G570M Build/NRD90M,,chrome 64.0 for android,,mobile
Windows|Windows 7|chrome 64.0|1680x1050,Windows,Windows 7,chrome 64.0,1680x1050,desktop
5056A Build/MMB29M||chrome 64.0 for android|,5056A Build/MMB29M,,chrome 64.0 for android,,mobile
MacOS|Mac OS X 10_13_3|safari generic|1366x768,MacOS,Mac OS X 10_13_3,safari generic,1366x768,desktop
Moto E (4) Plus Build/NMA26.42-11-3||chrome generic|,Moto E (4) Plus Build/NMA26.42-11-3,,chrome generic,,mobile
Windows|Windows 10|chrome 64.0|1280x800,Windows,Windows 10,chrome 64.0,1280x800,desktop
E6853 Build/32.4.A.1.54||chrome 64.0 for android|,E6853 Build/32.4.A.1.54,,chrome 64.0 for android,,mobile
|Linux|samsung browser 6.2|2220x1080,,Linux,samsung browser 6.2,2220x1080,mobile
Windows||firefox 52.0|,Windows,,firefox 52.0,,desktop
LG-K200 Build/MXB48T||chrome 64.0 for android|,LG-K200 Build/MXB48T,,chrome 64.0 for android,,mobile
SM-G930F Build/MMB29K||chrome 64.0 for android|,SM-G930F Build/MMB29K,,chrome 64.0 for android,,mobile
MacOS|Mac OS X 10_13_3|safari generic|1680x1050,MacOS,Mac OS X 10_13_3,safari generic,1680x1050,desktop
5012G Build/MRA58K||chrome 64.0 for android|,5012G Build/MRA58K,,chrome 64.0 for android,,mobile
SAMSUNG SM-J320FN Build/LMY47V||chrome generic|,SAMSUNG SM-J320FN Build/LMY47V,,chrome generic,,mobile
HTC Desire 526G Build/KOT49H||chrome 63.0 for android|,HTC Desire 526G Build/KOT49H,,chrome 63.0 for android,,mobile
C6906 Build/14.6.A.1.236||chrome 64.0 for android|,C6906 Build/14.6.A.1.236,,chrome 64.0 for android,,mobile
SM-G900V Build/MMB29M|Android 6.0.1|chrome 64.0 for android|1920x1080,SM-G900V Build/MMB29M,Android 6.0.1,chrome 64.0 for android,1920x1080,mobile
Pixel|Android 8.1.0|chrome 64.0 for android|,Pixel,Android 8.1.0,chrome 64.0 for android,,mobile
Z956 Build/MMB29M||chrome 56.0 for android|,Z956 Build/MMB29M,,chrome 56.0 for android,,mobile
SM-T560 Build/KTU84P||chrome 56.0 for android|,SM-T560 Build/KTU84P,,chrome 56.0 for android,,mobile
Windows|Windows 10|chrome 64.0|2736x1824,Windows,Windows 10,chrome 64.0,2736x1824,desktop
F80 PIABELLA Build/MRA58K||chrome 64.0 for android|,F80 PIABELLA Build/MRA58K,,chrome 64.0 for android,,mobile
SM-G900M Build/LRX21T||chrome 64.0 for android|,SM-G900M Build/LRX21T,,chrome 64.0 for android,,mobile
5080A Build/MRA58K||chrome 64.0 for android|,5080A Build/MRA58K,,chrome 64.0 for android,,mobile
Windows|Windows 10|chrome 64.0|1920x1200,Windows,Windows 10,chrome 64.0,1920x1200,desktop
Windows|Windows 10|firefox 58.0|1280x1024,Windows,Windows 10,firefox 58.0,1280x1024,desktop
|Linux|chrome 64.0|1920x1080,,Linux,chrome 64.0,1920x1080,desktop
ALE-L21 Build/HuaweiALE-L21||chrome 64.0 for android|,ALE-L21 Build/HuaweiALE-L21,,chrome 64.0 for android,,mobile
SM-A320FL Build/NRD90M||chrome 61.0 for android|,SM-A320FL Build/NRD90M,,chrome 61.0 for android,,mobile
BLL-L23 Build/HUAWEIBLL-L23||chrome 64.0 for android|,BLL-L23 Build/HUAWEIBLL-L23,,chrome 64.0 for android,,mobile
SM-G935V Build/NRD90M|Android 7.0|chrome 64.0 for android|1920x1080,SM-G935V Build/NRD90M,Android 7.0,chrome 64.0 for android,1920x1080,mobile
Windows|Windows 7|chrome 64.0|1600x900,Windows,Windows 7,chrome 64.0,1600x900,desktop
LG-X210 Build/LMY47I||chrome 64.0 for android|,LG-X210 Build/LMY47I,,chrome 64.0 for android,,mobile
SM-G530H Build/LRX22G||chrome 64.0 for android|,SM-G530H Build/LRX22G,,chrome 64.0 for android,,mobile
BOIE9|Windows 7|ie 11.0 for desktop|1600x900,BOIE9,Windows 7,ie 11.0 for desktop,1600x900,desktop
rv:58.0|Mac OS X 10.12|firefox 58.0|2880x1800,rv:58.0,Mac OS X 10.12,firefox 58.0,2880x1800,desktop
SM-J727T1 Build/NRD90M|Android 7.0|chrome 64.0 for android|1280x720,SM-J727T1 Build/NRD90M,Android 7.0,chrome 64.0 for android,1280x720,mobile
rv:60.0||firefox generic|,rv:60.0,,firefox generic,,desktop
BLADE A602 Build/MRA58K||chrome 64.0 for android|,BLADE A602 Build/MRA58K,,chrome 64.0 for android,,mobile
Ilium L950 Build/KTU84P||chrome 64.0 for android|,Ilium L950 Build/KTU84P,,chrome 64.0 for android,,mobile
HTC Desire 650 Build/MMB29M||chrome 64.0 for android|,HTC Desire 650 Build/MMB29M,,chrome 64.0 for android,,mobile
CHC-U03 Build/HuaweiCHC-U03||chrome 64.0 for android|,CHC-U03 Build/HuaweiCHC-U03,,chrome 64.0 for android,,mobile
iOS Device|iOS 10.3.3|mobile safari generic|2224x1668,iOS Device,iOS 10.3.3,mobile safari generic,2224x1668,mobile
SM-G935P Build/NRD90M|Android 7.0|chrome 64.0 for android|1920x1080,SM-G935P Build/NRD90M,Android 7.0,chrome 64.0 for android,1920x1080,mobile
MacOS|Mac OS X 10_13_1|chrome 64.0|1920x1080,MacOS,Mac OS X 10_13_1,chrome 64.0,1920x1080,desktop
VS990 Build/MRA58K|Android 6.0|chrome 64.0 for android|2560x1440,VS990 Build/MRA58K,Android 6.0,chrome 64.0 for android,2560x1440,mobile
rv:58.0|Mac OS X 10.13|firefox 58.0|1920x1080,rv:58.0,Mac OS X 10.13,firefox 58.0,1920x1080,desktop
Windows|Windows 8.1|chrome generic|1366x768,Windows,Windows 8.1,chrome generic,1366x768,desktop
Windows|Windows 10|firefox 58.0|2160x1440,Windows,Windows 10,firefox 58.0,2160x1440,desktop
Z9 PLUS Build/NRD90M||chrome 63.0 for android|,Z9 PLUS Build/NRD90M,,chrome 63.0 for android,,mobile
SAMSUNG SM-A510M Build/MMB29K||samsung browser 6.2|,SAMSUNG SM-A510M Build/MMB29K,,samsung browser 6.2,,mobile
SM-T280 Build/LMY47V|Android 5.1.1|android browser 4.0|,SM-T280 Build/LMY47V,Android 5.1.1,android browser 4.0,,mobile
BLADE V8 Build/NRD90M||chrome 64.0 for android|,BLADE V8 Build/NRD90M,,chrome 64.0 for android,,mobile
Windows|Windows 7|firefox 58.0|1920x1200,Windows,Windows 7,firefox 58.0,1920x1200,desktop
GT-I9300||chrome 51.0 for android|,GT-I9300,,chrome 51.0 for android,,mobile
LG-X180g Build/LMY47I||chrome 64.0 for android|,LG-X180g Build/LMY47I,,chrome 64.0 for android,,mobile
MacOS|Mac OS X 10_12_6|chrome 61.0|3840x2400,MacOS,Mac OS X 10_12_6,chrome 61.0,3840x2400,desktop
MacOS|Mac OS X 10_13_1|chrome 64.0|1440x900,MacOS,Mac OS X 10_13_1,chrome 64.0,1440x900,desktop
HUAWEI||chrome 64.0 for android|,HUAWEI,,chrome 64.0 for android,,mobile
SM-J327V Build/NRD90M|Android 7.0|chrome 64.0 for android|1280x720,SM-J327V Build/NRD90M,Android 7.0,chrome 64.0 for android,1280x720,mobile
Moto G Play Build/MPIS24.241-15.3-26||chrome 64.0 for android|,Moto G Play Build/MPIS24.241-15.3-26,,chrome 64.0 for android,,mobile
LG-H320 Build/LRX21Y||chrome 64.0 for android|,LG-H320 Build/LRX21Y,,chrome 64.0 for android,,mobile
GT-I9060M Build/KTU84P||chrome 64.0 for android|,GT-I9060M Build/KTU84P,,chrome 64.0 for android,,mobile
|Linux|chrome 63.0|1440x810,,Linux,chrome 63.0,1440x810,desktop
Ilium X710 Build/MRA58K||chrome 64.0 for android|,Ilium X710 Build/MRA58K,,chrome 64.0 for android,,mobile
ZTE||chrome 60.0 for android|,ZTE,,chrome 60.0 for android,,mobile
SM-A320FL Build/MMB29K||chrome 64.0 for android|,SM-A320FL Build/MMB29K,,chrome 64.0 for android,,mobile
SAMSUNG-SM-G930A Build/NRD90M||chrome 64.0 for android|,SAMSUNG-SM-G930A Build/NRD90M,,chrome 64.0 for android,,mobile
HTC||chrome 64.0 for android|,HTC,,chrome 64.0 for android,,mobile
SM-G530H Build/KTU84P||chrome 64.0 for android|,SM-G530H Build/KTU84P,,chrome 64.0 for android,,mobile
SM-T560 Build/KTU84P||chrome 64.0 for android|,SM-T560 Build/KTU84P,,chrome 64.0 for android,,mobile
SM-G930W8 Build/NRD90M||chrome 64.0 for android|,SM-G930W8 Build/NRD90M,,chrome 64.0 for android,,mobile
TREKKER-X3 Build/MMB29M||chrome 64.0 for android|,TREKKER-X3 Build/MMB29M,,chrome 64.0 for android,,mobile
Nexus||chrome 64.0 for android|,Nexus,,chrome 64.0 for android,,mobile
Pixel 2 XL Build/OPM1.171019.013|Android 8.1.0|chrome 64.0 for android|,Pixel 2 XL Build/OPM1.171019.013,Android 8.1.0,chrome 64.0 for android,,mobile
Windows|Windows 7|chrome 64.0|2560x1600,Windows,Windows 7,chrome 64.0,2560x1600,desktop
Pixel Build/OPM1.171019.016|Android 8.1.0|chrome 64.0 for android|,Pixel Build/OPM1.171019.016,Android 8.1.0,chrome 64.0 for android,,mobile
HUAWEI VNS-L23 Build/HUAWEIVNS-L23||chrome 64.0 for android|,HUAWEI VNS-L23 Build/HUAWEIVNS-L23,,chrome 64.0 for android,,mobile
SM-G570M Build/MMB29K||chrome 61.0 for android|,SM-G570M Build/MMB29K,,chrome 61.0 for android,,mobile
ASUS_Z017D||chrome 64.0 for android|,ASUS_Z017D,,chrome 64.0 for android,,mobile
Windows|Windows 10|chrome 64.0|1280x1024,Windows,Windows 10,chrome 64.0,1280x1024,desktop
rv:57.0|Mac OS X 10.10|firefox 57.0|1280x720,rv:57.0,Mac OS X 10.10,firefox 57.0,1280x720,desktop
rv:58.0|Mac OS X 10.12|firefox 58.0|1920x1200,rv:58.0,Mac OS X 10.12,firefox 58.0,1920x1200,desktop
XT1063 Build/MPB24.65-34-3||chrome 64.0 for android|,XT1063 Build/MPB24.65-34-3,,chrome 64.0 for android,,mobile
RNE-L03 Build/HUAWEIRNE-L03||chrome 64.0 for android|,RNE-L03 Build/HUAWEIRNE-L03,,chrome 64.0 for android,,mobile
Dash||chrome 61.0 for android|,Dash,,chrome 61.0 for android,,mobile
Windows|Windows 7|chrome 49.0|1440x900,Windows,Windows 7,chrome 49.0,1440x900,desktop
HTC Desire 626s Build/LMY47O||chrome 50.0 for android|,HTC Desire 626s Build/LMY47O,,chrome 50.0 for android,,mobile
Z832 Build/MMB29M|Android 6.0.1|chrome 46.0 for android|855x480,Z832 Build/MMB29M,Android 6.0.1,chrome 46.0 for android,855x480,mobile
LGMS631 Build/MRA58K||chrome 64.0 for android|,LGMS631 Build/MRA58K,,chrome 64.0 for android,,mobile
SM-G610M Build/NRD90M||chrome 64.0 for android|,SM-G610M Build/NRD90M,,chrome 64.0 for android,,mobile
Alcatel_5098O Build/MMB29M||chrome 64.0 for android|,Alcatel_5098O Build/MMB29M,,chrome 64.0 for android,,mobile
LG-H840 Build/MMB29M||chrome 60.0 for android|,LG-H840 Build/MMB29M,,chrome 60.0 for android,,mobile
SM-G950U Build/NRD90M||android webview 4.0|,SM-G950U Build/NRD90M,,android webview 4.0,,mobile
HTC Desire 10 lifestyle Build/MMB29M||chrome 64.0 for android|,HTC Desire 10 lifestyle Build/MMB29M,,chrome 64.0 for android,,mobile
Ilium L1120 Build/NRD90M||chrome 60.0 for android|,Ilium L1120 Build/NRD90M,,chrome 60.0 for android,,mobile
SM-A710M Build/NRD90M||chrome 64.0 for android|,SM-A710M Build/NRD90M,,chrome 64.0 for android,,mobile
MacOS|Mac OS X 10_10_5|chrome 64.0|1440x900,MacOS,Mac OS X 10_10_5,chrome 64.0,1440x900,desktop
SAMSUNG|Android 7.0|samsung browser 5.2|1280x720,SAMSUNG,Android 7.0,samsung browser 5.2,1280x720,mobile
Ilium X520 Build/NRD90M||chrome 64.0 for android|,Ilium X520 Build/NRD90M,,chrome 64.0 for android,,mobile
SM-T280 Build/LMY47V||chrome 64.0 for android|,SM-T280 Build/LMY47V,,chrome 64.0 for android,,mobile
SM-J500M Build/LMY48B||chrome 64.0 for android|,SM-J500M Build/LMY48B,,chrome 64.0 for android,,mobile
MacOS|Mac OS X 10_11_6|chrome 64.0|1920x1080,MacOS,Mac OS X 10_11_6,chrome 64.0,1920x1080,desktop
SLA-L03 Build/HUAWEISLA-L03||chrome 64.0 for android|,SLA-L03 Build/HUAWEISLA-L03,,chrome 64.0 for android,,mobile
Alcatel_5098O Build/MMB29M||chrome 50.0 for android|,Alcatel_5098O Build/MMB29M,,chrome 50.0 for android,,mobile
Ilium L950 Build/KTU84P||chrome|,Ilium L950 Build/KTU84P,,chrome,,mobile
E5506 Build/29.1.A.0.101||chrome 64.0 for android|,E5506 Build/29.1.A.0.101,,chrome 64.0 for android,,mobile
rv:58.0|Mac OS X 10.12|firefox 58.0|1440x900,rv:58.0,Mac OS X 10.12,firefox 58.0,1440x900,desktop
4034G||chrome 64.0 for android|,4034G,,chrome 64.0 for android,,mobile
M4 SS4453 Build/MMB29M||chrome 61.0 for android|,M4 SS4453 Build/MMB29M,,chrome 61.0 for android,,mobile
MacOS|Mac OS X 10_12_6|chrome 64.0|1920x1080,MacOS,Mac OS X 10_12_6,chrome 64.0,1920x1080,desktop
VT0701A08||chrome 64.0 for android|,VT0701A08,,chrome 64.0 for android,,mobile
HUAWEI RIO-L03 Build/HUAWEIRIO-L03||chrome 64.0 for android|,HUAWEI RIO-L03 Build/HUAWEIRIO-L03,,chrome 64.0 for android,,mobile
LG-H650 Build/LMY47V||chrome 60.0 for android|,LG-H650 Build/LMY47V,,chrome 60.0 for android,,mobile
DUK-AL20||chrome 62.0 for android|,DUK-AL20,,chrome 62.0 for android,,mobile
CRO-L03 Build/HUAWEICRO-L03||chrome 64.0 for android|,CRO-L03 Build/HUAWEICRO-L03,,chrome 64.0 for android,,mobile
Moto G Play Build/NPI26.48-36||chrome 64.0 for android|,Moto G Play Build/NPI26.48-36,,chrome 64.0 for android,,mobile
|Android|chrome 56.0|1280x720,,Android,chrome 56.0,1280x720,mobile
Windows|Windows 10|chrome 64.0|1360x768,Windows,Windows 10,chrome 64.0,1360x768,desktop
VTR-L09 Build/HUAWEIVTR-L09||chrome 64.0 for android|,VTR-L09 Build/HUAWEIVTR-L09,,chrome 64.0 for android,,mobile
iOS Device|iOS 11.2.1|chrome 64.0 for ios|2224x1668,iOS Device,iOS 11.2.1,chrome 64.0 for ios,2224x1668,mobile
SM-G925I Build/NRD90M||chrome 64.0 for android|,SM-G925I Build/NRD90M,,chrome 64.0 for android,,mobile
MacOS|Mac OS X 10_13_3|safari generic|1280x800,MacOS,Mac OS X 10_13_3,safari generic,1280x800,desktop
ALCATEL ONE TOUCH 5036A Build/JDQ39||chrome 64.0 for android|,ALCATEL ONE TOUCH 5036A Build/JDQ39,,chrome 64.0 for android,,mobile
MacOS|Mac OS X 10_11_6|other|1920x1080,MacOS,Mac OS X 10_11_6,other,1920x1080,mobile
Moto G Play Build/MPIS24.241-15.3-7||chrome 64.0 for android|,Moto G Play Build/MPIS24.241-15.3-7,,chrome 64.0 for android,,mobile
SM-P550 Build/NMF26X||chrome 64.0 for android|,SM-P550 Build/NMF26X,,chrome 64.0 for android,,mobile
SM-J120H Build/LMY47V||chrome 64.0 for android|,SM-J120H Build/LMY47V,,chrome 64.0 for android,,mobile
Windows|Windows 8.1|chrome 64.0|1920x1080,Windows,Windows 8.1,chrome 64.0,1920x1080,desktop
Windows|Windows 7|chrome 64.0|1024x768,Windows,Windows 7,chrome 64.0,1024x768,desktop
Nexus 6 Build/N6F27M||chrome 64.0 for android|,Nexus 6 Build/N6F27M,,chrome 64.0 for android,,mobile
HTC One A9 Build/NRD90M||chrome 64.0 for android|,HTC One A9 Build/NRD90M,,chrome 64.0 for android,,mobile
HUAWEI NXT-L09 Build/HUAWEINXT-L09||chrome 64.0 for android|,HUAWEI NXT-L09 Build/HUAWEINXT-L09,,chrome 64.0 for android,,mobile
SM-J510MN Build/MMB29M||chrome 64.0 for android|,SM-J510MN Build/MMB29M,,chrome 64.0 for android,,mobile
LG-H840 Build/MMB29M||chrome 64.0 for android|,LG-H840 Build/MMB29M,,chrome 64.0 for android,,mobile
SM-T820 Build/NRD90M|Android 7.0|chrome 64.0 for android|2048x1536,SM-T820 Build/NRD90M,Android 7.0,chrome 64.0 for android,2048x1536,mobile
CPH1701||chrome 64.0 for android|,CPH1701,,chrome 64.0 for android,,mobile
Windows|Windows 7|chrome 64.0|1920x1200,Windows,Windows 7,chrome 64.0,1920x1200,desktop
MacOS|Mac OS X 10_12_6|chrome 64.0|2560x1440,MacOS,Mac OS X 10_12_6,chrome 64.0,2560x1440,desktop
MacOS|Mac OS X 10_10_5|chrome 64.0|2560x1600,MacOS,Mac OS X 10_10_5,chrome 64.0,2560x1600,desktop
F3113||chrome 64.0 for android|,F3113,,chrome 64.0 for android,,mobile
SM-G950U Build/NRD90M||chrome 64.0 for android|,SM-G950U Build/NRD90M,,chrome 64.0 for android,,mobile
SM-J510F||chrome 64.0 for android|,SM-J510F,,chrome 64.0 for android,,mobile
BLADE V8 SE Build/NRD90M||android webview 4.0|,BLADE V8 SE Build/NRD90M,,android webview 4.0,,mobile
F3113 Build/33.3.A.1.97||chrome 64.0 for android|,F3113 Build/33.3.A.1.97,,chrome 64.0 for android,,mobile
G3313 Build/43.0.A.5.79||chrome 64.0 for android|,G3313 Build/43.0.A.5.79,,chrome 64.0 for android,,mobile
F3213 Build/36.1.A.1.86||chrome 64.0 for android|,F3213 Build/36.1.A.1.86,,chrome 64.0 for android,,mobile
|Linux|chrome 64.0|1280x720,,Linux,chrome 64.0,1280x720,desktop
Aquaris U Plus Build/NMF26F||chrome 62.0 for android|,Aquaris U Plus Build/NMF26F,,chrome 62.0 for android,,mobile
9203A Build/MRA58K||chrome 49.0 for android|,9203A Build/MRA58K,,chrome 49.0 for android,,mobile
Linux x86_64|Linux|firefox 58.0|1920x1080,Linux x86_64,Linux,firefox 58.0,1920x1080,desktop
Pixel Build/OPM1.171019.012||chrome 64.0 for android|,Pixel Build/OPM1.171019.012,,chrome 64.0 for android,,mobile
5025G Build/LMY47I||chrome 55.0 for android|,5025G Build/LMY47I,,chrome 55.0 for android,,mobile
rv:31.0|Windows 7|firefox|1920x1080,rv:31.0,Windows 7,firefox,1920x1080,desktop
iOS Device|iOS|mobile safari generic|1024x768,iOS Device,iOS,mobile safari generic,1024x768,mobile
SAMSUNG SM-J327T Build/NRD90M||samsung browser 6.2|,SAMSUNG SM-J327T Build/NRD90M,,samsung browser 6.2,,mobile
MacOS|Mac OS X 10_12_5|chrome 63.0|2560x1600,MacOS,Mac OS X 10_12_5,chrome 63.0,2560x1600,desktop
VS987 Build/NRD90U|Android 7.0|chrome 64.0 for android|2560x1440,VS987 Build/NRD90U,Android 7.0,chrome 64.0 for android,2560x1440,mobile
PLK-L01 Build/HONORPLK-L01||chrome 61.0 for android|,PLK-L01 Build/HONORPLK-L01,,chrome 61.0 for android,,mobile
Windows|Windows 7|chrome 64.0|1281x720,Windows,Windows 7,chrome 64.0,1281x720,desktop
Blade A510 Build/MRA58K||chrome 64.0 for android|,Blade A510 Build/MRA58K,,chrome 64.0 for android,,mobile
Windows|Windows 7|chrome 64.0|1600x1200,Windows,Windows 7,chrome 64.0,1600x1200,desktop
HTC Desire 626s Build/LMY47O||chrome 64.0 for android|,HTC Desire 626s Build/LMY47O,,chrome 64.0 for android,,mobile
MacOS|Mac OS X 10_13_3|chrome 64.0|2880x1800,MacOS,Mac OS X 10_13_3,chrome 64.0,2880x1800,desktop
MacOS|Mac OS X 10_11_6|chrome 64.0|2880x1800,MacOS,Mac OS X 10_11_6,chrome 64.0,2880x1800,desktop
SENS||android webview 4.0|,SENS,,android webview 4.0,,mobile
rv:58.0|Mac OS X 10.13|firefox 58.0|1280x800,rv:58.0,Mac OS X 10.13,firefox 58.0,1280x800,desktop
LG-X180g Build/LMY47I||chrome 57.0 for android|,LG-X180g Build/LMY47I,,chrome 57.0 for android,,mobile
MacOS|Mac OS X 10_12_6|chrome 64.0|1440x900,MacOS,Mac OS X 10_12_6,chrome 64.0,1440x900,desktop
5010G Build/MRA58K||chrome 64.0 for android|,5010G Build/MRA58K,,chrome 64.0 for android,,mobile
SM-A310M Build/NRD90M||chrome 64.0 for android|,SM-A310M Build/NRD90M,,chrome 64.0 for android,,mobile
Linux i686||firefox 56.0|,Linux i686,,firefox 56.0,,desktop
ASUS_Z00AD Build/LRX21V||chrome generic|,ASUS_Z00AD Build/LRX21V,,chrome generic,,mobile
Windows|Windows 10|chrome 64.0|1280x960,Windows,Windows 10,chrome 64.0,1280x960,desktop
Ilium LT510 Build/MRA58K||chrome 62.0 for android|,Ilium LT510 Build/MRA58K,,chrome 62.0 for android,,mobile
es-us||Lanix/Ilium|,es-us,,Lanix/Ilium,,mobile
iOS Device|iOS 10.1.1|mobile safari generic|1136x640,iOS Device,iOS 10.1.1,mobile safari generic,1136x640,mobile
Ilium L620 Build/NRD90M||chrome 64.0 for android|,Ilium L620 Build/NRD90M,,chrome 64.0 for android,,mobile
XT1032 Build/LPBS23.13-56-2||chrome 64.0 for android|,XT1032 Build/LPBS23.13-56-2,,chrome 64.0 for android,,mobile
Joy||chrome 64.0 for android|,Joy,,chrome 64.0 for android,,mobile
LG-X230 Build/MRA58K||chrome 64.0 for android|,LG-X230 Build/MRA58K,,chrome 64.0 for android,,mobile
HUAWEI CUN-L03 Build/HUAWEICUN-L03||chrome 64.0 for android|,HUAWEI CUN-L03 Build/HUAWEICUN-L03,,chrome 64.0 for android,,mobile
SGH-M919V||chrome 64.0 for android|,SGH-M919V,,chrome 64.0 for android,,mobile
E6603 Build/32.4.A.1.54||chrome 64.0 for android|,E6603 Build/32.4.A.1.54,,chrome 64.0 for android,,mobile
SAMSUNG-SM-G928A Build/NRD90M||chrome 63.0 for android|,SAMSUNG-SM-G928A Build/NRD90M,,chrome 63.0 for android,,mobile
SM-G903M||chrome 64.0 for android|,SM-G903M,,chrome 64.0 for android,,mobile
SM-A500M Build/LRX22G||chrome 62.0 for android|,SM-A500M Build/LRX22G,,chrome 62.0 for android,,mobile
Windows|Windows 7|firefox 58.0|1680x1050,Windows,Windows 7,firefox 58.0,1680x1050,desktop
SM-J330F||chrome 64.0 for android|,SM-J330F,,chrome 64.0 for android,,mobile
rv:58.0|Mac OS X 10.11|firefox 58.0|2560x1440,rv:58.0,Mac OS X 10.11,firefox 58.0,2560x1440,desktop
4003A||chrome 53.0 for android|,4003A,,chrome 53.0 for android,,mobile
Windows|Windows 10|chrome 64.0|2880x1620,Windows,Windows 10,chrome 64.0,2880x1620,desktop
Ilium L910 Build/MRA58K||chrome 64.0 for android|,Ilium L910 Build/MRA58K,,chrome 64.0 for android,,mobile
BAC-L03 Build/HUAWEIBAC-L03||chrome 64.0 for android|,BAC-L03 Build/HUAWEIBAC-L03,,chrome 64.0 for android,,mobile
XT1650 Build/NPLS26.118-20-5-11||chrome 64.0 for android|,XT1650 Build/NPLS26.118-20-5-11,,chrome 64.0 for android,,mobile
iOS Device|iOS 11.3.0|mobile safari generic|2208x1242,iOS Device,iOS 11.3.0,mobile safari generic,2208x1242,mobile
Hisense F23 Build/NRD90M||chrome 64.0 for android|,Hisense F23 Build/NRD90M,,chrome 64.0 for android,,mobile
E5803 Build/32.4.A.1.54||chrome 64.0 for android|,E5803 Build/32.4.A.1.54,,chrome 64.0 for android,,mobile
D6603 Build/23.5.A.1.291||chrome 64.0 for android|,D6603 Build/23.5.A.1.291,,chrome 64.0 for android,,mobile
PE-TL10||chrome 64.0 for android|,PE-TL10,,chrome 64.0 for android,,mobile
LGLS676 Build/MXB48T|Android 6.0.1|chrome 64.0 for android|1280x720,LGLS676 Build/MXB48T,Android 6.0.1,chrome 64.0 for android,1280x720,mobile
P5006A||chrome 64.0 for android|,P5006A,,chrome 64.0 for android,,mobile
MacOS|Mac OS X 10_11_6|chrome 64.0|2560x1600,MacOS,Mac OS X 10_11_6,chrome 64.0,2560x1600,desktop
SM-G930V Build/NRD90M|Android 7.0|chrome 64.0 for android|2560x1440,SM-G930V Build/NRD90M,Android 7.0,chrome 64.0 for android,2560x1440,mobile
MacOS|Mac OS X 10_12_6|chrome 64.0|2560x1600,MacOS,Mac OS X 10_12_6,chrome 64.0,2560x1600,desktop
SM-J105B Build/LMY47V||chrome 64.0 for android|,SM-J105B Build/LMY47V,,chrome 64.0 for android,,mobile
SM-S327VL|Android 6.0.1|chrome 64.0 for android|1280x720,SM-S327VL,Android 6.0.1,chrome 64.0 for android,1280x720,mobile
LG-D331 Build/LRX22G||chrome 59.0 for android|,LG-D331 Build/LRX22G,,chrome 59.0 for android,,mobile
SM-G930P Build/NRD90M|Android 7.0|chrome 64.0 for android|1920x1080,SM-G930P Build/NRD90M,Android 7.0,chrome 64.0 for android,1920x1080,mobile
M4 SS4453 Build/MMB29M||chrome 64.0 for android|,M4 SS4453 Build/MMB29M,,chrome 64.0 for android,,mobile
F3213 Build/36.0.A.2.146||chrome 64.0 for android|,F3213 Build/36.0.A.2.146,,chrome 64.0 for android,,mobile
Windows|Windows 8.1|chrome 64.0|1366x768,Windows,Windows 8.1,chrome 64.0,1366x768,desktop
Lenovo PB2-670Y Build/MRA58K||chrome 64.0 for android|,Lenovo PB2-670Y Build/MRA58K,,chrome 64.0 for android,,mobile
LG-D320||chrome 61.0 for android|,LG-D320,,chrome 61.0 for android,,mobile
Energy X 2 Build/E050L||chrome 64.0 for android|,Energy X 2 Build/E050L,,chrome 64.0 for android,,mobile
Windows|Windows 10|chrome 64.0|,Windows,Windows 10,chrome 64.0,,desktop
MacOS|Mac OS X 10_13_2|chrome 64.0|2880x1800,MacOS,Mac OS X 10_13_2,chrome 64.0,2880x1800,desktop
D5803 Build/23.5.A.1.291||chrome 64.0 for android|,D5803 Build/23.5.A.1.291,,chrome 64.0 for android,,mobile
rv:54.0|Windows 10|firefox|1600x900,rv:54.0,Windows 10,firefox,1600x900,desktop
SM-J530GM Build/NRD90M||other|,SM-J530GM Build/NRD90M,,other,,mobile
A952||android webview 4.0|,A952,,android webview 4.0,,mobile
E5306 Build/27.3.A.0.165||chrome 64.0 for android|,E5306 Build/27.3.A.0.165,,chrome 64.0 for android,,mobile
MotoG3-TE Build/MPDS24.65-33-1-30||chrome 64.0 for android|,MotoG3-TE Build/MPDS24.65-33-1-30,,chrome 64.0 for android,,mobile
LG-K500 Build/MMB29M||chrome 50.0 for android|,LG-K500 Build/MMB29M,,chrome 50.0 for android,,mobile
ALCATEL ONE TOUCH 7042A Build/JDQ39||chrome 61.0 for android|,ALCATEL ONE TOUCH 7042A Build/JDQ39,,chrome 61.0 for android,,mobile
Advance||chrome 56.0 for android|,Advance,,chrome 56.0 for android,,mobile
rv:58.0|Mac OS X 10.13|firefox 58.0|3360x2100,rv:58.0,Mac OS X 10.13,firefox 58.0,3360x2100,desktop
rv:58.0|Windows 10|firefox|1366x768,rv:58.0,Windows 10,firefox,1366x768,desktop
F5321 Build/34.3.A.0.238||chrome 64.0 for android|,F5321 Build/34.3.A.0.238,,chrome 64.0 for android,,mobile
Windows|Windows 10|chrome 64.0|1280x1025,Windows,Windows 10,chrome 64.0,1280x1025,desktop
LG-K580 Build/MRA58K||chrome 53.0 for android|,LG-K580 Build/MRA58K,,chrome 53.0 for android,,mobile
MacOS|Mac OS X 10_9_5|chrome 64.0|1440x900,MacOS,Mac OS X 10_9_5,chrome 64.0,1440x900,desktop
rv:53.0|Windows 10|firefox|1920x1080,rv:53.0,Windows 10,firefox,1920x1080,desktop
Windows|Windows 10|chrome 64.0|1024x768,Windows,Windows 10,chrome 64.0,1024x768,desktop
MacOS|Mac OS X 10_13_3|chrome 64.0|1440x900,MacOS,Mac OS X 10_13_3,chrome 64.0,1440x900,desktop
SAMSUNG-SM-G935A Build/NRD90M|Android 7.0|chrome 64.0 for android|1920x1080,SAMSUNG-SM-G935A Build/NRD90M,Android 7.0,chrome 64.0 for android,1920x1080,mobile
Windows|Windows 10|chrome 60.0|1440x900,Windows,Windows 10,chrome 60.0,1440x900,desktop
Windows|Windows 7|chrome 64.0|1280x720,Windows,Windows 7,chrome 64.0,1280x720,desktop
Windows|Windows 10|edge 14.0|2560x1440,Windows,Windows 10,edge 14.0,2560x1440,desktop
Windows|Windows 10|chrome 63.0|1720x1440,Windows,Windows 10,chrome 63.0,1720x1440,desktop
LG-D680 Build/KOT49I||chrome 64.0 for android|,LG-D680 Build/KOT49I,,chrome 64.0 for android,,mobile
HTC_One_M8s/2.12.111.1|||,HTC_One_M8s/2.12.111.1,,,,mobile
SM-G928V Build/NRD90M|Android 7.0|chrome 64.0 for android|,SM-G928V Build/NRD90M,Android 7.0,chrome 64.0 for android,,mobile
SM-N910T3||chrome 63.0 for android|,SM-N910T3,,chrome 63.0 for android,,mobile
iOS Device|iOS 10.3.2|mobile safari generic|2001x1125,iOS Device,iOS 10.3.2,mobile safari generic,2001x1125,mobile
Windows|Windows 7|chrome 64.0|1280x1025,Windows,Windows 7,chrome 64.0,1280x1025,desktop
Hisense F102 Build/NRD90M||chrome 64.0 for android|,Hisense F102 Build/NRD90M,,chrome 64.0 for android,,mobile
HTC One_M8 Build/MRA58K||chrome 64.0 for android|,HTC One_M8 Build/MRA58K,,chrome 64.0 for android,,mobile
SM-G920V Build/NRD90M|Android 7.0|chrome 64.0 for android|2560x1440,SM-G920V Build/NRD90M,Android 7.0,chrome 64.0 for android,2560x1440,mobile
SM-J700H Build/MMB29K||chrome 64.0 for android|,SM-J700H Build/MMB29K,,chrome 64.0 for android,,mobile
REVVLPLUS|Android 7.1.1|chrome 64.0 for android|1920x1080,REVVLPLUS,Android 7.1.1,chrome 64.0 for android,1920x1080,mobile
Redmi 4X Build/N2G47H||chrome 64.0 for android|,Redmi 4X Build/N2G47H,,chrome 64.0 for android,,mobile
SM-E500M Build/KTU84P||chrome 64.0 for android|,SM-E500M Build/KTU84P,,chrome 64.0 for android,,mobile
Lenovo TB3-710I Build/LMY47I||chrome 46.0 for android|,Lenovo TB3-710I Build/LMY47I,,chrome 46.0 for android,,mobile
Gravity Build/NRD90M||chrome 58.0 for android|,Gravity Build/NRD90M,,chrome 58.0 for android,,mobile
TA-1027||chrome 64.0 for android|,TA-1027,,chrome 64.0 for android,,mobile
iOS Device|iOS 10.3.3|chrome 64.0 for ios|2048x1536,iOS Device,iOS 10.3.3,chrome 64.0 for ios,2048x1536,mobile
MHA-L29 Build/HUAWEIMHA-L29||chrome 64.0 for android|,MHA-L29 Build/HUAWEIMHA-L29,,chrome 64.0 for android,,mobile
Tmovi Build/Vision||chrome 64.0 for android|,Tmovi Build/Vision,,chrome 64.0 for android,,mobile
BLADE A520 Build/NRD90M||chrome 64.0 for android|,BLADE A520 Build/NRD90M,,chrome 64.0 for android,,mobile
Ilium||chrome 62.0 for android|,Ilium,,chrome 62.0 for android,,mobile
MacOS|Mac OS X 10_13_3|chrome 63.0|5120x2880,MacOS,Mac OS X 10_13_3,chrome 63.0,5120x2880,desktop
rv:58.0|Mac OS X 10.11|firefox 58.0|1920x1080,rv:58.0,Mac OS X 10.11,firefox 58.0,1920x1080,desktop
SM-T350 Build/NMF26X||android webview 4.0|,SM-T350 Build/NMF26X,,android webview 4.0,,mobile
rv:55.0|Mac OS X 10.12|firefox 55.0|1440x900,rv:55.0,Mac OS X 10.12,firefox 55.0,1440x900,desktop
HTC Desire 626s Build/LMY47O|Android|chrome 64.0 for android|1280x720,HTC Desire 626s Build/LMY47O,Android,chrome 64.0 for android,1280x720,mobile
Windows|Windows 10|chrome 63.0|800x600,Windows,Windows 10,chrome 63.0,800x600,desktop
MacOS|Mac OS X 10_13_2|chrome 64.0|1440x900,MacOS,Mac OS X 10_13_2,chrome 64.0,1440x900,desktop
MDDRJS||ie 11.0 for desktop|,MDDRJS,,ie 11.0 for desktop,,desktop
|Linux|chrome 64.0|2960x1440,,Linux,chrome 64.0,2960x1440,desktop
Windows|Windows 7|chrome 64.0|1440x900,Windows,Windows 7,chrome 64.0,1440x900,desktop
HTC One A9s Build/MRA58K||chrome 64.0 for android|,HTC One A9s Build/MRA58K,,chrome 64.0 for android,,mobile
Windows|Windows 8|firefox 58.0|1920x1080,Windows,Windows 8,firefox 58.0,1920x1080,desktop
SM-J710F Build/NRD90M||chrome 61.0 for android|,SM-J710F Build/NRD90M,,chrome 61.0 for android,,mobile
Windows|Windows 7|chrome 64.0|1152x864,Windows,Windows 7,chrome 64.0,1152x864,desktop
iOS Device|iOS 10.2.0|mobile safari generic|2048x1536,iOS Device,iOS 10.2.0,mobile safari generic,2048x1536,mobile
rv:58.0|Mac OS X 10.11|firefox 58.0|1680x1050,rv:58.0,Mac OS X 10.11,firefox 58.0,1680x1050,desktop
Windows|Windows 10|chrome 64.0|1440x900,Windows,Windows 10,chrome 64.0,1440x900,desktop
MacOS|Mac OS X 10_13_2|chrome 64.0|1680x1050,MacOS,Mac OS X 10_13_2,chrome 64.0,1680x1050,desktop
Windows|Windows 8.1|chrome 64.0|3200x1800,Windows,Windows 8.1,chrome 64.0,3200x1800,desktop
C6906||chrome 50.0 for android|,C6906,,chrome 50.0 for android,,mobile
rv:49.0|Windows 7|firefox|1440x900,rv:49.0,Windows 7,firefox,1440x900,desktop
Windows|Windows 7|chrome 64.0|1280x800,Windows,Windows 7,chrome 64.0,1280x800,desktop
MacOS|Mac OS X 10_9_5|safari generic|2048x1152,MacOS,Mac OS X 10_9_5,safari generic,2048x1152,desktop
SM-G955U Build/NRD90M|Android 7.0|chrome 64.0 for android|2961x1442,SM-G955U Build/NRD90M,Android 7.0,chrome 64.0 for android,2961x1442,mobile
Windows|Windows 10|chrome 64.0|2048x1152,Windows,Windows 10,chrome 64.0,2048x1152,desktop
Nexus|Android 7.1.1|chrome 64.0 for android|2562x1442,Nexus,Android 7.1.1,chrome 64.0 for android,2562x1442,mobile
Blade V6 Max Build/MRA58K||chrome 64.0 for android|,Blade V6 Max Build/MRA58K,,chrome 64.0 for android,,mobile
DLI-L22 Build/HONORDLI-L22||chrome 64.0 for android|,DLI-L22 Build/HONORDLI-L22,,chrome 64.0 for android,,mobile
Windows|Windows 10|chrome 61.0|1280x1025,Windows,Windows 10,chrome 61.0,1280x1025,desktop
U||chrome 64.0 for android|,U,,chrome 64.0 for android,,mobile
SM-J710MN Build/MMB29K||chrome 61.0 for android|,SM-J710MN Build/MMB29K,,chrome 61.0 for android,,mobile
SM-N950U Build/NMF26X|Android 7.1.1|chrome 64.0 for android|2961x1442,SM-N950U Build/NMF26X,Android 7.1.1,chrome 64.0 for android,2961x1442,mobile
SM-G532M Build/MMB29T||chrome 50.0 for android|,SM-G532M Build/MMB29T,,chrome 50.0 for android,,mobile
Moto G Play Build/NPIS26.48-36-2||chrome 64.0 for android|,Moto G Play Build/NPIS26.48-36-2,,chrome 64.0 for android,,mobile
Blade V6 Build/LRX22G||chrome 60.0 for android|,Blade V6 Build/LRX22G,,chrome 60.0 for android,,mobile
LG-M250 Build/NRD90U||chrome 64.0 for android|,LG-M250 Build/NRD90U,,chrome 64.0 for android,,mobile
SM-J320FN Build/LMY47V||chrome 64.0 for android|,SM-J320FN Build/LMY47V,,chrome 64.0 for android,,mobile
MacOS|Mac OS X 10_13_2|safari generic|1024x640,MacOS,Mac OS X 10_13_2,safari generic,1024x640,desktop
iOS Device|iOS 11.0.2|mobile safari generic|1136x640,iOS Device,iOS 11.0.2,mobile safari generic,1136x640,mobile
iOS Device|iOS|chrome|2048x1536,iOS Device,iOS,chrome,2048x1536,mobile
Redmi Note 4 Build/NRD90M||chrome 64.0 for android|,Redmi Note 4 Build/NRD90M,,chrome 64.0 for android,,mobile
NX521J||chrome 64.0 for android|,NX521J,,chrome 64.0 for android,,mobile
SM-N910V Build/MMB29M|Android 6.0.1|chrome 64.0 for android|2560x1440,SM-N910V Build/MMB29M,Android 6.0.1,chrome 64.0 for android,2560x1440,mobile
Moto Z2 Play Build/NPSS26.118-19-4||chrome 64.0 for android|,Moto Z2 Play Build/NPSS26.118-19-4,,chrome 64.0 for android,,mobile
XT1254 Build/MCG24.251-5-5|Android 6.0.1|chrome 64.0 for android|2560x1440,XT1254 Build/MCG24.251-5-5,Android 6.0.1,chrome 64.0 for android,2560x1440,mobile
916||chrome 59.0 for android|,916,,chrome 59.0 for android,,mobile
SM-T710 Build/NRD90M||chrome 64.0 for android|,SM-T710 Build/NRD90M,,chrome 64.0 for android,,mobile
HTC One M9 Build/NRD90M||chrome 64.0 for android|,HTC One M9 Build/NRD90M,,chrome 64.0 for android,,mobile
Windows|Windows 8.1|firefox 58.0|,Windows,Windows 8.1,firefox 58.0,,desktop
Vivo||chrome 64.0 for android|,Vivo,,chrome 64.0 for android,,mobile
KFDOWI Build/LVY48F||chrome generic|,KFDOWI Build/LVY48F,,chrome generic,,mobile
Blade V6 Build/LRX22G||chrome 64.0 for android|,Blade V6 Build/LRX22G,,chrome 64.0 for android,,mobile
MacOS|Mac OS X 10_12_6|chrome 59.0|2560x1600,MacOS,Mac OS X 10_12_6,chrome 59.0,2560x1600,desktop
PLUS||chrome 63.0 for android|,PLUS,,chrome 63.0 for android,,mobile
XT1068||chrome 64.0 for android|,XT1068,,chrome 64.0 for android,,mobile
SGH-I337M||chrome 64.0 for android|,SGH-I337M,,chrome 64.0 for android,,mobile
Windows|Windows 10|firefox 58.0|3200x1800,Windows,Windows 10,firefox 58.0,3200x1800,desktop
Windows|Windows 10|opera|1366x768,Windows,Windows 10,opera,1366x768,desktop
SM-J500M Build/LMY48B||android browser 4.0|,SM-J500M Build/LMY48B,,android browser 4.0,,mobile
Y635-L03 Build/HuaweiY635-L03||chrome 64.0 for android|,Y635-L03 Build/HuaweiY635-L03,,chrome 64.0 for android,,mobile
rv:11.0|Windows 7|ie 11.0 for desktop|1280x960,rv:11.0,Windows 7,ie 11.0 for desktop,1280x960,desktop
|Linux|chrome 64.0|2560x1700,,Linux,chrome 64.0,2560x1700,desktop
SM-G903F Build/MMB29K||chrome 64.0 for android|,SM-G903F Build/MMB29K,,chrome 64.0 for android,,mobile
MacOS|Mac OS X 10_12_2|safari generic|2560x1600,MacOS,Mac OS X 10_12_2,safari generic,2560x1600,desktop
MacOS|Mac OS X 10_11_6|chrome 64.0|1440x900,MacOS,Mac OS X 10_11_6,chrome 64.0,1440x900,desktop
rv:58.0|Mac OS X 10.10|firefox 58.0|1280x800,rv:58.0,Mac OS X 10.10,firefox 58.0,1280x800,desktop
Windows NT 6.1|Windows 7|ie|1371x857,Windows NT 6.1,Windows 7,ie,1371x857,desktop
XT1064 Build/MPB24.65-34-3||chrome 61.0 for android|,XT1064 Build/MPB24.65-34-3,,chrome 61.0 for android,,mobile
Windows|Windows 7|chrome 64.0|1728x972,Windows,Windows 7,chrome 64.0,1728x972,desktop
|Android|chrome 64.0|,,Android,chrome 64.0,,mobile
MacOS|Mac OS X 10_13_3|safari generic|1920x1200,MacOS,Mac OS X 10_13_3,safari generic,1920x1200,desktop
Windows|Windows 7|chrome 64.0|2560x1080,Windows,Windows 7,chrome 64.0,2560x1080,desktop
LG-K240 Build/MXB48T||chrome 58.0 for android|,LG-K240 Build/MXB48T,,chrome 58.0 for android,,mobile
Windows|Windows 8.1|chrome 64.0|2304x1296,Windows,Windows 8.1,chrome 64.0,2304x1296,desktop
rv:58.0|Mac OS X 10.13|firefox 58.0|2560x1440,rv:58.0,Mac OS X 10.13,firefox 58.0,2560x1440,desktop
GT-I9505 Build/LRX22C||chrome 58.0 for android|,GT-I9505 Build/LRX22C,,chrome 58.0 for android,,mobile
HUAWEI TAG-L13 Build/HUAWEITAG-L13||chrome 57.0 for android|,HUAWEI TAG-L13 Build/HUAWEITAG-L13,,chrome 57.0 for android,,mobile
XT1032 Build/LPBS23.13-56-2||chrome 57.0 for android|,XT1032 Build/LPBS23.13-56-2,,chrome 57.0 for android,,mobile
XT1585 Build/NCK25.118-10.5|Android 7.0|chrome 64.0 for android|2560x1440,XT1585 Build/NCK25.118-10.5,Android 7.0,chrome 64.0 for android,2560x1440,mobile
WAS-LX1A Build/HUAWEIWAS-LX1A||chrome 64.0 for android|,WAS-LX1A Build/HUAWEIWAS-LX1A,,chrome 64.0 for android,,mobile
MacOS|Mac OS X 10_13_3|chrome 64.0|2560x1600,MacOS,Mac OS X 10_13_3,chrome 64.0,2560x1600,desktop
SM-T800 Build/MMB29K||chrome 64.0 for android|,SM-T800 Build/MMB29K,,chrome 64.0 for android,,mobile
MacOS|Mac|chrome 64.0|1280x800,MacOS,Mac,chrome 64.0,1280x800,desktop
M4 SS4453 Build/MMB29M||chrome 51.0 for android|,M4 SS4453 Build/MMB29M,,chrome 51.0 for android,,mobile
Blade V580 Build/LMY47D||chrome 64.0 for android|,Blade V580 Build/LMY47D,,chrome 64.0 for android,,mobile
TA-1038 Build/NMF26O||chrome 64.0 for android|,TA-1038 Build/NMF26O,,chrome 64.0 for android,,mobile
rv:58.0|Mac OS X 10.13|firefox 58.0|2880x1800,rv:58.0,Mac OS X 10.13,firefox 58.0,2880x1800,desktop
MacOS|Mac OS X 10_11_6|chrome 64.0|1152x648,MacOS,Mac OS X 10_11_6,chrome 64.0,1152x648,desktop
HTCD160LVWPP||chrome 64.0 for android|,HTCD160LVWPP,,chrome 64.0 for android,,mobile
LG-H850 Build/MMB29M||chrome 59.0 for android|,LG-H850 Build/MMB29M,,chrome 59.0 for android,,mobile
XT1635-02||chrome 64.0 for android|,XT1635-02,,chrome 64.0 for android,,mobile
SM-G920T Build/NRD90M||chrome 64.0 for android|,SM-G920T Build/NRD90M,,chrome 64.0 for android,,mobile
GT-P5210 Build/JDQ39||chrome 64.0 for android|,GT-P5210 Build/JDQ39,,chrome 64.0 for android,,mobile
BLN-L21 Build/HONORBLN-L21||chrome 64.0 for android|,BLN-L21 Build/HONORBLN-L21,,chrome 64.0 for android,,mobile
Blade A460 Build/LMY47O||chrome 64.0 for android|,Blade A460 Build/LMY47O,,chrome 64.0 for android,,mobile
rv:58.0|Mac OS X 10.9|firefox 58.0|2560x1440,rv:58.0,Mac OS X 10.9,firefox 58.0,2560x1440,desktop
XT1021 Build/LPCS23.13-34.8-3||chrome 63.0 for android|,XT1021 Build/LPCS23.13-34.8-3,,chrome 63.0 for android,,mobile
ALE-L21 Build/HuaweiALE-L21||android webview 4.0|,ALE-L21 Build/HuaweiALE-L21,,android webview 4.0,,mobile
Redmi 3S Build/MMB29M||chrome 54.0 for android|,Redmi 3S Build/MMB29M,,chrome 54.0 for android,,mobile
Hisense L675 Build/MRA58K||chrome 64.0 for android|,Hisense L675 Build/MRA58K,,chrome 64.0 for android,,mobile
rv:58.0|Mac OS X 10.9|firefox 58.0|1366x768,rv:58.0,Mac OS X 10.9,firefox 58.0,1366x768,desktop
MacOS|Mac OS X 10_13_2|chrome 63.0|1360x768,MacOS,Mac OS X 10_13_2,chrome 63.0,1360x768,desktop
M4 SS4456 Build/LMY47V||chrome 64.0 for android|,M4 SS4456 Build/LMY47V,,chrome 64.0 for android,,mobile
HTC One mini Build/KOT49H||chrome generic|,HTC One mini Build/KOT49H,,chrome generic,,desktop
Windows|Windows 7|firefox 59.0|1366x768,Windows,Windows 7,firefox 59.0,1366x768,desktop
Lenovo A6020l37 Build/LMY47V||chrome 64.0 for android|,Lenovo A6020l37 Build/LMY47V,,chrome 64.0 for android,,mobile
iOS Device|iOS 11.2.2|mobile safari generic|2224x1668,iOS Device,iOS 11.2.2,mobile safari generic,2224x1668,mobile
rv:58.0|Mac OS X 10.13|firefox 58.0|1440x900,rv:58.0,Mac OS X 10.13,firefox 58.0,1440x900,desktop
SM-N9500||chrome 64.0 for android|,SM-N9500,,chrome 64.0 for android,,mobile
E2306 Build/26.1.A.3.111||chrome 64.0 for android|,E2306 Build/26.1.A.3.111,,chrome 64.0 for android,,mobile
LG-H901|Android 7.0|chrome 64.0 for android|2560x1440,LG-H901,Android 7.0,chrome 64.0 for android,2560x1440,mobile
SM-G360F||chrome 63.0 for android|,SM-G360F,,chrome 63.0 for android,,mobile
SAMSUNG-SM-G930A Build/NRD90M|Android 7.0|chrome 64.0 for android|1280x720,SAMSUNG-SM-G930A Build/NRD90M,Android 7.0,chrome 64.0 for android,1280x720,mobile
Moto G (4) Build/NPJ25.93-14.7||samsung browser 6.2|,Moto G (4) Build/NPJ25.93-14.7,,samsung browser 6.2,,mobile
MacOS|Mac OS X 10_13_3|chrome 49.0|1440x900,MacOS,Mac OS X 10_13_3,chrome 49.0,1440x900,desktop
Windows|Windows 10|firefox 59.0|1920x1080,Windows,Windows 10,firefox 59.0,1920x1080,desktop
E6833||chrome 64.0 for android|,E6833,,chrome 64.0 for android,,mobile
9003A Build/MRA58K||chrome 62.0 for android|,9003A Build/MRA58K,,chrome 62.0 for android,,mobile
LG-H320 Build/LRX21Y||chrome|,LG-H320 Build/LRX21Y,,chrome,,mobile
rv:58.0|Windows 10|firefox|1600x900,rv:58.0,Windows 10,firefox,1600x900,desktop
IdeaTabA2109A||chrome 63.0 for android|,IdeaTabA2109A,,chrome 63.0 for android,,mobile
SM-J510FN||chrome 64.0 for android|,SM-J510FN,,chrome 64.0 for android,,mobile
Z2||android webview 4.0|,Z2,,android webview 4.0,,mobile
orbis||chrome 64.0 for android|,orbis,,chrome 64.0 for android,,mobile
iOS Device|iOS 11.2.5|mobile safari generic|2224x1668,iOS Device,iOS 11.2.5,mobile safari generic,2224x1668,mobile
ZA409||android browser 4.0|,ZA409,,android browser 4.0,,mobile
E6553||chrome 64.0 for android|,E6553,,chrome 64.0 for android,,mobile
LG-D693n Build/LRX22G||chrome 57.0 for android|,LG-D693n Build/LRX22G,,chrome 57.0 for android,,mobile
BLN-L24 Build/HONORBLN-L24||chrome 64.0 for android|,BLN-L24 Build/HONORBLN-L24,,chrome 64.0 for android,,mobile
MacOS|Mac OS X 10_13_3|chrome 64.0|1920x1080,MacOS,Mac OS X 10_13_3,chrome 64.0,1920x1080,desktop
SM-T350 Build/NMF26X|Android 7.1.1|chrome 64.0 for android|1024x768,SM-T350 Build/NMF26X,Android 7.1.1,chrome 64.0 for android,1024x768,mobile
CHC-U03 Build/HuaweiCHC-U03||chrome 57.0 for android|,CHC-U03 Build/HuaweiCHC-U03,,chrome 57.0 for android,,mobile
MacOS|Mac OS X 10_11_6|chrome 64.0|1680x1050,MacOS,Mac OS X 10_11_6,chrome 64.0,1680x1050,desktop
Z832 Build/MMB29M|Android 6.0.1|chrome 63.0 for android|855x480,Z832 Build/MMB29M,Android 6.0.1,chrome 63.0 for android,855x480,mobile
SM-G550T1 Build/MMB29K||chrome 64.0 for android|,SM-G550T1 Build/MMB29K,,chrome 64.0 for android,,mobile
XT1021 Build/KXC21.5-40||chrome 63.0 for android|,XT1021 Build/KXC21.5-40,,chrome 63.0 for android,,mobile
SM-G955U Build/NRD90M|Android 7.0|chrome 64.0 for android|2220x1080,SM-G955U Build/NRD90M,Android 7.0,chrome 64.0 for android,2220x1080,mobile
SM-A720F Build/NRD90M||chrome 58.0 for android|,SM-A720F Build/NRD90M,,chrome 58.0 for android,,mobile
Lenovo PB2-650Y Build/MRA58K||chrome 64.0 for android|,Lenovo PB2-650Y Build/MRA58K,,chrome 64.0 for android,,mobile
Blade V580 Build/LMY47D||chrome 58.0 for android|,Blade V580 Build/LMY47D,,chrome 58.0 for android,,mobile
HTC Desire 510 Build/KOT49H||chrome 64.0 for android|,HTC Desire 510 Build/KOT49H,,chrome 64.0 for android,,mobile
SM-G950U Build/NRD90M|Android 7.0|chrome 64.0 for android|2220x1080,SM-G950U Build/NRD90M,Android 7.0,chrome 64.0 for android,2220x1080,mobile
SM-G920I||chrome 63.0 for android|,SM-G920I,,chrome 63.0 for android,,mobile
Alcatel_5098O Build/MMB29M||chrome 61.0 for android|,Alcatel_5098O Build/MMB29M,,chrome 61.0 for android,,mobile
MacOS|Mac OS X 10_11_6|safari generic|2560x1080,MacOS,Mac OS X 10_11_6,safari generic,2560x1080,desktop
LG-D320 Build/KOT49I.V10a||chrome generic|,LG-D320 Build/KOT49I.V10a,,chrome generic,,desktop
Pixel||chrome 64.0 for android|,Pixel,,chrome 64.0 for android,,mobile
SAMSUNG-SM-G530AZ Build/LMY48B||chrome 62.0 for android|,SAMSUNG-SM-G530AZ Build/LMY48B,,chrome 62.0 for android,,mobile
CHC-U03 Build/HuaweiCHC-U03||other|,CHC-U03 Build/HuaweiCHC-U03,,other,,mobile
XT1021 Build/KXC21.5-40||chrome 61.0 for android|,XT1021 Build/KXC21.5-40,,chrome 61.0 for android,,mobile
5011A Build/NRD90M||chrome 64.0 for android|,5011A Build/NRD90M,,chrome 64.0 for android,,mobile
Nexus 5 Build/M4B30Z||chrome 64.0 for android|,Nexus 5 Build/M4B30Z,,chrome 64.0 for android,,mobile
Redmi 4A Build/MMB29M||chrome 54.0 for android|,Redmi 4A Build/MMB29M,,chrome 54.0 for android,,mobile
Windows|Windows 8.1|opera|1366x768,Windows,Windows 8.1,opera,1366x768,desktop
Windows|Windows 7|chrome|2520x1575,Windows,Windows 7,chrome,2520x1575,desktop
SM-T530NU Build/LRX22G|Android 5.0.2|chrome 64.0 for android|1280x800,SM-T530NU Build/LRX22G,Android 5.0.2,chrome 64.0 for android,1280x800,mobile
VS987 Build/NRD90U|Android 7.0|chrome 64.0 for android|,VS987 Build/NRD90U,Android 7.0,chrome 64.0 for android,,mobile
ALUMINI||chrome 43.0 for android|,ALUMINI,,chrome 43.0 for android,,mobile
SAMSUNG-SGH-I337||chrome 64.0 for android|,SAMSUNG-SGH-I337,,chrome 64.0 for android,,mobile
||safari generic|2048x1536,,,safari generic,2048x1536,desktop
Windows|Windows 10|chrome 64.0|3200x1800,Windows,Windows 10,chrome 64.0,3200x1800,desktop
SM-G928P Build/NRD90M|Android 7.0|chrome 64.0 for android|,SM-G928P Build/NRD90M,Android 7.0,chrome 64.0 for android,,mobile
rv:58.0|Mac OS X 10.13|firefox 58.0|1024x768,rv:58.0,Mac OS X 10.13,firefox 58.0,1024x768,desktop
MacOS|Mac OS X 10_11_5|chrome 64.0|1280x800,MacOS,Mac OS X 10_11_5,chrome 64.0,1280x800,desktop
WAS-LX3 Build/HUAWEIWAS-LX3||chrome 61.0 for android|,WAS-LX3 Build/HUAWEIWAS-LX3,,chrome 61.0 for android,,mobile
ALP-L09 Build/HUAWEIALP-L09||samsung browser 6.2|,ALP-L09 Build/HUAWEIALP-L09,,samsung browser 6.2,,mobile
SM-N920G Build/NRD90M||chrome 64.0 for android|,SM-N920G Build/NRD90M,,chrome 64.0 for android,,mobile
LG-LS997 Build/NRD90M|Android 7.0|chrome 64.0 for android|2560x1440,LG-LS997 Build/NRD90M,Android 7.0,chrome 64.0 for android,2560x1440,mobile
SM-G928V Build/MMB29K||chrome 64.0 for android|,SM-G928V Build/MMB29K,,chrome 64.0 for android,,mobile
Windows|Windows 10|opera|1920x1080,Windows,Windows 10,opera,1920x1080,desktop
GT-I8200N||chrome 64.0 for android|,GT-I8200N,,chrome 64.0 for android,,mobile
F8331 Build/41.2.A.7.76||chrome 64.0 for android|,F8331 Build/41.2.A.7.76,,chrome 64.0 for android,,mobile
SM-G950F Build/NRD90M|Android 7.0|chrome 63.0 for android|2960x1440,SM-G950F Build/NRD90M,Android 7.0,chrome 63.0 for android,2960x1440,mobile
VS425PP Build/LMY47V||chrome 64.0 for android|,VS425PP Build/LMY47V,,chrome 64.0 for android,,mobile
LG-H500 Build/LRX21Y||chrome 64.0 for android|,LG-H500 Build/LRX21Y,,chrome 64.0 for android,,mobile
LG-H542 Build/MRA58K||chrome 64.0 for android|,LG-H542 Build/MRA58K,,chrome 64.0 for android,,mobile
|Linux|chrome 64.0|1536x864,,Linux,chrome 64.0,1536x864,desktop
Windows|Windows 8.1|firefox 58.0|1280x720,Windows,Windows 8.1,firefox 58.0,1280x720,desktop
ALCATEL ONE TOUCH 7047A Build/JDQ39||chrome 63.0 for android|,ALCATEL ONE TOUCH 7047A Build/JDQ39,,chrome 63.0 for android,,mobile
BAH-L09 Build/HUAWEIBAH-L09||chrome 64.0 for android|,BAH-L09 Build/HUAWEIBAH-L09,,chrome 64.0 for android,,mobile
SAMSUNG||samsung browser 5.2|,SAMSUNG,,samsung browser 5.2,,mobile
iOS Device|iOS 10.1.1|mobile safari generic|1334x750,iOS Device,iOS 10.1.1,mobile safari generic,1334x750,mobile
SAMSUNG-SM-G890A Build/NRD90M|Android 7.0|chrome 64.0 for android|2560x1440,SAMSUNG-SM-G890A Build/NRD90M,Android 7.0,chrome 64.0 for android,2560x1440,mobile
Windows|Windows 10|firefox 58.0|,Windows,Windows 10,firefox 58.0,,desktop
Moto C Plus Build/NRD90M.05.034||chrome 64.0 for android|,Moto C Plus Build/NRD90M.05.034,,chrome 64.0 for android,,mobile
iOS Device|iOS 11.2.5|mobile safari uiwebview|2208x1242,iOS Device,iOS 11.2.5,mobile safari uiwebview,2208x1242,mobile
gxq6580_weg_l Build/LMY47I||android browser 4.0|,gxq6580_weg_l Build/LMY47I,,android browser 4.0,,mobile
XT1064 Build/MPB24.65-34-3||chrome 64.0 for android|,XT1064 Build/MPB24.65-34-3,,chrome 64.0 for android,,mobile
MacOS|Mac OS X 10_12_5|chrome 64.0|2880x1800,MacOS,Mac OS X 10_12_5,chrome 64.0,2880x1800,desktop
XT1650|Android 7.1.1|chrome 64.0 for android|,XT1650,Android 7.1.1,chrome 64.0 for android,,mobile
LGMP260 Build/NRD90U||chrome 64.0 for android|,LGMP260 Build/NRD90U,,chrome 64.0 for android,,mobile
TA-1004|||,TA-1004,,,,mobile
SM-G530FZ||chrome 64.0 for android|,SM-G530FZ,,chrome 64.0 for android,,mobile
Mi||chrome 64.0 for android|,Mi,,chrome 64.0 for android,,mobile
SM-N920A Build/MMB29K||chrome 64.0 for android|,SM-N920A Build/MMB29K,,chrome 64.0 for android,,mobile
Pixel 2 Build/OPM1.171019.019||chrome 64.0 for android|,Pixel 2 Build/OPM1.171019.019,,chrome 64.0 for android,,mobile
SM-J327T1 Build/NRD90M||chrome 64.0 for android|,SM-J327T1 Build/NRD90M,,chrome 64.0 for android,,mobile
SM-G313ML||other|,SM-G313ML,,other,,mobile
Windows|Windows 10|chrome 64.0|2560x1080,Windows,Windows 10,chrome 64.0,2560x1080,desktop
iOS Device|iOS|mobile safari generic|1136x640,iOS Device,iOS,mobile safari generic,1136x640,mobile
BLU STUDIO C 5+5 Build/LRX21M||chrome 64.0 for android|,BLU STUDIO C 5+5 Build/LRX21M,,chrome 64.0 for android,,mobile
rv:59.0||firefox|,rv:59.0,,firefox,,desktop
iOS Device|iOS 11.3.0|mobile safari generic|2224x1668,iOS Device,iOS 11.3.0,mobile safari generic,2224x1668,mobile
SM-J110M Build/LMY48B||chrome 64.0 for android|,SM-J110M Build/LMY48B,,chrome 64.0 for android,,mobile
MacOS|Mac OS X 10_12_6|chrome 64.0|5120x2880,MacOS,Mac OS X 10_12_6,chrome 64.0,5120x2880,desktop
SM-G530M||chrome 64.0 for android|,SM-G530M,,chrome 64.0 for android,,mobile
G3313||chrome 63.0 for android|,G3313,,chrome 63.0 for android,,mobile
Windows|Windows 10|chrome 64.0|1920x1281,Windows,Windows 10,chrome 64.0,1920x1281,desktop
Hisense F20 Build/MMB29M||chrome 64.0 for android|,Hisense F20 Build/MMB29M,,chrome 64.0 for android,,mobile
SAMSUNG-SGH-I537||chrome 64.0 for android|,SAMSUNG-SGH-I537,,chrome 64.0 for android,,mobile
LGMS210 Build/NRD90U||chrome 64.0 for android|,LGMS210 Build/NRD90U,,chrome 64.0 for android,,mobile
|Linux|chrome 64.0|,,Linux,chrome 64.0,,desktop
moto x4 Build/OPW27.57-40||chrome 64.0 for android|,moto x4 Build/OPW27.57-40,,chrome 64.0 for android,,mobile
Windows|Windows 10|chrome 59.0|1680x1050,Windows,Windows 10,chrome 59.0,1680x1050,desktop
MacOS|Mac OS X 10_13_3|chrome 58.0|2560x1600,MacOS,Mac OS X 10_13_3,chrome 58.0,2560x1600,desktop
B1-810||chrome 61.0 for android|,B1-810,,chrome 61.0 for android,,mobile
SM-G550T Build/MMB29K|Android 6.0.1|chrome 64.0 for android|1280x720,SM-G550T Build/MMB29K,Android 6.0.1,chrome 64.0 for android,1280x720,mobile
M4 SS4458 Build/MMB29M||chrome 64.0 for android|,M4 SS4458 Build/MMB29M,,chrome 64.0 for android,,mobile
HTC One mini Build/KOT49H||chrome 64.0 for android|,HTC One mini Build/KOT49H,,chrome 64.0 for android,,mobile
NEM-L51 Build/HONORNEM-L51||chrome 64.0 for android|,NEM-L51 Build/HONORNEM-L51,,chrome 64.0 for android,,mobile
Linux i686||firefox|,Linux i686,,firefox,,desktop
SM-G360V Build/LMY48B|Android 5.1.1|chrome 64.0 for android|801x480,SM-G360V Build/LMY48B,Android 5.1.1,chrome 64.0 for android,801x480,mobile
SAMSUNG-SM-G920A Build/NRD90M|Android 7.0|chrome 64.0 for android|2560x1440,SAMSUNG-SM-G920A Build/NRD90M,Android 7.0,chrome 64.0 for android,2560x1440,mobile
SM-J500G||chrome 55.0 for android|,SM-J500G,,chrome 55.0 for android,,mobile
E5606||chrome 64.0 for android|,E5606,,chrome 64.0 for android,,mobile
SM-G935F Build/MMB29K||chrome 64.0 for android|,SM-G935F Build/MMB29K,,chrome 64.0 for android,,mobile
SM-J200H||chrome 63.0 for android|,SM-J200H,,chrome 63.0 for android,,mobile
5017A||chrome 64.0 for android|,5017A,,chrome 64.0 for android,,mobile
rv:52.0|Windows 8.1|firefox 52.0|1600x900,rv:52.0,Windows 8.1,firefox 52.0,1600x900,desktop
HTC Desire 530 Build/MMB29M||chrome 64.0 for android|,HTC Desire 530 Build/MMB29M,,chrome 64.0 for android,,mobile
Windows|Windows 8.1|chrome 64.0|1280x720,Windows,Windows 8.1,chrome 64.0,1280x720,desktop
XT1053 Build/LPAS23.12-21.7-1||chrome 64.0 for android|,XT1053 Build/LPAS23.12-21.7-1,,chrome 64.0 for android,,mobile
Trident/7.0|Windows 8.1|ie 11.0 for desktop|1280x720,Trident/7.0,Windows 8.1,ie 11.0 for desktop,1280x720,desktop
VS995 Build/NRD90M|Android 7.0|chrome 64.0 for android|2560x1440,VS995 Build/NRD90M,Android 7.0,chrome 64.0 for android,2560x1440,mobile
LG-M710 Build/NRD90U||chrome 64.0 for android|,LG-M710 Build/NRD90U,,chrome 64.0 for android,,mobile
rv:58.0|Mac OS X 10.12|firefox 58.0|2560x1600,rv:58.0,Mac OS X 10.12,firefox 58.0,2560x1600,desktop
rv:58.0|Windows 10|firefox|1920x1080,rv:58.0,Windows 10,firefox,1920x1080,desktop
HUAWEI Y360-U23 Build/HUAWEIY360-U23||chrome 62.0 for android|,HUAWEI Y360-U23 Build/HUAWEIY360-U23,,chrome 62.0 for android,,mobile
SAMSUNG-SM-J320AZ||chrome 64.0 for android|,SAMSUNG-SM-J320AZ,,chrome 64.0 for android,,mobile
SM-N950U Build/NMF26X|Android 7.1.1|chrome 64.0 for android|2220x1080,SM-N950U Build/NMF26X,Android 7.1.1,chrome 64.0 for android,2220x1080,mobile
|Android|silk|,,Android,silk,,mobile
Aquaris||chrome 64.0 for android|,Aquaris,,chrome 64.0 for android,,mobile
MYA-L13 Build/HUAWEIMYA-L13||chrome 61.0 for android|,MYA-L13 Build/HUAWEIMYA-L13,,chrome 61.0 for android,,mobile
Windows|Windows 8.1|firefox 58.0|1440x900,Windows,Windows 8.1,firefox 58.0,1440x900,desktop
Windows|Windows 10|chrome 56.0|1680x1050,Windows,Windows 10,chrome 56.0,1680x1050,desktop
LG-M430 Build/NRD90U|Android 7.0|chrome 64.0 for android|1280x720,LG-M430 Build/NRD90U,Android 7.0,chrome 64.0 for android,1280x720,mobile
MacOS|Mac OS X 10_13_2|chrome 64.0|2560x1600,MacOS,Mac OS X 10_13_2,chrome 64.0,2560x1600,desktop
Windows|Windows 10||1920x1080,Windows,Windows 10,,1920x1080,desktop
GT-I9300||chrome 64.0 for android|,GT-I9300,,chrome 64.0 for android,,mobile
SAMSUNG SM-N950U Build/NMF26X|Android 7.1.1|samsung browser generic|,SAMSUNG SM-N950U Build/NMF26X,Android 7.1.1,samsung browser generic,,mobile
5042A||chrome 64.0 for android|,5042A,,chrome 64.0 for android,,mobile
MacOS|Mac OS X 10_13_2|chrome 58.0|2880x1800,MacOS,Mac OS X 10_13_2,chrome 58.0,2880x1800,desktop
E2104||chrome 64.0 for android|,E2104,,chrome 64.0 for android,,mobile
SM-S727VL Build/MMB29M|Android 6.0.1|chrome 64.0 for android|1280x720,SM-S727VL Build/MMB29M,Android 6.0.1,chrome 64.0 for android,1280x720,mobile
SM-G903W||chrome 64.0 for android|,SM-G903W,,chrome 64.0 for android,,mobile
moto x4 Build/NPW26.83-18-2-0-4||chrome 64.0 for android|,moto x4 Build/NPW26.83-18-2-0-4,,chrome 64.0 for android,,mobile
iOS Device|iOS 10.0.2|mobile safari generic|2208x1242,iOS Device,iOS 10.0.2,mobile safari generic,2208x1242,mobile
Z956 Build/MMB29M||chrome 62.0 for android|,Z956 Build/MMB29M,,chrome 62.0 for android,,mobile
Lenovo||chrome 64.0 for android|,Lenovo,,chrome 64.0 for android,,mobile
STV100-4 Build/LMY47V||chrome 64.0 for android|,STV100-4 Build/LMY47V,,chrome 64.0 for android,,mobile
iOS Device|iOS 11.1.0|mobile safari generic|2436x1125,iOS Device,iOS 11.1.0,mobile safari generic,2436x1125,mobile
SM-J105B Build/LMY47V||chrome 59.0 for android|,SM-J105B Build/LMY47V,,chrome 59.0 for android,,mobile
Blade V6 Max Build/MRA58K||chrome 61.0 for android|,Blade V6 Max Build/MRA58K,,chrome 61.0 for android,,mobile
Hisense U963 Build/MRA58K||chrome 64.0 for android|,Hisense U963 Build/MRA58K,,chrome 64.0 for android,,mobile
XT1058 Build/LPAS23.12-21.7-1||chrome 64.0 for android|,XT1058 Build/LPAS23.12-21.7-1,,chrome 64.0 for android,,mobile
SM-G920P Build/NRD90M|Android 7.0|chrome 64.0 for android|2560x1440,SM-G920P Build/NRD90M,Android 7.0,chrome 64.0 for android,2560x1440,mobile
Z410||chrome 51.0 for android|,Z410,,chrome 51.0 for android,,mobile
MacOS|Mac OS X 10_13_2|chrome 64.0|1920x1080,MacOS,Mac OS X 10_13_2,chrome 64.0,1920x1080,desktop
AERIAL||chrome 64.0 for android|,AERIAL,,chrome 64.0 for android,,mobile
MacOS|Mac|chrome 64.0|1440x900,MacOS,Mac,chrome 64.0,1440x900,desktop
SM-T713 Build/NRD90M||chrome 64.0 for android|,SM-T713 Build/NRD90M,,chrome 64.0 for android,,mobile
LGMP450 Build/NRD90U|Android 7.0|chrome 64.0 for android|1920x1080,LGMP450 Build/NRD90U,Android 7.0,chrome 64.0 for android,1920x1080,mobile
ALCATEL ONE TOUCH 5036A Build/JDQ39||chrome 63.0 for android|,ALCATEL ONE TOUCH 5036A Build/JDQ39,,chrome 63.0 for android,,mobile
S70V||chrome generic|,S70V,,chrome generic,,desktop
LG-E980h||chrome 64.0 for android|,LG-E980h,,chrome 64.0 for android,,mobile
Linux||chromium|,Linux,,chromium,,desktop
MacOS|Mac OS X 10_13_3|chrome 64.0|2048x1152,MacOS,Mac OS X 10_13_3,chrome 64.0,2048x1152,desktop
S.N.O.W.4|Windows 7|ie 11.0 for desktop|1680x1050,S.N.O.W.4,Windows 7,ie 11.0 for desktop,1680x1050,desktop
Hisense F20 Build/MMB29M||chrome 61.0 for android|,Hisense F20 Build/MMB29M,,chrome 61.0 for android,,mobile
HUAWEI G7-L03 Build/HuaweiG7-L03||chrome 64.0 for android|,HUAWEI G7-L03 Build/HuaweiG7-L03,,chrome 64.0 for android,,mobile
SM-G900W8||chrome 64.0 for android|,SM-G900W8,,chrome 64.0 for android,,mobile
iOS Device|iOS 11.2.2|chrome|2048x1536,iOS Device,iOS 11.2.2,chrome,2048x1536,mobile
ALCATEL ONE TOUCH 5036A Build/JDQ39||chrome 61.0 for android|,ALCATEL ONE TOUCH 5036A Build/JDQ39,,chrome 61.0 for android,,mobile
SM-J700T Build/NMF26X|Android 7.1.1|chrome 64.0 for android|1280x720,SM-J700T Build/NMF26X,Android 7.1.1,chrome 64.0 for android,1280x720,mobile
SM-G388F||chrome 64.0 for android|,SM-G388F,,chrome 64.0 for android,,mobile
SM-T230 Build/KOT49H||chrome 64.0 for android|,SM-T230 Build/KOT49H,,chrome 64.0 for android,,mobile
Ilium X510 Build/MRA58K||chrome 61.0 for android|,Ilium X510 Build/MRA58K,,chrome 61.0 for android,,mobile
MacOS|Mac OS X 10_13_3|chrome 64.0|1280x800,MacOS,Mac OS X 10_13_3,chrome 64.0,1280x800,desktop
SM-T113NU Build/KTU84P||chrome 55.0 for android|,SM-T113NU Build/KTU84P,,chrome 55.0 for android,,mobile
M4 SS4450 Build/MRA58K||chrome 59.0 for android|,M4 SS4450 Build/MRA58K,,chrome 59.0 for android,,mobile
LG-K430 Build/MRA58K||chrome 64.0 for android|,LG-K430 Build/MRA58K,,chrome 64.0 for android,,mobile
Lenovo TB3-710F Build/LRX21M||chrome 55.0 for android|,Lenovo TB3-710F Build/LRX21M,,chrome 55.0 for android,,mobile
XT1572 Build/NPHS25.200-15-8||chrome 64.0 for android|,XT1572 Build/NPHS25.200-15-8,,chrome 64.0 for android,,mobile
rv:58.0|Mac OS X 10.9|firefox 58.0|1280x800,rv:58.0,Mac OS X 10.9,firefox 58.0,1280x800,desktop
Windows|Linux|chrome generic|640x360,Windows,Linux,chrome generic,640x360,desktop
rv:58.0|Android 6.0.1|firefox|1920x1080,rv:58.0,Android 6.0.1,firefox,1920x1080,mobile
rv:58.0|Windows 8.1|firefox 58.0|1366x768,rv:58.0,Windows 8.1,firefox 58.0,1366x768,desktop
Moto C Build/NRD90M.063||chrome 58.0 for android|,Moto C Build/NRD90M.063,,chrome 58.0 for android,,mobile
XT1635-02|Android 7.1.1|chrome 55.0 for android|640x360,XT1635-02,Android 7.1.1,chrome 55.0 for android,640x360,mobile
MacOS|Mac OS X 10_13_3|safari generic|3840x2160,MacOS,Mac OS X 10_13_3,safari generic,3840x2160,desktop
Windows|Windows 8.1|chrome 64.0|1440x900,Windows,Windows 8.1,chrome 64.0,1440x900,desktop
SM-T377V Build/NMF26X|Android 7.1.1|chrome 64.0 for android|,SM-T377V Build/NMF26X,Android 7.1.1,chrome 64.0 for android,,mobile
rv:58.0|Windows 10|firefox|1680x1050,rv:58.0,Windows 10,firefox,1680x1050,desktop
SM-G900M Build/LRX21T||chrome 55.0 for android|,SM-G900M Build/LRX21T,,chrome 55.0 for android,,mobile
|Linux|chrome 64.0|1366x768,,Linux,chrome 64.0,1366x768,desktop
SM-T217S Build/KOT49H|Android 4.4.2|chrome 64.0 for android|1024x600,SM-T217S Build/KOT49H,Android 4.4.2,chrome 64.0 for android,1024x600,mobile
SAMSUNG SM-J120H Build/LMY47V||other|,SAMSUNG SM-J120H Build/LMY47V,,other,,mobile
SM-N950U Build/NMF26X||chrome 64.0 for android|,SM-N950U Build/NMF26X,,chrome 64.0 for android,,mobile
Aquaris_A4.5||chrome 63.0 for android|,Aquaris_A4.5,,chrome 63.0 for android,,mobile
Z837VL||android webview 4.0|,Z837VL,,android webview 4.0,,mobile
rv:58.0|Mac OS X 10.12|firefox 58.0|4096x2304,rv:58.0,Mac OS X 10.12,firefox 58.0,4096x2304,desktop
SM-G928T Build/NRD90M|Android 7.0|chrome 64.0 for android|,SM-G928T Build/NRD90M,Android 7.0,chrome 64.0 for android,,mobile
Mi A1 Build/N2G47H||chrome 64.0 for android|,Mi A1 Build/N2G47H,,chrome 64.0 for android,,mobile
E6653 Build/32.4.A.1.54||chrome 64.0 for android|,E6653 Build/32.4.A.1.54,,chrome 64.0 for android,,mobile
SAMSUNG SM-A320FL Build/NRD90M||samsung browser generic|,SAMSUNG SM-A320FL Build/NRD90M,,samsung browser generic,,mobile
SM-G550T1 Build/MMB29K||chrome 61.0 for android|,SM-G550T1 Build/MMB29K,,chrome 61.0 for android,,mobile
G3223 Build/42.0.A.4.167||chrome 64.0 for android|,G3223 Build/42.0.A.4.167,,chrome 64.0 for android,,mobile
Windows|Windows Vista|chrome 49.0|1280x768,Windows,Windows Vista,chrome 49.0,1280x768,desktop
ALUMINI||chrome 63.0 for android|,ALUMINI,,chrome 63.0 for android,,mobile
SM-A320FL Build/NRD90M||chrome 64.0 for android|,SM-A320FL Build/NRD90M,,chrome 64.0 for android,,mobile
SM-T550 Build/NMF26X|Android 7.1.1|chrome 64.0 for android|1024x768,SM-T550 Build/NMF26X,Android 7.1.1,chrome 64.0 for android,1024x768,mobile
Hisense F20 Build/MMB29M||chrome 59.0 for android|,Hisense F20 Build/MMB29M,,chrome 59.0 for android,,mobile
8080 Build/LRX21M||chrome 64.0 for android|,8080 Build/LRX21M,,chrome 64.0 for android,,mobile
Y635-L03 Build/HuaweiY635-L03||chrome 50.0 for android|,Y635-L03 Build/HuaweiY635-L03,,chrome 50.0 for android,,mobile
XT1008 Build/LPBS23.13-56-2||chrome 63.0 for android|,XT1008 Build/LPBS23.13-56-2,,chrome 63.0 for android,,mobile
SM-G935F Build/NRD90M|Android 7.0|chrome 64.0 for android|2560x1440,SM-G935F Build/NRD90M,Android 7.0,chrome 64.0 for android,2560x1440,mobile
SM-G355M Build/KOT49H||chrome 64.0 for android|,SM-G355M Build/KOT49H,,chrome 64.0 for android,,mobile
SM-A320Y||chrome 64.0 for android|,SM-A320Y,,chrome 64.0 for android,,mobile
SM-G730V||chrome 61.0 for android|,SM-G730V,,chrome 61.0 for android,,mobile
SM-N950F Build/NMF26X||chrome 59.0 for android|,SM-N950F Build/NMF26X,,chrome 59.0 for android,,mobile
SM-G930V Build/NRD90M|Android 7.0|chrome 64.0 for android|,SM-G930V Build/NRD90M,Android 7.0,chrome 64.0 for android,,mobile
MacOS|Mac OS X 10_9_5|chrome 64.0|1280x800,MacOS,Mac OS X 10_9_5,chrome 64.0,1280x800,desktop
E2306 Build/26.1.A.3.111||chrome 56.0 for android|,E2306 Build/26.1.A.3.111,,chrome 56.0 for android,,mobile
SM-J701M Build/NRD90M||chrome 58.0 for android|,SM-J701M Build/NRD90M,,chrome 58.0 for android,,mobile
Windows|Windows 8|firefox 58.0|1366x768,Windows,Windows 8,firefox 58.0,1366x768,desktop
SM-J510FN Build/NMF26X||chrome 64.0 for android|,SM-J510FN Build/NMF26X,,chrome 64.0 for android,,mobile
Blade L5 Build/LMY47I||chrome 43.0 for android|,Blade L5 Build/LMY47I,,chrome 43.0 for android,,mobile
Windows|Windows 10|palemoon|1920x1080,Windows,Windows 10,palemoon,1920x1080,desktop
9008A Build/NRD90M||chrome 55.0 for android|,9008A Build/NRD90M,,chrome 55.0 for android,,mobile
VS501 Build/NRD90U|Android 7.0|chrome 64.0 for android|1280x720,VS501 Build/NRD90U,Android 7.0,chrome 64.0 for android,1280x720,mobile
Lenovo||chrome 53.0 for android|,Lenovo,,chrome 53.0 for android,,mobile
LG-M250 Build/NRD90U||chrome 55.0 for android|,LG-M250 Build/NRD90U,,chrome 55.0 for android,,mobile
XT1580||chrome 64.0 for android|,XT1580,,chrome 64.0 for android,,mobile
Windows|Windows 7|chrome 63.0|1728x972,Windows,Windows 7,chrome 63.0,1728x972,desktop
rv:58.0||Generic/Android|,rv:58.0,,Generic/Android,,mobile
MYA-L03 Build/HUAWEIMYA-L03||chrome 64.0 for android|,MYA-L03 Build/HUAWEIMYA-L03,,chrome 64.0 for android,,mobile
SM-T350 Build/NMF26X||chrome 64.0 for android|,SM-T350 Build/NMF26X,,chrome 64.0 for android,,mobile
SM-G900M Build/MMB29M||chrome 64.0 for android|,SM-G900M Build/MMB29M,,chrome 64.0 for android,,mobile
XT1650 Build/NPLS26.118-20-5-3||chrome 64.0 for android|,XT1650 Build/NPLS26.118-20-5-3,,chrome 64.0 for android,,mobile
CHC-U03 Build/HuaweiCHC-U03||chrome generic|,CHC-U03 Build/HuaweiCHC-U03,,chrome generic,,desktop
VS5012 Build/NRD90M||chrome 64.0 for android|,VS5012 Build/NRD90M,,chrome 64.0 for android,,mobile
Windows|Windows 8|chrome 64.0|1920x1080,Windows,Windows 8,chrome 64.0,1920x1080,desktop
ASUS_X00DDA||chrome 64.0 for android|,ASUS_X00DDA,,chrome 64.0 for android,,mobile
XT1254||chrome 64.0 for android|,XT1254,,chrome 64.0 for android,,mobile
XT1063 Build/MPB24.65-34||chrome 64.0 for android|,XT1063 Build/MPB24.65-34,,chrome 64.0 for android,,mobile
LGMS210 Build/NRD90U|Android 7.0|chrome 64.0 for android|1280x720,LGMS210 Build/NRD90U,Android 7.0,chrome 64.0 for android,1280x720,mobile
SM-T110 Build/JDQ39||chrome 64.0 for android|,SM-T110 Build/JDQ39,,chrome 64.0 for android,,mobile
LG-H500 Build/LRX21Y||chrome 60.0 for android|,LG-H500 Build/LRX21Y,,chrome 60.0 for android,,mobile
LG-D850||chrome 64.0 for android|,LG-D850,,chrome 64.0 for android,,mobile
GT-N8000||chrome 59.0 for android|,GT-N8000,,chrome 59.0 for android,,mobile
iOS Device|iOS 11.2.6|mobile safari generic|2208x1242,iOS Device,iOS 11.2.6,mobile safari generic,2208x1242,mobile
Windows|Windows 10|firefox 58.0|2560x1440,Windows,Windows 10,firefox 58.0,2560x1440,desktop
E5823 Build/32.4.A.1.54||chrome 64.0 for android|,E5823 Build/32.4.A.1.54,,chrome 64.0 for android,,mobile
ALE-L23 Build/HuaweiALE-L23||chrome 58.0 for android|,ALE-L23 Build/HuaweiALE-L23,,chrome 58.0 for android,,mobile
rv:46.0||firefox|,rv:46.0,,firefox,,desktop
MacOS|Mac OS X 10_12_6|chrome 64.0|2880x1800,MacOS,Mac OS X 10_12_6,chrome 64.0,2880x1800,desktop
KFASWI Build/LVY48F||chrome generic|,KFASWI Build/LVY48F,,chrome generic,,desktop
MacOS|Mac OS X 10_13_3|chrome 64.0|3360x2100,MacOS,Mac OS X 10_13_3,chrome 64.0,3360x2100,desktop
MacOS|Mac OS X 10_12_6|chrome 64.0|3360x2100,MacOS,Mac OS X 10_12_6,chrome 64.0,3360x2100,desktop
iOS Device|iOS 11.2.6|mobile safari generic|1334x750,iOS Device,iOS 11.2.6,mobile safari generic,1334x750,mobile
M4||chrome 64.0 for android|,M4,,chrome 64.0 for android,,mobile
LG-H520||chrome 64.0 for android|,LG-H520,,chrome 64.0 for android,,mobile
LG-D693n||chrome 64.0 for android|,LG-D693n,,chrome 64.0 for android,,mobile
MacOS|Mac OS X 10_13_4|chrome 64.0|1440x900,MacOS,Mac OS X 10_13_4,chrome 64.0,1440x900,desktop
SM-A510M Build/MMB29K||chrome 64.0 for android|,SM-A510M Build/MMB29K,,chrome 64.0 for android,,mobile
Windows|Windows 10|edge 13.0|1440x900,Windows,Windows 10,edge 13.0,1440x900,desktop
F3113 Build/33.3.A.1.97||android webview 4.0|,F3113 Build/33.3.A.1.97,,android webview 4.0,,mobile
LGLS992|Android 7.0|chrome 64.0 for android|,LGLS992,Android 7.0,chrome 64.0 for android,,mobile
H1711 Build/HUAWEIH1711||chrome 64.0 for android|,H1711 Build/HUAWEIH1711,,chrome 64.0 for android,,mobile
Hisense T963 Build/MRA58K||chrome 64.0 for android|,Hisense T963 Build/MRA58K,,chrome 64.0 for android,,mobile
Z981 Build/MMB29M||chrome 58.0 for android|,Z981 Build/MMB29M,,chrome 58.0 for android,,mobile
SAMSUNG SM-G930P Build/NRD90M|Android 7.0|samsung browser generic|1920x1080,SAMSUNG SM-G930P Build/NRD90M,Android 7.0,samsung browser generic,1920x1080,mobile
TA-1025 Build/NMF26F||chrome 64.0 for android|,TA-1025 Build/NMF26F,,chrome 64.0 for android,,mobile
NXA8QC116|Android 5.0|chrome 64.0 for android|1280x800,NXA8QC116,Android 5.0,chrome 64.0 for android,1280x800,mobile
B3-A40||chrome 64.0 for android|,B3-A40,,chrome 64.0 for android,,mobile
Android|||,Android,,,,mobile
SM-G900V||chrome 64.0 for android|,SM-G900V,,chrome 64.0 for android,,mobile
LOGIC||android webview 4.0|,LOGIC,,android webview 4.0,,mobile
GT-S5310L||chrome 55.0 for android|,GT-S5310L,,chrome 55.0 for android,,mobile
Windows|Windows 7|chrome 64.0|1920x975,Windows,Windows 7,chrome 64.0,1920x975,desktop
C1904||chrome 60.0 for android|,C1904,,chrome 60.0 for android,,mobile
MacOS|Mac OS X 10_11_4|chrome 64.0|1920x1080,MacOS,Mac OS X 10_11_4,chrome 64.0,1920x1080,desktop
MacOS|Mac OS X 10_13_3|chrome 64.0|2560x1440,MacOS,Mac OS X 10_13_3,chrome 64.0,2560x1440,desktop
SM-T585||chrome 64.0 for android|,SM-T585,,chrome 64.0 for android,,mobile
Z981 Build/MMB29M||chrome 64.0 for android|,Z981 Build/MMB29M,,chrome 64.0 for android,,mobile
xs-Z47b7VqTMxs|Windows 7|ie 11.0 for desktop|,xs-Z47b7VqTMxs,Windows 7,ie 11.0 for desktop,,desktop
Moto Z2 Play Build/NPSS26.118-19-11||chrome 64.0 for android|,Moto Z2 Play Build/NPSS26.118-19-11,,chrome 64.0 for android,,mobile
MacOS|Mac OS X 10_13_3|chrome 64.0|5120x2880,MacOS,Mac OS X 10_13_3,chrome 64.0,5120x2880,desktop
||opera 51.0|,,,opera 51.0,,desktop
ASUS_X008DC Build/NRD90M||chrome 64.0 for android|,ASUS_X008DC Build/NRD90M,,chrome 64.0 for android,,mobile
Redmi Note 3 Build/MMB29M||chrome 64.0 for android|,Redmi Note 3 Build/MMB29M,,chrome 64.0 for android,,mobile
Hisense F32 Build/NMF26F||chrome 64.0 for android|,Hisense F32 Build/NMF26F,,chrome 64.0 for android,,mobile
MacOS|Mac OS X 10_13_1|chrome 64.0|2560x1600,MacOS,Mac OS X 10_13_1,chrome 64.0,2560x1600,desktop
8062 Build/MRA58K||chrome 64.0 for android|,8062 Build/MRA58K,,chrome 64.0 for android,,mobile
LG-D400||chrome 64.0 for android|,LG-D400,,chrome 64.0 for android,,mobile
REX||chrome 63.0 for android|,REX,,chrome 63.0 for android,,mobile
SGH-I337M Build/LRX22C||chrome 64.0 for android|,SGH-I337M Build/LRX22C,,chrome 64.0 for android,,mobile
MacOS|Mac OS X 10_13_3|safari generic|2048x1280,MacOS,Mac OS X 10_13_3,safari generic,2048x1280,desktop
Lenovo A2016b30 Build/MRA58K||chrome 55.0 for android|,Lenovo A2016b30 Build/MRA58K,,chrome 55.0 for android,,mobile
MacOS|Mac|chrome 64.0|2560x1440,MacOS,Mac,chrome 64.0,2560x1440,desktop
SAMSUNG-SM-G930AZ||chrome 63.0 for android|,SAMSUNG-SM-G930AZ,,chrome 63.0 for android,,mobile
SAMSUNG SM-G930F Build/NRD90M||samsung browser generic|,SAMSUNG SM-G930F Build/NRD90M,,samsung browser generic,,mobile
TA-1028 Build/NMF26O||chrome 64.0 for android|,TA-1028 Build/NMF26O,,chrome 64.0 for android,,mobile
|Linux|samsung browser 6.2|1920x1080,,Linux,samsung browser 6.2,1920x1080,mobile
LG-M700 Build/NMF26X||chrome 61.0 for android|,LG-M700 Build/NMF26X,,chrome 61.0 for android,,mobile
HUAWEI VNS-L23 Build/HUAWEIVNS-L23||opera|,HUAWEI VNS-L23 Build/HUAWEIVNS-L23,,opera,,mobile
Z956 Build/MMB29M|Android 6.0.1|chrome 64.0 for android|1280x720,Z956 Build/MMB29M,Android 6.0.1,chrome 64.0 for android,1280x720,mobile
iOS Device|iOS 11.2.6|mobile safari generic|2048x1536,iOS Device,iOS 11.2.6,mobile safari generic,2048x1536,mobile
E6810 Build/5.320VZ.03.r|Android 7.1.2|chrome 58.0 for android|1920x1080,E6810 Build/5.320VZ.03.r,Android 7.1.2,chrome 58.0 for android,1920x1080,mobile
SM-G930P Build/NRD90M|Android 7.0|chrome 64.0 for android|2560x1440,SM-G930P Build/NRD90M,Android 7.0,chrome 64.0 for android,2560x1440,mobile
SM-G800F Build/MMB29K||chrome 64.0 for android|,SM-G800F Build/MMB29K,,chrome 64.0 for android,,mobile
Moto G (5) Plus Build/NPNS25.137-92-4||chrome generic|,Moto G (5) Plus Build/NPNS25.137-92-4,,chrome generic,,desktop
Windows|Windows 8.1|chrome 64.0|1600x900,Windows,Windows 8.1,chrome 64.0,1600x900,desktop
XT1064 Build/MPB24.65-34-3||chrome 56.0 for android|,XT1064 Build/MPB24.65-34-3,,chrome 56.0 for android,,mobile
GT-N7100||chrome 64.0 for android|,GT-N7100,,chrome 64.0 for android,,mobile
LGMS210 Build/NRD90U|Android 7.0|chrome 58.0 for android|1280x720,LGMS210 Build/NRD90U,Android 7.0,chrome 58.0 for android,1280x720,mobile
Windows|Windows 8.1|chrome 64.0|2160x1440,Windows,Windows 8.1,chrome 64.0,2160x1440,desktop
LG-H840 Build/NRD90U||chrome 64.0 for android|,LG-H840 Build/NRD90U,,chrome 64.0 for android,,mobile
SAMSUNG-SM-G900A Build/LRX21T|Android 5.0|chrome 64.0 for android|1920x1080,SAMSUNG-SM-G900A Build/LRX21T,Android 5.0,chrome 64.0 for android,1920x1080,mobile
Intel|Mac|safari|1680x1050,Intel,Mac,safari,1680x1050,desktop
HTC||chrome 60.0 for android|,HTC,,chrome 60.0 for android,,mobile
SM-J727T Build/NRD90M|Android 7.0|chrome 64.0 for android|1280x720,SM-J727T Build/NRD90M,Android 7.0,chrome 64.0 for android,1280x720,mobile
Windows|Windows 10|chrome 64.0|3440x1440,Windows,Windows 10,chrome 64.0,3440x1440,desktop
SM-S727VL Build/MMB29M||chrome 64.0 for android|,SM-S727VL Build/MMB29M,,chrome 64.0 for android,,mobile
SAMSUNG SM-N950U Build/NMF26X|Android 7.1.1|samsung browser generic|2961x1442,SAMSUNG SM-N950U Build/NMF26X,Android 7.1.1,samsung browser generic,2961x1442,mobile
Windows|other|chrome generic|1280x800,Windows,other,chrome generic,1280x800,desktop
SM-G720AX||chrome 64.0 for android|,SM-G720AX,,chrome 64.0 for android,,mobile
Windows|Windows 7|chrome 64.0|1280x768,Windows,Windows 7,chrome 64.0,1280x768,desktop
MacOS|Mac OS X 10_13_1|chrome 64.0|3840x2160,MacOS,Mac OS X 10_13_1,chrome 64.0,3840x2160,desktop
moto x4 Build/NPW26.83-42||chrome 64.0 for android|,moto x4 Build/NPW26.83-42,,chrome 64.0 for android,,mobile
SM-G928V||chrome 64.0 for android|,SM-G928V,,chrome 64.0 for android,,mobile
MacOS|Mac OS X 10_12_6|chrome 64.0|1920x1200,MacOS,Mac OS X 10_12_6,chrome 64.0,1920x1200,desktop
SM-T330NU Build/LMY47X||chrome generic|,SM-T330NU Build/LMY47X,,chrome generic,,desktop
Windows|Windows 8.1|chrome 63.0|1408x880,Windows,Windows 8.1,chrome 63.0,1408x880,desktop
SM-N920T Build/NRD90M||chrome 64.0 for android|,SM-N920T Build/NRD90M,,chrome 64.0 for android,,mobile
SM-A310F Build/NRD90M||chrome 64.0 for android|,SM-A310F Build/NRD90M,,chrome 64.0 for android,,mobile
iOS Device|iOS 11.2.6|mobile safari generic|2436x1125,iOS Device,iOS 11.2.6,mobile safari generic,2436x1125,mobile
SM-G925I||chrome 51.0 for android|,SM-G925I,,chrome 51.0 for android,,mobile
MHA-L09 Build/HUAWEIMHA-L09||chrome 64.0 for android|,MHA-L09 Build/HUAWEIMHA-L09,,chrome 64.0 for android,,mobile
iris 870 Build/MRA58K||chrome 64.0 for android|,iris 870 Build/MRA58K,,chrome 64.0 for android,,mobile
HTC One A9s Build/MRA58K||chrome 62.0 for android|,HTC One A9s Build/MRA58K,,chrome 62.0 for android,,mobile
C6906||chrome 64.0 for android|,C6906,,chrome 64.0 for android,,mobile
B3-A20||chrome 50.0 for android|,B3-A20,,chrome 50.0 for android,,mobile
ILIUM||chrome 64.0 for android|,ILIUM,,chrome 64.0 for android,,mobile
SAMSUNG SM-G955U Build/NRD90M|Android 7.0|samsung browser generic|,SAMSUNG SM-G955U Build/NRD90M,Android 7.0,samsung browser generic,,mobile
SAMSUNG SM-G930A Build/NRD90M|Android 7.0|samsung browser generic|1920x1080,SAMSUNG SM-G930A Build/NRD90M,Android 7.0,samsung browser generic,1920x1080,mobile
SAMSUNG||samsung browser generic|,SAMSUNG,,samsung browser generic,,mobile
VTR-AL00 Build/HUAWEIVTR-AL00||android browser 4.0|,VTR-AL00 Build/HUAWEIVTR-AL00,,android browser 4.0,,mobile
Moto Z2 Play Build/NPS26.74-16-1||chrome 64.0 for android|,Moto Z2 Play Build/NPS26.74-16-1,,chrome 64.0 for android,,mobile
MacOS|Mac OS X 10_12_3|chrome 64.0|2560x1600,MacOS,Mac OS X 10_12_3,chrome 64.0,2560x1600,desktop
rv:58.0|Mac OS X 10.10|firefox 58.0|2560x1600,rv:58.0,Mac OS X 10.10,firefox 58.0,2560x1600,desktop
iOS Device|iOS 11.2.6|mobile safari generic|1136x640,iOS Device,iOS 11.2.6,mobile safari generic,1136x640,mobile
iOS Device|iOS 11.2.6|mobile safari generic|2224x1668,iOS Device,iOS 11.2.6,mobile safari generic,2224x1668,mobile
E5506||chrome 56.0 for android|,E5506,,chrome 56.0 for android,,mobile
Windows|Windows 8|chrome 64.0|1024x768,Windows,Windows 8,chrome 64.0,1024x768,desktop
MacOS|Mac OS X 10_9_5|chrome 64.0|2560x1600,MacOS,Mac OS X 10_9_5,chrome 64.0,2560x1600,desktop
P008 Build/NRD90M|Android 7.0|chrome 64.0 for android|,P008 Build/NRD90M,Android 7.0,chrome 64.0 for android,,mobile
Windows|Windows 7|firefox 58.0|2560x1440,Windows,Windows 7,firefox 58.0,2560x1440,desktop
D6603||chrome 57.0 for android|,D6603,,chrome 57.0 for android,,mobile
iOS Device|iOS 11.2.6|mobile safari generic|2732x2048,iOS Device,iOS 11.2.6,mobile safari generic,2732x2048,mobile
SAMSUNG||samsung browser 5.4|,SAMSUNG,,samsung browser 5.4,,mobile
ZTE BLADE V8 MINI Build/NRD90M||chrome 64.0 for android|,ZTE BLADE V8 MINI Build/NRD90M,,chrome 64.0 for android,,mobile
FRD-L04 Build/HUAWEIFRD-L04||chrome 64.0 for android|,FRD-L04 Build/HUAWEIFRD-L04,,chrome 64.0 for android,,mobile
Windows|Windows 10|firefox 58.0|1440x900,Windows,Windows 10,firefox 58.0,1440x900,desktop
TA-1044||chrome 64.0 for android|,TA-1044,,chrome 64.0 for android,,mobile
iOS Device|iOS 11.0.1|mobile safari generic|2224x1668,iOS Device,iOS 11.0.1,mobile safari generic,2224x1668,mobile
Pixel 2 Build/OPM1.171019.019|Android 8.1.0|chrome 64.0 for android|,Pixel 2 Build/OPM1.171019.019,Android 8.1.0,chrome 64.0 for android,,mobile
PLE-701L||chrome 62.0 for android|,PLE-701L,,chrome 62.0 for android,,mobile
MacOS|Mac OS X 10_13_1|chrome 64.0|3360x2100,MacOS,Mac OS X 10_13_1,chrome 64.0,3360x2100,desktop
Blade L2 Plus Build/KOT49H||chrome 64.0 for android|,Blade L2 Plus Build/KOT49H,,chrome 64.0 for android,,mobile
SM-G950U Build/R16NW|Android 8.0.0|chrome 64.0 for android|2220x1080,SM-G950U Build/R16NW,Android 8.0.0,chrome 64.0 for android,2220x1080,mobile
ZUUM_ZEN_I Build/LRX21M||chrome generic|,ZUUM_ZEN_I Build/LRX21M,,chrome generic,,desktop
SM-J727VPP Build/NRD90M|Android 7.0|chrome 64.0 for android|1280x720,SM-J727VPP Build/NRD90M,Android 7.0,chrome 64.0 for android,1280x720,mobile
MacOS|Mac OS X 10_10_5|chrome 64.0|1280x800,MacOS,Mac OS X 10_10_5,chrome 64.0,1280x800,desktop
KFTHWI Build/KTU84M||chrome generic|,KFTHWI Build/KTU84M,,chrome generic,,desktop
SM-T580|Android 6.0.1|chrome 64.0 for android|1920x1200,SM-T580,Android 6.0.1,chrome 64.0 for android,1920x1200,mobile
LG-D693n Build/LRX22G||chrome 64.0 for android|,LG-D693n Build/LRX22G,,chrome 64.0 for android,,mobile
en-gb|Android 4.4.2|chrome generic|1920x1080,en-gb,Android 4.4.2,chrome generic,1920x1080,mobile
Windows|Windows 8|firefox 58.0|,Windows,Windows 8,firefox 58.0,,desktop
SM-A300M||chrome 64.0 for android|,SM-A300M,,chrome 64.0 for android,,mobile
SAMSUNG|Android 5.1.1|chrome generic|960x540,SAMSUNG,Android 5.1.1,chrome generic,960x540,mobile
HUAWEI VNS-L31 Build/HUAWEIVNS-L31||chrome 64.0 for android|,HUAWEI VNS-L31 Build/HUAWEIVNS-L31,,chrome 64.0 for android,,mobile
SAMSUNG SM-J510MN Build/MMB29M||other|,SAMSUNG SM-J510MN Build/MMB29M,,other,,mobile
iris702||chrome 63.0 for android|,iris702,,chrome 63.0 for android,,mobile
SAMSUNG SM-T587P Build/NRD90M|Android 7.0|samsung browser generic|1920x1200,SAMSUNG SM-T587P Build/NRD90M,Android 7.0,samsung browser generic,1920x1200,mobile
SAMSUNG-SM-G530AZ Build/LMY48B||chrome generic|,SAMSUNG-SM-G530AZ Build/LMY48B,,chrome generic,,desktop
F5121 Build/34.3.A.0.238||android webview 4.0|,F5121 Build/34.3.A.0.238,,android webview 4.0,,mobile
MacOS|Mac OS X 10_12_6|chrome 64.0|3840x2400,MacOS,Mac OS X 10_12_6,chrome 64.0,3840x2400,desktop
Ilium L1120 Build/NRD90M||chrome 64.0 for android|,Ilium L1120 Build/NRD90M,,chrome 64.0 for android,,mobile
TA-1044 Build/NMF26F||chrome 64.0 for android|,TA-1044 Build/NMF26F,,chrome 64.0 for android,,mobile
Windows|Windows 7|chrome 64.0|2880x1800,Windows,Windows 7,chrome 64.0,2880x1800,desktop
||mobile safari generic|2208x1242,,,mobile safari generic,2208x1242,mobile
Ilium X510 Build/MRA58K||chrome 64.0 for android|,Ilium X510 Build/MRA58K,,chrome 64.0 for android,,mobile
SAMSUNG SM-J701M Build/NRD90M||samsung browser generic|,SAMSUNG SM-J701M Build/NRD90M,,samsung browser generic,,mobile
Z983 Build/NMF26F|Android 7.1.1|chrome 64.0 for android|,Z983 Build/NMF26F,Android 7.1.1,chrome 64.0 for android,,mobile
NX16A8116KP|Android 7.1.1|chrome 64.0 for android|1280x800,NX16A8116KP,Android 7.1.1,chrome 64.0 for android,1280x800,mobile
PRA-LX1 Build/HUAWEIPRA-LX1||chrome 62.0 for android|,PRA-LX1 Build/HUAWEIPRA-LX1,,chrome 62.0 for android,,mobile
SAMSUNG SM-T710 Build/NRD90M||samsung browser generic|,SAMSUNG SM-T710 Build/NRD90M,,samsung browser generic,,mobile
Pixel|Android 7.1.2|chrome 64.0 for android|,Pixel,Android 7.1.2,chrome 64.0 for android,,mobile
SAMSUNG SM-G928G Build/NRD90M||samsung browser generic|,SAMSUNG SM-G928G Build/NRD90M,,samsung browser generic,,mobile
MacOS|Mac OS X 10_11_6|chrome 64.0|2560x1440,MacOS,Mac OS X 10_11_6,chrome 64.0,2560x1440,desktop
MacOS|Mac OS X 10_13_1|chrome 64.0|3360x1890,MacOS,Mac OS X 10_13_1,chrome 64.0,3360x1890,desktop
Windows|Windows 10|opera 51.0|1920x1080,Windows,Windows 10,opera 51.0,1920x1080,desktop
SM-T285M||chrome 64.0 for android|,SM-T285M,,chrome 64.0 for android,,mobile
SAMSUNG SM-N950F Build/NMF26X||samsung browser generic|,SAMSUNG SM-N950F Build/NMF26X,,samsung browser generic,,mobile
SAMSUNG SM-J327T1 Build/NRD90M||samsung browser 5.2|,SAMSUNG SM-J327T1 Build/NRD90M,,samsung browser 5.2,,mobile
Windows|Windows 10|firefox 58.0|1680x1050,Windows,Windows 10,firefox 58.0,1680x1050,desktop
SM-J110M Build/LMY48B||chrome 57.0 for android|,SM-J110M Build/LMY48B,,chrome 57.0 for android,,mobile
SM-G530H Build/KTU84P||chrome generic|,SM-G530H Build/KTU84P,,chrome generic,,desktop
SCH-I545 Build/LRX22C||chrome 64.0 for android|,SCH-I545 Build/LRX22C,,chrome 64.0 for android,,mobile
SAMSUNG SM-T810 Build/NRD90M||samsung browser generic|,SAMSUNG SM-T810 Build/NRD90M,,samsung browser generic,,mobile
SM-J100VPP Build/LMY48B|Android 5.1.1|chrome 43.0 for android|801x480,SM-J100VPP Build/LMY48B,Android 5.1.1,chrome 43.0 for android,801x480,mobile
LG-D680 Build/KOT49I||chrome 55.0 for android|,LG-D680 Build/KOT49I,,chrome 55.0 for android,,mobile
SM-G930T1|Android 7.0|chrome 64.0 for android|1920x1080,SM-G930T1,Android 7.0,chrome 64.0 for android,1920x1080,mobile
SM-T320 Build/KOT49H||chrome 64.0 for android|,SM-T320 Build/KOT49H,,chrome 64.0 for android,,mobile
SM-N910H||chrome 64.0 for android|,SM-N910H,,chrome 64.0 for android,,mobile
SM-G930V Build/NRD90M||chrome 64.0 for android|,SM-G930V Build/NRD90M,,chrome 64.0 for android,,mobile
rv:39.0||firefox|,rv:39.0,,firefox,,desktop
SM-T800 Build/MMB29K|Android 6.0.1|chrome 64.0 for android|2560x1600,SM-T800 Build/MMB29K,Android 6.0.1,chrome 64.0 for android,2560x1600,mobile
rv:58.0|Mac OS X 10.11|firefox 58.0|1920x1200,rv:58.0,Mac OS X 10.11,firefox 58.0,1920x1200,desktop
SAMSUNG-SM-N910A|Android|chrome generic|2560x1440,SAMSUNG-SM-N910A,Android,chrome generic,2560x1440,mobile
Pixel 2 Build/OPM2.171019.016|Android 8.1.0|chrome 64.0 for android|,Pixel 2 Build/OPM2.171019.016,Android 8.1.0,chrome 64.0 for android,,mobile
Moto G (5S||android webview 4.0|,Moto G (5S,,android webview 4.0,,mobile
MacOS|Mac OS X 10_12_3|chrome 64.0|1366x768,MacOS,Mac OS X 10_12_3,chrome 64.0,1366x768,desktop
SM-G950U1 Build/NRD90M||chrome 64.0 for android|,SM-G950U1 Build/NRD90M,,chrome 64.0 for android,,mobile
rv:58.0|Windows 7|firefox 58.0|1366x768,rv:58.0,Windows 7,firefox 58.0,1366x768,desktop
MacOS|Mac OS X 10_7_5|safari generic|2560x1440,MacOS,Mac OS X 10_7_5,safari generic,2560x1440,desktop
SAMSUNG SM-J700T1 Build/NMF26X|Android 7.1.1|samsung browser generic|1280x720,SAMSUNG SM-J700T1 Build/NMF26X,Android 7.1.1,samsung browser generic,1280x720,mobile
SAMSUNG SM-G891A Build/NRD90M|Android 7.0|samsung browser generic|1920x1080,SAMSUNG SM-G891A Build/NRD90M,Android 7.0,samsung browser generic,1920x1080,mobile
Windows|Windows 8|chrome 63.0|2560x1080,Windows,Windows 8,chrome 63.0,2560x1080,desktop
SM-J320P Build/LMY47X|Android 5.1.1|chrome 64.0 for android|1280x720,SM-J320P Build/LMY47X,Android 5.1.1,chrome 64.0 for android,1280x720,mobile
SM-G610M Build/MMB29K||chrome 58.0 for android|,SM-G610M Build/MMB29K,,chrome 58.0 for android,,mobile
F3111 Build/33.3.A.1.97||chrome 64.0 for android|,F3111 Build/33.3.A.1.97,,chrome 64.0 for android,,mobile
HUAWEI M2-801W Build/HUAWEIM2-801W||chrome 64.0 for android|,HUAWEI M2-801W Build/HUAWEIM2-801W,,chrome 64.0 for android,,mobile
MacOS|Mac OS X 10_11_6|chrome 64.0|1920x1200,MacOS,Mac OS X 10_11_6,chrome 64.0,1920x1200,desktop
0PM92||chrome 64.0 for android|,0PM92,,chrome 64.0 for android,,mobile
SAMSUNG SM-J710MN Build/MMB29K||samsung browser generic|,SAMSUNG SM-J710MN Build/MMB29K,,samsung browser generic,,mobile
SAMSUNG SM-A730F Build/NMF26X||samsung browser generic|,SAMSUNG SM-A730F Build/NMF26X,,samsung browser generic,,mobile
Windows||opera 51.0|,Windows,,opera 51.0,,desktop
HUAWEI|Android|chrome generic|1184x720,HUAWEI,Android,chrome generic,1184x720,mobile
rv:57.0|Android|firefox|976x600,rv:57.0,Android,firefox,976x600,mobile
SAMSUNG SM-G920F Build/LRX22G||chrome generic|,SAMSUNG SM-G920F Build/LRX22G,,chrome generic,,desktop
LG-P708g||chrome 53.0 for android|,LG-P708g,,chrome 53.0 for android,,mobile
SAMSUNG SM-G935F Build/NRD90M||samsung browser generic|,SAMSUNG SM-G935F Build/NRD90M,,samsung browser generic,,mobile
LG-K450 Build/MXB48T|Android 6.0.1|chrome 64.0 for android|1280x720,LG-K450 Build/MXB48T,Android 6.0.1,chrome 64.0 for android,1280x720,mobile
SM-G7105||chrome 64.0 for android|,SM-G7105,,chrome 64.0 for android,,mobile
G3223 Build/42.0.A.4.167||chrome 63.0 for android|,G3223 Build/42.0.A.4.167,,chrome 63.0 for android,,mobile
SM-G920F Build/MMB29K||chrome 50.0 for android|,SM-G920F Build/MMB29K,,chrome 50.0 for android,,mobile
VTR-L09 Build/HUAWEIVTR-L09||chrome 63.0 for android|,VTR-L09 Build/HUAWEIVTR-L09,,chrome 63.0 for android,,mobile
SAMSUNG SM-G950F Build/NRD90M||samsung browser generic|,SAMSUNG SM-G950F Build/NRD90M,,samsung browser generic,,mobile
Lenovo||other|,Lenovo,,other,,mobile
5015A Build/LMY47I||chrome 58.0 for android|,5015A Build/LMY47I,,chrome 58.0 for android,,mobile
Nexus|Android 8.1.0|chrome generic for android|2562x1442,Nexus,Android 8.1.0,chrome generic for android,2562x1442,mobile
SAMSUNG SM-J327P Build/MMB29M||samsung browser generic|,SAMSUNG SM-J327P Build/MMB29M,,samsung browser generic,,mobile
Windows|Windows 8.1|chrome 63.0|3840x1080,Windows,Windows 8.1,chrome 63.0,3840x1080,desktop
BV7000||android webview 4.0|,BV7000,,android webview 4.0,,mobile
SM-G950U1 Build/NRD90M|Android 7.0|chrome 64.0 for android|2220x1080,SM-G950U1 Build/NRD90M,Android 7.0,chrome 64.0 for android,2220x1080,mobile
SM-G390F||chrome 64.0 for android|,SM-G390F,,chrome 64.0 for android,,mobile
F8331||chrome 64.0 for android|,F8331,,chrome 64.0 for android,,mobile
SM-A520W Build/NRD90M||chrome 64.0 for android|,SM-A520W Build/NRD90M,,chrome 64.0 for android,,mobile
SAMSUNG SM-N920P Build/NRD90M|Android 7.0|samsung browser generic|2560x1440,SAMSUNG SM-N920P Build/NRD90M,Android 7.0,samsung browser generic,2560x1440,mobile
SM-G386W||chrome 64.0 for android|,SM-G386W,,chrome 64.0 for android,,mobile
Trident/7.0|Windows 7|ie 11.0 for desktop|1440x810,Trident/7.0,Windows 7,ie 11.0 for desktop,1440x810,desktop
Moto G (4) Build/NPJ25.93-14.7||samsung browser generic|,Moto G (4) Build/NPJ25.93-14.7,,samsung browser generic,,mobile
iOS Device|iOS 11.2.6|mobile safari generic|2001x1125,iOS Device,iOS 11.2.6,mobile safari generic,2001x1125,mobile
MacOS|Mac OS X 10_13_3|chrome 63.0|4096x2304,MacOS,Mac OS X 10_13_3,chrome 63.0,4096x2304,desktop
SAMSUNG SM-N920P Build/NRD90M|Android 7.0|samsung browser generic|,SAMSUNG SM-N920P Build/NRD90M,Android 7.0,samsung browser generic,,mobile
TA-1044 Build/OPR1.170623.026|||,TA-1044 Build/OPR1.170623.026,,,,mobile
LGL164VL Build/NRD90U|Android 7.0|chrome 64.0 for android|1280x720,LGL164VL Build/NRD90U,Android 7.0,chrome 64.0 for android,1280x720,mobile
LG-D331||chrome 63.0 for android|,LG-D331,,chrome 63.0 for android,,mobile
K10||android webview 4.0|,K10,,android webview 4.0,,mobile
D2306 Build/18.6.A.0.182||android browser 4.0|,D2306 Build/18.6.A.0.182,,android browser 4.0,,mobile
|Android|chrome 64.0|1366x768,,Android,chrome 64.0,1366x768,mobile
|Android|chrome 61.0|1920x1080,,Android,chrome 61.0,1920x1080,mobile
LG-X220 Build/LMY47I||chrome 64.0 for android|,LG-X220 Build/LMY47I,,chrome 64.0 for android,,mobile
Moto Z2 Play Build/NPS26.118-19||chrome 64.0 for android|,Moto Z2 Play Build/NPS26.118-19,,chrome 64.0 for android,,mobile
Linux x86_64||firefox 58.0|,Linux x86_64,,firefox 58.0,,desktop
XT1585 Build/NCK25.118-10.5|Android 7.0|chrome 56.0 for android|2560x1440,XT1585 Build/NCK25.118-10.5,Android 7.0,chrome 56.0 for android,2560x1440,mobile
Lenovo YT3-850M Build/MMB29M||chrome generic for android|,Lenovo YT3-850M Build/MMB29M,,chrome generic for android,,mobile
BLU ENERGY X PLUS Build/LRX21M||chrome 64.0 for android|,BLU ENERGY X PLUS Build/LRX21M,,chrome 64.0 for android,,mobile
SAMSUNG-SM-G935A Build/NRD90M|Android 7.0|chrome 64.0 for android|,SAMSUNG-SM-G935A Build/NRD90M,Android 7.0,chrome 64.0 for android,,mobile
rv:55.0|Windows 10|firefox|1920x1080,rv:55.0,Windows 10,firefox,1920x1080,desktop
MacOS|Mac OS X 10_10_5|safari generic|2048x1280,MacOS,Mac OS X 10_10_5,safari generic,2048x1280,desktop
SAMSUNG SM-G891A Build/NRD90M||samsung browser generic|,SAMSUNG SM-G891A Build/NRD90M,,samsung browser generic,,mobile
A574BL Build/NMF26F|Android 7.1.1|chrome 64.0 for android|855x480,A574BL Build/NMF26F,Android 7.1.1,chrome 64.0 for android,855x480,mobile
SM-N920P Build/NRD90M|Android 7.0|chrome 64.0 for android|,SM-N920P Build/NRD90M,Android 7.0,chrome 64.0 for android,,mobile
XT1032||chrome 64.0 for android|,XT1032,,chrome 64.0 for android,,mobile
LG-D331||chrome 64.0 for android|,LG-D331,,chrome 64.0 for android,,mobile
Windows|Windows 10|firefox 58.0|3840x2160,Windows,Windows 10,firefox 58.0,3840x2160,desktop
XT1563 Build/MPDS24.107-52-5||chrome 59.0 for android|,XT1563 Build/MPDS24.107-52-5,,chrome 59.0 for android,,mobile
GT-S7275B||chrome 64.0 for android|,GT-S7275B,,chrome 64.0 for android,,mobile
SAMSUNG SM-G920P Build/NRD90M||samsung browser generic|,SAMSUNG SM-G920P Build/NRD90M,,samsung browser generic,,mobile
SM-G610M Build/NRD90M||chrome 60.0 for android|,SM-G610M Build/NRD90M,,chrome 60.0 for android,,mobile
4027A Build/KOT49H||chrome 64.0 for android|,4027A Build/KOT49H,,chrome 64.0 for android,,mobile
Windows|Windows 10|chrome 56.0|1280x1024,Windows,Windows 10,chrome 56.0,1280x1024,desktop
S60 Build/MMB29M||chrome 64.0 for android|,S60 Build/MMB29M,,chrome 64.0 for android,,mobile
iOS Device|iOS 11.2.5|mobile safari uiwebview|2048x1536,iOS Device,iOS 11.2.5,mobile safari uiwebview,2048x1536,mobile
MacOS|Mac OS X 10_10_5|chrome 64.0|2880x1800,MacOS,Mac OS X 10_10_5,chrome 64.0,2880x1800,desktop
Minion_Tab||Inco/Minion|,Minion_Tab,,Inco/Minion,,mobile
rv:58.0|Windows 10|firefox|1280x800,rv:58.0,Windows 10,firefox,1280x800,desktop
SAMSUNG SM-A320Y Build/NRD90M||samsung browser generic|,SAMSUNG SM-A320Y Build/NRD90M,,samsung browser generic,,mobile
HUAWEI CAN-L11 Build/HUAWEICAN-L11||chrome 64.0 for android|,HUAWEI CAN-L11 Build/HUAWEICAN-L11,,chrome 64.0 for android,,mobile
Windows|Windows 10|chrome 64.0|1280x720,Windows,Windows 10,chrome 64.0,1280x720,desktop
rv:58.0|Windows 7|firefox 58.0|1600x900,rv:58.0,Windows 7,firefox 58.0,1600x900,desktop
ASUS_X00DD||chrome 64.0 for android|,ASUS_X00DD,,chrome 64.0 for android,,mobile
Lenovo YT3-850F Build/MMB29M||chrome 64.0 for android|,Lenovo YT3-850F Build/MMB29M,,chrome 64.0 for android,,mobile
HUAWEI TAG-L13 Build/HUAWEITAG-L13||chrome 55.0 for android|,HUAWEI TAG-L13 Build/HUAWEITAG-L13,,chrome 55.0 for android,,mobile
LGMS428||chrome 64.0 for android|,LGMS428,,chrome 64.0 for android,,mobile
ZTE Blade A511 Build/MRA58K||chrome 52.0 for android|,ZTE Blade A511 Build/MRA58K,,chrome 52.0 for android,,mobile
LG-LS993 Build/NRD90U||chrome 64.0 for android|,LG-LS993 Build/NRD90U,,chrome 64.0 for android,,mobile
BLU||chrome 64.0 for android|,BLU,,chrome 64.0 for android,,mobile
Windows|Windows 10|chrome 64.0|1728x972,Windows,Windows 10,chrome 64.0,1728x972,desktop
ALCATEL||chrome 64.0 for android|,ALCATEL,,chrome 64.0 for android,,mobile
LG-K240 Build/MXB48T||chrome 64.0 for android|,LG-K240 Build/MXB48T,,chrome 64.0 for android,,mobile
LG-H650 Build/LMY47V||chrome 64.0 for android|,LG-H650 Build/LMY47V,,chrome 64.0 for android,,mobile
SM-T813 Build/NRD90M||chrome 64.0 for android|,SM-T813 Build/NRD90M,,chrome 64.0 for android,,mobile
MacOS|Mac OS X 10_12_6|chrome 55.0|2560x1600,MacOS,Mac OS X 10_12_6,chrome 55.0,2560x1600,desktop
iOS Device|iOS 11.2.5|chrome 64.0 for ios|2732x2048,iOS Device,iOS 11.2.5,chrome 64.0 for ios,2732x2048,mobile
SM-J530G||chrome 64.0 for android|,SM-J530G,,chrome 64.0 for android,,mobile
Windows|Windows 10|firefox 59.0|1366x768,Windows,Windows 10,firefox 59.0,1366x768,desktop
Studio|Android 6.0|chrome 64.0 for android|1280x720,Studio,Android 6.0,chrome 64.0 for android,1280x720,mobile
SM-T820 Build/NRD90M|Android 7.0|chrome 63.0 for android|,SM-T820 Build/NRD90M,Android 7.0,chrome 63.0 for android,,mobile
BLADE L7 Build/MRA58K||chrome 64.0 for android|,BLADE L7 Build/MRA58K,,chrome 64.0 for android,,mobile
LG-H812||chrome 64.0 for android|,LG-H812,,chrome 64.0 for android,,mobile
LGUS215 Build/NRD90U|Android 7.0|chrome 61.0 for android|1280x720,LGUS215 Build/NRD90U,Android 7.0,chrome 61.0 for android,1280x720,mobile
SM-J700P|Android 7.1.1|chrome 64.0 for android|1280x720,SM-J700P,Android 7.1.1,chrome 64.0 for android,1280x720,mobile
LG-M153 Build/MXB48T||chrome 64.0 for android|,LG-M153 Build/MXB48T,,chrome 64.0 for android,,mobile
MacOS|Mac OS X 10_11_6|opera 51.0|1920x1080,MacOS,Mac OS X 10_11_6,opera 51.0,1920x1080,desktop
LIMIT||chrome 64.0 for android|,LIMIT,,chrome 64.0 for android,,mobile
SM-N920P Build/NRD90M||chrome 64.0 for android|,SM-N920P Build/NRD90M,,chrome 64.0 for android,,mobile
Ilium LT520 Build/NRD90M||chrome 56.0 for android|,Ilium LT520 Build/NRD90M,,chrome 56.0 for android,,mobile
SAMSUNG SM-G610M Build/MMB29K||samsung browser generic|,SAMSUNG SM-G610M Build/MMB29K,,samsung browser generic,,mobile
|other|mobile safari generic|2436x1125,,other,mobile safari generic,2436x1125,mobile
F5321 Build/34.2.A.2.47|Android 7.0|chrome 64.0 for android|1280x720,F5321 Build/34.2.A.2.47,Android 7.0,chrome 64.0 for android,1280x720,mobile
LG-D855||chrome 64.0 for android|,LG-D855,,chrome 64.0 for android,,mobile
SM-T827R4|Android 7.0|chrome 64.0 for android|2048x1536,SM-T827R4,Android 7.0,chrome 64.0 for android,2048x1536,mobile
SAMSUNG-SM-J327AZ|Android 7.0|chrome 64.0 for android|1280x720,SAMSUNG-SM-J327AZ,Android 7.0,chrome 64.0 for android,1280x720,mobile
SAMSUNG SM-G955F Build/NRD90M||samsung browser generic|,SAMSUNG SM-G955F Build/NRD90M,,samsung browser generic,,mobile
SM-G928G Build/MMB29K||chrome 64.0 for android|,SM-G928G Build/MMB29K,,chrome 64.0 for android,,mobile
4013M Build/KOT49H||chrome 64.0 for android|,4013M Build/KOT49H,,chrome 64.0 for android,,mobile
LG-X165g Build/LRX21M||chrome 52.0 for android|,LG-X165g Build/LRX21M,,chrome 52.0 for android,,mobile
SM-P350 Build/MMB29M||chrome 64.0 for android|,SM-P350 Build/MMB29M,,chrome 64.0 for android,,mobile
XT1650|Android 7.1.1|chrome 64.0 for android|2560x1440,XT1650,Android 7.1.1,chrome 64.0 for android,2560x1440,mobile
SAMSUNG SM-J700M Build/MMB29K||samsung browser generic|,SAMSUNG SM-J700M Build/MMB29K,,samsung browser generic,,mobile
5010G Build/MRA58K||chrome|,5010G Build/MRA58K,,chrome,,mobile
iOS Device|iOS 10.1.1|mobile safari generic|2001x1125,iOS Device,iOS 10.1.1,mobile safari generic,2001x1125,mobile
SM-A530F Build/NMF26X||chrome 64.0 for android|,SM-A530F Build/NMF26X,,chrome 64.0 for android,,mobile
Windows|Windows 10|chrome 64.0|2160x1440,Windows,Windows 10,chrome 64.0,2160x1440,desktop
SM-T555||chrome 59.0 for android|,SM-T555,,chrome 59.0 for android,,mobile
F3313 Build/37.0.A.2.248||chrome 64.0 for android|,F3313 Build/37.0.A.2.248,,chrome 64.0 for android,,mobile
|Linux||1920x1080,,Linux,,1920x1080,desktop
5010G Build/MRA58K||other|,5010G Build/MRA58K,,other,,mobile
Trident/7.0|Windows 8|ie 11.0 for desktop|1920x1080,Trident/7.0,Windows 8,ie 11.0 for desktop,1920x1080,desktop
STV100-2 Build/MMB29M||chrome 64.0 for android|,STV100-2 Build/MMB29M,,chrome 64.0 for android,,mobile
LG-H872 Build/NRD90U|Android 7.0|chrome 64.0 for android|2672x1440,LG-H872 Build/NRD90U,Android 7.0,chrome 64.0 for android,2672x1440,mobile
HUAWEI CUN-L03 Build/HUAWEICUN-L03||chrome 46.0 for android|,HUAWEI CUN-L03 Build/HUAWEICUN-L03,,chrome 46.0 for android,,mobile
MacOS|Mac OS X 10_13_1|chrome 64.0|2880x1800,MacOS,Mac OS X 10_13_1,chrome 64.0,2880x1800,desktop
Windows|Windows 7|chrome 64.0|2560x1440,Windows,Windows 7,chrome 64.0,2560x1440,desktop
SM-G950U Build/NRD90M|Android 7.0|chrome 64.0 for android|2961x1440,SM-G950U Build/NRD90M,Android 7.0,chrome 64.0 for android,2961x1440,mobile
XT1008 Build/LPBS23.13-56-2||chrome 64.0 for android|,XT1008 Build/LPBS23.13-56-2,,chrome 64.0 for android,,mobile
F5321 Build/34.3.A.0.238||chrome 61.0 for android|,F5321 Build/34.3.A.0.238,,chrome 61.0 for android,,mobile
rv:52.0|Windows Vista|firefox 52.0|,rv:52.0,Windows Vista,firefox 52.0,,desktop
SM-G950F Build/R16NW||chrome 64.0 for android|,SM-G950F Build/R16NW,,chrome 64.0 for android,,mobile
rv:52.0|Windows Vista|firefox 52.0|1280x720,rv:52.0,Windows Vista,firefox 52.0,1280x720,desktop
MacOS|Mac OS X 10_11_6|chrome 64.0|4096x2304,MacOS,Mac OS X 10_11_6,chrome 64.0,4096x2304,desktop
G8141||chrome 55.0 for android|,G8141,,chrome 55.0 for android,,mobile
Pixel XL Build/OPM1.171019.016|Android 8.1.0|chrome 64.0 for android|2562x1442,Pixel XL Build/OPM1.171019.016,Android 8.1.0,chrome 64.0 for android,2562x1442,mobile
iOS Device|iOS|mobile safari generic|2732x2048,iOS Device,iOS,mobile safari generic,2732x2048,mobile
Ilium LT510 Build/MRA58K||chrome 64.0 for android|,Ilium LT510 Build/MRA58K,,chrome 64.0 for android,,mobile
SM-G850M Build/LRX22G||chrome 64.0 for android|,SM-G850M Build/LRX22G,,chrome 64.0 for android,,mobile
iOS Device|iOS 10.0.2|mobile safari generic|1136x640,iOS Device,iOS 10.0.2,mobile safari generic,1136x640,mobile
O1||android browser 4.0|,O1,,android browser 4.0,,mobile
Ilium X220 Build/MRA58K||chrome 64.0 for android|,Ilium X220 Build/MRA58K,,chrome 64.0 for android,,mobile
M4 SS4450 Build/MRA58K||chrome 58.0 for android|,M4 SS4450 Build/MRA58K,,chrome 58.0 for android,,mobile
SM-E500M||chrome 64.0 for android|,SM-E500M,,chrome 64.0 for android,,mobile
Blade A465 Build/LMY47D||chrome 64.0 for android|,Blade A465 Build/LMY47D,,chrome 64.0 for android,,mobile
5095I Build/MRA58K||chrome 64.0 for android|,5095I Build/MRA58K,,chrome 64.0 for android,,mobile
SM-T350 Build/MMB29M||chrome 64.0 for android|,SM-T350 Build/MMB29M,,chrome 64.0 for android,,mobile
SM-P607T|Android 5.1.1|chrome 64.0 for android|2560x1600,SM-P607T,Android 5.1.1,chrome 64.0 for android,2560x1600,mobile
Pixel|Android 7.1.2|chrome 64.0 for android|2560x1800,Pixel,Android 7.1.2,chrome 64.0 for android,2560x1800,mobile
Windows|Windows 8|firefox 58.0|1600x900,Windows,Windows 8,firefox 58.0,1600x900,desktop
rv:52.0|Windows Vista|firefox 52.0|1364x768,rv:52.0,Windows Vista,firefox 52.0,1364x768,desktop
SM-T355Y Build/NMF26X||android webview 4.0|,SM-T355Y Build/NMF26X,,android webview 4.0,,mobile
SAMSUNG-SM-J327A Build/NRD90M|Android 7.0|chrome 64.0 for android|1280x720,SAMSUNG-SM-J327A Build/NRD90M,Android 7.0,chrome 64.0 for android,1280x720,mobile
iOS Device|iOS 10.0.2|mobile safari generic|2001x1125,iOS Device,iOS 10.0.2,mobile safari generic,2001x1125,mobile
rv:52.0|Mac OS X 10.12|firefox 52.0|1280x1024,rv:52.0,Mac OS X 10.12,firefox 52.0,1280x1024,desktop
Trident/7.0|Windows 7|ie 11.0 for desktop|1062x630,Trident/7.0,Windows 7,ie 11.0 for desktop,1062x630,desktop
SM-A500M Build/LRX22G||chrome 64.0 for android|,SM-A500M Build/LRX22G,,chrome 64.0 for android,,mobile
SM-T560NU Build/NMF26X|Android 7.1.1|chrome 64.0 for android|1280x800,SM-T560NU Build/NMF26X,Android 7.1.1,chrome 64.0 for android,1280x800,mobile
SM-G550T Build/MMB29K||chrome 64.0 for android|,SM-G550T Build/MMB29K,,chrome 64.0 for android,,mobile
Windows|Windows 8.1|chrome 64.0|1280x800,Windows,Windows 8.1,chrome 64.0,1280x800,desktop
MacOS|Mac OS X 10_10_5|chrome generic|2880x1800,MacOS,Mac OS X 10_10_5,chrome generic,2880x1800,desktop
iOS Device|iOS 10.2.0|mobile safari generic|2001x1125,iOS Device,iOS 10.2.0,mobile safari generic,2001x1125,mobile
SM-G800F Build/MMB29K||chrome 56.0 for android|,SM-G800F Build/MMB29K,,chrome 56.0 for android,,mobile
Windows|Windows 8.1|chrome generic|2560x1440,Windows,Windows 8.1,chrome generic,2560x1440,desktop
HUAWEI CAN-L01 Build/HUAWEICAN-L01||chrome 64.0 for android|,HUAWEI CAN-L01 Build/HUAWEICAN-L01,,chrome 64.0 for android,,mobile
SAMSUNG SM-J327P Build/MMB29M|Android 6.0.1|samsung browser generic|1280x720,SAMSUNG SM-J327P Build/MMB29M,Android 6.0.1,samsung browser generic,1280x720,mobile
8050G Build/LMY47I||chrome 64.0 for android|,8050G Build/LMY47I,,chrome 64.0 for android,,mobile
LG-X240 Build/MRA58K||chrome 61.0 for android|,LG-X240 Build/MRA58K,,chrome 61.0 for android,,mobile
Windows|Windows||,Windows,Windows,,,desktop
rv:60.0||Generic/Android|,rv:60.0,,Generic/Android,,mobile
iOS Device|iOS 11.2.6|chrome 64.0 for ios|2048x1536,iOS Device,iOS 11.2.6,chrome 64.0 for ios,2048x1536,mobile
SM-T580 Build/NRD90M||opera|,SM-T580 Build/NRD90M,,opera,,mobile
SM-G935T Build/NRD90M|Android 7.0|chrome 64.0 for android|1920x1080,SM-G935T Build/NRD90M,Android 7.0,chrome 64.0 for android,1920x1080,mobile
SAMSUNG SM-T813 Build/NRD90M|Android 7.0|samsung browser 6.2|2048x1536,SAMSUNG SM-T813 Build/NRD90M,Android 7.0,samsung browser 6.2,2048x1536,mobile
MacOS|Mac OS X 10_12_3|chrome 64.0|5120x2880,MacOS,Mac OS X 10_12_3,chrome 64.0,5120x2880,desktop
SM-A510M Build/LMY47X|Android 5.1.1|chrome 64.0 for android|1920x1080,SM-A510M Build/LMY47X,Android 5.1.1,chrome 64.0 for android,1920x1080,mobile
SM-N920V Build/NRD90M|Android 7.0|chrome 64.0 for android|,SM-N920V Build/NRD90M,Android 7.0,chrome 64.0 for android,,mobile
SAMSUNG SM-G532M Build/MMB29T||samsung browser generic|,SAMSUNG SM-G532M Build/MMB29T,,samsung browser generic,,mobile
SM-J111M Build/LMY47V||chrome 64.0 for android|,SM-J111M Build/LMY47V,,chrome 64.0 for android,,mobile
Windows|Windows 7|chrome 64.0|1360x768,Windows,Windows 7,chrome 64.0,1360x768,desktop
X900+||chrome 64.0 for android|,X900+,,chrome 64.0 for android,,mobile
SAMSUNG-SM-G891A Build/NRD90M|Android 7.0|chrome 64.0 for android|1920x1080,SAMSUNG-SM-G891A Build/NRD90M,Android 7.0,chrome 64.0 for android,1920x1080,mobile
D5316 Build/19.4.A.0.182||chrome 64.0 for android|,D5316 Build/19.4.A.0.182,,chrome 64.0 for android,,mobile
Windows|Windows 10|chrome generic|1920x1281,Windows,Windows 10,chrome generic,1920x1281,desktop
XT1040||chrome|,XT1040,,chrome,,desktop
SM-N900T Build/LRX21V||chrome 64.0 for android|,SM-N900T Build/LRX21V,,chrome 64.0 for android,,mobile
LG-TP450 Build/NRD90U|Android 7.0|chrome 64.0 for android|1920x1080,LG-TP450 Build/NRD90U,Android 7.0,chrome 64.0 for android,1920x1080,mobile
MacOS|Mac|chrome generic|1440x900,MacOS,Mac,chrome generic,1440x900,desktop
SAMSUNG-SM-N900A Build/LRX21V||chrome 64.0 for android|,SAMSUNG-SM-N900A Build/LRX21V,,chrome 64.0 for android,,mobile
SM-J200M Build/LMY47X||chrome 59.0 for android|,SM-J200M Build/LMY47X,,chrome 59.0 for android,,mobile
moto x4 Build/OPW27.57-40||samsung browser 6.2|,moto x4 Build/OPW27.57-40,,samsung browser 6.2,,mobile
TA-1052|Android 8.1.0||2562x1442,TA-1052,Android 8.1.0,,2562x1442,mobile
LGL163BL|Android 7.0|chrome 63.0 for android|1280x720,LGL163BL,Android 7.0,chrome 63.0 for android,1280x720,mobile
MacOS|Mac OS X 10_13_2|chrome 64.0|1280x800,MacOS,Mac OS X 10_13_2,chrome 64.0,1280x800,desktop
VS995 Build/NRD90M||chrome 64.0 for android|,VS995 Build/NRD90M,,chrome 64.0 for android,,mobile
SM-A510M Build/LMY47X||chrome 64.0 for android|,SM-A510M Build/LMY47X,,chrome 64.0 for android,,mobile
SAMSUNG SM-T530NU Build/LRX22G||chrome generic|,SAMSUNG SM-T530NU Build/LRX22G,,chrome generic,,desktop
LG-H631||chrome 64.0 for android|,LG-H631,,chrome 64.0 for android,,mobile
SM-N920T Build/NRD90M|Android 7.0|chrome generic for android|,SM-N920T Build/NRD90M,Android 7.0,chrome generic for android,,mobile
MacOS|Mac OS X 10_13_3|safari generic|3440x1440,MacOS,Mac OS X 10_13_3,safari generic,3440x1440,desktop
M4||chrome|,M4,,chrome,,mobile
Redmi 5 Plus Build/N2G47H||chrome 64.0 for android|,Redmi 5 Plus Build/N2G47H,,chrome 64.0 for android,,mobile
Windows|Windows 8.1|chrome 64.0|1280x1025,Windows,Windows 8.1,chrome 64.0,1280x1025,desktop
Windows|Windows 8.1|chrome 64.0|1280x1024,Windows,Windows 8.1,chrome 64.0,1280x1024,desktop
GT-I9060L Build/JDQ39||chrome 54.0 for android|,GT-I9060L Build/JDQ39,,chrome 54.0 for android,,mobile
rv:58.0|Windows 7|firefox 58.0|1920x1080,rv:58.0,Windows 7,firefox 58.0,1920x1080,desktop
rv:45.0|Mac OS X 10.11|firefox|1920x1080,rv:45.0,Mac OS X 10.11,firefox,1920x1080,desktop
BBB100-1|Android 7.1.1|chrome 64.0 for android|,BBB100-1,Android 7.1.1,chrome 64.0 for android,,mobile
Windows|Windows 8.1|chrome 64.0|,Windows,Windows 8.1,chrome 64.0,,desktop
SAMSUNG SM-J530GM Build/NRD90M||samsung browser generic|,SAMSUNG SM-J530GM Build/NRD90M,,samsung browser generic,,mobile
LGMS345||android browser 4.0|,LGMS345,,android browser 4.0,,mobile
SM-J327T Build/NRD90M||chrome 64.0 for android|,SM-J327T Build/NRD90M,,chrome 64.0 for android,,mobile
MacOS|Mac OS X 10_10_5|safari generic|1280x768,MacOS,Mac OS X 10_10_5,safari generic,1280x768,desktop
Windows|Windows 10|chrome 59.0|1440x900,Windows,Windows 10,chrome 59.0,1440x900,desktop
SM-G610M Build/MMB29K||chrome 55.0 for android|,SM-G610M Build/MMB29K,,chrome 55.0 for android,,mobile
|Android|chrome 64.0|2560x1600,,Android,chrome 64.0,2560x1600,mobile
LGLS992|Android 6.0.1|chrome 64.0 for android|2560x1440,LGLS992,Android 6.0.1,chrome 64.0 for android,2560x1440,mobile
HUAWEI||chrome 58.0 for android|,HUAWEI,,chrome 58.0 for android,,mobile
8050G Build/LMY47I||chrome 56.0 for android|,8050G Build/LMY47I,,chrome 56.0 for android,,mobile
HIGHWAY||chrome 64.0 for android|,HIGHWAY,,chrome 64.0 for android,,mobile
MacOS|Mac OS X 10_11_6|chrome 64.0|1600x1200,MacOS,Mac OS X 10_11_6,chrome 64.0,1600x1200,desktop
Windows|Windows 10|firefox 58.0|1920x1200,Windows,Windows 10,firefox 58.0,1920x1200,desktop
7055A Build/KVT49L||chrome 64.0 for android|,7055A Build/KVT49L,,chrome 64.0 for android,,mobile
HUAWEI Y625-U13 Build/HUAWEIY625-U13||chrome 63.0 for android|,HUAWEI Y625-U13 Build/HUAWEIY625-U13,,chrome 63.0 for android,,mobile
MacOS|Mac|chrome 64.0|1920x1080,MacOS,Mac,chrome 64.0,1920x1080,desktop
Windows|Windows 7|chrome 64.0|1280x960,Windows,Windows 7,chrome 64.0,1280x960,desktop
LG-M257||chrome 64.0 for android|,LG-M257,,chrome 64.0 for android,,mobile
Z983 Build/NMF26F|Android 7.1.1|chrome 64.0 for android|1920x1080,Z983 Build/NMF26F,Android 7.1.1,chrome 64.0 for android,1920x1080,mobile
X3402||chrome 55.0 for android|,X3402,,chrome 55.0 for android,,mobile
|Android|chrome|1280x720,,Android,chrome,1280x720,mobile
SAMSUNG SM-G920P Build/NRD90M|Android 7.0|samsung browser generic|2560x1440,SAMSUNG SM-G920P Build/NRD90M,Android 7.0,samsung browser generic,2560x1440,mobile
MacOS|Mac OS X 10_10_5|chrome|1280x800,MacOS,Mac OS X 10_10_5,chrome,1280x800,desktop
Blade L5 Build/LMY47I||chrome 64.0 for android|,Blade L5 Build/LMY47I,,chrome 64.0 for android,,mobile
Aquaris X5 Plus Build/NMF26F||chrome 64.0 for android|,Aquaris X5 Plus Build/NMF26F,,chrome 64.0 for android,,mobile
ASUS_Z017DA||chrome 64.0 for android|,ASUS_Z017DA,,chrome 64.0 for android,,mobile
MHA-L29 Build/HUAWEIMHA-L29|Android 8.0.0|chrome generic for android|1920x1080,MHA-L29 Build/HUAWEIMHA-L29,Android 8.0.0,chrome generic for android,1920x1080,mobile
E5606 Build/30.2.A.1.21||chrome 64.0 for android|,E5606 Build/30.2.A.1.21,,chrome 64.0 for android,,mobile
SM-A320Y Build/NRD90M||chrome 64.0 for android|,SM-A320Y Build/NRD90M,,chrome 64.0 for android,,mobile
F1f Build/LMY47V||chrome 56.0 for android|,F1f Build/LMY47V,,chrome 56.0 for android,,mobile
LG-K240 Build/MXB48T||chrome generic for android|,LG-K240 Build/MXB48T,,chrome generic for android,,mobile
HTC Desire 650 Build/MMB29M||chrome generic for android|,HTC Desire 650 Build/MMB29M,,chrome generic for android,,mobile
MacOS|Mac OS X 10_12_6|chrome 64.0|,MacOS,Mac OS X 10_12_6,chrome 64.0,,desktop
HUAWEI VNS-L23 Build/HUAWEIVNS-L23||chrome 52.0 for android|,HUAWEI VNS-L23 Build/HUAWEIVNS-L23,,chrome 52.0 for android,,mobile
XT1008||chrome|,XT1008,,chrome,,mobile
Windows|Windows 7|chrome 61.0|2560x1080,Windows,Windows 7,chrome 61.0,2560x1080,desktop
XT1635-01|Android 7.1.1|chrome generic for android|1920x1080,XT1635-01,Android 7.1.1,chrome generic for android,1920x1080,mobile
SAMSUNG SM-G950U Build/NRD90M|Android 7.0|samsung browser generic|2220x1080,SAMSUNG SM-G950U Build/NRD90M,Android 7.0,samsung browser generic,2220x1080,mobile
SAMSUNG SM-A510M Build/NRD90M||samsung browser generic|,SAMSUNG SM-A510M Build/NRD90M,,samsung browser generic,,mobile
Windows|Windows 10|edge 14.0|1600x1200,Windows,Windows 10,edge 14.0,1600x1200,desktop
Moto G Play Build/MPIS24.241-15.3-7||android webview 4.0|,Moto G Play Build/MPIS24.241-15.3-7,,android webview 4.0,,mobile
SM-G930V Build/MMB29M|Android 6.0.1|chrome 64.0 for android|2560x1440,SM-G930V Build/MMB29M,Android 6.0.1,chrome 64.0 for android,2560x1440,mobile
BAC-L03 Build/HUAWEIBAC-L03||chrome generic for android|,BAC-L03 Build/HUAWEIBAC-L03,,chrome generic for android,,mobile
LGLS676 Build/MXB48T||chrome 64.0 for android|,LGLS676 Build/MXB48T,,chrome 64.0 for android,,mobile
ALCATEL ONE TOUCH 5036A Build/JDQ39||chrome 52.0 for android|,ALCATEL ONE TOUCH 5036A Build/JDQ39,,chrome 52.0 for android,,mobile
LG-D373 Build/KOT49I.V10a||chrome 64.0 for android|,LG-D373 Build/KOT49I.V10a,,chrome 64.0 for android,,mobile
SM-N920P Build/NRD90M||chrome generic for android|,SM-N920P Build/NRD90M,,chrome generic for android,,mobile
SM-G900M Build/MMB29M||chrome generic for android|,SM-G900M Build/MMB29M,,chrome generic for android,,mobile
Windows|Windows 7|chrome 64.0|2400x1350,Windows,Windows 7,chrome 64.0,2400x1350,desktop
Alcatel_4060O Build/MMB29M|Android 6.0.1|chrome 50.0 for android|855x480,Alcatel_4060O Build/MMB29M,Android 6.0.1,chrome 50.0 for android,855x480,mobile
SAMSUNG SM-A510M Build/MMB29K||samsung browser generic|,SAMSUNG SM-A510M Build/MMB29K,,samsung browser generic,,mobile
XT1072||chrome 64.0 for android|,XT1072,,chrome 64.0 for android,,mobile
rv:52.0|Mac OS X 10.10|firefox 52.0|1440x900,rv:52.0,Mac OS X 10.10,firefox 52.0,1440x900,desktop
SAMSUNG SM-G925P Build/MMB29K||samsung browser generic|,SAMSUNG SM-G925P Build/MMB29K,,samsung browser generic,,mobile
SM-A710M Build/NRD90M||chrome generic for android|,SM-A710M Build/NRD90M,,chrome generic for android,,mobile
verykool||chrome 64.0 for android|,verykool,,chrome 64.0 for android,,mobile
|Android|samsung browser 6.2|1280x720,,Android,samsung browser 6.2,1280x720,mobile
rv:58.0|Windows 7|firefox 58.0|1280x1024,rv:58.0,Windows 7,firefox 58.0,1280x1024,desktop
MacOS|Mac OS X 10_12_1|chrome 64.0|1280x800,MacOS,Mac OS X 10_12_1,chrome 64.0,1280x800,desktop
SAMSUNG SM-G610M Build/NRD90M||samsung browser generic|,SAMSUNG SM-G610M Build/NRD90M,,samsung browser generic,,mobile
Windows|Windows 7|firefox 58.0|0x0,Windows,Windows 7,firefox 58.0,0x0,desktop
SAMSUNG SM-G920I Build/NRD90M||samsung browser generic|,SAMSUNG SM-G920I Build/NRD90M,,samsung browser generic,,mobile
5010G Build/MRA58K||chrome 62.0 for android|,5010G Build/MRA58K,,chrome 62.0 for android,,mobile
D6503||chrome generic for android|,D6503,,chrome generic for android,,mobile
moto x4 Build/OPWS27.57-40-6||samsung browser 6.2|,moto x4 Build/OPWS27.57-40-6,,samsung browser 6.2,,mobile
Windows|Windows 10|chrome 60.0|1360x768,Windows,Windows 10,chrome 60.0,1360x768,desktop
MacOS|Mac OS X 10_11_6|chrome 64.0|5120x2880,MacOS,Mac OS X 10_11_6,chrome 64.0,5120x2880,desktop
Origins||android webview 4.0|,Origins,,android webview 4.0,,mobile
MacOS|Mac OS X 10_13_3|chrome 62.0|2880x1800,MacOS,Mac OS X 10_13_3,chrome 62.0,2880x1800,desktop
rv:58.0|Windows 7|firefox 58.0|,rv:58.0,Windows 7,firefox 58.0,,desktop
TRT-L53 Build/HUAWEITRT-L53||chrome generic for android|,TRT-L53 Build/HUAWEITRT-L53,,chrome generic for android,,mobile
ALCATEL ONE TOUCH 7042A Build/JDQ39||chrome 64.0 for android|,ALCATEL ONE TOUCH 7042A Build/JDQ39,,chrome 64.0 for android,,mobile
MacOS|Mac OS X 10_12_5|chrome 64.0|1440x900,MacOS,Mac OS X 10_12_5,chrome 64.0,1440x900,desktop
Moto G (5) Build/NPPS25.137-93-4||chrome generic|,Moto G (5) Build/NPPS25.137-93-4,,chrome generic,,desktop
FIG-LX3 Build/HUAWEIFIG-LX3||chrome 62.0 for android|,FIG-LX3 Build/HUAWEIFIG-LX3,,chrome 62.0 for android,,mobile
E6810|Android 7.1.2|chrome generic for android|1920x1080,E6810,Android 7.1.2,chrome generic for android,1920x1080,mobile
MacOS|Mac OS X 10_13_2|chrome 64.0|6720x3780,MacOS,Mac OS X 10_13_2,chrome 64.0,6720x3780,desktop
Windows|Windows 10|chrome generic|1280x1024,Windows,Windows 10,chrome generic,1280x1024,desktop
Windows|Windows 10|chrome 64.0|2400x1350,Windows,Windows 10,chrome 64.0,2400x1350,desktop
LGUS215 Build/NRD90U|Android 7.0|chrome generic for android|1280x720,LGUS215 Build/NRD90U,Android 7.0,chrome generic for android,1280x720,mobile
SM-T700 Build/MMB29K||chrome 64.0 for android|,SM-T700 Build/MMB29K,,chrome 64.0 for android,,mobile
Windows|Windows 10|chrome 64.0|2800x1575,Windows,Windows 10,chrome 64.0,2800x1575,desktop
SM-G355M Build/KOT49H||chrome generic|,SM-G355M Build/KOT49H,,chrome generic,,desktop
Moto Z (2|Android 8.0.0|chrome generic|2560x1440,Moto Z (2,Android 8.0.0,chrome generic,2560x1440,mobile
rv:58.0|Mac OS X 10.11|firefox 58.0|1440x900,rv:58.0,Mac OS X 10.11,firefox 58.0,1440x900,desktop
Redmi||chrome 64.0 for android|,Redmi,,chrome 64.0 for android,,mobile
rv:38.0|Windows 7|firefox|1920x1080,rv:38.0,Windows 7,firefox,1920x1080,desktop
SM-T560 Build/KTU84P||chrome generic|,SM-T560 Build/KTU84P,,chrome generic,,desktop
SM-T700 Build/MMB29K||chrome generic for android|,SM-T700 Build/MMB29K,,chrome generic for android,,mobile
MacOS|Mac OS X 10_9_5|chrome 64.0|1680x1050,MacOS,Mac OS X 10_9_5,chrome 64.0,1680x1050,desktop
SAMSUNG SM-A310F Build/NRD90M||samsung browser generic|,SAMSUNG SM-A310F Build/NRD90M,,samsung browser generic,,mobile
SM-G928T Build/NRD90M||chrome 58.0 for android|,SM-G928T Build/NRD90M,,chrome 58.0 for android,,mobile
Windows|Windows 10|edge 16.0|1280x720,Windows,Windows 10,edge 16.0,1280x720,desktop
SM-G920I Build/NRD90M||chrome generic for android|,SM-G920I Build/NRD90M,,chrome generic for android,,mobile
MacOS|Mac|chrome 64.0|3360x2100,MacOS,Mac,chrome 64.0,3360x2100,desktop
Windows|Windows 10|chrome 64.0|2000x1125,Windows,Windows 10,chrome 64.0,2000x1125,desktop
LG-LS777 Build/NRD90U|Android 7.0|chrome 64.0 for android|1280x720,LG-LS777 Build/NRD90U,Android 7.0,chrome 64.0 for android,1280x720,mobile
Windows|Windows 10|edge 16.0|3440x1440,Windows,Windows 10,edge 16.0,3440x1440,desktop
F3213||chrome 64.0 for android|,F3213,,chrome 64.0 for android,,mobile
SM-G531H Build/LMY48B||chrome generic|,SM-G531H Build/LMY48B,,chrome generic,,desktop
SM-J710MN Build/MMB29K||chrome 58.0 for android|,SM-J710MN Build/MMB29K,,chrome 58.0 for android,,mobile
SAMSUNG-SGH-I497||chrome 59.0 for android|,SAMSUNG-SGH-I497,,chrome 59.0 for android,,mobile
rv:53.0||Generic/Android|,rv:53.0,,Generic/Android,,mobile
SM-G925F Build/NRD90M||chrome 64.0 for android|,SM-G925F Build/NRD90M,,chrome 64.0 for android,,mobile
A1-850||chrome 64.0 for android|,A1-850,,chrome 64.0 for android,,mobile
|Linux|chrome generic|1280x720,,Linux,chrome generic,1280x720,desktop
SM-G928G Build/NRD90M||chrome 62.0 for android|,SM-G928G Build/NRD90M,,chrome 62.0 for android,,mobile
MacOS|Mac OS X 10_10_5|chrome 64.0|1920x1080,MacOS,Mac OS X 10_10_5,chrome 64.0,1920x1080,desktop
|Linux|chrome generic|,,Linux,chrome generic,,desktop
SM-G900T Build/MMB29M||chrome 64.0 for android|,SM-G900T Build/MMB29M,,chrome 64.0 for android,,mobile
SM-G950U Build/NRD90M|Android 7.0|chrome 61.0 for android|2960x1440,SM-G950U Build/NRD90M,Android 7.0,chrome 61.0 for android,2960x1440,mobile
Nexus|||,Nexus,,,,mobile
CAM-L03 Build/HUAWEICAM-L03||chrome generic for android|,CAM-L03 Build/HUAWEICAM-L03,,chrome generic for android,,mobile
MacOS|Mac OS X 10_13_3|chrome generic|2560x1600,MacOS,Mac OS X 10_13_3,chrome generic,2560x1600,desktop
Windows|Linux|chrome generic|1920x1080,Windows,Linux,chrome generic,1920x1080,desktop
5045I||chrome generic for android|,5045I,,chrome generic for android,,mobile
XT1650|Android 7.1.1|chrome generic for android|2560x1440,XT1650,Android 7.1.1,chrome generic for android,2560x1440,mobile
MacOS|Mac OS X 10_11_6|chrome 64.0|1366x768,MacOS,Mac OS X 10_11_6,chrome 64.0,1366x768,desktop
GT-P5210 Build/JDQ39||chrome 59.0 for android|,GT-P5210 Build/JDQ39,,chrome 59.0 for android,,mobile
Z799VL|Android 6.0.1|chrome 53.0 for android|855x480,Z799VL,Android 6.0.1,chrome 53.0 for android,855x480,mobile
SAMSUNG-SM-N920A Build/NRD90M|Android 7.0|chrome 64.0 for android|2562x1442,SAMSUNG-SM-N920A Build/NRD90M,Android 7.0,chrome 64.0 for android,2562x1442,mobile
SM-G925I Build/NRD90M||chrome generic for android|,SM-G925I Build/NRD90M,,chrome generic for android,,mobile
SAMSUNG SM-G900A Build/MMB29M|Android 6.0.1|samsung browser generic|1920x1080,SAMSUNG SM-G900A Build/MMB29M,Android 6.0.1,samsung browser generic,1920x1080,mobile
Windows|Windows 10|firefox 59.0|1680x1050,Windows,Windows 10,firefox 59.0,1680x1050,desktop
Lenovo||opera|,Lenovo,,opera,,mobile
SAMSUNG SM-G930T Build/NRD90M|Android 7.0|samsung browser generic|1920x1080,SAMSUNG SM-G930T Build/NRD90M,Android 7.0,samsung browser generic,1920x1080,mobile
M4 SS4453 Build/MMB29M||chrome generic for android|,M4 SS4453 Build/MMB29M,,chrome generic for android,,mobile
5025G Build/LMY47I||chrome 64.0 for android|,5025G Build/LMY47I,,chrome 64.0 for android,,mobile
MacOS|Mac OS X 10_7_5|chrome 49.0|1344x756,MacOS,Mac OS X 10_7_5,chrome 49.0,1344x756,desktop
MacOS|Mac OS X 10_13_3|safari generic|1440x759,MacOS,Mac OS X 10_13_3,safari generic,1440x759,desktop
A0001 Build/MHC19Q||chrome 64.0 for android|,A0001 Build/MHC19Q,,chrome 64.0 for android,,mobile
SM-J710MN Build/MMB29K||chrome 56.0 for android|,SM-J710MN Build/MMB29K,,chrome 56.0 for android,,mobile
PRA-LX1 Build/HUAWEIPRA-LX1||chrome generic for android|,PRA-LX1 Build/HUAWEIPRA-LX1,,chrome generic for android,,mobile
F8331 Build/41.2.A.7.76||chrome generic for android|,F8331 Build/41.2.A.7.76,,chrome generic for android,,mobile
SM-J701M Build/NRD90M||chrome generic for android|,SM-J701M Build/NRD90M,,chrome generic for android,,mobile
SM-G950U Build/NRD90M||chrome generic for android|,SM-G950U Build/NRD90M,,chrome generic for android,,mobile
LG-V500||chrome 53.0 for android|,LG-V500,,chrome 53.0 for android,,mobile
Moto E (4) Plus Build/NMA26.42-142||chrome generic|,Moto E (4) Plus Build/NMA26.42-142,,chrome generic,,desktop
Windows|Windows 10|chrome 64.0|2304x1440,Windows,Windows 10,chrome 64.0,2304x1440,desktop
MacOS|Mac OS X 10_13_2|chrome 64.0|3360x2100,MacOS,Mac OS X 10_13_2,chrome 64.0,3360x2100,desktop
SM-J510MN Build/MMB29M||chrome 56.0 for android|,SM-J510MN Build/MMB29M,,chrome 56.0 for android,,mobile
5025G Build/LMY47I||chrome 43.0 for android|,5025G Build/LMY47I,,chrome 43.0 for android,,mobile
MacOS|Mac OS X 10_13_3|chrome generic|1920x1080,MacOS,Mac OS X 10_13_3,chrome generic,1920x1080,desktop
SM-J500M Build/LMY48B||chrome generic|,SM-J500M Build/LMY48B,,chrome generic,,desktop
F80 PIABELLA Build/MRA58K||chrome generic for android|,F80 PIABELLA Build/MRA58K,,chrome generic for android,,mobile
rv:47.0|Mac OS X 10.10|firefox 47.0|1440x900,rv:47.0,Mac OS X 10.10,firefox 47.0,1440x900,desktop
rv:44.0|Mac OS X 10.12|firefox|1280x800,rv:44.0,Mac OS X 10.12,firefox,1280x800,desktop
Android 6.0.1|||,Android 6.0.1,,,,mobile
Alcatel_5056O||chrome 64.0 for android|,Alcatel_5056O,,chrome 64.0 for android,,mobile
SAMSUNG|Android 5.1.1|chrome generic|1280x720,SAMSUNG,Android 5.1.1,chrome generic,1280x720,mobile
A97||chrome 64.0 for android|,A97,,chrome 64.0 for android,,mobile
SAMSUNG SM-G955U Build/NRD90M||samsung browser generic|,SAMSUNG SM-G955U Build/NRD90M,,samsung browser generic,,mobile
E5306 Build/27.3.A.0.129||chrome generic for android|,E5306 Build/27.3.A.0.129,,chrome generic for android,,mobile
Windows|Windows 7|chrome generic|1280x800,Windows,Windows 7,chrome generic,1280x800,desktop
LGUS992|Android 7.0|chrome generic for android|2560x1440,LGUS992,Android 7.0,chrome generic for android,2560x1440,mobile
Windows|Windows 7|opera 51.0|1920x1080,Windows,Windows 7,opera 51.0,1920x1080,desktop
LG-M400 Build/NRD90U||chrome generic for android|,LG-M400 Build/NRD90U,,chrome generic for android,,mobile
Windows|Windows 7|chrome 64.0|1364x768,Windows,Windows 7,chrome 64.0,1364x768,desktop
SM-J727T1 Build/NRD90M||chrome 64.0 for android|,SM-J727T1 Build/NRD90M,,chrome 64.0 for android,,mobile
Moto C Build/NRD90M.063||android webview 4.0|,Moto C Build/NRD90M.063,,android webview 4.0,,mobile
SM-G920F Build/NRD90M||chrome generic for android|,SM-G920F Build/NRD90M,,chrome generic for android,,mobile
XT1609||chrome 57.0 for android|,XT1609,,chrome 57.0 for android,,mobile
Nexus 5 Build/M4B30Z||chrome generic for android|,Nexus 5 Build/M4B30Z,,chrome generic for android,,mobile
GT-N5110 Build/JDQ39||chrome generic|,GT-N5110 Build/JDQ39,,chrome generic,,desktop
Windows|Windows XP|chrome 49.0|1024x600,Windows,Windows XP,chrome 49.0,1024x600,desktop
SM-G531H Build/LMY48B||chrome 54.0 for android|,SM-G531H Build/LMY48B,,chrome 54.0 for android,,mobile
Redmi||chrome generic for android|,Redmi,,chrome generic for android,,mobile
E2306 Build/26.3.A.1.33||chrome generic for android|,E2306 Build/26.3.A.1.33,,chrome generic for android,,mobile
MacOS|Mac OS X 10_11_4|safari generic|5120x2880,MacOS,Mac OS X 10_11_4,safari generic,5120x2880,desktop
MacOS|Mac|chrome 64.0|1366x768,MacOS,Mac,chrome 64.0,1366x768,desktop
E2104 Build/24.0.A.5.14||chrome 57.0 for android|,E2104 Build/24.0.A.5.14,,chrome 57.0 for android,,mobile
E5506||chrome generic for android|,E5506,,chrome generic for android,,mobile
Aquaris||chrome generic for android|,Aquaris,,chrome generic for android,,mobile
XT1032 Build/LPBS23.13-56-2||chrome generic|,XT1032 Build/LPBS23.13-56-2,,chrome generic,,desktop
SM-J110M Build/LMY48B||chrome generic|,SM-J110M Build/LMY48B,,chrome generic,,desktop
ONE TOUCH 4016A Build/JDQ39||chrome 64.0 for android|,ONE TOUCH 4016A Build/JDQ39,,chrome 64.0 for android,,mobile
E2104 Build/24.0.A.5.14||chrome 64.0 for android|,E2104 Build/24.0.A.5.14,,chrome 64.0 for android,,mobile
SM-G920I Build/NRD90M||chrome 64.0 for android|,SM-G920I Build/NRD90M,,chrome 64.0 for android,,mobile
Lenovo PB2-650Y Build/MRA58K||chrome generic for android|,Lenovo PB2-650Y Build/MRA58K,,chrome generic for android,,mobile
SAMSUNG SM-A720F Build/NRD90M||samsung browser generic|,SAMSUNG SM-A720F Build/NRD90M,,samsung browser generic,,mobile
Redmi 3S Build/MMB29M||chrome 63.0 for android|,Redmi 3S Build/MMB29M,,chrome 63.0 for android,,mobile
5010G Build/MRA58K||android webview 4.0|,5010G Build/MRA58K,,android webview 4.0,,mobile
LG-H815 Build/MRA58K||chrome generic for android|,LG-H815 Build/MRA58K,,chrome generic for android,,mobile
SM-N920P||chrome generic for android|,SM-N920P,,chrome generic for android,,mobile
SM-P580 Build/NRD90M||chrome 64.0 for android|,SM-P580 Build/NRD90M,,chrome 64.0 for android,,mobile
SM-G955F Build/NRD90M||chrome generic for android|,SM-G955F Build/NRD90M,,chrome generic for android,,mobile
Linux x86_64|Linux|chrome 64.0|1920x1080,Linux x86_64,Linux,chrome 64.0,1920x1080,desktop
XT1095|Android 6.0|chrome generic for android|1920x1080,XT1095,Android 6.0,chrome generic for android,1920x1080,mobile
rv:52.0|Mac OS X 10.13|firefox 52.0|1920x1080,rv:52.0,Mac OS X 10.13,firefox 52.0,1920x1080,desktop
MacOS|Mac OS X 10_12_4|chrome 64.0|1440x900,MacOS,Mac OS X 10_12_4,chrome 64.0,1440x900,desktop
E5823 Build/32.4.A.1.54||chrome generic for android|,E5823 Build/32.4.A.1.54,,chrome generic for android,,mobile
MacOS|Mac OS X 10_13_3|chrome 64.0|5760x3240,MacOS,Mac OS X 10_13_3,chrome 64.0,5760x3240,desktop
iOS Device|iOS 11.0.3|chrome|2048x1536,iOS Device,iOS 11.0.3,chrome,2048x1536,mobile
HUAWEI||chrome generic for android|,HUAWEI,,chrome generic for android,,mobile
SM-G920V Build/NRD90M|Android 7.0|chrome generic for android|2560x1440,SM-G920V Build/NRD90M,Android 7.0,chrome generic for android,2560x1440,mobile
Hisense F20 Build/MMB29M||chrome 58.0 for android|,Hisense F20 Build/MMB29M,,chrome 58.0 for android,,mobile
SC-02H||chrome generic for android|,SC-02H,,chrome generic for android,,mobile
F3313 Build/37.0.A.2.108||chrome generic for android|,F3313 Build/37.0.A.2.108,,chrome generic for android,,mobile
LGMS330 Build/LMY47V||chrome 50.0 for android|,LGMS330 Build/LMY47V,,chrome 50.0 for android,,mobile
SM-N900W8 Build/LRX21V||chrome generic|,SM-N900W8 Build/LRX21V,,chrome generic,,desktop
RS988|Android 7.0|chrome 64.0 for android|2560x1440,RS988,Android 7.0,chrome 64.0 for android,2560x1440,mobile
HUAWEI VNS-L53 Build/HUAWEIVNS-L53||chrome generic for android|,HUAWEI VNS-L53 Build/HUAWEIVNS-L53,,chrome generic for android,,mobile
Linux i686||firefox 59.0|,Linux i686,,firefox 59.0,,desktop
SM-T537V||chrome 50.0 for android|,SM-T537V,,chrome 50.0 for android,,mobile
moto x4 Build/NPW26.83-18-2-0-4||chrome generic for android|,moto x4 Build/NPW26.83-18-2-0-4,,chrome generic for android,,mobile
SM-A520F Build/NRD90M||chrome generic for android|,SM-A520F Build/NRD90M,,chrome generic for android,,mobile
SM-A500FU||chrome 61.0 for android|,SM-A500FU,,chrome 61.0 for android,,mobile
BLADE A602 Build/MRA58K||chrome 60.0 for android|,BLADE A602 Build/MRA58K,,chrome 60.0 for android,,mobile
LGLS992|Android 7.0|chrome generic for android|2560x1440,LGLS992,Android 7.0,chrome generic for android,2560x1440,mobile
MI||chrome generic|,MI,,chrome generic,,desktop
HTC 10 Build/NRD90M||chrome generic for android|,HTC 10 Build/NRD90M,,chrome generic for android,,mobile
TR10CS1 Build/JDQ39||chrome generic|,TR10CS1 Build/JDQ39,,chrome generic,,desktop
LG-H840 Build/NRD90U||chrome generic for android|,LG-H840 Build/NRD90U,,chrome generic for android,,mobile
HUAWEI NXT-L09 Build/HUAWEINXT-L09||chrome generic for android|,HUAWEI NXT-L09 Build/HUAWEINXT-L09,,chrome generic for android,,mobile
Pixel|Android 8.1.0|chrome generic for android|,Pixel,Android 8.1.0,chrome generic for android,,mobile
STF-L09 Build/HUAWEISTF-L09||chrome 64.0 for android|,STF-L09 Build/HUAWEISTF-L09,,chrome 64.0 for android,,mobile
E5606 Build/30.2.A.1.21||chrome generic for android|,E5606 Build/30.2.A.1.21,,chrome generic for android,,mobile
MacOS|Mac OS X 10_13_3|chrome generic|1280x800,MacOS,Mac OS X 10_13_3,chrome generic,1280x800,desktop
LG-V410|Android 4.4.2|chrome 64.0 for android|,LG-V410,Android 4.4.2,chrome 64.0 for android,,mobile
F3313 Build/37.0.A.2.248||chrome generic for android|,F3313 Build/37.0.A.2.248,,chrome generic for android,,mobile
5054S Build/LMY47V||chrome 58.0 for android|,5054S Build/LMY47V,,chrome 58.0 for android,,mobile
rv:59.0||Generic/Android 7.0|,rv:59.0,,Generic/Android 7.0,,mobile
LG-K500 Build/MMB29M||chrome generic for android|,LG-K500 Build/MMB29M,,chrome generic for android,,mobile
Tmovi Build/Vision||chrome generic|,Tmovi Build/Vision,,chrome generic,,desktop
SM-G920F Build/MMB29K||chrome 64.0 for android|,SM-G920F Build/MMB29K,,chrome 64.0 for android,,mobile
SM-T280 Build/LMY47V|Android 5.1.1|chrome 64.0 for android|,SM-T280 Build/LMY47V,Android 5.1.1,chrome 64.0 for android,,mobile
Blade V580 Build/LMY47D||chrome generic|,Blade V580 Build/LMY47D,,chrome generic,,desktop
STF-L09 Build/HUAWEISTF-L09||chrome generic for android|,STF-L09 Build/HUAWEISTF-L09,,chrome generic for android,,mobile
Windows|Windows 8.1|firefox 58.0|1366x768,Windows,Windows 8.1,firefox 58.0,1366x768,desktop
Ilium LT520 Build/NRD90M||chrome 64.0 for android|,Ilium LT520 Build/NRD90M,,chrome 64.0 for android,,mobile
RNE-L03 Build/HUAWEIRNE-L03||chrome generic for android|,RNE-L03 Build/HUAWEIRNE-L03,,chrome generic for android,,mobile
LGMP260 Build/NRD90U||chrome generic for android|,LGMP260 Build/NRD90U,,chrome generic for android,,mobile
SM-G955U Build/NRD90M|Android 7.0|chrome generic for android|,SM-G955U Build/NRD90M,Android 7.0,chrome generic for android,,mobile
SM-G920P Build/NRD90M||chrome generic for android|,SM-G920P Build/NRD90M,,chrome generic for android,,mobile
Windows|Windows 10|chrome generic|2560x1440,Windows,Windows 10,chrome generic,2560x1440,desktop
SM-T817V Build/NRD90M|Android 7.0|chrome generic for android|2048x1536,SM-T817V Build/NRD90M,Android 7.0,chrome generic for android,2048x1536,mobile
SM-J710MN Build/NRD90M||chrome generic for android|,SM-J710MN Build/NRD90M,,chrome generic for android,,mobile
BLU LIFE XL Build/L050U||chrome 63.0 for android|,BLU LIFE XL Build/L050U,,chrome 63.0 for android,,mobile
F5121 Build/34.3.A.0.238||chrome generic for android|,F5121 Build/34.3.A.0.238,,chrome generic for android,,mobile
LG-X220 Build/LMY47I||chrome generic|,LG-X220 Build/LMY47I,,chrome generic,,desktop
MacOS|Mac OS X 10_11_6|chrome 58.0|1440x900,MacOS,Mac OS X 10_11_6,chrome 58.0,1440x900,desktop
SAMSUNG SM-J701M Build/NRD90M|Android 7.0|samsung browser 5.2|1280x720,SAMSUNG SM-J701M Build/NRD90M,Android 7.0,samsung browser 5.2,1280x720,mobile
MHA-L09 Build/HUAWEIMHA-L09||chrome generic for android|,MHA-L09 Build/HUAWEIMHA-L09,,chrome generic for android,,mobile
rv:59.0||firefox 59.0|,rv:59.0,,firefox 59.0,,desktop
SAMSUNG SM-J710MN Build/NRD90M||samsung browser generic|,SAMSUNG SM-J710MN Build/NRD90M,,samsung browser generic,,mobile
SAMSUNG SM-G950F Build/R16NW||samsung browser 7.0|,SAMSUNG SM-G950F Build/R16NW,,samsung browser 7.0,,mobile
LG-K580 Build/MRA58K||chrome generic for android|,LG-K580 Build/MRA58K,,chrome generic for android,,mobile
Ilium X520 Build/NRD90M||chrome 58.0 for android|,Ilium X520 Build/NRD90M,,chrome 58.0 for android,,mobile
HUAWEI CUN-L03 Build/HUAWEICUN-L03||android browser 4.0|,HUAWEI CUN-L03 Build/HUAWEICUN-L03,,android browser 4.0,,mobile
Redmi Note 4 Build/NRD90M||chrome 62.0 for android|,Redmi Note 4 Build/NRD90M,,chrome 62.0 for android,,mobile
LG-X240 Build/MRA58K||chrome generic for android|,LG-X240 Build/MRA58K,,chrome generic for android,,mobile
P5006A Build/NRD90M||chrome 56.0 for android|,P5006A Build/NRD90M,,chrome 56.0 for android,,mobile
SM-A510F Build/NRD90M||chrome generic for android|,SM-A510F Build/NRD90M,,chrome generic for android,,mobile
MacOS|Mac OS X 10_10_5|chrome generic|1920x1080,MacOS,Mac OS X 10_10_5,chrome generic,1920x1080,desktop
Lenovo TB-X103F Build/LenovoTB-X103F||chrome generic for android|,Lenovo TB-X103F Build/LenovoTB-X103F,,chrome generic for android,,mobile
||firefox 59.0|,,,firefox 59.0,,desktop
rv:59.0||Generic/Android|,rv:59.0,,Generic/Android,,mobile
SM-T113NU Build/KTU84P||chrome generic|,SM-T113NU Build/KTU84P,,chrome generic,,desktop
Windows|Windows 7|chrome generic|1024x768,Windows,Windows 7,chrome generic,1024x768,desktop
WAS-TL10 Build/HUAWEIWAS-TL10||chrome generic for android|,WAS-TL10 Build/HUAWEIWAS-TL10,,chrome generic for android,,mobile
ZTE-Z956|Android 6.0.1|other|1280x720,ZTE-Z956,Android 6.0.1,other,1280x720,mobile
Windows|Windows 8.1|firefox 58.0|2160x1440,Windows,Windows 8.1,firefox 58.0,2160x1440,desktop
SAMSUNG-SM-G920A Build/NRD90M|Android 7.0|chrome generic for android|2560x1440,SAMSUNG-SM-G920A Build/NRD90M,Android 7.0,chrome generic for android,2560x1440,mobile
HUAWEI GRA-L09 Build/HUAWEIGRA-L09||chrome generic|,HUAWEI GRA-L09 Build/HUAWEIGRA-L09,,chrome generic,,desktop
Windows|Windows 8.1|firefox 59.0|1920x1080,Windows,Windows 8.1,firefox 59.0,1920x1080,desktop
MacOS|Mac OS X 10_13_1|chrome generic|2880x1800,MacOS,Mac OS X 10_13_1,chrome generic,2880x1800,desktop
WAS-LX3 Build/HUAWEIWAS-LX3||chrome generic for android|,WAS-LX3 Build/HUAWEIWAS-LX3,,chrome generic for android,,mobile
SGP511||chrome generic|,SGP511,,chrome generic,,desktop
G25524K||chrome generic for android|,G25524K,,chrome generic for android,,mobile
MacOS|Mac OS X 10_12_5|chrome 64.0|2560x1600,MacOS,Mac OS X 10_12_5,chrome 64.0,2560x1600,desktop
SAMSUNG-SM-N900A Build/LRX21V|Android 5.0|chrome generic|1920x1080,SAMSUNG-SM-N900A Build/LRX21V,Android 5.0,chrome generic,1920x1080,mobile
Z813 Build/LMY47O||chrome generic|,Z813 Build/LMY47O,,chrome generic,,desktop
|Linux|chrome generic|2961x1442,,Linux,chrome generic,2961x1442,desktop
E2306 Build/26.3.A.1.33||chrome 57.0 for android|,E2306 Build/26.3.A.1.33,,chrome 57.0 for android,,mobile
Aquaris_A4.5||chrome generic for android|,Aquaris_A4.5,,chrome generic for android,,mobile
VS996 Build/OPR1.170623.026|Android 8.0.0||2880x1440,VS996 Build/OPR1.170623.026,Android 8.0.0,,2880x1440,mobile
5056N|Android 6.0.1|chrome 64.0 for android|1280x720,5056N,Android 6.0.1,chrome 64.0 for android,1280x720,mobile
5054S Build/LMY47V||chrome 64.0 for android|,5054S Build/LMY47V,,chrome 64.0 for android,,mobile
Moto G Play Build/MPIS24.241-15.3-26||chrome generic for android|,Moto G Play Build/MPIS24.241-15.3-26,,chrome generic for android,,mobile
BLA-L09 Build/HUAWEIBLA-L09||chrome 64.0 for android|,BLA-L09 Build/HUAWEIBLA-L09,,chrome 64.0 for android,,mobile
SM-A510M Build/MMB29K||chrome 62.0 for android|,SM-A510M Build/MMB29K,,chrome 62.0 for android,,mobile
SM-A310M Build/NRD90M||chrome generic for android|,SM-A310M Build/NRD90M,,chrome generic for android,,mobile
BLADE V7 Build/MRA58K||chrome 64.0 for android|,BLADE V7 Build/MRA58K,,chrome 64.0 for android,,mobile
SM-J110M Build/LMY48B||chrome 49.0 for android|,SM-J110M Build/LMY48B,,chrome 49.0 for android,,mobile
Ilium Pad T7X Build/LMY47I||chrome generic|,Ilium Pad T7X Build/LMY47I,,chrome generic,,desktop
SM-J530GM Build/NRD90M||chrome generic for android|,SM-J530GM Build/NRD90M,,chrome generic for android,,mobile
SM-G930T Build/NRD90M||android webview 4.0|,SM-G930T Build/NRD90M,,android webview 4.0,,mobile
MacOS|Mac OS X 10_11_6|chrome generic|1920x1080,MacOS,Mac OS X 10_11_6,chrome generic,1920x1080,desktop
Nexus|Android 7.0|chrome generic for android|2562x1442,Nexus,Android 7.0,chrome generic for android,2562x1442,mobile
4034E||chrome 64.0 for android|,4034E,,chrome 64.0 for android,,mobile
M4 SS4451 Build/LMY47D||chrome 51.0 for android|,M4 SS4451 Build/LMY47D,,chrome 51.0 for android,,mobile
Pixel XL Build/OPM1.171019.016|Android 8.1.0|chrome generic for android|2562x1442,Pixel XL Build/OPM1.171019.016,Android 8.1.0,chrome generic for android,2562x1442,mobile
SM-J727P|Android 7.0|chrome 64.0 for android|1280x720,SM-J727P,Android 7.0,chrome 64.0 for android,1280x720,mobile
LG-SP200|Android 7.1.2|chrome generic for android|1280x720,LG-SP200,Android 7.1.2,chrome generic for android,1280x720,mobile
LG-K428 Build/MMB29M|Android 6.0.1|chrome generic for android|1280x720,LG-K428 Build/MMB29M,Android 6.0.1,chrome generic for android,1280x720,mobile
SM-G925I Build/LMY47X||chrome generic|,SM-G925I Build/LMY47X,,chrome generic,,desktop
Lenovo TB3-710F Build/LRX21M||chrome 64.0 for android|,Lenovo TB3-710F Build/LRX21M,,chrome 64.0 for android,,mobile
rv:49.0|Windows 10|firefox|1366x768,rv:49.0,Windows 10,firefox,1366x768,desktop
Ilium X710 Build/MRA58K||chrome 50.0 for android|,Ilium X710 Build/MRA58K,,chrome 50.0 for android,,mobile
MacOS|Mac OS X 10_13_3|chrome generic|1440x900,MacOS,Mac OS X 10_13_3,chrome generic,1440x900,desktop
SM-G530H Build/LRX22G||chrome generic|,SM-G530H Build/LRX22G,,chrome generic,,desktop
MacOS|Mac OS X 10_13_3|chrome 64.0|1600x900,MacOS,Mac OS X 10_13_3,chrome 64.0,1600x900,desktop
XT1650 Build/NCLS26.118-23-13-6-5|Android 7.1.1|chrome generic for android|,XT1650 Build/NCLS26.118-23-13-6-5,Android 7.1.1,chrome generic for android,,mobile
moto x4 Build/OPWS27.57-40-6||chrome generic for android|,moto x4 Build/OPWS27.57-40-6,,chrome generic for android,,mobile
Windows|Windows 7|firefox 59.0|1920x1080,Windows,Windows 7,firefox 59.0,1920x1080,desktop
rv:59.0|Mac OS X 10.10|firefox 59.0|1440x900,rv:59.0,Mac OS X 10.10,firefox 59.0,1440x900,desktop
SAMSUNG-SM-J120A||chrome 64.0 for android|,SAMSUNG-SM-J120A,,chrome 64.0 for android,,mobile
Windows|Windows 7|chrome generic|1360x768,Windows,Windows 7,chrome generic,1360x768,desktop
5080A Build/MRA58K||chrome generic for android|,5080A Build/MRA58K,,chrome generic for android,,mobile
Hisense F23 Build/NRD90M||chrome 54.0 for android|,Hisense F23 Build/NRD90M,,chrome 54.0 for android,,mobile
SM-T710 Build/NRD90M||chrome generic for android|,SM-T710 Build/NRD90M,,chrome generic for android,,mobile
HUAWEI VNS-L23 Build/HUAWEIVNS-L23||chrome 59.0 for android|,HUAWEI VNS-L23 Build/HUAWEIVNS-L23,,chrome 59.0 for android,,mobile
SM-A720F Build/NRD90M||chrome generic for android|,SM-A720F Build/NRD90M,,chrome generic for android,,mobile
SM-T310 Build/KOT49H|Android 4.4.2|chrome 64.0 for android|,SM-T310 Build/KOT49H,Android 4.4.2,chrome 64.0 for android,,mobile
Windows|Windows 10|chrome generic|1280x800,Windows,Windows 10,chrome generic,1280x800,desktop
Windows|Windows 7|chrome 57.0|2560x1440,Windows,Windows 7,chrome 57.0,2560x1440,desktop
SAMSUNG SM-A520F Build/NRD90M||samsung browser generic|,SAMSUNG SM-A520F Build/NRD90M,,samsung browser generic,,mobile
SM-G955U Build/R16NW|Android 8.0.0|chrome generic for android|,SM-G955U Build/R16NW,Android 8.0.0,chrome generic for android,,mobile
SM-T800||chrome 64.0 for android|,SM-T800,,chrome 64.0 for android,,mobile
LG-D680 Build/KOT49I||chrome generic|,LG-D680 Build/KOT49I,,chrome generic,,desktop
SAMSUNG-SM-T377A Build/MMB29K||chrome generic for android|,SAMSUNG-SM-T377A Build/MMB29K,,chrome generic for android,,mobile
SM-P355M Build/MMB29M||chrome generic for android|,SM-P355M Build/MMB29M,,chrome generic for android,,mobile
LG-M700 Build/NMF26X||chrome generic for android|,LG-M700 Build/NMF26X,,chrome generic for android,,mobile
P5046A||chrome generic for android|,P5046A,,chrome generic for android,,mobile
ALCATEL ONE TOUCH 7040A Build/JDQ39||chrome 64.0 for android|,ALCATEL ONE TOUCH 7040A Build/JDQ39,,chrome 64.0 for android,,mobile
XT1635-02 Build/NPN26.118-22-2||chrome generic for android|,XT1635-02 Build/NPN26.118-22-2,,chrome generic for android,,mobile
SM-A510M Build/NRD90M||chrome generic for android|,SM-A510M Build/NRD90M,,chrome generic for android,,mobile
MAGNO||chrome 63.0 for android|,MAGNO,,chrome 63.0 for android,,mobile
SM-G900P Build/MMB29M|Android 6.0.1|chrome generic for android|1920x1080,SM-G900P Build/MMB29M,Android 6.0.1,chrome generic for android,1920x1080,mobile
MacOS|Mac OS X 10_13_1|chrome 64.0|4096x2304,MacOS,Mac OS X 10_13_1,chrome 64.0,4096x2304,desktop
|Android|chrome generic|,,Android,chrome generic,,mobile
LG-M430 Build/NRD90U|Android 7.0|chrome generic for android|1280x720,LG-M430 Build/NRD90U,Android 7.0,chrome generic for android,1280x720,mobile
SAMSUNG SM-G925I Build/NRD90M||samsung browser generic|,SAMSUNG SM-G925I Build/NRD90M,,samsung browser generic,,mobile
LIMIT||chrome generic for android|,LIMIT,,chrome generic for android,,mobile
SAMSUNG-SM-G930A Build/NRD90M|Android 7.0|chrome generic for android|1920x1080,SAMSUNG-SM-G930A Build/NRD90M,Android 7.0,chrome generic for android,1920x1080,mobile
STK_Sync_5e||chrome 64.0 for android|,STK_Sync_5e,,chrome 64.0 for android,,mobile
Windows|Windows 10|chrome generic|3201x1800,Windows,Windows 10,chrome generic,3201x1800,desktop
rv:59.0|Mac OS X 10.13|firefox 59.0|2560x1600,rv:59.0,Mac OS X 10.13,firefox 59.0,2560x1600,desktop
iOS Device|iOS 11.0.0|mobile safari generic|2001x1125,iOS Device,iOS 11.0.0,mobile safari generic,2001x1125,mobile
SM-G930U Build/NRD90M||chrome generic for android|,SM-G930U Build/NRD90M,,chrome generic for android,,mobile
Windows|Windows 10|chrome 64.0|1280x768,Windows,Windows 10,chrome 64.0,1280x768,desktop
FRD-L04 Build/HUAWEIFRD-L04||chrome generic for android|,FRD-L04 Build/HUAWEIFRD-L04,,chrome generic for android,,mobile
Moto||chrome 56.0 for android|,Moto,,chrome 56.0 for android,,mobile
ALE-L21 Build/HuaweiALE-L21||chrome generic|,ALE-L21 Build/HuaweiALE-L21,,chrome generic,,desktop
HUAWEI VNS-L23 Build/HUAWEIVNS-L23||chrome generic for android|,HUAWEI VNS-L23 Build/HUAWEIVNS-L23,,chrome generic for android,,mobile
SM-G928G Build/NRD90M||chrome generic for android|,SM-G928G Build/NRD90M,,chrome generic for android,,mobile
SM-N900V Build/LRX21V|Android 5.0|chrome generic|1920x1080,SM-N900V Build/LRX21V,Android 5.0,chrome generic,1920x1080,mobile
Le X520 Build/IEXCNFN5902303111S||chrome generic for android|,Le X520 Build/IEXCNFN5902303111S,,chrome generic for android,,mobile
VS5012 Build/NRD90M||chrome generic for android|,VS5012 Build/NRD90M,,chrome generic for android,,mobile
ALCATEL ONE TOUCH 7040A Build/JDQ39||chrome generic|,ALCATEL ONE TOUCH 7040A Build/JDQ39,,chrome generic,,desktop
MacOS|Mac OS X 10_7_5|chrome 49.0|1366x768,MacOS,Mac OS X 10_7_5,chrome 49.0,1366x768,desktop
SM-N950F Build/NMF26X||chrome generic for android|,SM-N950F Build/NMF26X,,chrome generic for android,,mobile
iOS Device|iOS 11.3.0|mobile safari generic|2436x1125,iOS Device,iOS 11.3.0,mobile safari generic,2436x1125,mobile
Redmi 4X Build/N2G47H||chrome generic for android|,Redmi 4X Build/N2G47H,,chrome generic for android,,mobile
8050G Build/LMY47I||chrome 50.0 for android|,8050G Build/LMY47I,,chrome 50.0 for android,,mobile
Lenovo K33b36 Build/MMB29M||chrome generic for android|,Lenovo K33b36 Build/MMB29M,,chrome generic for android,,mobile
LG-M250 Build/NRD90U||chrome generic for android|,LG-M250 Build/NRD90U,,chrome generic for android,,mobile
SM-J320M Build/LMY47V||chrome generic|,SM-J320M Build/LMY47V,,chrome generic,,desktop
Windows|Windows 10|firefox 59.0|1600x900,Windows,Windows 10,firefox 59.0,1600x900,desktop
SM-G730W8 Build/KOT49H||chrome 64.0 for android|,SM-G730W8 Build/KOT49H,,chrome 64.0 for android,,mobile
Linux x86_64|Linux|firefox 58.0|1440x900,Linux x86_64,Linux,firefox 58.0,1440x900,desktop
C6903||chrome generic|,C6903,,chrome generic,,desktop
SAMSUNG SM-N910A Build/MMB29M|Android 6.0.1|samsung browser generic|2560x1440,SAMSUNG SM-N910A Build/MMB29M,Android 6.0.1,samsung browser generic,2560x1440,mobile
M4 SS4458 Build/MMB29M||chrome generic for android|,M4 SS4458 Build/MMB29M,,chrome generic for android,,mobile
SM-G800F Build/MMB29K||chrome generic for android|,SM-G800F Build/MMB29K,,chrome generic for android,,mobile
Blade V6 Build/LRX22G||chrome generic|,Blade V6 Build/LRX22G,,chrome generic,,desktop
LG-K430 Build/MRA58K||chrome generic for android|,LG-K430 Build/MRA58K,,chrome generic for android,,mobile
ALP-L09 Build/HUAWEIALP-L09S||chrome generic for android|,ALP-L09 Build/HUAWEIALP-L09S,,chrome generic for android,,mobile
SM-G386T||chrome generic|,SM-G386T,,chrome generic,,desktop
XT1650 Build/NCLS26.118-23-13-6-5|Android 7.1.1|chrome generic for android|2560x1440,XT1650 Build/NCLS26.118-23-13-6-5,Android 7.1.1,chrome generic for android,2560x1440,mobile
SAMSUNG SM-A310F Build/NRD90M||samsung browser 6.4|,SAMSUNG SM-A310F Build/NRD90M,,samsung browser 6.4,,mobile
Windows||chrome 65.0|,Windows,,chrome 65.0,,desktop
MYA-L11||chrome generic for android|,MYA-L11,,chrome generic for android,,mobile
Windows|Windows 7|chrome 51.0|1680x1050,Windows,Windows 7,chrome 51.0,1680x1050,desktop
Windows|Windows 10|chrome 65.0|1920x1080,Windows,Windows 10,chrome 65.0,1920x1080,desktop
Windows|Windows 10|chrome 65.0|1280x1024,Windows,Windows 10,chrome 65.0,1280x1024,desktop
Windows|Windows 8.1|firefox 59.0|1366x768,Windows,Windows 8.1,firefox 59.0,1366x768,desktop
E6553||chrome generic for android|,E6553,,chrome generic for android,,mobile
SAMSUNG||samsung browser 6.4|,SAMSUNG,,samsung browser 6.4,,mobile
D5803 Build/23.5.A.1.291||chrome generic for android|,D5803 Build/23.5.A.1.291,,chrome generic for android,,mobile
SM-A500M Build/LRX22G||chrome generic|,SM-A500M Build/LRX22G,,chrome generic,,desktop
D5306||chrome generic|,D5306,,chrome generic,,desktop
SM-N920V||chrome generic for android|,SM-N920V,,chrome generic for android,,mobile
MotoG3-TE Build/MPDS24.65-33-1-30||chrome generic for android|,MotoG3-TE Build/MPDS24.65-33-1-30,,chrome generic for android,,mobile
BAC-L03 Build/HUAWEIBAC-L03||chrome 60.0 for android|,BAC-L03 Build/HUAWEIBAC-L03,,chrome 60.0 for android,,mobile
ZTE||chrome 64.0 for android|,ZTE,,chrome 64.0 for android,,mobile
||chrome 65.0|,,,chrome 65.0,,desktop
|Linux|chrome 65.0|1920x1080,,Linux,chrome 65.0,1920x1080,desktop
SM-G930P Build/NRD90M|Android 7.0|chrome 65.0 for android|1920x1080,SM-G930P Build/NRD90M,Android 7.0,chrome 65.0 for android,1920x1080,mobile
MacOS|Mac OS X 10_12_6|chrome 65.0|2880x1800,MacOS,Mac OS X 10_12_6,chrome 65.0,2880x1800,desktop
BAH-L09 Build/HUAWEIBAH-L09||chrome generic for android|,BAH-L09 Build/HUAWEIBAH-L09,,chrome generic for android,,mobile
MacOS|Mac OS X 10_10_5|chrome 65.0|2880x1800,MacOS,Mac OS X 10_10_5,chrome 65.0,2880x1800,desktop
ILIUM||chrome|,ILIUM,,chrome,,desktop
SM-G318ML||chrome generic|,SM-G318ML,,chrome generic,,desktop
Ilium Pad T7X Build/LMY47I||chrome 50.0 for android|,Ilium Pad T7X Build/LMY47I,,chrome 50.0 for android,,mobile
VK815|Android 6.0|chrome 64.0 for android|1920x1200,VK815,Android 6.0,chrome 64.0 for android,1920x1200,mobile
MacOS|Mac OS X 10_12_6|chrome generic|1280x800,MacOS,Mac OS X 10_12_6,chrome generic,1280x800,desktop
AX820 Build/MRA58K||chrome 64.0 for android|,AX820 Build/MRA58K,,chrome 64.0 for android,,mobile
|Linux|chrome 65.0|,,Linux,chrome 65.0,,desktop
Moto G (4) Build/NPJS25.93-14-8.1-4||chrome generic|,Moto G (4) Build/NPJS25.93-14-8.1-4,,chrome generic,,desktop
MacOS|Mac OS X 10_13_4|chrome generic|3360x2100,MacOS,Mac OS X 10_13_4,chrome generic,3360x2100,desktop
SM-C900F|Android 7.1.1|chrome generic for android|,SM-C900F,Android 7.1.1,chrome generic for android,,mobile
ILIUM||chrome generic|,ILIUM,,chrome generic,,desktop
SAMSUNG SM-G900T Build/MMB29M|Android 6.0.1|samsung browser generic|1920x1080,SAMSUNG SM-G900T Build/MMB29M,Android 6.0.1,samsung browser generic,1920x1080,mobile
5051A Build/MMB29M||chrome 61.0 for android|,5051A Build/MMB29M,,chrome 61.0 for android,,mobile
|Android|chrome 64.0|1280x800,,Android,chrome 64.0,1280x800,mobile
SM-J105B Build/LMY47V||chrome 53.0 for android|,SM-J105B Build/LMY47V,,chrome 53.0 for android,,mobile
SM-G935F Build/NRD90M||chrome 65.0 for android|,SM-G935F Build/NRD90M,,chrome 65.0 for android,,mobile
MacOS|Mac OS X 10_13_1|chrome 65.0|1440x900,MacOS,Mac OS X 10_13_1,chrome 65.0,1440x900,desktop
SM-A510M Build/MMB29K||chrome generic for android|,SM-A510M Build/MMB29K,,chrome generic for android,,mobile
Windows|Windows 7|chrome 65.0|1920x1080,Windows,Windows 7,chrome 65.0,1920x1080,desktop
rv:59.0|Mac OS X 10.12|firefox 59.0|1280x800,rv:59.0,Mac OS X 10.12,firefox 59.0,1280x800,desktop
MacOS|Mac OS X 10_10_5|chrome generic|,MacOS,Mac OS X 10_10_5,chrome generic,,desktop
Windows|Windows 7|chrome 60.0|1024x768,Windows,Windows 7,chrome 60.0,1024x768,desktop
SAMSUNG SM-G920P Build/NRD90M|Android 7.0|samsung browser generic|,SAMSUNG SM-G920P Build/NRD90M,Android 7.0,samsung browser generic,,mobile
TA-1038 Build/NMF26O||chrome 65.0 for android|,TA-1038 Build/NMF26O,,chrome 65.0 for android,,mobile
LG-H735 Build/LMY47V||chrome 64.0 for android|,LG-H735 Build/LMY47V,,chrome 64.0 for android,,mobile
rv:59.0|Mac OS X 10.13|firefox 59.0|3360x1890,rv:59.0,Mac OS X 10.13,firefox 59.0,3360x1890,desktop
rv:59.0|Mac OS X 10.13|firefox 59.0|2560x1440,rv:59.0,Mac OS X 10.13,firefox 59.0,2560x1440,desktop
MacOS|Mac OS X 10_13_4|safari generic|1920x1080,MacOS,Mac OS X 10_13_4,safari generic,1920x1080,desktop
MacOS|Mac OS X 10_11_6|chrome generic|1440x900,MacOS,Mac OS X 10_11_6,chrome generic,1440x900,desktop
SAMSUNG-SM-G935A Build/NRD90M||chrome generic for android|,SAMSUNG-SM-G935A Build/NRD90M,,chrome generic for android,,mobile
MacOS|Mac OS X 10_13_3|chrome generic|5120x2880,MacOS,Mac OS X 10_13_3,chrome generic,5120x2880,desktop
FRD-L09 Build/HUAWEIFRD-L09||chrome generic for android|,FRD-L09 Build/HUAWEIFRD-L09,,chrome generic for android,,mobile
SM-G935T Build/NRD90M|Android 7.0|chrome generic for android|1920x1080,SM-G935T Build/NRD90M,Android 7.0,chrome generic for android,1920x1080,mobile
SM-G570M Build/NRD90M||chrome generic for android|,SM-G570M Build/NRD90M,,chrome generic for android,,mobile
Windows|Windows 7|chrome 65.0|1280x1025,Windows,Windows 7,chrome 65.0,1280x1025,desktop
Windows|Windows 7|firefox generic|1366x768,Windows,Windows 7,firefox generic,1366x768,desktop
MacOS|Mac OS X 10_11_6|chrome generic|2560x1600,MacOS,Mac OS X 10_11_6,chrome generic,2560x1600,desktop
M4 SS4456 Build/LMY47V||chrome generic|,M4 SS4456 Build/LMY47V,,chrome generic,,desktop
SM-G930F Build/NRD90M||chrome 65.0 for android|,SM-G930F Build/NRD90M,,chrome 65.0 for android,,mobile
Windows|Windows 8.1|chrome 64.0|1920x1200,Windows,Windows 8.1,chrome 64.0,1920x1200,desktop
LGLS775 Build/NRD90U|Android 7.0|chrome generic for android|1280x720,LGLS775 Build/NRD90U,Android 7.0,chrome generic for android,1280x720,mobile
LGLS775 Build/NRD90U|Android 7.0|chrome 65.0 for android|1280x720,LGLS775 Build/NRD90U,Android 7.0,chrome 65.0 for android,1280x720,mobile
HTC Desire 10 lifestyle Build/MMB29M||chrome 65.0 for android|,HTC Desire 10 lifestyle Build/MMB29M,,chrome 65.0 for android,,mobile
SM-A310M Build/LMY47X||chrome 65.0 for android|,SM-A310M Build/LMY47X,,chrome 65.0 for android,,mobile
SM-G570M Build/MMB29K||chrome 65.0 for android|,SM-G570M Build/MMB29K,,chrome 65.0 for android,,mobile
iOS Device|iOS 11.3.0|mobile safari generic|2001x1125,iOS Device,iOS 11.3.0,mobile safari generic,2001x1125,mobile
SM-A300FU Build/MMB29M||chrome 65.0 for android|,SM-A300FU Build/MMB29M,,chrome 65.0 for android,,mobile
HUAWEI||chrome 65.0 for android|,HUAWEI,,chrome 65.0 for android,,mobile
SM-T377P Build/NMF26X|Android 7.1.1|chrome 64.0 for android|,SM-T377P Build/NMF26X,Android 7.1.1,chrome 64.0 for android,,mobile
SAMSUNG|Android 7.0|samsung browser generic|1920x1080,SAMSUNG,Android 7.0,samsung browser generic,1920x1080,mobile
MacOS|Mac OS X 10_11_6|chrome 65.0|1366x768,MacOS,Mac OS X 10_11_6,chrome 65.0,1366x768,desktop
SM-G955U Build/NRD90M||chrome generic for android|,SM-G955U Build/NRD90M,,chrome generic for android,,mobile
SOV33 Build/35.0.D.2.25||chrome 54.0 for android|,SOV33 Build/35.0.D.2.25,,chrome 54.0 for android,,mobile
Windows|Windows 7|chrome 65.0|1600x900,Windows,Windows 7,chrome 65.0,1600x900,desktop
Windows|Windows 7|chrome 65.0|1366x768,Windows,Windows 7,chrome 65.0,1366x768,desktop
ALE-L23 Build/HuaweiALE-L23||chrome 65.0 for android|,ALE-L23 Build/HuaweiALE-L23,,chrome 65.0 for android,,mobile
Lenovo K33b36 Build/NRD90N||chrome 55.0 for android|,Lenovo K33b36 Build/NRD90N,,chrome 55.0 for android,,mobile
Ilium LT500 Build/LMY47O||chrome 64.0 for android|,Ilium LT500 Build/LMY47O,,chrome 64.0 for android,,mobile
SAMSUNG SM-A520F Build/NRD90M||samsung browser 6.4|,SAMSUNG SM-A520F Build/NRD90M,,samsung browser 6.4,,mobile
HUAWEI NXT-L09 Build/HUAWEINXT-L09||chrome 65.0 for android|,HUAWEI NXT-L09 Build/HUAWEINXT-L09,,chrome 65.0 for android,,mobile
iOS Device|iOS 11.3.0|mobile safari generic|2732x2048,iOS Device,iOS 11.3.0,mobile safari generic,2732x2048,mobile
NX521J||chrome generic|,NX521J,,chrome generic,,desktop
Windows|Windows 10|firefox 59.0|1360x768,Windows,Windows 10,firefox 59.0,1360x768,desktop
GT-I9060M Build/KTU84P||chrome generic|,GT-I9060M Build/KTU84P,,chrome generic,,desktop
Windows|Windows 7|chrome generic|1280x1025,Windows,Windows 7,chrome generic,1280x1025,desktop
RCT6773W22B||chrome 64.0 for android|,RCT6773W22B,,chrome 64.0 for android,,mobile
Windows|Windows 10|firefox 59.0|3200x1800,Windows,Windows 10,firefox 59.0,3200x1800,desktop
Windows|Windows 10|chrome generic|2400x1350,Windows,Windows 10,chrome generic,2400x1350,desktop
MacOS|Mac OS X 10_13_3|chrome generic|2880x1800,MacOS,Mac OS X 10_13_3,chrome generic,2880x1800,desktop
SM-G950F Build/NRD90M||chrome 65.0 for android|,SM-G950F Build/NRD90M,,chrome 65.0 for android,,mobile
M4 SS4453 Build/MMB29M||chrome 65.0 for android|,M4 SS4453 Build/MMB29M,,chrome 65.0 for android,,mobile
SM-N910V Build/MMB29M|Android 6.0.1|chrome 65.0 for android|2560x1440,SM-N910V Build/MMB29M,Android 6.0.1,chrome 65.0 for android,2560x1440,mobile
Z981 Build/MMB29M||chrome generic for android|,Z981 Build/MMB29M,,chrome generic for android,,mobile
LG-H420 Build/LRX21Y||chrome 64.0 for android|,LG-H420 Build/LRX21Y,,chrome 64.0 for android,,mobile
Blade V6 Build/LRX22G||chrome 65.0 for android|,Blade V6 Build/LRX22G,,chrome 65.0 for android,,mobile
PRA-LX3 Build/HUAWEIPRA-LX3||chrome 65.0 for android|,PRA-LX3 Build/HUAWEIPRA-LX3,,chrome 65.0 for android,,mobile
XT1032 Build/LPBS23.13-56-2||chrome 65.0 for android|,XT1032 Build/LPBS23.13-56-2,,chrome 65.0 for android,,mobile
LG-D331||chrome 65.0 for android|,LG-D331,,chrome 65.0 for android,,mobile
SM-A530F Build/NMF26X||chrome 65.0 for android|,SM-A530F Build/NMF26X,,chrome 65.0 for android,,mobile
Windows|Windows 10|firefox 59.0|2560x1600,Windows,Windows 10,firefox 59.0,2560x1600,desktop
MacOS|Mac OS X 10_11_5|chrome 65.0|3840x2160,MacOS,Mac OS X 10_11_5,chrome 65.0,3840x2160,desktop
SM-G925I Build/NRD90M||chrome 65.0 for android|,SM-G925I Build/NRD90M,,chrome 65.0 for android,,mobile
Windows|Windows 10|chrome 65.0|2160x1440,Windows,Windows 10,chrome 65.0,2160x1440,desktop
SAMSUNG SM-G955U Build/NRD90M|Android 7.0|samsung browser generic|2220x1080,SAMSUNG SM-G955U Build/NRD90M,Android 7.0,samsung browser generic,2220x1080,mobile
EVA-L09 Build/HUAWEIEVA-L09||chrome 65.0 for android|,EVA-L09 Build/HUAWEIEVA-L09,,chrome 65.0 for android,,mobile
RCT6K03W13|Android 6.0|chrome 64.0 for android|1280x800,RCT6K03W13,Android 6.0,chrome 64.0 for android,1280x800,mobile
LG-K240 Build/MXB48T||chrome 65.0 for android|,LG-K240 Build/MXB48T,,chrome 65.0 for android,,mobile
|Android|chrome generic|855x480,,Android,chrome generic,855x480,mobile
MacOS|Mac OS X 10_13_3|chrome 65.0|1440x900,MacOS,Mac OS X 10_13_3,chrome 65.0,1440x900,desktop
rv:59.0|Mac OS X 10.11|firefox 59.0|4096x2304,rv:59.0,Mac OS X 10.11,firefox 59.0,4096x2304,desktop
Windows|Windows 7|firefox 59.0|1280x1024,Windows,Windows 7,firefox 59.0,1280x1024,desktop
Windows|Windows 7||,Windows,Windows 7,,,desktop
Windows|Windows 10|firefox 59.0|3840x1600,Windows,Windows 10,firefox 59.0,3840x1600,desktop
P008 Build/NRD90M|Android 7.0|chrome generic for android|,P008 Build/NRD90M,Android 7.0,chrome generic for android,,mobile
SM-J700M Build/LMY48B||chrome 65.0 for android|,SM-J700M Build/LMY48B,,chrome 65.0 for android,,mobile
Windows|Windows 7|firefox 59.0|1600x900,Windows,Windows 7,firefox 59.0,1600x900,desktop
MacOS|Mac OS X 10_12_6|chrome 65.0|1920x1200,MacOS,Mac OS X 10_12_6,chrome 65.0,1920x1200,desktop
XT1064 Build/MPB24.65-34-3||chrome generic for android|,XT1064 Build/MPB24.65-34-3,,chrome generic for android,,mobile
SM-T280 Build/LMY47V|Android 5.1.1|chrome 65.0 for android|,SM-T280 Build/LMY47V,Android 5.1.1,chrome 65.0 for android,,mobile
SM-G950U Build/R16NW||chrome 65.0 for android|,SM-G950U Build/R16NW,,chrome 65.0 for android,,mobile
P5526A Build/NRD90M||chrome 56.0 for android|,P5526A Build/NRD90M,,chrome 56.0 for android,,mobile
LG-H872 Build/NRD90U|Android 7.0|chrome generic for android|2672x1440,LG-H872 Build/NRD90U,Android 7.0,chrome generic for android,2672x1440,mobile
SAMSUNG SM-N950U Build/NMF26X|Android 7.1.1|samsung browser 6.4|,SAMSUNG SM-N950U Build/NMF26X,Android 7.1.1,samsung browser 6.4,,mobile
MacOS|Mac OS X 10_12_5|chrome generic|1440x900,MacOS,Mac OS X 10_12_5,chrome generic,1440x900,desktop
rv:55.0|Windows 7|firefox 55.0|1920x1080,rv:55.0,Windows 7,firefox 55.0,1920x1080,desktop
|Android|chrome 65.0|855x480,,Android,chrome 65.0,855x480,mobile
MacOS|Mac OS X 10_13_3|chrome 65.0|3360x2100,MacOS,Mac OS X 10_13_3,chrome 65.0,3360x2100,desktop
SM-A510M Build/NRD90M||chrome 65.0 for android|,SM-A510M Build/NRD90M,,chrome 65.0 for android,,mobile
MacOS|Mac OS X 10_9_5||1920x1080,MacOS,Mac OS X 10_9_5,,1920x1080,desktop
LG-K420||chrome 65.0 for android|,LG-K420,,chrome 65.0 for android,,mobile
|Android|chrome 65.0|1920x1080,,Android,chrome 65.0,1920x1080,mobile
|Android|chrome 65.0|1280x720,,Android,chrome 65.0,1280x720,mobile
MacOS|Mac OS X 10_12_6|chrome generic|2560x1440,MacOS,Mac OS X 10_12_6,chrome generic,2560x1440,desktop
HTC One_M8 Build/MRA58K||chrome 65.0 for android|,HTC One_M8 Build/MRA58K,,chrome 65.0 for android,,mobile
LG-H831 Build/NRD90U||chrome generic for android|,LG-H831 Build/NRD90U,,chrome generic for android,,mobile
Windows|Windows 10|chrome 65.0|1366x768,Windows,Windows 10,chrome 65.0,1366x768,desktop
Y635-L03 Build/HuaweiY635-L03||chrome 60.0 for android|,Y635-L03 Build/HuaweiY635-L03,,chrome 60.0 for android,,mobile
SM-G935V Build/NRD90M||chrome 65.0 for android|,SM-G935V Build/NRD90M,,chrome 65.0 for android,,mobile
MacOS|Mac|chrome 65.0|2560x1600,MacOS,Mac,chrome 65.0,2560x1600,desktop
SM-A520W||chrome 61.0 for android|,SM-A520W,,chrome 61.0 for android,,mobile
G3223||chrome generic for android|,G3223,,chrome generic for android,,mobile
XT1063 Build/MPB24.65-34-3||chrome 62.0 for android|,XT1063 Build/MPB24.65-34-3,,chrome 62.0 for android,,mobile
Moto G Play Build/MPIS24.241-15.3-7||chrome 65.0 for android|,Moto G Play Build/MPIS24.241-15.3-7,,chrome 65.0 for android,,mobile
Lenovo A2016b30 Build/MRA58K||chrome generic for android|,Lenovo A2016b30 Build/MRA58K,,chrome generic for android,,mobile
WAS-LX3 Build/HUAWEIWAS-LX3||chrome 65.0 for android|,WAS-LX3 Build/HUAWEIWAS-LX3,,chrome 65.0 for android,,mobile
rv:59.0|Mac OS X 10.9|firefox 59.0|1440x900,rv:59.0,Mac OS X 10.9,firefox 59.0,1440x900,desktop
LG-H320 Build/LRX21Y||chrome generic|,LG-H320 Build/LRX21Y,,chrome generic,,desktop
SM-G610M Build/NRD90M||chrome 65.0 for android|,SM-G610M Build/NRD90M,,chrome 65.0 for android,,mobile
SM-G531H Build/LMY48B||android browser 4.0|,SM-G531H Build/LMY48B,,android browser 4.0,,mobile
SAMSUNG SM-G950F Build/NRD90M||samsung browser 6.4|,SAMSUNG SM-G950F Build/NRD90M,,samsung browser 6.4,,mobile
Moto Z2 Play Build/NPSS26.118-19-14||chrome 65.0 for android|,Moto Z2 Play Build/NPSS26.118-19-14,,chrome 65.0 for android,,mobile
SM-G920P Build/NRD90M||chrome 65.0 for android|,SM-G920P Build/NRD90M,,chrome 65.0 for android,,mobile
SAMSUNG SM-J327T1 Build/NRD90M|Android 7.0|samsung browser 6.4|1280x720,SAMSUNG SM-J327T1 Build/NRD90M,Android 7.0,samsung browser 6.4,1280x720,mobile
Linux x86_64|Linux|firefox 59.0|1280x800,Linux x86_64,Linux,firefox 59.0,1280x800,desktop
iOS Device|iOS 11.2.6|chrome|2048x1536,iOS Device,iOS 11.2.6,chrome,2048x1536,mobile
M4 SS4458 Build/MMB29M||chrome 65.0 for android|,M4 SS4458 Build/MMB29M,,chrome 65.0 for android,,mobile
SM-T280 Build/LMY47V||chrome 62.0 for android|,SM-T280 Build/LMY47V,,chrome 62.0 for android,,mobile
Windows|Windows 7|chrome 65.0|1440x900,Windows,Windows 7,chrome 65.0,1440x900,desktop
SM-G955F Build/NRD90M||chrome 65.0 for android|,SM-G955F Build/NRD90M,,chrome 65.0 for android,,mobile
Windows|Windows 7|firefox 59.0|1680x1050,Windows,Windows 7,firefox 59.0,1680x1050,desktop
HUAWEI G7-L03 Build/HuaweiG7-L03||chrome 65.0 for android|,HUAWEI G7-L03 Build/HuaweiG7-L03,,chrome 65.0 for android,,mobile
SM-G900M Build/LRX21T||chrome 65.0 for android|,SM-G900M Build/LRX21T,,chrome 65.0 for android,,mobile
SM-G930F Build/MMB29K||chrome 65.0 for android|,SM-G930F Build/MMB29K,,chrome 65.0 for android,,mobile
LG-K220 Build/MXB48T||chrome 58.0 for android|,LG-K220 Build/MXB48T,,chrome 58.0 for android,,mobile
Linux x86_64||firefox 59.0|,Linux x86_64,,firefox 59.0,,desktop
SAMSUNG SM-G570M Build/NRD90M||samsung browser 6.4|,SAMSUNG SM-G570M Build/NRD90M,,samsung browser 6.4,,mobile
SM-G930V Build/NRD90M|Android 7.0|chrome 65.0 for android|1280x720,SM-G930V Build/NRD90M,Android 7.0,chrome 65.0 for android,1280x720,mobile
Pixel 2 XL Build/OPM1.171019.021|Android 8.1.0|chrome 65.0 for android|,Pixel 2 XL Build/OPM1.171019.021,Android 8.1.0,chrome 65.0 for android,,mobile
LGLS990|Android|chrome generic|2560x1440,LGLS990,Android,chrome generic,2560x1440,mobile
XT1635-02 Build/NPN26.118-22-2||chrome 65.0 for android|,XT1635-02 Build/NPN26.118-22-2,,chrome 65.0 for android,,mobile
Windows|Windows 10|chrome 64.0|3240x2160,Windows,Windows 10,chrome 64.0,3240x2160,desktop
LG-K200 Build/MXB48T||chrome 65.0 for android|,LG-K200 Build/MXB48T,,chrome 65.0 for android,,mobile
Nexus 6 Build/MOB30M||chrome 65.0 for android|,Nexus 6 Build/MOB30M,,chrome 65.0 for android,,mobile
MacOS|Mac OS X 10_13_2|chrome 65.0|3360x2100,MacOS,Mac OS X 10_13_2,chrome 65.0,3360x2100,desktop
SM-T827V Build/NRD90M|Android 7.0|chrome 58.0 for android|2048x1536,SM-T827V Build/NRD90M,Android 7.0,chrome 58.0 for android,2048x1536,mobile
XT890 Build/9.8.2I-50_SML-25||chrome 65.0 for android|,XT890 Build/9.8.2I-50_SML-25,,chrome 65.0 for android,,mobile
GT-P5113|Android|chrome 56.0 for android|1280x800,GT-P5113,Android,chrome 56.0 for android,1280x800,mobile
SM-J727T Build/NRD90M|Android 7.0|chrome generic for android|1280x720,SM-J727T Build/NRD90M,Android 7.0,chrome generic for android,1280x720,mobile
Windows|Windows 10|chrome 65.0|1920x1200,Windows,Windows 10,chrome 65.0,1920x1200,desktop
5080A Build/MRA58K||chrome 65.0 for android|,5080A Build/MRA58K,,chrome 65.0 for android,,mobile
SM-A300H Build/LRX22G||chrome 65.0 for android|,SM-A300H Build/LRX22G,,chrome 65.0 for android,,mobile
SM-J730G Build/NRD90M||chrome 65.0 for android|,SM-J730G Build/NRD90M,,chrome 65.0 for android,,mobile
MacOS|Mac OS X 10_11_6|chrome 65.0|1440x900,MacOS,Mac OS X 10_11_6,chrome 65.0,1440x900,desktop
RNE-L03 Build/HUAWEIRNE-L03||chrome 65.0 for android|,RNE-L03 Build/HUAWEIRNE-L03,,chrome 65.0 for android,,mobile
LG-K580 Build/MRA58K||chrome 65.0 for android|,LG-K580 Build/MRA58K,,chrome 65.0 for android,,mobile
MacOS|Mac OS X 10_13_3|chrome 65.0|1680x1050,MacOS,Mac OS X 10_13_3,chrome 65.0,1680x1050,desktop
rv:59.0|Mac OS X 10.10|firefox 59.0|1366x768,rv:59.0,Mac OS X 10.10,firefox 59.0,1366x768,desktop
Windows|Windows 10|chrome 65.0|2112x1188,Windows,Windows 10,chrome 65.0,2112x1188,desktop
SM-N950U Build/NMF26X|Android 7.1.1|chrome 65.0 for android|,SM-N950U Build/NMF26X,Android 7.1.1,chrome 65.0 for android,,mobile
Redmi 4X Build/N2G47H||chrome 65.0 for android|,Redmi 4X Build/N2G47H,,chrome 65.0 for android,,mobile
B1-790||chrome 65.0 for android|,B1-790,,chrome 65.0 for android,,mobile
Blade V6 Plus Build/MRA58K||chrome 65.0 for android|,Blade V6 Plus Build/MRA58K,,chrome 65.0 for android,,mobile
MacOS|Mac OS X 10_9_5|chrome 65.0|1920x1080,MacOS,Mac OS X 10_9_5,chrome 65.0,1920x1080,desktop
MacOS|Mac OS X 10_10_5|safari generic|1360x768,MacOS,Mac OS X 10_10_5,safari generic,1360x768,desktop
SAMSUNG SM-T580 Build/NRD90M||samsung browser 6.4|,SAMSUNG SM-T580 Build/NRD90M,,samsung browser 6.4,,mobile
SM-J700T Build/NMF26X||chrome 60.0 for android|,SM-J700T Build/NMF26X,,chrome 60.0 for android,,mobile
SM-A710M Build/LMY47X||chrome 65.0 for android|,SM-A710M Build/LMY47X,,chrome 65.0 for android,,mobile
Blade A475 Build/LMY47D||chrome 64.0 for android|,Blade A475 Build/LMY47D,,chrome 64.0 for android,,mobile
Moto Z2 Play Build/NPSS26.118-19-4||chrome generic for android|,Moto Z2 Play Build/NPSS26.118-19-4,,chrome generic for android,,mobile
HUAWEI VNS-L23 Build/HUAWEIVNS-L23||chrome 65.0 for android|,HUAWEI VNS-L23 Build/HUAWEIVNS-L23,,chrome 65.0 for android,,mobile
|Linux||1366x768,,Linux,,1366x768,desktop
SM-J510MN Build/MMB29M||chrome 59.0 for android|,SM-J510MN Build/MMB29M,,chrome 59.0 for android,,mobile
rv:14.0||Mozilla/Firefox|,rv:14.0,,Mozilla/Firefox,,mobile
SM-G610M Build/MMB29K||chrome 65.0 for android|,SM-G610M Build/MMB29K,,chrome 65.0 for android,,mobile
XT1063 Build/MPB24.65-34||chrome generic for android|,XT1063 Build/MPB24.65-34,,chrome generic for android,,mobile
SM-E500M||chrome generic|,SM-E500M,,chrome generic,,desktop
SAMSUNG SM-G935F Build/MMB29K||samsung browser 4.2|,SAMSUNG SM-G935F Build/MMB29K,,samsung browser 4.2,,mobile
MotoG3||chrome 65.0 for android|,MotoG3,,chrome 65.0 for android,,mobile
rv:38.0|Mac OS X 10.10|firefox|1366x768,rv:38.0,Mac OS X 10.10,firefox,1366x768,desktop
Moto X Play Build/NPD26.48-24-1||chrome 65.0 for android|,Moto X Play Build/NPD26.48-24-1,,chrome 65.0 for android,,mobile
LG-M700 Build/NMF26X||chrome 65.0 for android|,LG-M700 Build/NMF26X,,chrome 65.0 for android,,mobile
F3311||chrome 65.0 for android|,F3311,,chrome 65.0 for android,,mobile
SM-A500M Build/KTU84P||chrome 65.0 for android|,SM-A500M Build/KTU84P,,chrome 65.0 for android,,mobile
MI MAX 2 Build/NMF26F||chrome 65.0 for android|,MI MAX 2 Build/NMF26F,,chrome 65.0 for android,,mobile
E5803||chrome 55.0 for android|,E5803,,chrome 55.0 for android,,mobile
SM-G531H Build/LMY48B||chrome 65.0 for android|,SM-G531H Build/LMY48B,,chrome 65.0 for android,,mobile
SAMSUNG SM-G532M Build/MMB29T||samsung browser 6.4|,SAMSUNG SM-G532M Build/MMB29T,,samsung browser 6.4,,mobile
SM-T350 Build/NMF26X||chrome 65.0 for android|,SM-T350 Build/NMF26X,,chrome 65.0 for android,,mobile
MacOS|Mac OS X 10_13_3|chrome 65.0|2560x1600,MacOS,Mac OS X 10_13_3,chrome 65.0,2560x1600,desktop
HUAWEI RIO-L03 Build/HUAWEIRIO-L03||chrome 65.0 for android|,HUAWEI RIO-L03 Build/HUAWEIRIO-L03,,chrome 65.0 for android,,mobile
MacOS|Mac OS X 10_11_4|chrome generic|1440x900,MacOS,Mac OS X 10_11_4,chrome generic,1440x900,desktop
Moto G Play Build/NPIS26.48-36-2||chrome generic for android|,Moto G Play Build/NPIS26.48-36-2,,chrome generic for android,,mobile
SAMSUNG SM-G935F Build/NRD90M||samsung browser 6.4|,SAMSUNG SM-G935F Build/NRD90M,,samsung browser 6.4,,mobile
Trident/7.0|Windows 7|ie 11.0 for desktop|1120x700,Trident/7.0,Windows 7,ie 11.0 for desktop,1120x700,desktop
LG-D681||chrome 65.0 for android|,LG-D681,,chrome 65.0 for android,,mobile
SM-J700T Build/NMF26X|Android 7.1.1|chrome generic for android|1280x720,SM-J700T Build/NMF26X,Android 7.1.1,chrome generic for android,1280x720,mobile
Windows|Windows 10|chrome generic|,Windows,Windows 10,chrome generic,,desktop
LG-H542 Build/MRA58K||chrome generic for android|,LG-H542 Build/MRA58K,,chrome generic for android,,mobile
LG-H918 Build/NRD90M|Android 7.0|chrome 65.0 for android|,LG-H918 Build/NRD90M,Android 7.0,chrome 65.0 for android,,mobile
Helix||chrome 65.0 for android|,Helix,,chrome 65.0 for android,,mobile
Windows|Windows 10|firefox|1366x768,Windows,Windows 10,firefox,1366x768,desktop
5012G Build/MRA58K||chrome 65.0 for android|,5012G Build/MRA58K,,chrome 65.0 for android,,mobile
SM-J510MN Build/MMB29M||chrome 65.0 for android|,SM-J510MN Build/MMB29M,,chrome 65.0 for android,,mobile
Windows|Windows 10|chrome 65.0|1360x768,Windows,Windows 10,chrome 65.0,1360x768,desktop
4047G Build/NRD90M||chrome 64.0 for android|,4047G Build/NRD90M,,chrome 64.0 for android,,mobile
Windows|Windows 10|chrome 65.0|3840x1600,Windows,Windows 10,chrome 65.0,3840x1600,desktop
Windows|Windows 10|chrome 65.0|1600x900,Windows,Windows 10,chrome 65.0,1600x900,desktop
Windows|Windows 10|chrome 65.0|2560x1080,Windows,Windows 10,chrome 65.0,2560x1080,desktop
HTC One Build/LRX22G||chrome 64.0 for android|,HTC One Build/LRX22G,,chrome 64.0 for android,,mobile
MacOS|Mac OS X 10_10_5|chrome 65.0|1280x800,MacOS,Mac OS X 10_10_5,chrome 65.0,1280x800,desktop
MacOS|Mac OS X 10_12_4|chrome generic|2560x1600,MacOS,Mac OS X 10_12_4,chrome generic,2560x1600,desktop
Windows|Windows 8.1|chrome 65.0|1920x1080,Windows,Windows 8.1,chrome 65.0,1920x1080,desktop
SAMSUNG-SM-G925A Build/MMB29K|Android 6.0.1|chrome 64.0 for android|2560x1440,SAMSUNG-SM-G925A Build/MMB29K,Android 6.0.1,chrome 64.0 for android,2560x1440,mobile
SAMSUNG-SM-N900A Build/LRX21V|Android 5.0|chrome 65.0 for android|1920x1080,SAMSUNG-SM-N900A Build/LRX21V,Android 5.0,chrome 65.0 for android,1920x1080,mobile
TRT-L53 Build/HUAWEITRT-L53||chrome 65.0 for android|,TRT-L53 Build/HUAWEITRT-L53,,chrome 65.0 for android,,mobile
SM-G920I||chrome 65.0 for android|,SM-G920I,,chrome 65.0 for android,,mobile
SM-J710F Build/NRD90M||chrome 65.0 for android|,SM-J710F Build/NRD90M,,chrome 65.0 for android,,mobile
SM-E500M Build/KTU84P||chrome generic|,SM-E500M Build/KTU84P,,chrome generic,,desktop
SM-A720F Build/NRD90M||chrome 65.0 for android|,SM-A720F Build/NRD90M,,chrome 65.0 for android,,mobile
|Linux|chrome 65.0|2220x1080,,Linux,chrome 65.0,2220x1080,desktop
Pixel XL Build/OPM1.171019.021|Android 8.1.0|chrome 65.0 for android|2562x1442,Pixel XL Build/OPM1.171019.021,Android 8.1.0,chrome 65.0 for android,2562x1442,mobile
SAMSUNG SM-J730GM Build/NRD90M||samsung browser generic|,SAMSUNG SM-J730GM Build/NRD90M,,samsung browser generic,,mobile
SM-G920F Build/NRD90M||chrome 65.0 for android|,SM-G920F Build/NRD90M,,chrome 65.0 for android,,mobile
SM-J200M Build/LMY47X||chrome 65.0 for android|,SM-J200M Build/LMY47X,,chrome 65.0 for android,,mobile
en-gb||samsung|,en-gb,,samsung,,mobile
SM-J700M Build/MMB29K||chrome 65.0 for android|,SM-J700M Build/MMB29K,,chrome 65.0 for android,,mobile
SM-A310F Build/NRD90M||chrome generic for android|,SM-A310F Build/NRD90M,,chrome generic for android,,mobile
SAMSUNG SM-G9600 Build/R16NW||other|,SAMSUNG SM-G9600 Build/R16NW,,other,,mobile
rv:58.0|Mac OS X 10.9|firefox 58.0|1440x900,rv:58.0,Mac OS X 10.9,firefox 58.0,1440x900,desktop
SAMSUNG SM-G920F Build/NRD90M||samsung browser 6.4|,SAMSUNG SM-G920F Build/NRD90M,,samsung browser 6.4,,mobile
SM-N950U1 Build/NMF26X|Android 7.1.1|chrome 65.0 for android|,SM-N950U1 Build/NMF26X,Android 7.1.1,chrome 65.0 for android,,mobile
LG-M154||chrome 65.0 for android|,LG-M154,,chrome 65.0 for android,,mobile
LG-H840 Build/MMB29M||chrome 65.0 for android|,LG-H840 Build/MMB29M,,chrome 65.0 for android,,mobile
XT1572 Build/NPHS25.200-15-8||chrome generic for android|,XT1572 Build/NPHS25.200-15-8,,chrome generic for android,,mobile
SM-A520F Build/NRD90M||chrome 65.0 for android|,SM-A520F Build/NRD90M,,chrome 65.0 for android,,mobile
M4 SS4451 Build/LMY47D||chrome 62.0 for android|,M4 SS4451 Build/LMY47D,,chrome 62.0 for android,,mobile
SM-J530F Build/NRD90M|Android 7.0|chrome 62.0 for android|1280x720,SM-J530F Build/NRD90M,Android 7.0,chrome 62.0 for android,1280x720,mobile
HTC U11 Build/NMF26X||chrome 65.0 for android|,HTC U11 Build/NMF26X,,chrome 65.0 for android,,mobile
Pixel 2 Build/OPM1.171019.021|Android 8.1.0|chrome 65.0 for android|,Pixel 2 Build/OPM1.171019.021,Android 8.1.0,chrome 65.0 for android,,mobile
Windows|Windows 10|chrome 65.0|3200x1800,Windows,Windows 10,chrome 65.0,3200x1800,desktop
Windows|Windows 7|chrome 65.0|1920x1200,Windows,Windows 7,chrome 65.0,1920x1200,desktop
ONEPLUS|Android 7.1.1|chrome 65.0 for android|,ONEPLUS,Android 7.1.1,chrome 65.0 for android,,mobile
GT-I9060M Build/KTU84P||chrome 65.0 for android|,GT-I9060M Build/KTU84P,,chrome 65.0 for android,,mobile
SGH-M919 Build/KTU84P|Android|chrome generic|1920x1080,SGH-M919 Build/KTU84P,Android,chrome generic,1920x1080,mobile
SPH-L720T|Android|chrome 65.0 for android|1920x1080,SPH-L720T,Android,chrome 65.0 for android,1920x1080,mobile
||chrome 65.0 for ios|,,,chrome 65.0 for ios,,mobile
Windows|Windows 8.1|chrome 65.0|1366x768,Windows,Windows 8.1,chrome 65.0,1366x768,desktop
rv:59.0|Mac OS X 10.12|firefox 59.0|2560x1600,rv:59.0,Mac OS X 10.12,firefox 59.0,2560x1600,desktop
BLADE V8 SE Build/NRD90M||chrome 65.0 for android|,BLADE V8 SE Build/NRD90M,,chrome 65.0 for android,,mobile
MacOS|Mac OS X 10_13_3|chrome 65.0|2880x1800,MacOS,Mac OS X 10_13_3,chrome 65.0,2880x1800,desktop
MacOS|Mac OS X 10_13_2|chrome 65.0|1280x800,MacOS,Mac OS X 10_13_2,chrome 65.0,1280x800,desktop
Windows|Windows 10|edge 16.0|1280x1023,Windows,Windows 10,edge 16.0,1280x1023,desktop
MacOS|Mac OS X 10_11_4|safari generic|1920x1080,MacOS,Mac OS X 10_11_4,safari generic,1920x1080,desktop
SM-G925F Build/NRD90M||chrome 65.0 for android|,SM-G925F Build/NRD90M,,chrome 65.0 for android,,mobile
SM-G935T Build/NRD90M|Android 7.0|chrome 65.0 for android|1920x1080,SM-G935T Build/NRD90M,Android 7.0,chrome 65.0 for android,1920x1080,mobile
HTCD160LVWPP||chrome 65.0 for android|,HTCD160LVWPP,,chrome 65.0 for android,,mobile
SAMSUNG-SM-G935A Build/NRD90M|Android 7.0|chrome 65.0 for android|1920x1080,SAMSUNG-SM-G935A Build/NRD90M,Android 7.0,chrome 65.0 for android,1920x1080,mobile
TA-1039 Build/NMF26F||chrome 65.0 for android|,TA-1039 Build/NMF26F,,chrome 65.0 for android,,mobile
LG-H542 Build/LRX22G||chrome|,LG-H542 Build/LRX22G,,chrome,,desktop
SM-J701M Build/NRD90M||chrome 65.0 for android|,SM-J701M Build/NRD90M,,chrome 65.0 for android,,mobile
KIW-L24||chrome 65.0 for android|,KIW-L24,,chrome 65.0 for android,,mobile
SM-G935P Build/NRD90M||chrome 59.0 for android|,SM-G935P Build/NRD90M,,chrome 59.0 for android,,mobile
Windows|Windows 10|chrome 65.0|1280x768,Windows,Windows 10,chrome 65.0,1280x768,desktop
SM-G955U Build/R16NW|Android 8.0.0|chrome 65.0 for android|2961x1442,SM-G955U Build/R16NW,Android 8.0.0,chrome 65.0 for android,2961x1442,mobile
SAMSUNG SM-N900T Build/LRX21V||chrome generic|,SAMSUNG SM-N900T Build/LRX21V,,chrome generic,,desktop
Windows|Windows 7|chrome 65.0|1280x1024,Windows,Windows 7,chrome 65.0,1280x1024,desktop
6045I Build/LRX22G||chrome 63.0 for android|,6045I Build/LRX22G,,chrome 63.0 for android,,mobile
MacOS|Mac|chrome 65.0|1280x800,MacOS,Mac,chrome 65.0,1280x800,desktop
|Android||855x480,,Android,,855x480,mobile
E5823 Build/32.4.A.1.54||chrome 65.0 for android|,E5823 Build/32.4.A.1.54,,chrome 65.0 for android,,mobile
VS995 Build/NRD90M|Android 7.0|chrome 65.0 for android|2560x1440,VS995 Build/NRD90M,Android 7.0,chrome 65.0 for android,2560x1440,mobile
LG-H870 Build/NRD90U||chrome 65.0 for android|,LG-H870 Build/NRD90U,,chrome 65.0 for android,,mobile
SM-J320M Build/LMY47V||chrome 65.0 for android|,SM-J320M Build/LMY47V,,chrome 65.0 for android,,mobile
|Android|chrome 65.0|,,Android,chrome 65.0,,mobile
SM-T550 Build/NMF26X|Android 7.1.1|chrome 65.0 for android|1024x768,SM-T550 Build/NMF26X,Android 7.1.1,chrome 65.0 for android,1024x768,mobile
ALE-L21 Build/HuaweiALE-L21||chrome 65.0 for android|,ALE-L21 Build/HuaweiALE-L21,,chrome 65.0 for android,,mobile
HUAWEI VNS-L53 Build/HUAWEIVNS-L53||chrome 65.0 for android|,HUAWEI VNS-L53 Build/HUAWEIVNS-L53,,chrome 65.0 for android,,mobile
NYX_A1||chrome 63.0 for android|,NYX_A1,,chrome 63.0 for android,,mobile
SM-T280 Build/LMY47V||chrome 65.0 for android|,SM-T280 Build/LMY47V,,chrome 65.0 for android,,mobile
VS5012 Build/NRD90M||chrome 65.0 for android|,VS5012 Build/NRD90M,,chrome 65.0 for android,,mobile
Lenovo PB2-650Y Build/MRA58K||chrome 65.0 for android|,Lenovo PB2-650Y Build/MRA58K,,chrome 65.0 for android,,mobile
LG-H840 Build/NRD90U||chrome 65.0 for android|,LG-H840 Build/NRD90U,,chrome 65.0 for android,,mobile
Hisense F20 Build/MMB29M||chrome 65.0 for android|,Hisense F20 Build/MMB29M,,chrome 65.0 for android,,mobile
SM-J530G||chrome 65.0 for android|,SM-J530G,,chrome 65.0 for android,,mobile
LG-M400 Build/NRD90U||chrome 65.0 for android|,LG-M400 Build/NRD90U,,chrome 65.0 for android,,mobile
MacOS|Mac OS X 10_11_6|chrome 65.0|1920x1080,MacOS,Mac OS X 10_11_6,chrome 65.0,1920x1080,desktop
|Linux|chrome 55.0|1920x1080,,Linux,chrome 55.0,1920x1080,desktop
VS988 Build/NRD90U|Android 7.0|chrome 65.0 for android|2672x1440,VS988 Build/NRD90U,Android 7.0,chrome 65.0 for android,2672x1440,mobile
4047G Build/NRD90M||chrome 65.0 for android|,4047G Build/NRD90M,,chrome 65.0 for android,,mobile
rv:51.0|Linux|Generic/Android 7.0|2392x1440,rv:51.0,Linux,Generic/Android 7.0,2392x1440,mobile
Nexus|Android 5.1.1|chrome generic|,Nexus,Android 5.1.1,chrome generic,,mobile
rv:59.0|Mac OS X 10.13|firefox 59.0|1280x800,rv:59.0,Mac OS X 10.13,firefox 59.0,1280x800,desktop
XT1064 Build/MPB24.65-34-3||chrome 65.0 for android|,XT1064 Build/MPB24.65-34-3,,chrome 65.0 for android,,mobile
rv:59.0|Mac OS X 10.12|firefox 59.0|1440x900,rv:59.0,Mac OS X 10.12,firefox 59.0,1440x900,desktop
MacOS|Mac OS X 10_11_6|chrome 65.0|1280x800,MacOS,Mac OS X 10_11_6,chrome 65.0,1280x800,desktop
CAM-L03 Build/HUAWEICAM-L03||chrome 65.0 for android|,CAM-L03 Build/HUAWEICAM-L03,,chrome 65.0 for android,,mobile
XT1021||chrome 63.0 for android|,XT1021,,chrome 63.0 for android,,mobile
XT1650 Build/NPLS26.118-20-5-11||chrome 65.0 for android|,XT1650 Build/NPLS26.118-20-5-11,,chrome 65.0 for android,,mobile
rv:59.0|Mac OS X 10.10|firefox 59.0|1920x1080,rv:59.0,Mac OS X 10.10,firefox 59.0,1920x1080,desktop
iOS Device|iOS 11.2.6|chrome 65.0 for ios|2048x1536,iOS Device,iOS 11.2.6,chrome 65.0 for ios,2048x1536,mobile
Windows|Windows 10|chrome 65.0|1680x1051,Windows,Windows 10,chrome 65.0,1680x1051,desktop
MacOS|Mac OS X 10_13_3|chrome 65.0|2560x1440,MacOS,Mac OS X 10_13_3,chrome 65.0,2560x1440,desktop
Windows|Windows 10|chrome 61.0|1920x1200,Windows,Windows 10,chrome 61.0,1920x1200,desktop
HTC6535LVW|Android 7.0|chrome 65.0 for android|1920x1080,HTC6535LVW,Android 7.0,chrome 65.0 for android,1920x1080,mobile
SM-G928T Build/NRD90M||chrome 64.0 for android|,SM-G928T Build/NRD90M,,chrome 64.0 for android,,mobile
SM-N950U Build/NMF26X|Android 7.1.1|chrome 65.0 for android|2220x1081,SM-N950U Build/NMF26X,Android 7.1.1,chrome 65.0 for android,2220x1081,mobile
SM-T113NU Build/KTU84P||chrome 65.0 for android|,SM-T113NU Build/KTU84P,,chrome 65.0 for android,,mobile
SAMSUNG SM-G950U Build/NRD90M|Android 7.0|samsung browser 6.4|2220x1080,SAMSUNG SM-G950U Build/NRD90M,Android 7.0,samsung browser 6.4,2220x1080,mobile
Lenovo||chrome 65.0 for android|,Lenovo,,chrome 65.0 for android,,mobile
5025G Build/LMY47I||chrome 58.0 for android|,5025G Build/LMY47I,,chrome 58.0 for android,,mobile
Windows|Windows 10|chrome 65.0|1920x1281,Windows,Windows 10,chrome 65.0,1920x1281,desktop
LG-LS993 Build/NRD90U|Android 7.0|chrome 65.0 for android|2672x1440,LG-LS993 Build/NRD90U,Android 7.0,chrome 65.0 for android,2672x1440,mobile
SM-N950U Build/NMF26X|Android 7.1.1|chrome 65.0 for android|2961x1442,SM-N950U Build/NMF26X,Android 7.1.1,chrome 65.0 for android,2961x1442,mobile
LG-H810||chrome 65.0 for android|,LG-H810,,chrome 65.0 for android,,mobile
SAMSUNG SM-N950F Build/NMF26X||samsung browser 6.4|,SAMSUNG SM-N950F Build/NMF26X,,samsung browser 6.4,,mobile
Nexus 6 Build/N6F27M||chrome 65.0 for android|,Nexus 6 Build/N6F27M,,chrome 65.0 for android,,mobile
Windows|Windows 10|chrome 65.0|2736x1824,Windows,Windows 10,chrome 65.0,2736x1824,desktop
F3113 Build/33.3.A.1.97||chrome 65.0 for android|,F3113 Build/33.3.A.1.97,,chrome 65.0 for android,,mobile
MacOS|Mac OS X 10_13_1|chrome 65.0|2560x1600,MacOS,Mac OS X 10_13_1,chrome 65.0,2560x1600,desktop
BLL-L23 Build/HUAWEIBLL-L23||chrome 65.0 for android|,BLL-L23 Build/HUAWEIBLL-L23,,chrome 65.0 for android,,mobile
MacOS|Mac OS X 10_11_6|chrome 65.0|2560x1600,MacOS,Mac OS X 10_11_6,chrome 65.0,2560x1600,desktop
MacOS|Mac OS X 10_13_3|safari generic|1280x1024,MacOS,Mac OS X 10_13_3,safari generic,1280x1024,desktop
TRT-L53 Build/HUAWEITRT-L53||samsung browser 6.2|,TRT-L53 Build/HUAWEITRT-L53,,samsung browser 6.2,,mobile
E5306 Build/27.3.A.0.129||chrome 65.0 for android|,E5306 Build/27.3.A.0.129,,chrome 65.0 for android,,mobile
TA-1044 Build/NMF26F||chrome 65.0 for android|,TA-1044 Build/NMF26F,,chrome 65.0 for android,,mobile
SAMSUNG SM-G920T Build/NRD90M|Android 7.0|samsung browser 6.4|2560x1440,SAMSUNG SM-G920T Build/NRD90M,Android 7.0,samsung browser 6.4,2560x1440,mobile
Windows|Windows 10|chrome 65.0|1921x1081,Windows,Windows 10,chrome 65.0,1921x1081,desktop
SM-G900M Build/KOT49H||chrome 65.0 for android|,SM-G900M Build/KOT49H,,chrome 65.0 for android,,mobile
SAMSUNG SM-G900I Build/MMB29M||samsung browser 4.0|,SAMSUNG SM-G900I Build/MMB29M,,samsung browser 4.0,,mobile
SAMSUNG-SM-T377A Build/MMB29K|Android 6.0.1|samsung browser 4.0|,SAMSUNG-SM-T377A Build/MMB29K,Android 6.0.1,samsung browser 4.0,,mobile
F5321 Build/34.3.A.0.238||chrome 65.0 for android|,F5321 Build/34.3.A.0.238,,chrome 65.0 for android,,mobile
5056A Build/MMB29M||chrome 65.0 for android|,5056A Build/MMB29M,,chrome 65.0 for android,,mobile
SM-N900V Build/LRX21V|Android 5.0|chrome 59.0 for android|1920x1080,SM-N900V Build/LRX21V,Android 5.0,chrome 59.0 for android,1920x1080,mobile
LEX829||chrome 65.0 for android|,LEX829,,chrome 65.0 for android,,mobile
SM-G850M Build/LRX22G||chrome 65.0 for android|,SM-G850M Build/LRX22G,,chrome 65.0 for android,,mobile
SM-T210||chrome 64.0 for android|,SM-T210,,chrome 64.0 for android,,mobile
A5002|Android 6.0|chrome 55.0 for android|855x480,A5002,Android 6.0,chrome 55.0 for android,855x480,mobile
SM-G920R4||chrome 65.0 for android|,SM-G920R4,,chrome 65.0 for android,,mobile
BLADE V8 Build/NRD90M||chrome 55.0 for android|,BLADE V8 Build/NRD90M,,chrome 55.0 for android,,mobile
G527-U081||chrome 62.0 for android|,G527-U081,,chrome 62.0 for android,,mobile
HUAWEI TAG-L13 Build/HUAWEITAG-L13||chrome 65.0 for android|,HUAWEI TAG-L13 Build/HUAWEITAG-L13,,chrome 65.0 for android,,mobile
SM-J710MN Build/MMB29K||chrome 65.0 for android|,SM-J710MN Build/MMB29K,,chrome 65.0 for android,,mobile
SM-G930V Build/NRD90M||android webview 4.0|,SM-G930V Build/NRD90M,,android webview 4.0,,mobile
LG-M153 Build/MXB48T||chrome 65.0 for android|,LG-M153 Build/MXB48T,,chrome 65.0 for android,,mobile
SM-G925I Build/MMB29K||chrome 65.0 for android|,SM-G925I Build/MMB29K,,chrome 65.0 for android,,mobile
FRD-L09 Build/HUAWEIFRD-L09||chrome 65.0 for android|,FRD-L09 Build/HUAWEIFRD-L09,,chrome 65.0 for android,,mobile
C6906||chrome 65.0 for android|,C6906,,chrome 65.0 for android,,mobile
SAMSUNG SM-A310M Build/LMY47X||chrome generic|,SAMSUNG SM-A310M Build/LMY47X,,chrome generic,,desktop
SM-G928G||chrome 65.0 for android|,SM-G928G,,chrome 65.0 for android,,mobile
Windows|Windows 8.1|chrome 65.0|1152x864,Windows,Windows 8.1,chrome 65.0,1152x864,desktop
Y635-L03 Build/HuaweiY635-L03||chrome|,Y635-L03 Build/HuaweiY635-L03,,chrome,,desktop
Moto G Play Build/MPIS24.241-15.3-26||chrome 65.0 for android|,Moto G Play Build/MPIS24.241-15.3-26,,chrome 65.0 for android,,mobile
Z813 Build/LMY47O||chrome 65.0 for android|,Z813 Build/LMY47O,,chrome 65.0 for android,,mobile
Windows|Windows 8|chrome 65.0|1920x1080,Windows,Windows 8,chrome 65.0,1920x1080,desktop
MacOS|Mac OS X 10_9_5|chrome 65.0|1280x800,MacOS,Mac OS X 10_9_5,chrome 65.0,1280x800,desktop
TA-1025||chrome 65.0 for android|,TA-1025,,chrome 65.0 for android,,mobile
LGMP260 Build/NRD90U|Android 7.0|chrome 64.0 for android|1280x720,LGMP260 Build/NRD90U,Android 7.0,chrome 64.0 for android,1280x720,mobile
FRD-L04 Build/HUAWEIFRD-L04||chrome 65.0 for android|,FRD-L04 Build/HUAWEIFRD-L04,,chrome 65.0 for android,,mobile
F5121 Build/34.3.A.0.252||chrome 65.0 for android|,F5121 Build/34.3.A.0.252,,chrome 65.0 for android,,mobile
SM-J727T1 Build/NRD90M|Android 7.0|chrome 65.0 for android|1280x720,SM-J727T1 Build/NRD90M,Android 7.0,chrome 65.0 for android,1280x720,mobile
MotoG3-TE Build/MPDS24.65-33-1-3||chrome 63.0 for android|,MotoG3-TE Build/MPDS24.65-33-1-3,,chrome 63.0 for android,,mobile
Windows|Windows 7|chrome 65.0|1360x768,Windows,Windows 7,chrome 65.0,1360x768,desktop
LG-M250 Build/NRD90U||chrome 65.0 for android|,LG-M250 Build/NRD90U,,chrome 65.0 for android,,mobile
Trident/7.0|Windows 7|ie 11.0 for desktop|1680x1049,Trident/7.0,Windows 7,ie 11.0 for desktop,1680x1049,desktop
Windows|Windows 10|chrome 65.0|1440x900,Windows,Windows 10,chrome 65.0,1440x900,desktop
SM-G935V Build/NRD90M|Android 7.0|chrome 65.0 for android|2560x1440,SM-G935V Build/NRD90M,Android 7.0,chrome 65.0 for android,2560x1440,mobile
SM-G950F Build/R16NW||android webview 4.0|,SM-G950F Build/R16NW,,android webview 4.0,,mobile
LG-X165g Build/LRX21M||chrome 60.0 for android|,LG-X165g Build/LRX21M,,chrome 60.0 for android,,mobile
SM-A310F Build/MMB29K||chrome 59.0 for android|,SM-A310F Build/MMB29K,,chrome 59.0 for android,,mobile
KIW-L24||chrome 56.0 for android|,KIW-L24,,chrome 56.0 for android,,mobile
Windows|Windows 10|firefox 59.0|1280x1024,Windows,Windows 10,firefox 59.0,1280x1024,desktop
SM-J105B Build/LMY47V||chrome 65.0 for android|,SM-J105B Build/LMY47V,,chrome 65.0 for android,,mobile
SM-J327P Build/MMB29M|Android 6.0.1|chrome 65.0 for android|1280x720,SM-J327P Build/MMB29M,Android 6.0.1,chrome 65.0 for android,1280x720,mobile
Lenovo PB2-650Y Build/MRA58K||chrome 52.0 for android|,Lenovo PB2-650Y Build/MRA58K,,chrome 52.0 for android,,mobile
SAMSUNG-SM-J327A Build/NRD90M|Android 7.0|chrome 65.0 for android|,SAMSUNG-SM-J327A Build/NRD90M,Android 7.0,chrome 65.0 for android,,mobile
Hisense U963 Build/MRA58K||chrome 65.0 for android|,Hisense U963 Build/MRA58K,,chrome 65.0 for android,,mobile
MacOS|Mac OS X 10_13_3|chrome 65.0|1280x800,MacOS,Mac OS X 10_13_3,chrome 65.0,1280x800,desktop
MacOS|Mac OS X 10_11_6|chrome 65.0|1680x1050,MacOS,Mac OS X 10_11_6,chrome 65.0,1680x1050,desktop
MHA-L09 Build/HUAWEIMHA-L09||chrome 65.0 for android|,MHA-L09 Build/HUAWEIMHA-L09,,chrome 65.0 for android,,mobile
Windows|Windows 10|chrome 65.0|1024x768,Windows,Windows 10,chrome 65.0,1024x768,desktop
SM-J530GM Build/NRD90M||chrome 65.0 for android|,SM-J530GM Build/NRD90M,,chrome 65.0 for android,,mobile
F5121||chrome 65.0 for android|,F5121,,chrome 65.0 for android,,mobile
SM-G935V Build/NRD90M|Android 7.0|chrome 65.0 for android|1920x1080,SM-G935V Build/NRD90M,Android 7.0,chrome 65.0 for android,1920x1080,mobile
rv:59.0|Mac OS X 10.13|firefox 59.0|1680x1050,rv:59.0,Mac OS X 10.13,firefox 59.0,1680x1050,desktop
SAMSUNG SM-J701M Build/NRD90M||samsung browser 6.4|,SAMSUNG SM-J701M Build/NRD90M,,samsung browser 6.4,,mobile
LG-X220 Build/LMY47I||chrome 55.0 for android|,LG-X220 Build/LMY47I,,chrome 55.0 for android,,mobile
Windows|Windows 10|edge 16.0|4500x3000,Windows,Windows 10,edge 16.0,4500x3000,desktop
rv:59.0|Mac OS X 10.13|firefox 59.0|1366x768,rv:59.0,Mac OS X 10.13,firefox 59.0,1366x768,desktop
rv:31.0|Windows 7|firefox|1366x768,rv:31.0,Windows 7,firefox,1366x768,desktop
XT1008 Build/LPBS23.13-56-2||chrome 65.0 for android|,XT1008 Build/LPBS23.13-56-2,,chrome 65.0 for android,,mobile
|Linux|chrome 65.0|2560x1440,,Linux,chrome 65.0,2560x1440,desktop
rv:59.0|Mac OS X 10.13|firefox 59.0|1920x1080,rv:59.0,Mac OS X 10.13,firefox 59.0,1920x1080,desktop
LG-K220 Build/MXB48T||chrome 65.0 for android|,LG-K220 Build/MXB48T,,chrome 65.0 for android,,mobile
LG-X230 Build/MRA58K||chrome 65.0 for android|,LG-X230 Build/MRA58K,,chrome 65.0 for android,,mobile
Windows|Windows 8.1|chrome 65.0|1440x810,Windows,Windows 8.1,chrome 65.0,1440x810,desktop
Windows|Windows 10|chrome 65.0|1680x1050,Windows,Windows 10,chrome 65.0,1680x1050,desktop
SM-G950U Build/NRD90M|Android 7.0|chrome 65.0 for android|2220x1080,SM-G950U Build/NRD90M,Android 7.0,chrome 65.0 for android,2220x1080,mobile
SM-N920T||chrome 65.0 for android|,SM-N920T,,chrome 65.0 for android,,mobile
XT1563 Build/MPDS24.107-52-5||chrome 65.0 for android|,XT1563 Build/MPDS24.107-52-5,,chrome 65.0 for android,,mobile
Windows|Windows 8.1|chrome 65.0|1600x900,Windows,Windows 8.1,chrome 65.0,1600x900,desktop
P5046A||chrome 65.0 for android|,P5046A,,chrome 65.0 for android,,mobile
SM-T710 Build/NRD90M||chrome 65.0 for android|,SM-T710 Build/NRD90M,,chrome 65.0 for android,,mobile
SM-J327V Build/NRD90M|Android 7.0|chrome 61.0 for android|1280x720,SM-J327V Build/NRD90M,Android 7.0,chrome 61.0 for android,1280x720,mobile
SM-G930T Build/NRD90M|Android 7.0|chrome 65.0 for android|1920x1080,SM-G930T Build/NRD90M,Android 7.0,chrome 65.0 for android,1920x1080,mobile
MacOS|Mac OS X 10_11_6|chrome 65.0|2560x1440,MacOS,Mac OS X 10_11_6,chrome 65.0,2560x1440,desktop
SM-G935P Build/NRD90M|Android 7.0|chrome 65.0 for android|1920x1080,SM-G935P Build/NRD90M,Android 7.0,chrome 65.0 for android,1920x1080,mobile
SAMSUNG-SGH-I337 Build/KOT49H|Android 4.4.2|chrome 65.0 for android|1920x1080,SAMSUNG-SGH-I337 Build/KOT49H,Android 4.4.2,chrome 65.0 for android,1920x1080,mobile
LG-K410 Build/LRX22G||chrome 60.0 for android|,LG-K410 Build/LRX22G,,chrome 60.0 for android,,mobile
HTC Desire 530 Build/MMB29M||chrome 65.0 for android|,HTC Desire 530 Build/MMB29M,,chrome 65.0 for android,,mobile
MotoG3 Build/MPIS24.65-33.1-2-16||chrome 65.0 for android|,MotoG3 Build/MPIS24.65-33.1-2-16,,chrome 65.0 for android,,mobile
ZUR70016||chrome 65.0 for android|,ZUR70016,,chrome 65.0 for android,,mobile
Tmovi Build/Vision||chrome 65.0 for android|,Tmovi Build/Vision,,chrome 65.0 for android,,mobile
SM-G800M Build/KOT49H||chrome 64.0 for android|,SM-G800M Build/KOT49H,,chrome 64.0 for android,,mobile
SAMSUNG-SM-G935A Build/NRD90M|Android 7.0|chrome 65.0 for android|2560x1440,SAMSUNG-SM-G935A Build/NRD90M,Android 7.0,chrome 65.0 for android,2560x1440,mobile
Blade V580 Build/LMY47D||chrome 55.0 for android|,Blade V580 Build/LMY47D,,chrome 55.0 for android,,mobile
NEM-L51 Build/HONORNEM-L51||chrome 65.0 for android|,NEM-L51 Build/HONORNEM-L51,,chrome 65.0 for android,,mobile
Ilium||chrome 65.0 for android|,Ilium,,chrome 65.0 for android,,mobile
D6603 Build/23.5.A.1.291||chrome 65.0 for android|,D6603 Build/23.5.A.1.291,,chrome 65.0 for android,,mobile
XT1580 Build/NPKS25.200-17-8||chrome 65.0 for android|,XT1580 Build/NPKS25.200-17-8,,chrome 65.0 for android,,mobile
E2306 Build/26.1.A.3.111||chrome 65.0 for android|,E2306 Build/26.1.A.3.111,,chrome 65.0 for android,,mobile
SM-J327T1 Build/NRD90M||chrome 63.0 for android|,SM-J327T1 Build/NRD90M,,chrome 63.0 for android,,mobile
Trident/7.0|Windows 10|ie 11.0 for desktop|1919x1199,Trident/7.0,Windows 10,ie 11.0 for desktop,1919x1199,desktop
LG-K500 Build/MMB29M||chrome 65.0 for android|,LG-K500 Build/MMB29M,,chrome 65.0 for android,,mobile
SAMSUNG SM-G955U Build/NRD90M||samsung browser 6.4|,SAMSUNG SM-G955U Build/NRD90M,,samsung browser 6.4,,mobile
LG-K410 Build/LRX22G||chrome 65.0 for android|,LG-K410 Build/LRX22G,,chrome 65.0 for android,,mobile
SAMSUNG SM-G950U Build/R16NW|Android 8.0.0|samsung browser 7.0|2960x1440,SAMSUNG SM-G950U Build/R16NW,Android 8.0.0,samsung browser 7.0,2960x1440,mobile
SAMSUNG SM-G930F Build/NRD90M||samsung browser 6.4|,SAMSUNG SM-G930F Build/NRD90M,,samsung browser 6.4,,mobile
SM-J327T1 Build/NRD90M||chrome 65.0 for android|,SM-J327T1 Build/NRD90M,,chrome 65.0 for android,,mobile
Android 7.0||android webview 4.0|,Android 7.0,,android webview 4.0,,mobile
MacOS|Mac OS X 10_12_6|chrome 65.0|1280x800,MacOS,Mac OS X 10_12_6,chrome 65.0,1280x800,desktop
MacOS|Mac OS X 10_12_6|chrome 59.0|1280x800,MacOS,Mac OS X 10_12_6,chrome 59.0,1280x800,desktop
SM-G928V Build/NRD90M|Android 7.0|chrome 65.0 for android|1921x1081,SM-G928V Build/NRD90M,Android 7.0,chrome 65.0 for android,1921x1081,mobile
Nexus||chrome 65.0 for android|,Nexus,,chrome 65.0 for android,,mobile
Windows|Windows Vista|aol|1600x900,Windows,Windows Vista,aol,1600x900,desktop
SM-T580 Build/NRD90M||chrome 65.0 for android|,SM-T580 Build/NRD90M,,chrome 65.0 for android,,mobile
Windows|Windows 7|chrome 65.0|1600x1200,Windows,Windows 7,chrome 65.0,1600x1200,desktop
Pixel 2 Build/OPM1.171019.021|Android 8.1.0|chrome 65.0 for android|1921x1081,Pixel 2 Build/OPM1.171019.021,Android 8.1.0,chrome 65.0 for android,1921x1081,mobile
Windows|Windows 10|edge 16.0|1365x768,Windows,Windows 10,edge 16.0,1365x768,desktop
Ilium LT500 Build/LMY47O||chrome 65.0 for android|,Ilium LT500 Build/LMY47O,,chrome 65.0 for android,,mobile
PRA-LX1 Build/HUAWEIPRA-LX1||chrome 65.0 for android|,PRA-LX1 Build/HUAWEIPRA-LX1,,chrome 65.0 for android,,mobile
Windows|Windows 10|edge 16.0|1279x1023,Windows,Windows 10,edge 16.0,1279x1023,desktop
iOS Device|iOS 10.2.0|mobile safari generic|1136x640,iOS Device,iOS 10.2.0,mobile safari generic,1136x640,mobile
5025G Build/LMY47I||chrome 65.0 for android|,5025G Build/LMY47I,,chrome 65.0 for android,,mobile
|Linux|chrome 65.0|2961x1442,,Linux,chrome 65.0,2961x1442,desktop
SM-G950F Build/R16NW||chrome 65.0 for android|,SM-G950F Build/R16NW,,chrome 65.0 for android,,mobile
4047A Build/NRD90M||chrome 65.0 for android|,4047A Build/NRD90M,,chrome 65.0 for android,,mobile
SM-G925T Build/LMY47X||chrome 65.0 for android|,SM-G925T Build/LMY47X,,chrome 65.0 for android,,mobile
SM-G350M||chrome 63.0 for android|,SM-G350M,,chrome 63.0 for android,,mobile
F3213 Build/36.1.A.1.86||chrome 65.0 for android|,F3213 Build/36.1.A.1.86,,chrome 65.0 for android,,mobile
Pixel 2 XL Build/OPM1.171019.021||chrome 65.0 for android|,Pixel 2 XL Build/OPM1.171019.021,,chrome 65.0 for android,,mobile
GT-I9060L Build/JDQ39||chrome 65.0 for android|,GT-I9060L Build/JDQ39,,chrome 65.0 for android,,mobile
Trident/7.0|Windows 7|ie 11.0 for desktop|1280x1023,Trident/7.0,Windows 7,ie 11.0 for desktop,1280x1023,desktop
G3313 Build/43.0.A.5.79||chrome 65.0 for android|,G3313 Build/43.0.A.5.79,,chrome 65.0 for android,,mobile
MacOS|Mac OS X 10_10_5|chrome 65.0|1920x1200,MacOS,Mac OS X 10_10_5,chrome 65.0,1920x1200,desktop
Touch||ie 11.0 for tablet|,Touch,,ie 11.0 for tablet,,desktop
SAMSUNG SM-J730GM Build/NRD90M||samsung browser 6.4|,SAMSUNG SM-J730GM Build/NRD90M,,samsung browser 6.4,,mobile
SM-A320FL Build/NRD90M||chrome 65.0 for android|,SM-A320FL Build/NRD90M,,chrome 65.0 for android,,mobile
Windows|Windows 7|firefox|1280x800,Windows,Windows 7,firefox,1280x800,desktop
Linux x86_64|Linux|firefox 59.0|1920x1080,Linux x86_64,Linux,firefox 59.0,1920x1080,desktop
Windows|Windows 7|chrome 65.0|1280x720,Windows,Windows 7,chrome 65.0,1280x720,desktop
MacOS|Mac OS X 10_12_5|chrome 65.0|2560x1600,MacOS,Mac OS X 10_12_5,chrome 65.0,2560x1600,desktop
E5606||chrome 65.0 for android|,E5606,,chrome 65.0 for android,,mobile
MacOS|Mac OS X 10_12_6|safari generic|1152x648,MacOS,Mac OS X 10_12_6,safari generic,1152x648,desktop
SAMSUNG|Android 7.0|samsung browser 6.4|2220x1081,SAMSUNG,Android 7.0,samsung browser 6.4,2220x1081,mobile
Neffos C5 Build/LMY47D||chrome 65.0 for android|,Neffos C5 Build/LMY47D,,chrome 65.0 for android,,mobile
LG-X180g Build/LMY47I||chrome 65.0 for android|,LG-X180g Build/LMY47I,,chrome 65.0 for android,,mobile
LG-M320 Build/NRD90U||chrome 65.0 for android|,LG-M320 Build/NRD90U,,chrome 65.0 for android,,mobile
Lenovo A2016b30 Build/MRA58K||chrome 65.0 for android|,Lenovo A2016b30 Build/MRA58K,,chrome 65.0 for android,,mobile
F8331 Build/41.2.A.7.76||chrome 65.0 for android|,F8331 Build/41.2.A.7.76,,chrome 65.0 for android,,mobile
SM-G950U Build/R16NW|Android 8.0.0|chrome 65.0 for android|2220x1080,SM-G950U Build/R16NW,Android 8.0.0,chrome 65.0 for android,2220x1080,mobile
LG-H500 Build/LRX21Y||chrome 65.0 for android|,LG-H500 Build/LRX21Y,,chrome 65.0 for android,,mobile
SAMSUNG SM-G950F Build/NRD90M||samsung browser 5.4|,SAMSUNG SM-G950F Build/NRD90M,,samsung browser 5.4,,mobile
SAMSUNG SM-G610M Build/MMB29K||samsung browser 6.4|,SAMSUNG SM-G610M Build/MMB29K,,samsung browser 6.4,,mobile
SM-N910C Build/MMB29K||chrome 65.0 for android|,SM-N910C Build/MMB29K,,chrome 65.0 for android,,mobile
SM-N950F Build/NMF26X||chrome 61.0 for android|,SM-N950F Build/NMF26X,,chrome 61.0 for android,,mobile
BLU||android webview 4.0|,BLU,,android webview 4.0,,mobile
AOC_U706G||chrome 64.0 for android|,AOC_U706G,,chrome 64.0 for android,,mobile
XT1650||chrome 65.0 for android|,XT1650,,chrome 65.0 for android,,mobile
5017A||chrome 65.0 for android|,5017A,,chrome 65.0 for android,,mobile
Windows|Windows 7|chrome 65.0|1280x800,Windows,Windows 7,chrome 65.0,1280x800,desktop
SM-A710M Build/NRD90M||chrome 65.0 for android|,SM-A710M Build/NRD90M,,chrome 65.0 for android,,mobile
Windows|Windows Vista|chrome 49.0|1408x880,Windows,Windows Vista,chrome 49.0,1408x880,desktop
SM-T230 Build/KOT49H||chrome 65.0 for android|,SM-T230 Build/KOT49H,,chrome 65.0 for android,,mobile
MacOS|Mac OS X 10_12_6|chrome 65.0|1920x1080,MacOS,Mac OS X 10_12_6,chrome 65.0,1920x1080,desktop
Windows|Windows 7|chrome 65.0|1024x768,Windows,Windows 7,chrome 65.0,1024x768,desktop
LG-H918 Build/NRD90M|Android 7.0|chrome 65.0 for android|2560x1440,LG-H918 Build/NRD90M,Android 7.0,chrome 65.0 for android,2560x1440,mobile
rv:11.0|Windows 7|ie 11.0 for desktop|1280x1023,rv:11.0,Windows 7,ie 11.0 for desktop,1280x1023,desktop
LG-LS777 Build/NRD90U|Android 7.0|chrome 65.0 for android|1280x720,LG-LS777 Build/NRD90U,Android 7.0,chrome 65.0 for android,1280x720,mobile
LG-M210 Build/NRD90U|Android 7.0|chrome 65.0 for android|1280x720,LG-M210 Build/NRD90U,Android 7.0,chrome 65.0 for android,1280x720,mobile
SM-E500M Build/KTU84P||chrome 65.0 for android|,SM-E500M Build/KTU84P,,chrome 65.0 for android,,mobile
XT1063 Build/MPB24.65-34-3||chrome 65.0 for android|,XT1063 Build/MPB24.65-34-3,,chrome 65.0 for android,,mobile
FP2||chrome 65.0 for android|,FP2,,chrome 65.0 for android,,mobile
Trident/7.0|Windows 7|ie 11.0 for desktop|1919x1080,Trident/7.0,Windows 7,ie 11.0 for desktop,1919x1080,desktop
Windows|Windows 10|chrome 65.0|2400x1350,Windows,Windows 10,chrome 65.0,2400x1350,desktop
MacOS|Mac OS X 10_10_5|chrome 65.0|1920x1080,MacOS,Mac OS X 10_10_5,chrome 65.0,1920x1080,desktop
Windows|Windows 7|chrome 65.0|3440x1440,Windows,Windows 7,chrome 65.0,3440x1440,desktop
BLADE A602 Build/MRA58K||chrome 65.0 for android|,BLADE A602 Build/MRA58K,,chrome 65.0 for android,,mobile
Windows|Windows 10|chrome 65.0|,Windows,Windows 10,chrome 65.0,,desktop
SM-N950U1 Build/NMF26X|Android 7.1.1|chrome 65.0 for android|2220x1080,SM-N950U1 Build/NMF26X,Android 7.1.1,chrome 65.0 for android,2220x1080,mobile
SM-G950U1 Build/NRD90M|Android 7.0|chrome 60.0 for android|2220x1080,SM-G950U1 Build/NRD90M,Android 7.0,chrome 60.0 for android,2220x1080,mobile
MacOS|Mac OS X 10_11_4|chrome 65.0|2560x1600,MacOS,Mac OS X 10_11_4,chrome 65.0,2560x1600,desktop
rv:11.0|Windows 7|ie 11.0 for desktop|1679x1049,rv:11.0,Windows 7,ie 11.0 for desktop,1679x1049,desktop
SLA-L03 Build/HUAWEISLA-L03||chrome 65.0 for android|,SLA-L03 Build/HUAWEISLA-L03,,chrome 65.0 for android,,mobile
G8141||chrome 65.0 for android|,G8141,,chrome 65.0 for android,,mobile
SAMSUNG SM-G925I Build/NRD90M||samsung browser 6.4|,SAMSUNG SM-G925I Build/NRD90M,,samsung browser 6.4,,mobile
SM-P350 Build/MMB29M||chrome 65.0 for android|,SM-P350 Build/MMB29M,,chrome 65.0 for android,,mobile
XT1063 Build/MPB24.65-34||chrome|,XT1063 Build/MPB24.65-34,,chrome,,mobile
rv:52.0|Windows 8.1|firefox 52.0|1440x900,rv:52.0,Windows 8.1,firefox 52.0,1440x900,desktop
STELLAR||chrome 65.0 for android|,STELLAR,,chrome 65.0 for android,,mobile
XT1635-02||chrome 65.0 for android|,XT1635-02,,chrome 65.0 for android,,mobile
SM-A310F Build/NRD90M||chrome 65.0 for android|,SM-A310F Build/NRD90M,,chrome 65.0 for android,,mobile
TA-1027||chrome 65.0 for android|,TA-1027,,chrome 65.0 for android,,mobile
Redmi Note 3 Build/MMB29M||chrome 65.0 for android|,Redmi Note 3 Build/MMB29M,,chrome 65.0 for android,,mobile
Moto G (5) Plus Build/NPN25.137-15||chrome generic|,Moto G (5) Plus Build/NPN25.137-15,,chrome generic,,desktop
SM-J700P||chrome 65.0 for android|,SM-J700P,,chrome 65.0 for android,,mobile
SM-G900M Build/KOT49H||chrome generic|,SM-G900M Build/KOT49H,,chrome generic,,desktop
CHC-U03 Build/HuaweiCHC-U03||chrome 65.0 for android|,CHC-U03 Build/HuaweiCHC-U03,,chrome 65.0 for android,,mobile
SAMSUNG-SM-G530AZ Build/LMY48B||chrome 65.0 for android|,SAMSUNG-SM-G530AZ Build/LMY48B,,chrome 65.0 for android,,mobile
SM-N920V Build/NRD90M||chrome 65.0 for android|,SM-N920V Build/NRD90M,,chrome 65.0 for android,,mobile
SM-G920I Build/NRD90M||chrome 65.0 for android|,SM-G920I Build/NRD90M,,chrome 65.0 for android,,mobile
F3313 Build/37.0.A.2.248||chrome 65.0 for android|,F3313 Build/37.0.A.2.248,,chrome 65.0 for android,,mobile
moto x4 Build/OPWS27.57-40-6||chrome 65.0 for android|,moto x4 Build/OPWS27.57-40-6,,chrome 65.0 for android,,mobile
GRACE||chrome 65.0 for android|,GRACE,,chrome 65.0 for android,,mobile
Ilium LT520 Build/NRD90M||chrome 65.0 for android|,Ilium LT520 Build/NRD90M,,chrome 65.0 for android,,mobile
G8341||chrome 65.0 for android|,G8341,,chrome 65.0 for android,,mobile
SAMSUNG SM-J727T1 Build/NRD90M||samsung browser 5.2|,SAMSUNG SM-J727T1 Build/NRD90M,,samsung browser 5.2,,mobile
Hisense||chrome 65.0 for android|,Hisense,,chrome 65.0 for android,,mobile
MacOS|Mac OS X 10_13_1|chrome 65.0|2880x1800,MacOS,Mac OS X 10_13_1,chrome 65.0,2880x1800,desktop
SM-J500H||chrome 58.0 for android|,SM-J500H,,chrome 58.0 for android,,mobile
LenovoA3300-GV Build/JDQ39||chrome 65.0 for android|,LenovoA3300-GV Build/JDQ39,,chrome 65.0 for android,,mobile
MacOS|Mac OS X 10_12_3|chrome 64.0|2560x1440,MacOS,Mac OS X 10_12_3,chrome 64.0,2560x1440,desktop
HTC Desire 650 Build/MMB29M||chrome 65.0 for android|,HTC Desire 650 Build/MMB29M,,chrome 65.0 for android,,mobile
MacOS|Mac OS X 10_8_5|chrome 49.0|2560x1600,MacOS,Mac OS X 10_8_5,chrome 49.0,2560x1600,desktop
Moto G (4) Build/NPJS25.93-14-15||chrome generic|,Moto G (4) Build/NPJS25.93-14-15,,chrome generic,,desktop
Windows|Windows 7|chrome 65.0|1680x1050,Windows,Windows 7,chrome 65.0,1680x1050,desktop
Windows|Windows 10|edge 16.0|1366x767,Windows,Windows 10,edge 16.0,1366x767,desktop
Trident/7.0|Windows 10|ie 11.0 for desktop|1366x767,Trident/7.0,Windows 10,ie 11.0 for desktop,1366x767,desktop
Gigaset||chrome 65.0 for android|,Gigaset,,chrome 65.0 for android,,mobile
rv:59.0|Mac OS X 10.11|firefox 59.0|2880x1800,rv:59.0,Mac OS X 10.11,firefox 59.0,2880x1800,desktop
SAMSUNG SM-G955F Build/NRD90M||samsung browser 6.4|,SAMSUNG SM-G955F Build/NRD90M,,samsung browser 6.4,,mobile
SAMSUNG SM-P580 Build/NRD90M||samsung browser 6.4|,SAMSUNG SM-P580 Build/NRD90M,,samsung browser 6.4,,mobile
rv:48.0|Mac OS X 10.11|firefox 48.0|1920x1080,rv:48.0,Mac OS X 10.11,firefox 48.0,1920x1080,desktop
Ilium L910 Build/MRA58K||chrome 65.0 for android|,Ilium L910 Build/MRA58K,,chrome 65.0 for android,,mobile
MacOS|Mac OS X 10_12_4|chrome 64.0|2560x1600,MacOS,Mac OS X 10_12_4,chrome 64.0,2560x1600,desktop
XT1710-02|Android 7.1.1|chrome 64.0 for android|1920x1080,XT1710-02,Android 7.1.1,chrome 64.0 for android,1920x1080,mobile
Windows|Windows 10|firefox 59.0|2560x1080,Windows,Windows 10,firefox 59.0,2560x1080,desktop
|Linux|chrome 60.0|1536x864,,Linux,chrome 60.0,1536x864,desktop
BAC-L03 Build/HUAWEIBAC-L03||chrome 65.0 for android|,BAC-L03 Build/HUAWEIBAC-L03,,chrome 65.0 for android,,mobile
ALP-L09 Build/HUAWEIALP-L09S||chrome 65.0 for android|,ALP-L09 Build/HUAWEIALP-L09S,,chrome 65.0 for android,,mobile
Windows|Windows 10|edge 15.0|1920x1079,Windows,Windows 10,edge 15.0,1920x1079,desktop
rv:59.0|Mac OS X 10.9|firefox 59.0|1920x1200,rv:59.0,Mac OS X 10.9,firefox 59.0,1920x1200,desktop
ALCATEL||chrome 63.0 for android|,ALCATEL,,chrome 63.0 for android,,mobile
SM-G532M Build/MMB29T||chrome 65.0 for android|,SM-G532M Build/MMB29T,,chrome 65.0 for android,,mobile
MacOS|Mac OS X 10_13_1|safari generic|1280x1024,MacOS,Mac OS X 10_13_1,safari generic,1280x1024,desktop
Lenovo K33b36 Build/NRD90N||chrome 65.0 for android|,Lenovo K33b36 Build/NRD90N,,chrome 65.0 for android,,mobile
Moto||chrome 65.0 for android|,Moto,,chrome 65.0 for android,,mobile
SM-G930V Build/NRD90M|Android 7.0|chrome 65.0 for android|1920x1080,SM-G930V Build/NRD90M,Android 7.0,chrome 65.0 for android,1920x1080,mobile
SM-J500M Build/MMB29M||chrome 65.0 for android|,SM-J500M Build/MMB29M,,chrome 65.0 for android,,mobile
LG-K373||chrome 65.0 for android|,LG-K373,,chrome 65.0 for android,,mobile
SM-G550T1 Build/MMB29K||chrome 50.0 for android|,SM-G550T1 Build/MMB29K,,chrome 50.0 for android,,mobile
MacOS|Mac OS X 10_12_6|chrome 65.0|1366x768,MacOS,Mac OS X 10_12_6,chrome 65.0,1366x768,desktop
ALP-L09 Build/HUAWEIALP-L09||chrome 65.0 for android|,ALP-L09 Build/HUAWEIALP-L09,,chrome 65.0 for android,,mobile
MacOS|Mac OS X 10_9_5|chrome 64.0|1920x1080,MacOS,Mac OS X 10_9_5,chrome 64.0,1920x1080,desktop
SM-G532M Build/MMB29T||chrome 57.0 for android|,SM-G532M Build/MMB29T,,chrome 57.0 for android,,mobile
ALCATEL ONE TOUCH 7042A Build/JDQ39||chrome 60.0 for android|,ALCATEL ONE TOUCH 7042A Build/JDQ39,,chrome 60.0 for android,,mobile
SAMSUNG SM-J700M Build/MMB29K||samsung browser 6.4|,SAMSUNG SM-J700M Build/MMB29K,,samsung browser 6.4,,mobile
Moto Z2 Play Build/NPS26.74-16-1||chrome 61.0 for android|,Moto Z2 Play Build/NPS26.74-16-1,,chrome 61.0 for android,,mobile
PH-1||chrome 65.0 for android|,PH-1,,chrome 65.0 for android,,mobile
V502015||Cherry|,V502015,,Cherry,,mobile
ZTE BLADE A6 Build/NMF26F||chrome 65.0 for android|,ZTE BLADE A6 Build/NMF26F,,chrome 65.0 for android,,mobile
LG-X165g Build/LRX21M||other|,LG-X165g Build/LRX21M,,other,,mobile
SM-P580 Build/NRD90M||chrome 65.0 for android|,SM-P580 Build/NRD90M,,chrome 65.0 for android,,mobile
Y635-L03 Build/HuaweiY635-L03||chrome 65.0 for android|,Y635-L03 Build/HuaweiY635-L03,,chrome 65.0 for android,,mobile
STV100-1||chrome 65.0 for android|,STV100-1,,chrome 65.0 for android,,mobile
SAMSUNG SM-G610M Build/MMB29K||samsung browser 5.4|,SAMSUNG SM-G610M Build/MMB29K,,samsung browser 5.4,,mobile
LG-K430 Build/MRA58K||chrome 65.0 for android|,LG-K430 Build/MRA58K,,chrome 65.0 for android,,mobile
M431||chrome 63.0 for android|,M431,,chrome 63.0 for android,,mobile
SM-J500M Build/LMY48B||chrome 65.0 for android|,SM-J500M Build/LMY48B,,chrome 65.0 for android,,mobile
G3223 Build/42.0.A.4.101||chrome 65.0 for android|,G3223 Build/42.0.A.4.101,,chrome 65.0 for android,,mobile
Star||chrome generic|,Star,,chrome generic,,desktop
Trident/7.0|Windows 7|ie 11.0 for desktop|1919x1200,Trident/7.0,Windows 7,ie 11.0 for desktop,1919x1200,desktop
moto|Android 8.0.0|chrome 65.0 for android|1920x1080,moto,Android 8.0.0,chrome 65.0 for android,1920x1080,mobile
SM-T560NU Build/NMF26X|Android 7.1.1|chrome 65.0 for android|1281x800,SM-T560NU Build/NMF26X,Android 7.1.1,chrome 65.0 for android,1281x800,mobile
LG-V410|Android 5.0.2|chrome 52.0 for android|1280x800,LG-V410,Android 5.0.2,chrome 52.0 for android,1280x800,mobile
MacOS|Mac OS X 10_13_3|chrome 65.0|1920x1080,MacOS,Mac OS X 10_13_3,chrome 65.0,1920x1080,desktop
Pixel 2 XL Build/OPM1.171019.021|Android 8.1.0|chrome 65.0 for android|2880x1442,Pixel 2 XL Build/OPM1.171019.021,Android 8.1.0,chrome 65.0 for android,2880x1442,mobile
SAMSUNG SM-A720F Build/NRD90M||samsung browser 6.4|,SAMSUNG SM-A720F Build/NRD90M,,samsung browser 6.4,,mobile
SM-G955U Build/NRD90M||chrome 65.0 for android|,SM-G955U Build/NRD90M,,chrome 65.0 for android,,mobile
rv:59.0|Mac OS X 10.12|firefox 59.0|1920x1080,rv:59.0,Mac OS X 10.12,firefox 59.0,1920x1080,desktop
Windows|Windows 8.1|chrome 65.0|1280x1024,Windows,Windows 8.1,chrome 65.0,1280x1024,desktop
G3123||chrome 56.0 for android|,G3123,,chrome 56.0 for android,,mobile
MacOS|Mac OS X 10_13_3|chrome 65.0|5120x2880,MacOS,Mac OS X 10_13_3,chrome 65.0,5120x2880,desktop
LG-K530 Build/MMB29M||chrome 65.0 for android|,LG-K530 Build/MMB29M,,chrome 65.0 for android,,mobile
PSPC550 Build/LMY47D||chrome 65.0 for android|,PSPC550 Build/LMY47D,,chrome 65.0 for android,,mobile
MacOS|Mac OS X 10_13_4|safari generic|1440x900,MacOS,Mac OS X 10_13_4,safari generic,1440x900,desktop
Windows|Windows 10|chrome 64.0|2560x1600,Windows,Windows 10,chrome 64.0,2560x1600,desktop
Ilium X710 Build/MRA58K||chrome 65.0 for android|,Ilium X710 Build/MRA58K,,chrome 65.0 for android,,mobile
SM-G930T Build/NRD90M||chrome 65.0 for android|,SM-G930T Build/NRD90M,,chrome 65.0 for android,,mobile
SAMSUNG SM-G955U Build/R16NW|Android 8.0.0|samsung browser 7.0|2220x1081,SAMSUNG SM-G955U Build/R16NW,Android 8.0.0,samsung browser 7.0,2220x1081,mobile
HUAWEI CAN-L11 Build/HUAWEICAN-L11||chrome 65.0 for android|,HUAWEI CAN-L11 Build/HUAWEICAN-L11,,chrome 65.0 for android,,mobile
SAMSUNG SM-G570M Build/MMB29K||samsung browser 6.4|,SAMSUNG SM-G570M Build/MMB29K,,samsung browser 6.4,,mobile
MacOS|Mac OS X 10_12_6|chrome 65.0|1440x900,MacOS,Mac OS X 10_12_6,chrome 65.0,1440x900,desktop
SM-J730GM Build/NRD90M||chrome 65.0 for android|,SM-J730GM Build/NRD90M,,chrome 65.0 for android,,mobile
SLA-L23||chrome 65.0 for android|,SLA-L23,,chrome 65.0 for android,,mobile
SM-N920C Build/NRD90M||chrome 65.0 for android|,SM-N920C Build/NRD90M,,chrome 65.0 for android,,mobile
SAMSUNG|Android 6.0.1|samsung browser 6.4|2560x1440,SAMSUNG,Android 6.0.1,samsung browser 6.4,2560x1440,mobile
LG-D693n Build/LRX22G||chrome 65.0 for android|,LG-D693n Build/LRX22G,,chrome 65.0 for android,,mobile
SM-J327T1 Build/NRD90M|Android 7.0|chrome 60.0 for android|1280x720,SM-J327T1 Build/NRD90M,Android 7.0,chrome 60.0 for android,1280x720,mobile
Windows|Windows 10|chrome 65.0|3000x2000,Windows,Windows 10,chrome 65.0,3000x2000,desktop
Moto G Play Build/NPIS26.48-36-2||chrome 65.0 for android|,Moto G Play Build/NPIS26.48-36-2,,chrome 65.0 for android,,mobile
|Android|chrome 65.0|1366x768,,Android,chrome 65.0,1366x768,mobile
T1||chrome 64.0 for android|,T1,,chrome 64.0 for android,,mobile
rv:37.0|Windows 7|firefox|1920x1080,rv:37.0,Windows 7,firefox,1920x1080,desktop
Windows|Windows 7|chrome 65.0|1441x901,Windows,Windows 7,chrome 65.0,1441x901,desktop
SM-T377T|Android 7.1.1|chrome 65.0 for android|1280x800,SM-T377T,Android 7.1.1,chrome 65.0 for android,1280x800,mobile
SM-N950U Build/NMF26X||chrome 65.0 for android|,SM-N950U Build/NMF26X,,chrome 65.0 for android,,mobile
SM-J111M Build/LMY47V||chrome 65.0 for android|,SM-J111M Build/LMY47V,,chrome 65.0 for android,,mobile
E6603 Build/32.4.A.1.54||chrome 65.0 for android|,E6603 Build/32.4.A.1.54,,chrome 65.0 for android,,mobile
MacOS|Mac OS X 10_13_2|chrome 65.0|1440x900,MacOS,Mac OS X 10_13_2,chrome 65.0,1440x900,desktop
SM-T530NU Build/LRX22G|Android 5.0.2|chrome 65.0 for android|1280x800,SM-T530NU Build/LRX22G,Android 5.0.2,chrome 65.0 for android,1280x800,mobile
LG-X240 Build/MRA58K||chrome 65.0 for android|,LG-X240 Build/MRA58K,,chrome 65.0 for android,,mobile
Infinix||chrome 65.0 for android|,Infinix,,chrome 65.0 for android,,mobile
5011A Build/NRD90M||chrome 65.0 for android|,5011A Build/NRD90M,,chrome 65.0 for android,,mobile
XT1053 Build/LPAS23.12-21.7-1||chrome 65.0 for android|,XT1053 Build/LPAS23.12-21.7-1,,chrome 65.0 for android,,mobile
Ilium X520 Build/NRD90M||chrome 65.0 for android|,Ilium X520 Build/NRD90M,,chrome 65.0 for android,,mobile
SAMSUNG SM-J701M Build/NRD90M||samsung browser 5.2|,SAMSUNG SM-J701M Build/NRD90M,,samsung browser 5.2,,mobile
Build/OPR1.170623.032|||,Build/OPR1.170623.032,,,,mobile
SM-N950U1 Build/NMF26X|Android 7.1.1|chrome 65.0 for android|2961x1442,SM-N950U1 Build/NMF26X,Android 7.1.1,chrome 65.0 for android,2961x1442,mobile
SM-G9600 Build/R16NW||chrome 65.0 for android|,SM-G9600 Build/R16NW,,chrome 65.0 for android,,mobile
|Linux|chrome 65.0|2562x1442,,Linux,chrome 65.0,2562x1442,desktop
Blade A510 Build/MRA58K||chrome 65.0 for android|,Blade A510 Build/MRA58K,,chrome 65.0 for android,,mobile
SM-J500M Build/MMB29M||chrome 60.0 for android|,SM-J500M Build/MMB29M,,chrome 60.0 for android,,mobile
SM-N950F Build/NMF26X||chrome 65.0 for android|,SM-N950F Build/NMF26X,,chrome 65.0 for android,,mobile
SM-G355M Build/KOT49H||chrome 54.0 for android|,SM-G355M Build/KOT49H,,chrome 54.0 for android,,mobile
LG-X210 Build/LMY47I||chrome 65.0 for android|,LG-X210 Build/LMY47I,,chrome 65.0 for android,,mobile
8050G Build/LMY47I||chrome 65.0 for android|,8050G Build/LMY47I,,chrome 65.0 for android,,mobile
Moto C Plus Build/NRD90M.05.034||chrome 65.0 for android|,Moto C Plus Build/NRD90M.05.034,,chrome 65.0 for android,,mobile
SM-J510MN Build/MMB29M||chrome 55.0 for android|,SM-J510MN Build/MMB29M,,chrome 55.0 for android,,mobile
PLUS||chrome 65.0 for android|,PLUS,,chrome 65.0 for android,,mobile
SM-T825 Build/NRD90M||chrome 65.0 for android|,SM-T825 Build/NRD90M,,chrome 65.0 for android,,mobile
Mi A1 Build/N2G47H||chrome 65.0 for android|,Mi A1 Build/N2G47H,,chrome 65.0 for android,,mobile
rv:59.0|Android 7.0|Generic/Android 7.0|1920x1080,rv:59.0,Android 7.0,Generic/Android 7.0,1920x1080,mobile
rv:57.0|Windows 10|icedragon|1920x1080,rv:57.0,Windows 10,icedragon,1920x1080,desktop
TA-1027 Build/N2G47H||chrome 65.0 for android|,TA-1027 Build/N2G47H,,chrome 65.0 for android,,mobile
iOS Device|iOS 11.3.0|mobile safari generic|1136x640,iOS Device,iOS 11.3.0,mobile safari generic,1136x640,mobile
Redmi Note 3 Build/MMB29M||chrome 63.0 for android|,Redmi Note 3 Build/MMB29M,,chrome 63.0 for android,,mobile
Windows|Windows 10|edge 15.0|1366x767,Windows,Windows 10,edge 15.0,1366x767,desktop
PMID7102DC||chrome 64.0 for android|,PMID7102DC,,chrome 64.0 for android,,mobile
Redmi||chrome 65.0 for android|,Redmi,,chrome 65.0 for android,,mobile
Windows|Windows 10|edge 16.0|1919x1079,Windows,Windows 10,edge 16.0,1919x1079,desktop
SM-T807V|Android 6.0.1|chrome 65.0 for android|2560x1600,SM-T807V,Android 6.0.1,chrome 65.0 for android,2560x1600,mobile
SAMSUNG-SM-G925A Build/MMB29K||chrome 64.0 for android|,SAMSUNG-SM-G925A Build/MMB29K,,chrome 64.0 for android,,mobile
Windows|Windows 10|firefox 52.0|1600x900,Windows,Windows 10,firefox 52.0,1600x900,desktop
SM-J327T1 Build/NRD90M|Android 7.0|chrome 65.0 for android|1280x720,SM-J327T1 Build/NRD90M,Android 7.0,chrome 65.0 for android,1280x720,mobile
SM-T550 Build/NMF26X||chrome 65.0 for android|,SM-T550 Build/NMF26X,,chrome 65.0 for android,,mobile
SM-G928G Build/NRD90M||chrome 65.0 for android|,SM-G928G Build/NRD90M,,chrome 65.0 for android,,mobile
SM-N900W8 Build/LRX21V||chrome 65.0 for android|,SM-N900W8 Build/LRX21V,,chrome 65.0 for android,,mobile
VS980 4G Build/LRX22G|Android 5.0.2|chrome 63.0 for android|1920x1080,VS980 4G Build/LRX22G,Android 5.0.2,chrome 63.0 for android,1920x1080,mobile
SM-G900F Build/MMB29M||chrome 65.0 for android|,SM-G900F Build/MMB29M,,chrome 65.0 for android,,mobile
HUAWEI CUN-L03 Build/HUAWEICUN-L03||chrome 65.0 for android|,HUAWEI CUN-L03 Build/HUAWEICUN-L03,,chrome 65.0 for android,,mobile
||samsung browser 7.0|,,,samsung browser 7.0,,mobile
SAMSUNG SM-A310F/A310FXXU4CRB1 Build/NRD90M||samsung browser 6.4|,SAMSUNG SM-A310F/A310FXXU4CRB1 Build/NRD90M,,samsung browser 6.4,,mobile
Blade A510 Build/MRA58K||chrome 60.0 for android|,Blade A510 Build/MRA58K,,chrome 60.0 for android,,mobile
SM-J327T Build/NRD90M|Android 7.0|chrome 64.0 for android|1280x720,SM-J327T Build/NRD90M,Android 7.0,chrome 64.0 for android,1280x720,mobile
Windows|Windows 10|chrome 65.0|2560x1440,Windows,Windows 10,chrome 65.0,2560x1440,desktop
SGH-M919 Build/KTU84P||chrome 65.0 for android|,SGH-M919 Build/KTU84P,,chrome 65.0 for android,,mobile
RNE-L03 Build/HUAWEIRNE-L03||chrome 59.0 for android|,RNE-L03 Build/HUAWEIRNE-L03,,chrome 59.0 for android,,mobile
SM-A320Y Build/NRD90M||chrome 65.0 for android|,SM-A320Y Build/NRD90M,,chrome 65.0 for android,,mobile
Aquaris V Build/N2G47H||chrome 65.0 for android|,Aquaris V Build/N2G47H,,chrome 65.0 for android,,mobile
ALCATEL||chrome 62.0 for android|,ALCATEL,,chrome 62.0 for android,,mobile
MacOS|Mac OS X 10_13_3|chrome 59.0|2560x1440,MacOS,Mac OS X 10_13_3,chrome 59.0,2560x1440,desktop
LG-H831 Build/NRD90U|Android 7.0|chrome 65.0 for android|2560x1440,LG-H831 Build/NRD90U,Android 7.0,chrome 65.0 for android,2560x1440,mobile
rv:58.0|Mac OS X 10.11|firefox 58.0|3440x1440,rv:58.0,Mac OS X 10.11,firefox 58.0,3440x1440,desktop
SAMSUNG SM-A510M Build/NRD90M||samsung browser 6.4|,SAMSUNG SM-A510M Build/NRD90M,,samsung browser 6.4,,mobile
E2306 Build/26.3.A.1.33||chrome 65.0 for android|,E2306 Build/26.3.A.1.33,,chrome 65.0 for android,,mobile
MYA-L13 Build/HUAWEIMYA-L13||chrome 65.0 for android|,MYA-L13 Build/HUAWEIMYA-L13,,chrome 65.0 for android,,mobile
SM-J700H Build/MMB29K||chrome 65.0 for android|,SM-J700H Build/MMB29K,,chrome 65.0 for android,,mobile
F3213 Build/36.0.A.2.146||chrome 65.0 for android|,F3213 Build/36.0.A.2.146,,chrome 65.0 for android,,mobile
SAMSUNG SM-G955U Build/R16NW||samsung browser 7.0|,SAMSUNG SM-G955U Build/R16NW,,samsung browser 7.0,,mobile
VS987 Build/NRD90U|Android 7.0|chrome 65.0 for android|2560x1440,VS987 Build/NRD90U,Android 7.0,chrome 65.0 for android,2560x1440,mobile
LG-H812||chrome 65.0 for android|,LG-H812,,chrome 65.0 for android,,mobile
LG-D855 Build/LRX21R||chrome 65.0 for android|,LG-D855 Build/LRX21R,,chrome 65.0 for android,,mobile
XT1225||chrome 65.0 for android|,XT1225,,chrome 65.0 for android,,mobile
WAS-LX1A Build/HUAWEIWAS-LX1A||chrome 65.0 for android|,WAS-LX1A Build/HUAWEIWAS-LX1A,,chrome 65.0 for android,,mobile
SM-J710MN Build/NRD90M||chrome 65.0 for android|,SM-J710MN Build/NRD90M,,chrome 65.0 for android,,mobile
AX921 Build/MRA58K||chrome 64.0 for android|,AX921 Build/MRA58K,,chrome 64.0 for android,,mobile
LG-D680 Build/KOT49I||chrome 65.0 for android|,LG-D680 Build/KOT49I,,chrome 65.0 for android,,mobile
SM-G570M Build/NRD90M||chrome 65.0 for android|,SM-G570M Build/NRD90M,,chrome 65.0 for android,,mobile
TA-1027 Build/OPR1.170623.026|||,TA-1027 Build/OPR1.170623.026,,,,mobile
iOS Device|iOS 11.3.0|mobile safari generic|1334x750,iOS Device,iOS 11.3.0,mobile safari generic,1334x750,mobile
GRANT||chrome 65.0 for android|,GRANT,,chrome 65.0 for android,,mobile
SM-G355M Build/KOT49H||chrome 65.0 for android|,SM-G355M Build/KOT49H,,chrome 65.0 for android,,mobile
SM-G955U Build/NRD90M|Android 7.0|chrome 65.0 for android|2220x1081,SM-G955U Build/NRD90M,Android 7.0,chrome 65.0 for android,2220x1081,mobile
LG-X210 Build/LMY47I||chrome 60.0 for android|,LG-X210 Build/LMY47I,,chrome 60.0 for android,,mobile
Windows|Windows 8|chrome 65.0|1366x768,Windows,Windows 8,chrome 65.0,1366x768,desktop
Moto C Build/NRD90M.057||android webview 4.0|,Moto C Build/NRD90M.057,,android webview 4.0,,mobile
SM-T560 Build/KTU84P||chrome 65.0 for android|,SM-T560 Build/KTU84P,,chrome 65.0 for android,,mobile
LG-V410||chrome 65.0 for android|,LG-V410,,chrome 65.0 for android,,mobile
Ilium LT500 Build/LMY47O||chrome 51.0 for android|,Ilium LT500 Build/LMY47O,,chrome 51.0 for android,,mobile
SAMSUNG SM-J327A Build/NRD90M|Android 7.0|samsung browser 6.4|1281x721,SAMSUNG SM-J327A Build/NRD90M,Android 7.0,samsung browser 6.4,1281x721,mobile
Moto|Android 6.0.1|chrome 65.0 for android|1280x720,Moto,Android 6.0.1,chrome 65.0 for android,1280x720,mobile
MYA-L03 Build/HUAWEIMYA-L03||chrome 65.0 for android|,MYA-L03 Build/HUAWEIMYA-L03,,chrome 65.0 for android,,mobile
M4 SS4456 Build/LMY47V||chrome 65.0 for android|,M4 SS4456 Build/LMY47V,,chrome 65.0 for android,,mobile
SM-A500FU Build/MMB29M||chrome 64.0 for android|,SM-A500FU Build/MMB29M,,chrome 64.0 for android,,mobile
SM-G920V Build/NRD90M|Android 7.0|chrome 65.0 for android|2560x1440,SM-G920V Build/NRD90M,Android 7.0,chrome 65.0 for android,2560x1440,mobile
Le X520 Build/IEXCNFN5902303111S||chrome 65.0 for android|,Le X520 Build/IEXCNFN5902303111S,,chrome 65.0 for android,,mobile
SM-J710MN Build/NRD90M||chrome 64.0 for android|,SM-J710MN Build/NRD90M,,chrome 64.0 for android,,mobile
TA-1020||chrome 65.0 for android|,TA-1020,,chrome 65.0 for android,,mobile
SM-J727V Build/NRD90M|Android 7.0|chrome 65.0 for android|1280x720,SM-J727V Build/NRD90M,Android 7.0,chrome 65.0 for android,1280x720,mobile
MacOS|Mac|chrome 65.0|2880x1800,MacOS,Mac,chrome 65.0,2880x1800,desktop
HT0703K16||chrome 64.0 for android|,HT0703K16,,chrome 64.0 for android,,mobile
SM-G930P Build/NRD90M||chrome 65.0 for android|,SM-G930P Build/NRD90M,,chrome 65.0 for android,,mobile
MacOS|Mac OS X 10_11_3|chrome 65.0|1440x900,MacOS,Mac OS X 10_11_3,chrome 65.0,1440x900,desktop
XT1650 Build/NPLS26.118-20-5-3||chrome 65.0 for android|,XT1650 Build/NPLS26.118-20-5-3,,chrome 65.0 for android,,mobile
SM-G355M Build/KOT49H||chrome 53.0 for android|,SM-G355M Build/KOT49H,,chrome 53.0 for android,,mobile
Lenovo K33b36 Build/MMB29M||chrome 65.0 for android|,Lenovo K33b36 Build/MMB29M,,chrome 65.0 for android,,mobile
SM-J110M Build/LMY48B||chrome 55.0 for android|,SM-J110M Build/LMY48B,,chrome 55.0 for android,,mobile
MacOS|Mac OS X 10_11_6|chrome 65.0|4096x2304,MacOS,Mac OS X 10_11_6,chrome 65.0,4096x2304,desktop
Trident/7.0|Windows 7|ie 11.0 for desktop|1366x767,Trident/7.0,Windows 7,ie 11.0 for desktop,1366x767,desktop
MacOS|Mac OS X 10_11_5|chrome 65.0|2560x1600,MacOS,Mac OS X 10_11_5,chrome 65.0,2560x1600,desktop
|Linux|chrome 65.0|1921x1081,,Linux,chrome 65.0,1921x1081,desktop
SM-T330NU Build/LMY47X||chrome 65.0 for android|,SM-T330NU Build/LMY47X,,chrome 65.0 for android,,mobile
SM-G935F Build/MMB29K||chrome 65.0 for android|,SM-G935F Build/MMB29K,,chrome 65.0 for android,,mobile
moto x4 Build/NPW26.83-18-2-0-4||chrome 65.0 for android|,moto x4 Build/NPW26.83-18-2-0-4,,chrome 65.0 for android,,mobile
rv:11.0|Windows 7|ie 11.0 for desktop|1919x1080,rv:11.0,Windows 7,ie 11.0 for desktop,1919x1080,desktop
SM-G9600 Build/R16NW||chrome 63.0 for android|,SM-G9600 Build/R16NW,,chrome 63.0 for android,,mobile
LG-H221||chrome|,LG-H221,,chrome,,desktop
MacOS|Mac OS X 10_10_5|chrome 65.0|1440x900,MacOS,Mac OS X 10_10_5,chrome 65.0,1440x900,desktop
ILIUM||chrome 65.0 for android|,ILIUM,,chrome 65.0 for android,,mobile
XT1064||chrome 54.0 for android|,XT1064,,chrome 54.0 for android,,mobile
Trident/7.0|Windows 8.1|ie 11.0 for desktop|1366x767,Trident/7.0,Windows 8.1,ie 11.0 for desktop,1366x767,desktop
SM-G570M Build/NRD90M||chrome 58.0 for android|,SM-G570M Build/NRD90M,,chrome 58.0 for android,,mobile
Blade V580 Build/LMY47D||chrome 61.0 for android|,Blade V580 Build/LMY47D,,chrome 61.0 for android,,mobile
M4||chrome 65.0 for android|,M4,,chrome 65.0 for android,,mobile
LG-H850 Build/MMB29M||chrome 65.0 for android|,LG-H850 Build/MMB29M,,chrome 65.0 for android,,mobile
SAMSUNG-SM-G935A Build/NRD90M|Android 7.0|chrome 65.0 for android|1921x1081,SAMSUNG-SM-G935A Build/NRD90M,Android 7.0,chrome 65.0 for android,1921x1081,mobile
Windows|Windows 7|firefox 58.0|2560x1600,Windows,Windows 7,firefox 58.0,2560x1600,desktop
G3123 Build/40.0.A.6.189||chrome 65.0 for android|,G3123 Build/40.0.A.6.189,,chrome 65.0 for android,,mobile
SM-G928P Build/NRD90M||chrome 65.0 for android|,SM-G928P Build/NRD90M,,chrome 65.0 for android,,mobile
MI||chrome 65.0 for android|,MI,,chrome 65.0 for android,,mobile
SM-G928T Build/NRD90M|Android 7.0|chrome 65.0 for android|1921x1081,SM-G928T Build/NRD90M,Android 7.0,chrome 65.0 for android,1921x1081,mobile
SM-T350 Build/NMF26X|Android 7.1.1|chrome 65.0 for android|1024x768,SM-T350 Build/NMF26X,Android 7.1.1,chrome 65.0 for android,1024x768,mobile
F8131||chrome 65.0 for android|,F8131,,chrome 65.0 for android,,mobile
MacOS|Mac OS X 10_13_4|safari generic|3360x2100,MacOS,Mac OS X 10_13_4,safari generic,3360x2100,desktop
LG-D680 Build/KOT49I||chrome 52.0 for android|,LG-D680 Build/KOT49I,,chrome 52.0 for android,,mobile
E6853||chrome 65.0 for android|,E6853,,chrome 65.0 for android,,mobile
SM-T580 Build/NRD90M|Android 7.0|chrome 65.0 for android|1920x1200,SM-T580 Build/NRD90M,Android 7.0,chrome 65.0 for android,1920x1200,mobile
KFDOWI Build/LVY48F|Android 5.1.1|chrome generic|1280x800,KFDOWI Build/LVY48F,Android 5.1.1,chrome generic,1280x800,mobile
MacOS|Mac|chrome 65.0|1440x900,MacOS,Mac,chrome 65.0,1440x900,desktop
SM-A310M Build/NRD90M||chrome 65.0 for android|,SM-A310M Build/NRD90M,,chrome 65.0 for android,,mobile
LG-H500 Build/LRX21Y||chrome 51.0 for android|,LG-H500 Build/LRX21Y,,chrome 51.0 for android,,mobile
MacOS|Mac OS X 10_9_5|chrome 65.0|2880x1800,MacOS,Mac OS X 10_9_5,chrome 65.0,2880x1800,desktop
H550||android webview 4.0|,H550,,android webview 4.0,,mobile
AERIAL Build/NRD90M||chrome 65.0 for android|,AERIAL Build/NRD90M,,chrome 65.0 for android,,mobile
Trident/7.0|Windows 10|ie 11.0 for desktop|1280x1023,Trident/7.0,Windows 10,ie 11.0 for desktop,1280x1023,desktop
EVA-L19 Build/HUAWEIEVA-L19||android webview 4.0|,EVA-L19 Build/HUAWEIEVA-L19,,android webview 4.0,,mobile
Windows|Windows 10|edge 16.0|1919x1080,Windows,Windows 10,edge 16.0,1919x1080,desktop
rv:11.0|Windows 7|ie 11.0 for desktop|1919x1079,rv:11.0,Windows 7,ie 11.0 for desktop,1919x1079,desktop
MacOS|Mac OS X 10_13_3|chrome 65.0|1366x768,MacOS,Mac OS X 10_13_3,chrome 65.0,1366x768,desktop
rv:59.0|Windows 8.1|firefox 59.0|1366x768,rv:59.0,Windows 8.1,firefox 59.0,1366x768,desktop
HTC Desire 650 Build/MMB29M||chrome 56.0 for android|,HTC Desire 650 Build/MMB29M,,chrome 56.0 for android,,mobile
LG-H650 Build/MRA58K||chrome 65.0 for android|,LG-H650 Build/MRA58K,,chrome 65.0 for android,,mobile
Alcatel_5098O Build/MMB29M||chrome 65.0 for android|,Alcatel_5098O Build/MMB29M,,chrome 65.0 for android,,mobile
rv:50.0|Mac OS X 10.13|firefox|2880x1800,rv:50.0,Mac OS X 10.13,firefox,2880x1800,desktop
SM-T310 Build/KOT49H||chrome 65.0 for android|,SM-T310 Build/KOT49H,,chrome 65.0 for android,,mobile
SM-G965U Build/R16NW|Android 8.0.0|chrome 65.0 for android|2220x1081,SM-G965U Build/R16NW,Android 8.0.0,chrome 65.0 for android,2220x1081,mobile
LG-SP320|Android 7.1.1|chrome 65.0 for android|1280x720,LG-SP320,Android 7.1.1,chrome 65.0 for android,1280x720,mobile
Windows|Windows 7|chrome 65.0|1584x990,Windows,Windows 7,chrome 65.0,1584x990,desktop
|Linux|chrome 65.0|1366x768,,Linux,chrome 65.0,1366x768,desktop
Windows|Windows 10|ie 11.0 for tablet|1920x1080,Windows,Windows 10,ie 11.0 for tablet,1920x1080,desktop
SM-G900W8||chrome 65.0 for android|,SM-G900W8,,chrome 65.0 for android,,mobile
MacOS|Mac OS X 10_13_2|chrome 65.0|1920x1080,MacOS,Mac OS X 10_13_2,chrome 65.0,1920x1080,desktop
|Linux|chrome 65.0|2220x1081,,Linux,chrome 65.0,2220x1081,desktop
SAMSUNG SM-N950U Build/NMF26X|Android 7.1.1|samsung browser 6.4|2220x1081,SAMSUNG SM-N950U Build/NMF26X,Android 7.1.1,samsung browser 6.4,2220x1081,mobile
iOS Device|iOS 10.3.3|chrome 65.0 for ios|2732x2048,iOS Device,iOS 10.3.3,chrome 65.0 for ios,2732x2048,mobile
LG-H542 Build/LRX22G||chrome 64.0 for android|,LG-H542 Build/LRX22G,,chrome 64.0 for android,,mobile
Hisense F23 Build/NRD90M||chrome 65.0 for android|,Hisense F23 Build/NRD90M,,chrome 65.0 for android,,mobile
SAMSUNG-SM-G900A Build/LMY47X||chrome 65.0 for android|,SAMSUNG-SM-G900A Build/LMY47X,,chrome 65.0 for android,,mobile
Windows|Windows 7|firefox 59.0|800x600,Windows,Windows 7,firefox 59.0,800x600,desktop
SM-N920V Build/NRD90M|Android 7.0|chrome 65.0 for android|1921x1081,SM-N920V Build/NRD90M,Android 7.0,chrome 65.0 for android,1921x1081,mobile
LG-H320 Build/LRX21Y||other|,LG-H320 Build/LRX21Y,,other,,mobile
ASUS_X008DC Build/NRD90M||chrome 65.0 for android|,ASUS_X008DC Build/NRD90M,,chrome 65.0 for android,,mobile
SM-A500M Build/LRX22G||chrome 52.0 for android|,SM-A500M Build/LRX22G,,chrome 52.0 for android,,mobile
SAMSUNG SM-J727T1 Build/NRD90M||samsung browser 6.4|,SAMSUNG SM-J727T1 Build/NRD90M,,samsung browser 6.4,,mobile
VKY-L09 Build/HUAWEIVKY-L09||chrome 65.0 for android|,VKY-L09 Build/HUAWEIVKY-L09,,chrome 65.0 for android,,mobile
SAMSUNG|Android 7.1.1|samsung browser 6.4|1280x800,SAMSUNG,Android 7.1.1,samsung browser 6.4,1280x800,mobile
iOS Device|iOS 11.2.5|chrome 65.0 for ios|2048x1536,iOS Device,iOS 11.2.5,chrome 65.0 for ios,2048x1536,mobile
Windows|Windows 10|firefox 59.0|2560x1440,Windows,Windows 10,firefox 59.0,2560x1440,desktop
MacOS|Mac|safari generic|1280x720,MacOS,Mac,safari generic,1280x720,desktop
XT1068||chrome 62.0 for android|,XT1068,,chrome 62.0 for android,,mobile
LG-M710 Build/NRD90U||chrome 65.0 for android|,LG-M710 Build/NRD90U,,chrome 65.0 for android,,mobile
SAMSUNG-SM-J120A|Android 6.0.1|chrome 64.0 for android|801x480,SAMSUNG-SM-J120A,Android 6.0.1,chrome 64.0 for android,801x480,mobile
MacOS|Mac OS X 10_13_4|safari generic|5120x2880,MacOS,Mac OS X 10_13_4,safari generic,5120x2880,desktop
MacOS|Mac|chrome 65.0|1920x1200,MacOS,Mac,chrome 65.0,1920x1200,desktop
MacOS|Mac OS X 10_9_5|chrome 65.0|2560x1600,MacOS,Mac OS X 10_9_5,chrome 65.0,2560x1600,desktop
SM-G800F Build/MMB29K||chrome 65.0 for android|,SM-G800F Build/MMB29K,,chrome 65.0 for android,,mobile
Windows|Windows 7|chrome 64.0|1536x960,Windows,Windows 7,chrome 64.0,1536x960,desktop
SM-J327P Build/MMB29M||chrome 65.0 for android|,SM-J327P Build/MMB29M,,chrome 65.0 for android,,mobile
HTC One A9 Build/NRD90M||chrome 65.0 for android|,HTC One A9 Build/NRD90M,,chrome 65.0 for android,,mobile
MacOS|Mac OS X 10_13_4|chrome 65.0|2560x1600,MacOS,Mac OS X 10_13_4,chrome 65.0,2560x1600,desktop
Trident/7.0|Windows 10|ie 11.0 for tablet|1679x1049,Trident/7.0,Windows 10,ie 11.0 for tablet,1679x1049,desktop
Ilium L1120 Build/NRD90M||chrome 65.0 for android|,Ilium L1120 Build/NRD90M,,chrome 65.0 for android,,mobile
SM-J700P|Android 7.1.1|chrome 65.0 for android|1280x720,SM-J700P,Android 7.1.1,chrome 65.0 for android,1280x720,mobile
COVET Build/NRD90M||chrome 65.0 for android|,COVET Build/NRD90M,,chrome 65.0 for android,,mobile
iOS Device|iOS 11.3.0|chrome 65.0 for ios|2048x1536,iOS Device,iOS 11.3.0,chrome 65.0 for ios,2048x1536,mobile
MotoG3 Build/MPI24.65-25||chrome 64.0 for android|,MotoG3 Build/MPI24.65-25,,chrome 64.0 for android,,mobile
MacOS|Mac OS X 10_12_6|chrome 65.0|2112x1188,MacOS,Mac OS X 10_12_6,chrome 65.0,2112x1188,desktop
HUAWEI VNS-L53 Build/HUAWEIVNS-L53||other|,HUAWEI VNS-L53 Build/HUAWEIVNS-L53,,other,,mobile
SM-T813 Build/NRD90M||chrome 65.0 for android|,SM-T813 Build/NRD90M,,chrome 65.0 for android,,mobile
Trident/7.0|Windows 7|ie 11.0 for desktop|1600x899,Trident/7.0,Windows 7,ie 11.0 for desktop,1600x899,desktop
Hisense L675 Build/MRA58K||chrome 65.0 for android|,Hisense L675 Build/MRA58K,,chrome 65.0 for android,,mobile
iOS Device|iOS 11.0.3|chrome 65.0 for ios|2048x1536,iOS Device,iOS 11.0.3,chrome 65.0 for ios,2048x1536,mobile
MacOS|Mac OS X 10_12_4|chrome 64.0|1280x800,MacOS,Mac OS X 10_12_4,chrome 64.0,1280x800,desktop
MacOS|Mac OS X 10_12_6|chrome 65.0|2560x1600,MacOS,Mac OS X 10_12_6,chrome 65.0,2560x1600,desktop
SAMSUNG SM-G610M Build/NRD90M||samsung browser 6.4|,SAMSUNG SM-G610M Build/NRD90M,,samsung browser 6.4,,mobile
KFGIWI Build/LVY48F||chrome generic|,KFGIWI Build/LVY48F,,chrome generic,,desktop
E6633||chrome 65.0 for android|,E6633,,chrome 65.0 for android,,mobile
XT1565|Android 7.1.1|android webview 4.0|1920x1080,XT1565,Android 7.1.1,android webview 4.0,1920x1080,mobile
BLU ENERGY X PLUS Build/LRX21M||chrome 65.0 for android|,BLU ENERGY X PLUS Build/LRX21M,,chrome 65.0 for android,,mobile
BLADE L7 Build/MRA58K||chrome 65.0 for android|,BLADE L7 Build/MRA58K,,chrome 65.0 for android,,mobile
STV100-1|Android 6.0.1|chrome 64.0 for android|2562x1442,STV100-1,Android 6.0.1,chrome 64.0 for android,2562x1442,mobile
Windows|Windows 8|chrome 61.0|1366x768,Windows,Windows 8,chrome 61.0,1366x768,desktop
SM-G925I Build/LMY47X||chrome 65.0 for android|,SM-G925I Build/LMY47X,,chrome 65.0 for android,,mobile
SM-J320FN Build/LMY47V||chrome 65.0 for android|,SM-J320FN Build/LMY47V,,chrome 65.0 for android,,mobile
rv:59.0|Mac OS X 10.13|firefox 59.0|2880x1800,rv:59.0,Mac OS X 10.13,firefox 59.0,2880x1800,desktop
Pixel XL Build/OPM1.171019.016|Android 8.1.0|chrome 65.0 for android|2562x1442,Pixel XL Build/OPM1.171019.016,Android 8.1.0,chrome 65.0 for android,2562x1442,mobile
MacOS|Mac OS X 10_12_6|chrome 65.0|3360x2100,MacOS,Mac OS X 10_12_6,chrome 65.0,3360x2100,desktop
SAMSUNG SM-G965U1 Build/R16NW||samsung browser 7.0|,SAMSUNG SM-G965U1 Build/R16NW,,samsung browser 7.0,,mobile
SAMSUNG SM-N950U Build/R16NW|Android 8.0.0|samsung browser 7.0|2220x1081,SAMSUNG SM-N950U Build/R16NW,Android 8.0.0,samsung browser 7.0,2220x1081,mobile
Moto G Play Build/NPIS26.48-36-2||chrome 57.0 for android|,Moto G Play Build/NPIS26.48-36-2,,chrome 57.0 for android,,mobile
MacOS|Mac OS X 10_7_5|chrome 49.0|1439x809,MacOS,Mac OS X 10_7_5,chrome 49.0,1439x809,desktop
LGL84VL Build/NRD90U|Android 7.0|chrome 65.0 for android|1280x720,LGL84VL Build/NRD90U,Android 7.0,chrome 65.0 for android,1280x720,mobile
Windows|Windows 10|chrome 58.0|3840x2160,Windows,Windows 10,chrome 58.0,3840x2160,desktop
4047G Build/NRD90M||chrome 56.0 for android|,4047G Build/NRD90M,,chrome 56.0 for android,,mobile
Windows|Windows 10|chrome 64.0|1229x691,Windows,Windows 10,chrome 64.0,1229x691,desktop
LG-D855||chrome 65.0 for android|,LG-D855,,chrome 65.0 for android,,mobile
MacOS|Mac OS X 10_13_4|chrome 65.0|2560x1440,MacOS,Mac OS X 10_13_4,chrome 65.0,2560x1440,desktop
Lenovo A6020l37 Build/LMY47V||chrome 65.0 for android|,Lenovo A6020l37 Build/LMY47V,,chrome 65.0 for android,,mobile
Android||android browser 4.0|,Android,,android browser 4.0,,mobile
MacOS|Mac OS X 10_7_5|chrome 49.0|1600x1200,MacOS,Mac OS X 10_7_5,chrome 49.0,1600x1200,desktop
8062 Build/MRA58K||chrome 55.0 for android|,8062 Build/MRA58K,,chrome 55.0 for android,,mobile
SAMSUNG-SM-G928A Build/NRD90M||chrome 65.0 for android|,SAMSUNG-SM-G928A Build/NRD90M,,chrome 65.0 for android,,mobile
rv:59.0|Android 7.0|Generic/Android 7.0|1280x720,rv:59.0,Android 7.0,Generic/Android 7.0,1280x720,mobile
LGUS215 Build/NRD90U|Android 7.0|chrome 65.0 for android|1280x720,LGUS215 Build/NRD90U,Android 7.0,chrome 65.0 for android,1280x720,mobile
SM-G930T Build/NRD90M|Android 7.0|chrome 65.0 for android|2560x1440,SM-G930T Build/NRD90M,Android 7.0,chrome 65.0 for android,2560x1440,mobile
Nexus||chrome generic|,Nexus,,chrome generic,,desktop
SAMSUNG SM-A510M Build/MMB29K||samsung browser 6.4|,SAMSUNG SM-A510M Build/MMB29K,,samsung browser 6.4,,mobile
SM-G920P Build/NRD90M|Android 7.0|chrome 65.0 for android|2560x1440,SM-G920P Build/NRD90M,Android 7.0,chrome 65.0 for android,2560x1440,mobile
Windows|Windows 10|edge 16.0|1920x1079,Windows,Windows 10,edge 16.0,1920x1079,desktop
SM-T810 Build/NRD90M|Android 7.0|chrome 65.0 for android|2048x1536,SM-T810 Build/NRD90M,Android 7.0,chrome 65.0 for android,2048x1536,mobile
SM-J700M Build/MMB29K||chrome 56.0 for android|,SM-J700M Build/MMB29K,,chrome 56.0 for android,,mobile
XT1021 Build/LPCS23.13-34.8-3||chrome 65.0 for android|,XT1021 Build/LPCS23.13-34.8-3,,chrome 65.0 for android,,mobile
E5606 Build/30.2.A.1.21||chrome 65.0 for android|,E5606 Build/30.2.A.1.21,,chrome 65.0 for android,,mobile
Lenovo TB3-710F Build/LRX21M||opera|,Lenovo TB3-710F Build/LRX21M,,opera,,mobile
HTCD200LVW|Android 6.0.1|chrome 58.0 for android|1280x720,HTCD200LVW,Android 6.0.1,chrome 58.0 for android,1280x720,mobile
F3111 Build/33.3.A.1.97||chrome 65.0 for android|,F3111 Build/33.3.A.1.97,,chrome 65.0 for android,,mobile
Hisense F102 Build/NRD90M||chrome 65.0 for android|,Hisense F102 Build/NRD90M,,chrome 65.0 for android,,mobile
SGH-I337M Build/LRX22C||chrome 65.0 for android|,SGH-I337M Build/LRX22C,,chrome 65.0 for android,,mobile
LG-LS993 Build/NRD90U||chrome 65.0 for android|,LG-LS993 Build/NRD90U,,chrome 65.0 for android,,mobile
Z971||chrome 61.0 for android|,Z971,,chrome 61.0 for android,,mobile
SM-P550 Build/NMF26X||chrome 65.0 for android|,SM-P550 Build/NMF26X,,chrome 65.0 for android,,mobile
Windows|Windows 10|chrome 65.0|1502x844,Windows,Windows 10,chrome 65.0,1502x844,desktop
MacOS|Mac OS X 10_11_6|chrome 65.0|2880x1800,MacOS,Mac OS X 10_11_6,chrome 65.0,2880x1800,desktop
Windows|Windows 8.1|chrome 65.0|1440x900,Windows,Windows 8.1,chrome 65.0,1440x900,desktop
MacOS|Mac OS X 10_13_1|chrome 64.0|1680x1050,MacOS,Mac OS X 10_13_1,chrome 64.0,1680x1050,desktop
Windows|Windows 7|firefox 59.0|1280x960,Windows,Windows 7,firefox 59.0,1280x960,desktop
Lenovo TB3-710F Build/LRX21M||chrome 65.0 for android|,Lenovo TB3-710F Build/LRX21M,,chrome 65.0 for android,,mobile
SAMSUNG SM-G930A Build/NRD90M|Android 7.0|samsung browser 6.4|1920x1080,SAMSUNG SM-G930A Build/NRD90M,Android 7.0,samsung browser 6.4,1920x1080,mobile
R831L||chrome 65.0 for android|,R831L,,chrome 65.0 for android,,mobile
SM-N910P|Android 6.0.1|chrome 65.0 for android|2560x1440,SM-N910P,Android 6.0.1,chrome 65.0 for android,2560x1440,mobile
Swift||chrome 65.0 for android|,Swift,,chrome 65.0 for android,,mobile
CRO-L03 Build/HUAWEICRO-L03||chrome 65.0 for android|,CRO-L03 Build/HUAWEICRO-L03,,chrome 65.0 for android,,mobile
MotoG3||chrome|,MotoG3,,chrome,,desktop
Windows|Windows 8|chrome 65.0|1440x900,Windows,Windows 8,chrome 65.0,1440x900,desktop
SM-G900P Build/LRX21T|Android 5.0|chrome 59.0 for android|1920x1080,SM-G900P Build/LRX21T,Android 5.0,chrome 59.0 for android,1920x1080,mobile
MacOS|Mac OS X 10_13_4|chrome 65.0|3440x1440,MacOS,Mac OS X 10_13_4,chrome 65.0,3440x1440,desktop
SM-J530GM Build/NRD90M||chrome 58.0 for android|,SM-J530GM Build/NRD90M,,chrome 58.0 for android,,mobile
PRA507||chrome 65.0 for android|,PRA507,,chrome 65.0 for android,,mobile
SM-G930U Build/NRD90M|Android 7.0|chrome 65.0 for android|1920x1080,SM-G930U Build/NRD90M,Android 7.0,chrome 65.0 for android,1920x1080,mobile
hi6210sft Build/MRA58K||chrome 65.0 for android|,hi6210sft Build/MRA58K,,chrome 65.0 for android,,mobile
P01M|Android 6.0.1|chrome 55.0 for android|2048x1536,P01M,Android 6.0.1,chrome 55.0 for android,2048x1536,mobile
F5321||chrome 65.0 for android|,F5321,,chrome 65.0 for android,,mobile
M4 SS4457-R Build/NRD90M||chrome 65.0 for android|,M4 SS4457-R Build/NRD90M,,chrome 65.0 for android,,mobile
HUAWEI CAN-L01 Build/HUAWEICAN-L01||chrome 65.0 for android|,HUAWEI CAN-L01 Build/HUAWEICAN-L01,,chrome 65.0 for android,,mobile
SM-T380||chrome 65.0 for android|,SM-T380,,chrome 65.0 for android,,mobile
Blade L2 Plus Build/KOT49H||chrome 65.0 for android|,Blade L2 Plus Build/KOT49H,,chrome 65.0 for android,,mobile
MacOS|Mac OS X 10_10_5|chrome 65.0|2560x1600,MacOS,Mac OS X 10_10_5,chrome 65.0,2560x1600,desktop
iOS Device|iOS 11.3.0|mobile safari generic|2048x1536,iOS Device,iOS 11.3.0,mobile safari generic,2048x1536,mobile
XT1565|Android 7.1.1|chrome 65.0 for android|1920x1080,XT1565,Android 7.1.1,chrome 65.0 for android,1920x1080,mobile
XT1585 Build/NCK25.118-10.5|Android 7.0|chrome 65.0 for android|2560x1440,XT1585 Build/NCK25.118-10.5,Android 7.0,chrome 65.0 for android,2560x1440,mobile
Ilium X510 Build/MRA58K||chrome 65.0 for android|,Ilium X510 Build/MRA58K,,chrome 65.0 for android,,mobile
LG-X180g Build/LMY47I||chrome 55.0 for android|,LG-X180g Build/LMY47I,,chrome 55.0 for android,,mobile
SM-N950U Build/R16NW|Android 8.0.0|chrome 65.0 for android|2220x1081,SM-N950U Build/R16NW,Android 8.0.0,chrome 65.0 for android,2220x1081,mobile
Windows|Windows 7|firefox 57.0|1600x1024,Windows,Windows 7,firefox 57.0,1600x1024,desktop
Windows|Windows 10|edge 16.0|1600x899,Windows,Windows 10,edge 16.0,1600x899,desktop
Windows|Windows 10|chrome 65.0|1280x720,Windows,Windows 10,chrome 65.0,1280x720,desktop
Trident/7.0|Windows 7|ie 11.0 for desktop|1279x1024,Trident/7.0,Windows 7,ie 11.0 for desktop,1279x1024,desktop
LG-H820||chrome 65.0 for android|,LG-H820,,chrome 65.0 for android,,mobile
F5121 Build/34.3.A.0.252||chrome 61.0 for android|,F5121 Build/34.3.A.0.252,,chrome 61.0 for android,,mobile
Windows|Windows 7|firefox 52.0|1680x1050,Windows,Windows 7,firefox 52.0,1680x1050,desktop
Windows|Windows 7|chrome 65.0|1280x768,Windows,Windows 7,chrome 65.0,1280x768,desktop
SM-P600||chrome 65.0 for android|,SM-P600,,chrome 65.0 for android,,mobile
SM-J700M Build/LMY48B||chrome 51.0 for android|,SM-J700M Build/LMY48B,,chrome 51.0 for android,,mobile
SAMSUNG SM-T587P Build/NRD90M|Android 7.0|samsung browser 6.4|1920x1200,SAMSUNG SM-T587P Build/NRD90M,Android 7.0,samsung browser 6.4,1920x1200,mobile
MacOS|Mac OS X 10_11_6|safari generic|1600x1000,MacOS,Mac OS X 10_11_6,safari generic,1600x1000,desktop
HUAWEI Y560-L03 Build/HUAWEIY560-L03||chrome 65.0 for android|,HUAWEI Y560-L03 Build/HUAWEIY560-L03,,chrome 65.0 for android,,mobile
VS995 Build/NRD90M||chrome 65.0 for android|,VS995 Build/NRD90M,,chrome 65.0 for android,,mobile
MacOS|Mac OS X 10_11_5|chrome 65.0|5120x2880,MacOS,Mac OS X 10_11_5,chrome 65.0,5120x2880,desktop
SM-A510M Build/LMY47X||chrome 65.0 for android|,SM-A510M Build/LMY47X,,chrome 65.0 for android,,mobile
Nexus|Android 8.1.0|chrome 65.0 for android|2562x1442,Nexus,Android 8.1.0,chrome 65.0 for android,2562x1442,mobile
SM-G930F Build/NRD90M|Android 7.0|chrome 65.0 for android|1920x1080,SM-G930F Build/NRD90M,Android 7.0,chrome 65.0 for android,1920x1080,mobile
SAMSUNG-SM-G900A Build/KOT49H||chrome 65.0 for android|,SAMSUNG-SM-G900A Build/KOT49H,,chrome 65.0 for android,,mobile
Windows|Windows Vista|chrome 49.0|921x691,Windows,Windows Vista,chrome 49.0,921x691,desktop
M4 SS4458 Build/MMB29M||chrome 50.0 for android|,M4 SS4458 Build/MMB29M,,chrome 50.0 for android,,mobile
SAMSUNG-SM-G900A Build/LRX21T||chrome 64.0 for android|,SAMSUNG-SM-G900A Build/LRX21T,,chrome 64.0 for android,,mobile
ASUS_Z017D|||,ASUS_Z017D,,,,mobile
SM-T520|Android 4.4.2|chrome 65.0 for android|2560x1600,SM-T520,Android 4.4.2,chrome 65.0 for android,2560x1600,mobile
5010G Build/MRA58K||chrome 65.0 for android|,5010G Build/MRA58K,,chrome 65.0 for android,,mobile
P00A|Android 7.0|chrome 65.0 for android|1280x800,P00A,Android 7.0,chrome 65.0 for android,1280x800,mobile
Windows|Windows 10|chrome 65.0|3840x2160,Windows,Windows 10,chrome 65.0,3840x2160,desktop
SM-J500FN Build/MMB29M||chrome 65.0 for android|,SM-J500FN Build/MMB29M,,chrome 65.0 for android,,mobile
Moto C Build/NRD90M.063||chrome 65.0 for android|,Moto C Build/NRD90M.063,,chrome 65.0 for android,,mobile
MacOS|Mac OS X 10_13_4|safari generic|4096x2304,MacOS,Mac OS X 10_13_4,safari generic,4096x2304,desktop
Trident/7.0|Windows 10|ie 11.0 for tablet|1919x1080,Trident/7.0,Windows 10,ie 11.0 for tablet,1919x1080,desktop
Windows|Windows 10|chrome 65.0|1229x691,Windows,Windows 10,chrome 65.0,1229x691,desktop
SM-J727VPP Build/NRD90M|Android 7.0|chrome 65.0 for android|1280x720,SM-J727VPP Build/NRD90M,Android 7.0,chrome 65.0 for android,1280x720,mobile
Windows|Windows 10|chrome 65.0|1408x792,Windows,Windows 10,chrome 65.0,1408x792,desktop
SAMSUNG SM-G955U Build/NRD90M|Android 7.0|samsung browser 6.4|2220x1081,SAMSUNG SM-G955U Build/NRD90M,Android 7.0,samsung browser 6.4,2220x1081,mobile
Windows|Windows 10|chrome 65.0|2560x1600,Windows,Windows 10,chrome 65.0,2560x1600,desktop
iris50||chrome 65.0 for android|,iris50,,chrome 65.0 for android,,mobile
Trident/7.0|Windows 7|ie 11.0 for desktop|1920x1079,Trident/7.0,Windows 7,ie 11.0 for desktop,1920x1079,desktop
SM-G960U Build/R16NW|Android 8.0.0|chrome 65.0 for android|2960x1440,SM-G960U Build/R16NW,Android 8.0.0,chrome 65.0 for android,2960x1440,mobile
Windows|Windows 7|chrome 65.0|1920x1201,Windows,Windows 7,chrome 65.0,1920x1201,desktop
LG-M327 Build/NRD90U|Android 7.0|chrome 65.0 for android|1280x720,LG-M327 Build/NRD90U,Android 7.0,chrome 65.0 for android,1280x720,mobile
Trident/7.0|Windows 10|ie 11.0 for desktop|1365x768,Trident/7.0,Windows 10,ie 11.0 for desktop,1365x768,desktop
M10/Q1010||chrome 65.0 for android|,M10/Q1010,,chrome 65.0 for android,,mobile
LT30p||chrome 56.0 for android|,LT30p,,chrome 56.0 for android,,mobile
SAMSUNG-SM-G920A Build/MMB29K|Android 6.0.1|chrome 65.0 for android|2560x1440,SAMSUNG-SM-G920A Build/MMB29K,Android 6.0.1,chrome 65.0 for android,2560x1440,mobile
SAMSUNG-SM-J320A Build/NMF26X||chrome 65.0 for android|,SAMSUNG-SM-J320A Build/NMF26X,,chrome 65.0 for android,,mobile
Windows|Windows 7|chrome 65.0|2560x1440,Windows,Windows 7,chrome 65.0,2560x1440,desktop
HTCD100LVWPP|Android|chrome 65.0 for android|960x540,HTCD100LVWPP,Android,chrome 65.0 for android,960x540,mobile
HTC One A9s Build/MRA58K||chrome 52.0 for android|,HTC One A9s Build/MRA58K,,chrome 52.0 for android,,mobile
iOS Device|iOS 9.3.5|chrome|1024x768,iOS Device,iOS 9.3.5,chrome,1024x768,mobile
XT1609 Build/MPIS24.241-2.35-1-17||chrome 65.0 for android|,XT1609 Build/MPIS24.241-2.35-1-17,,chrome 65.0 for android,,mobile
SM-G955U Build/R16NW|Android 8.0.0|chrome 65.0 for android|2220x1081,SM-G955U Build/R16NW,Android 8.0.0,chrome 65.0 for android,2220x1081,mobile
Pixel|Android 8.1.0|chrome 65.0 for android|2562x1442,Pixel,Android 8.1.0,chrome 65.0 for android,2562x1442,mobile
RNE-L21 Build/HUAWEIRNE-L21||chrome 65.0 for android|,RNE-L21 Build/HUAWEIRNE-L21,,chrome 65.0 for android,,mobile
BLU||chrome 65.0 for android|,BLU,,chrome 65.0 for android,,mobile
ASUS_Z00AD Build/LRX21V||chrome 65.0 for android|,ASUS_Z00AD Build/LRX21V,,chrome 65.0 for android,,mobile
SAMSUNG SM-G570M Build/NRD90M||samsung|,SAMSUNG SM-G570M Build/NRD90M,,samsung,,mobile
HUAWEI Y360-U23 Build/HUAWEIY360-U23||other|,HUAWEI Y360-U23 Build/HUAWEIY360-U23,,other,,mobile
rv:59.0|Mac OS X 10.11|firefox 59.0|1920x1080,rv:59.0,Mac OS X 10.11,firefox 59.0,1920x1080,desktop
LGLS676 Build/MXB48T|Android 6.0.1|chrome 65.0 for android|1280x720,LGLS676 Build/MXB48T,Android 6.0.1,chrome 65.0 for android,1280x720,mobile
MacOS|Mac OS X 10_13_4|chrome 65.0|1440x900,MacOS,Mac OS X 10_13_4,chrome 65.0,1440x900,desktop
vivo||chrome 65.0 for android|,vivo,,chrome 65.0 for android,,mobile
AX705||chrome 65.0 for android|,AX705,,chrome 65.0 for android,,mobile
MacOS|Mac OS X 10_13_4|chrome 65.0|1920x1080,MacOS,Mac OS X 10_13_4,chrome 65.0,1920x1080,desktop
rv:52.0|Mac OS X 10.13|firefox 52.0|2880x1800,rv:52.0,Mac OS X 10.13,firefox 52.0,2880x1800,desktop
rv:59.0|Windows 10|firefox|1920x1080,rv:59.0,Windows 10,firefox,1920x1080,desktop
rv:59.0|Windows 7|firefox 59.0|1366x768,rv:59.0,Windows 7,firefox 59.0,1366x768,desktop
SAMSUNG SM-N920T Build/NRD90M||samsung browser 6.4|,SAMSUNG SM-N920T Build/NRD90M,,samsung browser 6.4,,mobile
MacOS|Mac OS X 10_13_4|safari generic|2560x1600,MacOS,Mac OS X 10_13_4,safari generic,2560x1600,desktop
SAMSUNG SM-J510MN Build/MMB29M||samsung browser 6.4|,SAMSUNG SM-J510MN Build/MMB29M,,samsung browser 6.4,,mobile
SM-G955F Build/R16NW||chrome 65.0 for android|,SM-G955F Build/R16NW,,chrome 65.0 for android,,mobile
Windows|Windows 10|edge 16.0|1599x900,Windows,Windows 10,edge 16.0,1599x900,desktop
SAMSUNG-SM-T377A|Android 7.1.1|chrome 65.0 for android|1280x800,SAMSUNG-SM-T377A,Android 7.1.1,chrome 65.0 for android,1280x800,mobile
SM-G935T Build/NRD90M||chrome 65.0 for android|,SM-G935T Build/NRD90M,,chrome 65.0 for android,,mobile
SM-T560 Build/KTU84P||chrome 52.0 for android|,SM-T560 Build/KTU84P,,chrome 52.0 for android,,mobile
E5306 Build/27.3.A.0.165||chrome 65.0 for android|,E5306 Build/27.3.A.0.165,,chrome 65.0 for android,,mobile
MacOS|Mac OS X 10_13_2|chrome 65.0|4096x2304,MacOS,Mac OS X 10_13_2,chrome 65.0,4096x2304,desktop
Windows|Windows 7|firefox 59.0|1440x900,Windows,Windows 7,firefox 59.0,1440x900,desktop
SM-A510M Build/MMB29K||chrome 65.0 for android|,SM-A510M Build/MMB29K,,chrome 65.0 for android,,mobile
LG-V522|Android 7.0|chrome 65.0 for android|1920x1200,LG-V522,Android 7.0,chrome 65.0 for android,1920x1200,mobile
Windows|Windows 7|firefox 59.0|1920x1200,Windows,Windows 7,firefox 59.0,1920x1200,desktop
||opera generic|,,,opera generic,,desktop
XT1650 Build/NCLS26.118-23-13-6-5|Android 7.1.1|chrome 65.0 for android|2560x1440,XT1650 Build/NCLS26.118-23-13-6-5,Android 7.1.1,chrome 65.0 for android,2560x1440,mobile
SM-N920V||chrome 65.0 for android|,SM-N920V,,chrome 65.0 for android,,mobile
MacOS|Mac OS X 10_12_4|chrome 65.0|1920x1080,MacOS,Mac OS X 10_12_4,chrome 65.0,1920x1080,desktop
LGMP260 Build/NRD90U|Android 7.0|chrome 65.0 for android|1280x720,LGMP260 Build/NRD90U,Android 7.0,chrome 65.0 for android,1280x720,mobile
Z557BL|Android 7.1.1|chrome 59.0 for android|855x480,Z557BL,Android 7.1.1,chrome 59.0 for android,855x480,mobile
MacOS|Mac OS X 10_9_5|safari generic|2048x1280,MacOS,Mac OS X 10_9_5,safari generic,2048x1280,desktop
MotoE2 Build/LPCS23.13-56-5||chrome 52.0 for android|,MotoE2 Build/LPCS23.13-56-5,,chrome 52.0 for android,,mobile
M4 SS4451 Build/LMY47D||android browser 4.0|,M4 SS4451 Build/LMY47D,,android browser 4.0,,mobile
SM-J500M Build/LMY48B||chrome 60.0 for android|,SM-J500M Build/LMY48B,,chrome 60.0 for android,,mobile
SAMSUNG SM-J710MN Build/MMB29K||samsung browser 6.4|,SAMSUNG SM-J710MN Build/MMB29K,,samsung browser 6.4,,mobile
SM-J120FN Build/LMY47X||chrome 64.0 for android|,SM-J120FN Build/LMY47X,,chrome 64.0 for android,,mobile
SM-G955U Build/R16NW|Android 8.0.0|chrome 65.0 for android|2220x1080,SM-G955U Build/R16NW,Android 8.0.0,chrome 65.0 for android,2220x1080,mobile
SAMSUNG SM-G920I Build/NRD90M||samsung browser 6.4|,SAMSUNG SM-G920I Build/NRD90M,,samsung browser 6.4,,mobile
HTC||chrome 65.0 for android|,HTC,,chrome 65.0 for android,,mobile
SAMSUNG SM-G950U Build/R16NW|Android 8.0.0|samsung browser 7.0|2220x1080,SAMSUNG SM-G950U Build/R16NW,Android 8.0.0,samsung browser 7.0,2220x1080,mobile
Windows|Windows 7|chrome 59.0|1024x768,Windows,Windows 7,chrome 59.0,1024x768,desktop
MacOS|Mac OS X 10_13_5|chrome 65.0|1440x900,MacOS,Mac OS X 10_13_5,chrome 65.0,1440x900,desktop
SM-T587P|Android 6.0.1|chrome 63.0 for android|1920x1200,SM-T587P,Android 6.0.1,chrome 63.0 for android,1920x1200,mobile
A577VL|Android 7.1.1|chrome 65.0 for android|1280x720,A577VL,Android 7.1.1,chrome 65.0 for android,1280x720,mobile
Windows|Windows 8|chrome 65.0|1680x1050,Windows,Windows 8,chrome 65.0,1680x1050,desktop
Hisense U963 Build/MRA58K||other|,Hisense U963 Build/MRA58K,,other,,mobile
SAMSUNG SM-J250M Build/NMF26X||samsung browser 6.4|,SAMSUNG SM-J250M Build/NMF26X,,samsung browser 6.4,,mobile
HUAWEI Build/MMB28B||chrome 65.0 for android|,HUAWEI Build/MMB28B,,chrome 65.0 for android,,mobile
SM-G531H Build/LMY48B||chrome 43.0 for android|,SM-G531H Build/LMY48B,,chrome 43.0 for android,,mobile
SM-G530H Build/KTU84P||chrome 65.0 for android|,SM-G530H Build/KTU84P,,chrome 65.0 for android,,mobile
Pixel 2 Build/OPM1.171019.021|Android 8.1.0|chrome 65.0 for android|1920x1081,Pixel 2 Build/OPM1.171019.021,Android 8.1.0,chrome 65.0 for android,1920x1081,mobile
SM-G920T Build/NRD90M||chrome 65.0 for android|,SM-G920T Build/NRD90M,,chrome 65.0 for android,,mobile
Z||chrome 43.0 for android|,Z,,chrome 43.0 for android,,mobile
HTC_One|||,HTC_One,,,,mobile
WAS-LX1 Build/HUAWEIWAS-LX1||chrome 65.0 for android|,WAS-LX1 Build/HUAWEIWAS-LX1,,chrome 65.0 for android,,mobile
MacOS|Mac OS X 10_13_4|chrome 65.0|2880x1800,MacOS,Mac OS X 10_13_4,chrome 65.0,2880x1800,desktop
MacOS|Mac OS X 10_13_2|chrome 65.0|2880x1800,MacOS,Mac OS X 10_13_2,chrome 65.0,2880x1800,desktop
SM-G360T1 Build/LMY47X||chrome 57.0 for android|,SM-G360T1 Build/LMY47X,,chrome 57.0 for android,,mobile
Redmi Note 4 Build/NRD90M||chrome 65.0 for android|,Redmi Note 4 Build/NRD90M,,chrome 65.0 for android,,mobile
Redmi Note 4 Build/NRD90M||opera|,Redmi Note 4 Build/NRD90M,,opera,,mobile
Pixel 2 XL Build/OPM2.171019.029|Android 8.1.0|chrome 65.0 for android|2880x1442,Pixel 2 XL Build/OPM2.171019.029,Android 8.1.0,chrome 65.0 for android,2880x1442,mobile
rv:59.0|Mac OS X 10.9|firefox 59.0|1280x800,rv:59.0,Mac OS X 10.9,firefox 59.0,1280x800,desktop
SGP511||chrome 65.0 for android|,SGP511,,chrome 65.0 for android,,mobile
Pixel|Android 7.1.2|chrome 65.0 for android|2560x1800,Pixel,Android 7.1.2,chrome 65.0 for android,2560x1800,mobile
F3111 Build/33.3.A.1.115||chrome 65.0 for android|,F3111 Build/33.3.A.1.115,,chrome 65.0 for android,,mobile
Windows|Windows 7|chrome 65.0|2560x1080,Windows,Windows 7,chrome 65.0,2560x1080,desktop
Windows|Windows 8|chrome 64.0|1366x768,Windows,Windows 8,chrome 64.0,1366x768,desktop
7055A Build/KVT49L||chrome 65.0 for android|,7055A Build/KVT49L,,chrome 65.0 for android,,mobile
SAMSUNG-SM-G920AZ|Android 6.0.1|chrome 55.0 for android|2560x1440,SAMSUNG-SM-G920AZ,Android 6.0.1,chrome 55.0 for android,2560x1440,mobile
SAMSUNG-SM-T377A Build/MMB29K||chrome 65.0 for android|,SAMSUNG-SM-T377A Build/MMB29K,,chrome 65.0 for android,,mobile
MacOS|Mac OS X 10_13_4|chrome 65.0|1152x720,MacOS,Mac OS X 10_13_4,chrome 65.0,1152x720,desktop
HUAWEI CUN-L03 Build/HUAWEICUN-L03||chrome 55.0 for android|,HUAWEI CUN-L03 Build/HUAWEICUN-L03,,chrome 55.0 for android,,mobile
MacOS|Mac OS X 10_9_5|safari generic|1152x648,MacOS,Mac OS X 10_9_5,safari generic,1152x648,desktop
Windows|Windows 10|edge 16.0|3841x2161,Windows,Windows 10,edge 16.0,3841x2161,desktop
SAMSUNG SM-G960U Build/R16NW|Android 8.0.0|other|2220x1080,SAMSUNG SM-G960U Build/R16NW,Android 8.0.0,other,2220x1080,mobile
HUAWEI VNS-L21 Build/HUAWEIVNS-L21||chrome 65.0 for android|,HUAWEI VNS-L21 Build/HUAWEIVNS-L21,,chrome 65.0 for android,,mobile
SAMSUNG|Android 6.0.1|samsung browser 6.4|1280x800,SAMSUNG,Android 6.0.1,samsung browser 6.4,1280x800,mobile
B1-750||chrome 65.0 for android|,B1-750,,chrome 65.0 for android,,mobile
G3123 Build/40.0.A.6.135||chrome 65.0 for android|,G3123 Build/40.0.A.6.135,,chrome 65.0 for android,,mobile
SM-A520W Build/NRD90M||chrome 65.0 for android|,SM-A520W Build/NRD90M,,chrome 65.0 for android,,mobile
S.N.O.W.4||ie 11.0 for desktop|,S.N.O.W.4,,ie 11.0 for desktop,,desktop
SAMSUNG-SM-G935A||chrome 65.0 for android|,SAMSUNG-SM-G935A,,chrome 65.0 for android,,mobile
E5506 Build/29.1.A.0.101||chrome 65.0 for android|,E5506 Build/29.1.A.0.101,,chrome 65.0 for android,,mobile
M4||other|,M4,,other,,mobile
MacOS|Mac OS X 10_10_5|chrome 64.0|1366x768,MacOS,Mac OS X 10_10_5,chrome 64.0,1366x768,desktop
MacOS|Mac OS X 10_12_1|chrome 63.0|1920x1080,MacOS,Mac OS X 10_12_1,chrome 63.0,1920x1080,desktop
Pixel Build/OPM2.171019.029|Android 8.1.0|chrome 65.0 for android|1921x1081,Pixel Build/OPM2.171019.029,Android 8.1.0,chrome 65.0 for android,1921x1081,mobile
MacOS|Mac|chrome 65.0|1920x1080,MacOS,Mac,chrome 65.0,1920x1080,desktop
FIG-LX3 Build/HUAWEIFIG-LX3||chrome 65.0 for android|,FIG-LX3 Build/HUAWEIFIG-LX3,,chrome 65.0 for android,,mobile
Moto E (4) Build/NDQS26.69-64-2||chrome generic|,Moto E (4) Build/NDQS26.69-64-2,,chrome generic,,desktop
MacOS|Mac OS X 10_13_4|safari generic|2880x1800,MacOS,Mac OS X 10_13_4,safari generic,2880x1800,desktop
Windows|Windows 10|edge 15.0|2560x1080,Windows,Windows 10,edge 15.0,2560x1080,desktop
Windows|Windows 7|chrome 65.0|1440x810,Windows,Windows 7,chrome 65.0,1440x810,desktop
SAMSUNG SM-G935P Build/NRD90M|Android 7.0|samsung browser 6.4|1921x1081,SAMSUNG SM-G935P Build/NRD90M,Android 7.0,samsung browser 6.4,1921x1081,mobile
D2306||chrome generic|,D2306,,chrome generic,,desktop
GT-S7580L Build/JDQ39||other|,GT-S7580L Build/JDQ39,,other,,mobile
E6833||chrome 65.0 for android|,E6833,,chrome 65.0 for android,,mobile
Moto Z2 Play Build/NPSS26.118-19-4||chrome 65.0 for android|,Moto Z2 Play Build/NPSS26.118-19-4,,chrome 65.0 for android,,mobile
MacOS|Mac OS X 10_12_4|chrome 65.0|2560x1600,MacOS,Mac OS X 10_12_4,chrome 65.0,2560x1600,desktop
LG-X230 Build/MRA58K||chrome 55.0 for android|,LG-X230 Build/MRA58K,,chrome 55.0 for android,,mobile
Dream||chrome 65.0 for android|,Dream,,chrome 65.0 for android,,mobile
LGMS428||chrome 65.0 for android|,LGMS428,,chrome 65.0 for android,,mobile
SM-A520W Build/NRD90M|Android 7.0|chrome 65.0 for android|1920x1080,SM-A520W Build/NRD90M,Android 7.0,chrome 65.0 for android,1920x1080,mobile
SM-T350 Build/MMB29M|Android 6.0.1|chrome 56.0 for android|1024x768,SM-T350 Build/MMB29M,Android 6.0.1,chrome 56.0 for android,1024x768,mobile
SM-G950W|Android 8.0.0|chrome 65.0 for android|2220x1081,SM-G950W,Android 8.0.0,chrome 65.0 for android,2220x1081,mobile
MacOS|Mac OS X 10_9_5|chrome 65.0|1440x900,MacOS,Mac OS X 10_9_5,chrome 65.0,1440x900,desktop
iOS Device|iOS 11.2.5|chrome 64.0 for ios|2224x1668,iOS Device,iOS 11.2.5,chrome 64.0 for ios,2224x1668,mobile
Redmi 3S Build/MMB29M||chrome 65.0 for android|,Redmi 3S Build/MMB29M,,chrome 65.0 for android,,mobile
E6553||chrome 65.0 for android|,E6553,,chrome 65.0 for android,,mobile
SM-J200H||chrome 64.0 for android|,SM-J200H,,chrome 64.0 for android,,mobile
GT-S7582L||chrome 64.0 for android|,GT-S7582L,,chrome 64.0 for android,,mobile
LG-H500 Build/LRX21Y||other|,LG-H500 Build/LRX21Y,,other,,mobile
HUAWEI VNS-L31 Build/HUAWEIVNS-L31||chrome 65.0 for android|,HUAWEI VNS-L31 Build/HUAWEIVNS-L31,,chrome 65.0 for android,,mobile
SAMSUNG SM-J710MN Build/NRD90M||samsung browser 6.4|,SAMSUNG SM-J710MN Build/NRD90M,,samsung browser 6.4,,mobile
5080A Build/MRA58K||chrome 60.0 for android|,5080A Build/MRA58K,,chrome 60.0 for android,,mobile
|Android|chrome 65.0|2560x1440,,Android,chrome 65.0,2560x1440,mobile
Trident/7.0|Windows 10|ie 11.0 for tablet|1919x1079,Trident/7.0,Windows 10,ie 11.0 for tablet,1919x1079,desktop
MacOS|Mac OS X 10_13_4|chrome 65.0|3600x2250,MacOS,Mac OS X 10_13_4,chrome 65.0,3600x2250,desktop
LG-M210 Build/NRD90U||chrome 65.0 for android|,LG-M210 Build/NRD90U,,chrome 65.0 for android,,mobile
SAMSUNG SM-G935A Build/NRD90M|Android 7.0|samsung browser 6.4|1920x1080,SAMSUNG SM-G935A Build/NRD90M,Android 7.0,samsung browser 6.4,1920x1080,mobile
GT-P5210 Build/JDQ39||chrome 65.0 for android|,GT-P5210 Build/JDQ39,,chrome 65.0 for android,,mobile
Trident/7.0|Windows 7|ie 11.0 for desktop|1919x1079,Trident/7.0,Windows 7,ie 11.0 for desktop,1919x1079,desktop
SM-G800M Build/KOT49H||chrome 65.0 for android|,SM-G800M Build/KOT49H,,chrome 65.0 for android,,mobile
rv:59.0|Mac OS X 10.10|firefox 59.0|2560x1440,rv:59.0,Mac OS X 10.10,firefox 59.0,2560x1440,desktop
Windows|Windows 7|chrome 57.0|1366x768,Windows,Windows 7,chrome 57.0,1366x768,desktop
G3223||chrome 65.0 for android|,G3223,,chrome 65.0 for android,,mobile
SM-J200M Build/LMY47X||chrome 55.0 for android|,SM-J200M Build/LMY47X,,chrome 55.0 for android,,mobile
rv:59.0|Windows 10|firefox|1360x768,rv:59.0,Windows 10,firefox,1360x768,desktop
SM-J120H Build/LMY47V||chrome 65.0 for android|,SM-J120H Build/LMY47V,,chrome 65.0 for android,,mobile
MacOS|Mac OS X 10_13_4|safari generic|2560x1440,MacOS,Mac OS X 10_13_4,safari generic,2560x1440,desktop
E6853 Build/32.4.A.1.54||chrome 65.0 for android|,E6853 Build/32.4.A.1.54,,chrome 65.0 for android,,mobile
moto x4 Build/OPW27.57-40||chrome 65.0 for android|,moto x4 Build/OPW27.57-40,,chrome 65.0 for android,,mobile
rv:59.0|Mac OS X 10.11|firefox 59.0|2560x1600,rv:59.0,Mac OS X 10.11,firefox 59.0,2560x1600,desktop
SAMSUNG SM-G920F Build/NRD90M|Android 7.0|samsung browser 6.4|2560x1440,SAMSUNG SM-G920F Build/NRD90M,Android 7.0,samsung browser 6.4,2560x1440,mobile
||firefox 55.0|,,,firefox 55.0,,desktop
XT1097|Android|chrome 65.0 for android|1920x1080,XT1097,Android,chrome 65.0 for android,1920x1080,mobile
Lenovo PB2-670Y Build/MRA58K||chrome 61.0 for android|,Lenovo PB2-670Y Build/MRA58K,,chrome 61.0 for android,,mobile
XT1635-01|Android 7.1.1|chrome 65.0 for android|1920x1080,XT1635-01,Android 7.1.1,chrome 65.0 for android,1920x1080,mobile
|Android|chrome 65.0|1280x800,,Android,chrome 65.0,1280x800,mobile
Windows|Windows 8.1|firefox 59.0|1680x1050,Windows,Windows 8.1,firefox 59.0,1680x1050,desktop
SM-N920G Build/NRD90M||chrome 65.0 for android|,SM-N920G Build/NRD90M,,chrome 65.0 for android,,mobile
SM-T113 Build/KTU84P||chrome 65.0 for android|,SM-T113 Build/KTU84P,,chrome 65.0 for android,,mobile
SM-A730F Build/NMF26X||chrome 61.0 for android|,SM-A730F Build/NMF26X,,chrome 61.0 for android,,mobile
GT-N5110 Build/JDQ39||chrome 65.0 for android|,GT-N5110 Build/JDQ39,,chrome 65.0 for android,,mobile
SM-G900M Build/MMB29M||chrome 65.0 for android|,SM-G900M Build/MMB29M,,chrome 65.0 for android,,mobile
SM-G720AX||chrome 65.0 for android|,SM-G720AX,,chrome 65.0 for android,,mobile
LG-P714||chrome 59.0 for android|,LG-P714,,chrome 59.0 for android,,mobile
SM-T230NU Build/KOT49H||chrome 65.0 for android|,SM-T230NU Build/KOT49H,,chrome 65.0 for android,,mobile
SM-G935P Build/NRD90M||chrome 65.0 for android|,SM-G935P Build/NRD90M,,chrome 65.0 for android,,mobile
MacOS|Mac|safari generic|1920x1200,MacOS,Mac,safari generic,1920x1200,desktop
SM-T377V Build/NMF26X||chrome 65.0 for android|,SM-T377V Build/NMF26X,,chrome 65.0 for android,,mobile
Redmi 5 Plus Build/N2G47H||chrome 65.0 for android|,Redmi 5 Plus Build/N2G47H,,chrome 65.0 for android,,mobile
MacOS|Mac OS X 10_13_2|chrome 65.0|2520x1575,MacOS,Mac OS X 10_13_2,chrome 65.0,2520x1575,desktop
Trident/7.0|Windows 10|ie 11.0 for desktop|1919x1080,Trident/7.0,Windows 10,ie 11.0 for desktop,1919x1080,desktop
SAMSUNG-SM-G930A Build/NRD90M||chrome 65.0 for android|,SAMSUNG-SM-G930A Build/NRD90M,,chrome 65.0 for android,,mobile
Lenovo YT3-850M Build/MMB29M||chrome 65.0 for android|,Lenovo YT3-850M Build/MMB29M,,chrome 65.0 for android,,mobile
|Linux|chrome 65.0|1280x720,,Linux,chrome 65.0,1280x720,desktop
Trident/7.0|Windows 7|ie 11.0 for desktop|1599x900,Trident/7.0,Windows 7,ie 11.0 for desktop,1599x900,desktop
ALE-L23 Build/HuaweiALE-L23||chrome 52.0 for android|,ALE-L23 Build/HuaweiALE-L23,,chrome 52.0 for android,,mobile
SAMSUNG SM-J530F Build/NRD90M||samsung browser 6.4|,SAMSUNG SM-J530F Build/NRD90M,,samsung browser 6.4,,mobile
SM-P605V|Android 5.1.1|chrome 65.0 for android|2560x1600,SM-P605V,Android 5.1.1,chrome 65.0 for android,2560x1600,mobile
Trident/7.0|Windows 10|ie 11.0 for desktop|1919x1079,Trident/7.0,Windows 10,ie 11.0 for desktop,1919x1079,desktop
SM-G928G Build/NRD90M|Android 7.0|chrome 65.0 for android|1920x1080,SM-G928G Build/NRD90M,Android 7.0,chrome 65.0 for android,1920x1080,mobile
ZA990||chrome 65.0 for android|,ZA990,,chrome 65.0 for android,,mobile
XT1063 Build/MPB24.65-34||chrome 65.0 for android|,XT1063 Build/MPB24.65-34,,chrome 65.0 for android,,mobile
Blade V580 Build/LMY47D||chrome 65.0 for android|,Blade V580 Build/LMY47D,,chrome 65.0 for android,,mobile
4009F||chrome 65.0 for android|,4009F,,chrome 65.0 for android,,mobile
SM-J727T Build/NRD90M|Android 7.0|chrome 65.0 for android|1280x720,SM-J727T Build/NRD90M,Android 7.0,chrome 65.0 for android,1280x720,mobile
MacOS|Mac OS X 10_13_4|safari generic|1152x720,MacOS,Mac OS X 10_13_4,safari generic,1152x720,desktop
Moto C Build/NRD90M.070||chrome 65.0 for android|,Moto C Build/NRD90M.070,,chrome 65.0 for android,,mobile
Z982 Build/NMF26V||chrome 65.0 for android|,Z982 Build/NMF26V,,chrome 65.0 for android,,mobile
C6603||chrome 65.0 for android|,C6603,,chrome 65.0 for android,,mobile
SM-N950F Build/NMF26X||chrome 62.0 for android|,SM-N950F Build/NMF26X,,chrome 62.0 for android,,mobile
LG-H990 Build/NRD90M||chrome 65.0 for android|,LG-H990 Build/NRD90M,,chrome 65.0 for android,,mobile
SM-G955U Build/R16NW||chrome 65.0 for android|,SM-G955U Build/R16NW,,chrome 65.0 for android,,mobile
SM-P355M Build/MMB29M||chrome 55.0 for android|,SM-P355M Build/MMB29M,,chrome 55.0 for android,,mobile
LG-D373 Build/KOT49I.V10a||chrome 65.0 for android|,LG-D373 Build/KOT49I.V10a,,chrome 65.0 for android,,mobile
rv:45.0|Linux|firefox|1920x1200,rv:45.0,Linux,firefox,1920x1200,desktop
rv:59.0|Mac OS X 10.13|firefox 59.0|5120x2880,rv:59.0,Mac OS X 10.13,firefox 59.0,5120x2880,desktop
SM-N950U Build/R16NW|Android 8.0.0|chrome 65.0 for android|2220x1080,SM-N950U Build/R16NW,Android 8.0.0,chrome 65.0 for android,2220x1080,mobile
Trident/7.0|Windows 8.1|ie 11.0 for desktop|1919x1080,Trident/7.0,Windows 8.1,ie 11.0 for desktop,1919x1080,desktop
Windows|Windows 10|chrome 65.0|2000x1125,Windows,Windows 10,chrome 65.0,2000x1125,desktop
E5506||chrome 65.0 for android|,E5506,,chrome 65.0 for android,,mobile
SM-T280 Build/LMY47V|Android 5.1.1|chrome 65.0 for android|1280x800,SM-T280 Build/LMY47V,Android 5.1.1,chrome 65.0 for android,1280x800,mobile
Lenovo PB1-750M Build/S100||chrome 65.0 for android|,Lenovo PB1-750M Build/S100,,chrome 65.0 for android,,mobile
E6683||chrome 65.0 for android|,E6683,,chrome 65.0 for android,,mobile
SM-T377V Build/NMF26X|Android 7.1.1|chrome 65.0 for android|1280x800,SM-T377V Build/NMF26X,Android 7.1.1,chrome 65.0 for android,1280x800,mobile
Windows|Windows 10|comodo|1920x1080,Windows,Windows 10,comodo,1920x1080,desktop
LG-H700 Build/NRD90U|Android 7.0|chrome 65.0 for android|1920x1080,LG-H700 Build/NRD90U,Android 7.0,chrome 65.0 for android,1920x1080,mobile
Windows|Windows 7|chrome|1600x1200,Windows,Windows 7,chrome,1600x1200,desktop
SM-G925R4||chrome 65.0 for android|,SM-G925R4,,chrome 65.0 for android,,mobile
5051A Build/MMB29M||chrome 65.0 for android|,5051A Build/MMB29M,,chrome 65.0 for android,,mobile
Windows|Windows 7|firefox 59.0|2560x1080,Windows,Windows 7,firefox 59.0,2560x1080,desktop
MacOS|Mac OS X 10_13_4|chrome 65.0|1280x800,MacOS,Mac OS X 10_13_4,chrome 65.0,1280x800,desktop
GT-I9195L||chrome 65.0 for android|,GT-I9195L,,chrome 65.0 for android,,mobile
MacOS|Mac OS X 10_13_1|chrome 65.0|1280x800,MacOS,Mac OS X 10_13_1,chrome 65.0,1280x800,desktop
MacOS|Mac OS X 10_13_4|safari generic|1280x800,MacOS,Mac OS X 10_13_4,safari generic,1280x800,desktop
SAMSUNG SM-G900F Build/MMB29M||samsung browser 4.0|,SAMSUNG SM-G900F Build/MMB29M,,samsung browser 4.0,,mobile
LG-X165g Build/LRX21M||chrome 65.0 for android|,LG-X165g Build/LRX21M,,chrome 65.0 for android,,mobile
BLA-L29 Build/HUAWEIBLA-L29||chrome 65.0 for android|,BLA-L29 Build/HUAWEIBLA-L29,,chrome 65.0 for android,,mobile
Lenovo YT3-850F Build/MMB29M||chrome 65.0 for android|,Lenovo YT3-850F Build/MMB29M,,chrome 65.0 for android,,mobile
SM-E500M Build/KTU84P||chrome 49.0 for android|,SM-E500M Build/KTU84P,,chrome 49.0 for android,,mobile
LG-K530 Build/NRD90U||chrome 65.0 for android|,LG-K530 Build/NRD90U,,chrome 65.0 for android,,mobile
Windows|Windows 7|chrome 65.0|2400x1350,Windows,Windows 7,chrome 65.0,2400x1350,desktop
Kylin||chrome 65.0 for android|,Kylin,,chrome 65.0 for android,,mobile
Windows|Windows 10|edge 15.0|1365x767,Windows,Windows 10,edge 15.0,1365x767,desktop
LG-X220 Build/LMY47I||chrome 65.0 for android|,LG-X220 Build/LMY47I,,chrome 65.0 for android,,mobile
P4526A Build/NRD90M||chrome 65.0 for android|,P4526A Build/NRD90M,,chrome 65.0 for android,,mobile
rv:52.0|Mac OS X 10.12|firefox 52.0|2560x1600,rv:52.0,Mac OS X 10.12,firefox 52.0,2560x1600,desktop
GT-I9515||chrome 65.0 for android|,GT-I9515,,chrome 65.0 for android,,mobile
SM-N950U Build/NMF26X|Android 7.1.1|android webview 4.0|2220x1081,SM-N950U Build/NMF26X,Android 7.1.1,android webview 4.0,2220x1081,mobile
Windows|Linux|chrome generic|1024x768,Windows,Linux,chrome generic,1024x768,desktop
P008 Build/NRD90M|Android 7.0|chrome 65.0 for android|2049x1536,P008 Build/NRD90M,Android 7.0,chrome 65.0 for android,2049x1536,mobile
SM-G901F||chrome 65.0 for android|,SM-G901F,,chrome 65.0 for android,,mobile
Windows|Windows 10|ie 11.0 for desktop|1600x900,Windows,Windows 10,ie 11.0 for desktop,1600x900,desktop
5015A Build/LMY47I||chrome 65.0 for android|,5015A Build/LMY47I,,chrome 65.0 for android,,mobile
WAS-LX2J||chrome 65.0 for android|,WAS-LX2J,,chrome 65.0 for android,,mobile
SM-P355M Build/MMB29M||chrome 60.0 for android|,SM-P355M Build/MMB29M,,chrome 60.0 for android,,mobile
rv:50.0|Mac OS X 10.10|firefox|1440x900,rv:50.0,Mac OS X 10.10,firefox,1440x900,desktop
MotoE2 Build/LPCS23.13-56-5||chrome 62.0 for android|,MotoE2 Build/LPCS23.13-56-5,,chrome 62.0 for android,,mobile
Nexus 5 Build/M4B30Z||chrome 65.0 for android|,Nexus 5 Build/M4B30Z,,chrome 65.0 for android,,mobile
Windows|Windows 10|chrome 65.0|1728x972,Windows,Windows 10,chrome 65.0,1728x972,desktop
SM-N950U Build/NMF26X|Android 7.1.1|chrome 63.0 for android|2220x1081,SM-N950U Build/NMF26X,Android 7.1.1,chrome 63.0 for android,2220x1081,mobile
SM-J700T Build/NMF26X||chrome 65.0 for android|,SM-J700T Build/NMF26X,,chrome 65.0 for android,,mobile
XT1585 Build/NCK25.118-10.5||chrome 65.0 for android|2560x1440,XT1585 Build/NCK25.118-10.5,,chrome 65.0 for android,2560x1440,mobile
Windows|Windows 7|chrome 65.0|1152x864,Windows,Windows 7,chrome 65.0,1152x864,desktop
Windows|Windows 10|edge 16.0|3839x2160,Windows,Windows 10,edge 16.0,3839x2160,desktop
LG-H932|Android 7.1.2|chrome 65.0 for android|2880x1440,LG-H932,Android 7.1.2,chrome 65.0 for android,2880x1440,mobile
AM508||android webview 4.0|,AM508,,android webview 4.0,,mobile
SM-G920T Build/NRD90M|Android 7.0|chrome 65.0 for android|2562x1442,SM-G920T Build/NRD90M,Android 7.0,chrome 65.0 for android,2562x1442,mobile
LGMS395|Android 4.4.2|chrome 65.0 for android|801x480,LGMS395,Android 4.4.2,chrome 65.0 for android,801x480,mobile
BLADE V8 Build/NRD90M||chrome 65.0 for android|,BLADE V8 Build/NRD90M,,chrome 65.0 for android,,mobile
SM-G900H Build/MMB29K||chrome 65.0 for android|,SM-G900H Build/MMB29K,,chrome 65.0 for android,,mobile
Blade L5 Build/LMY47I||chrome 65.0 for android|,Blade L5 Build/LMY47I,,chrome 65.0 for android,,mobile
|Linux|samsung browser 6.4|2560x1440,,Linux,samsung browser 6.4,2560x1440,mobile
SAMSUNG SM-A320FL Build/NRD90M||samsung browser 6.4|,SAMSUNG SM-A320FL Build/NRD90M,,samsung browser 6.4,,mobile
SM-J320V Build/MMB29M||chrome 65.0 for android|,SM-J320V Build/MMB29M,,chrome 65.0 for android,,mobile
AX1070||chrome 62.0 for android|,AX1070,,chrome 62.0 for android,,mobile
SM-G965F Build/R16NW||chrome 65.0 for android|,SM-G965F Build/R16NW,,chrome 65.0 for android,,mobile
rv:59.0|Mac OS X 10.11|firefox 59.0|1680x1050,rv:59.0,Mac OS X 10.11,firefox 59.0,1680x1050,desktop
MacOS|Mac OS X 10_13_4|safari generic|6016x3384,MacOS,Mac OS X 10_13_4,safari generic,6016x3384,desktop
SM-J500M Build/MMB29M||chrome 59.0 for android|,SM-J500M Build/MMB29M,,chrome 59.0 for android,,mobile
DASH||chrome 65.0 for android|,DASH,,chrome 65.0 for android,,mobile
Windows|Windows 10|chrome generic|3000x2000,Windows,Windows 10,chrome generic,3000x2000,desktop
SM-G9650 Build/R16NW||chrome 65.0 for android|,SM-G9650 Build/R16NW,,chrome 65.0 for android,,mobile
A463BG|Android 4.4.2|chrome 56.0 for android|480x320,A463BG,Android 4.4.2,chrome 56.0 for android,480x320,mobile
Windows|Windows 10|opera generic|1366x768,Windows,Windows 10,opera generic,1366x768,desktop
rv:59.0|Mac OS X 10.12|firefox 59.0|2560x1440,rv:59.0,Mac OS X 10.12,firefox 59.0,2560x1440,desktop
MacOS|Mac OS X 10_12_6|chrome 65.0|5120x2880,MacOS,Mac OS X 10_12_6,chrome 65.0,5120x2880,desktop
Windows|Windows 8.1|chrome 65.0|1680x1050,Windows,Windows 8.1,chrome 65.0,1680x1050,desktop
Linux x86_64|Linux|firefox 59.0|1888x941,Linux x86_64,Linux,firefox 59.0,1888x941,desktop
9008A Build/NRD90M||chrome 65.0 for android|,9008A Build/NRD90M,,chrome 65.0 for android,,mobile
MacOS|Mac OS X 10_10_5|chrome 65.0|1680x1050,MacOS,Mac OS X 10_10_5,chrome 65.0,1680x1050,desktop
Windows|Windows 7|chrome 65.0|1921x1080,Windows,Windows 7,chrome 65.0,1921x1080,desktop
Windows|Windows 10|chrome 65.0|3001x2000,Windows,Windows 10,chrome 65.0,3001x2000,desktop
Windows|Windows 8.1|firefox 59.0|1280x1024,Windows,Windows 8.1,firefox 59.0,1280x1024,desktop
SAMSUNG SM-G920A Build/NRD90M|Android 7.0|samsung browser 6.4|2560x1440,SAMSUNG SM-G920A Build/NRD90M,Android 7.0,samsung browser 6.4,2560x1440,mobile
SM-G955U Build/NRD90M|Android 7.0|chrome 65.0 for android|2220x1080,SM-G955U Build/NRD90M,Android 7.0,chrome 65.0 for android,2220x1080,mobile
HTC Desire 526G Build/KOT49H||chrome 65.0 for android|,HTC Desire 526G Build/KOT49H,,chrome 65.0 for android,,mobile
5085B Build/MRA58K||chrome 65.0 for android|,5085B Build/MRA58K,,chrome 65.0 for android,,mobile
SM-J110M Build/LMY48B||chrome 65.0 for android|,SM-J110M Build/LMY48B,,chrome 65.0 for android,,mobile
SM-G930P||chrome 65.0 for android|,SM-G930P,,chrome 65.0 for android,,mobile
iOS Device|iOS 11.2.6|mobile safari uiwebview|2436x1125,iOS Device,iOS 11.2.6,mobile safari uiwebview,2436x1125,mobile
Windows|Windows 10|edge 14.0|1365x768,Windows,Windows 10,edge 14.0,1365x768,desktop
SAMSUNG-SM-G925A Build/MMB29K||chrome 65.0 for android|,SAMSUNG-SM-G925A Build/MMB29K,,chrome 65.0 for android,,mobile
KFGIWI Build/LVY48F|Android 5.1.1|chrome generic|1280x800,KFGIWI Build/LVY48F,Android 5.1.1,chrome generic,1280x800,mobile
Ilium LT510 Build/MRA58K||chrome 65.0 for android|,Ilium LT510 Build/MRA58K,,chrome 65.0 for android,,mobile
rv:59.0|Mac OS X 10.13|firefox 59.0|1440x900,rv:59.0,Mac OS X 10.13,firefox 59.0,1440x900,desktop
KFFOWI Build/LVY48F||chrome generic|,KFFOWI Build/LVY48F,,chrome generic,,desktop
SM-P355M||chrome 60.0 for android|,SM-P355M,,chrome 60.0 for android,,mobile
SM-G965U Build/R16NW|Android 8.0.0|chrome generic for android|2961x1442,SM-G965U Build/R16NW,Android 8.0.0,chrome generic for android,2961x1442,mobile
MotoG3 Build/MPI24.65-25||chrome 52.0 for android|,MotoG3 Build/MPI24.65-25,,chrome 52.0 for android,,mobile
SM-G900T Build/MMB29M|Android 6.0.1|chrome 65.0 for android|1920x1080,SM-G900T Build/MMB29M,Android 6.0.1,chrome 65.0 for android,1920x1080,mobile
SAMSUNG SM-G928G Build/NRD90M||samsung browser 6.4|,SAMSUNG SM-G928G Build/NRD90M,,samsung browser 6.4,,mobile
BLU|Android 6.0|chrome 65.0 for android|1280x720,BLU,Android 6.0,chrome 65.0 for android,1280x720,mobile
SAMSUNG SM-G935W8 Build/NRD90M||samsung browser 6.4|,SAMSUNG SM-G935W8 Build/NRD90M,,samsung browser 6.4,,mobile
HTC One mini Build/KOT49H||chrome 65.0 for android|,HTC One mini Build/KOT49H,,chrome 65.0 for android,,mobile
SM-J500H||chrome 63.0 for android|,SM-J500H,,chrome 63.0 for android,,mobile
G3223 Build/42.0.A.4.167||chrome 65.0 for android|,G3223 Build/42.0.A.4.167,,chrome 65.0 for android,,mobile
LGMS631 Build/MRA58K||other|,LGMS631 Build/MRA58K,,other,,mobile
F3313 Build/37.0.A.2.248||chrome 56.0 for android|,F3313 Build/37.0.A.2.248,,chrome 56.0 for android,,mobile
ALP-L09 Build/HUAWEIALP-L09S||samsung browser 6.4|,ALP-L09 Build/HUAWEIALP-L09S,,samsung browser 6.4,,mobile
Windows|Windows 7||1919x1080,Windows,Windows 7,,1919x1080,desktop
|Android|chrome 65.0|801x480,,Android,chrome 65.0,801x480,mobile
Windows|Windows 7|opera generic|1364x768,Windows,Windows 7,opera generic,1364x768,desktop
Trident/7.0|Windows 7|ie 11.0 for desktop|1365x768,Trident/7.0,Windows 7,ie 11.0 for desktop,1365x768,desktop
Windows|Windows 10|chrome 65.0|3440x1440,Windows,Windows 10,chrome 65.0,3440x1440,desktop
SAMSUNG SM-J327A Build/NRD90M||samsung browser 6.4|,SAMSUNG SM-J327A Build/NRD90M,,samsung browser 6.4,,mobile
rv:59.0|Mac OS X 10.9|firefox 59.0|2560x1440,rv:59.0,Mac OS X 10.9,firefox 59.0,2560x1440,desktop
Grand||chrome 59.0 for android|,Grand,,chrome 59.0 for android,,mobile
Windows|Windows 7|firefox 59.0|1280x1023,Windows,Windows 7,firefox 59.0,1280x1023,desktop
Trident/7.0|Windows 10|ie 11.0 for tablet|1365x768,Trident/7.0,Windows 10,ie 11.0 for tablet,1365x768,desktop
Windows|Windows 10||1365x768,Windows,Windows 10,,1365x768,desktop
G3313 Build/43.0.A.7.25||chrome 65.0 for android|,G3313 Build/43.0.A.7.25,,chrome 65.0 for android,,mobile
rv:61.0||Generic/Android|,rv:61.0,,Generic/Android,,mobile
MacOS|Mac OS X 10_12_6|chrome 65.0|2400x1350,MacOS,Mac OS X 10_12_6,chrome 65.0,2400x1350,desktop
SM-J510MN Build/NMF26X||chrome 65.0 for android|,SM-J510MN Build/NMF26X,,chrome 65.0 for android,,mobile
rv:33.0||firefox|,rv:33.0,,firefox,,desktop
VS986 Build/MRA58K|Android 6.0|chrome 65.0 for android|2560x1440,VS986 Build/MRA58K,Android 6.0,chrome 65.0 for android,2560x1440,mobile
Moto G Play Build/NPIS26.48-36-5||chrome 65.0 for android|,Moto G Play Build/NPIS26.48-36-5,,chrome 65.0 for android,,mobile
ASUS_X00ID|Android 7.1.1|chrome 65.0 for android|1280x720,ASUS_X00ID,Android 7.1.1,chrome 65.0 for android,1280x720,mobile
G3223||chrome 56.0 for android|,G3223,,chrome 56.0 for android,,mobile
HTC One M9 Build/NRD90M|Android 7.0|chrome 65.0 for android|1920x1080,HTC One M9 Build/NRD90M,Android 7.0,chrome 65.0 for android,1920x1080,mobile
SM-G361F||chrome 63.0 for android|,SM-G361F,,chrome 63.0 for android,,mobile
MacOS|Mac OS X 10_13_2|chrome 65.0|2560x1600,MacOS,Mac OS X 10_13_2,chrome 65.0,2560x1600,desktop
SP7731G||other|,SP7731G,,other,,mobile
SM-T817V Build/NRD90M|Android 7.0|chrome 65.0 for android|2048x1536,SM-T817V Build/NRD90M,Android 7.0,chrome 65.0 for android,2048x1536,mobile
SM-T700 Build/MMB29K||chrome 65.0 for android|,SM-T700 Build/MMB29K,,chrome 65.0 for android,,mobile
|Linux|chrome 65.0|2400x1600,,Linux,chrome 65.0,2400x1600,desktop
|Linux|chrome 65.0|1536x864,,Linux,chrome 65.0,1536x864,desktop
GT-I8190N||chrome 65.0 for android|,GT-I8190N,,chrome 65.0 for android,,mobile
Windows|Windows 10|chrome 65.0|1511x944,Windows,Windows 10,chrome 65.0,1511x944,desktop
STF-L09 Build/HUAWEISTF-L09||chrome 65.0 for android|,STF-L09 Build/HUAWEISTF-L09,,chrome 65.0 for android,,mobile
SM-G930VL Build/NRD90M||chrome 58.0 for android|,SM-G930VL Build/NRD90M,,chrome 58.0 for android,,mobile
Trident/7.0|Windows 10|ie 11.0 for desktop|1599x900,Trident/7.0,Windows 10,ie 11.0 for desktop,1599x900,desktop
F80'S+||android webview 4.0|,F80'S+,,android webview 4.0,,mobile
SAMSUNG SM-T580 Build/NRD90M|Android 7.0|samsung browser 6.4|1920x1200,SAMSUNG SM-T580 Build/NRD90M,Android 7.0,samsung browser 6.4,1920x1200,mobile
SM-G930W8 Build/NRD90M||chrome 65.0 for android|,SM-G930W8 Build/NRD90M,,chrome 65.0 for android,,mobile
Windows|Windows 10|chrome generic|3440x1440,Windows,Windows 10,chrome generic,3440x1440,desktop
STK_Sync_5e||chrome 65.0 for android|,STK_Sync_5e,,chrome 65.0 for android,,mobile
ONE A2003 Build/MMB29M||chrome 65.0 for android|,ONE A2003 Build/MMB29M,,chrome 65.0 for android,,mobile
rv:45.0|Linux|firefox|1920x1080,rv:45.0,Linux,firefox,1920x1080,desktop
SM-G955U Build/NRD90M|Android 7.0|android webview 4.0|2220x1080,SM-G955U Build/NRD90M,Android 7.0,android webview 4.0,2220x1080,mobile
EGO||chrome 65.0 for android|,EGO,,chrome 65.0 for android,,mobile
SM-G950F Build/NRD90M||android webview 4.0|,SM-G950F Build/NRD90M,,android webview 4.0,,mobile
MacOS|Mac OS X 10_10_5|chrome 65.0|2560x1440,MacOS,Mac OS X 10_10_5,chrome 65.0,2560x1440,desktop
SM-G928G Build/NRD90M||chrome 61.0 for android|,SM-G928G Build/NRD90M,,chrome 61.0 for android,,mobile
rv:38.0|Mac|firefox|1280x800,rv:38.0,Mac,firefox,1280x800,desktop
SM-N920P Build/NRD90M|Android 7.0|chrome 65.0 for android|1921x1081,SM-N920P Build/NRD90M,Android 7.0,chrome 65.0 for android,1921x1081,mobile
rv:56.0|Mac OS X 10.13|firefox 56.0|4096x2304,rv:56.0,Mac OS X 10.13,firefox 56.0,4096x2304,desktop
Windows||firefox 47.0|,Windows,,firefox 47.0,,desktop
6055B||chrome 65.0 for android|,6055B,,chrome 65.0 for android,,mobile
Redmi Note 5A Build/N2G47H||chrome 65.0 for android|,Redmi Note 5A Build/N2G47H,,chrome 65.0 for android,,mobile
47418||chrome 65.0 for android|,47418,,chrome 65.0 for android,,mobile
SMART||chrome 55.0 for android|,SMART,,chrome 55.0 for android,,mobile
Aquaris_A4.5||chrome 65.0 for android|,Aquaris_A4.5,,chrome 65.0 for android,,mobile
Alumini3 Build/MRA58K||chrome 51.0 for android|,Alumini3 Build/MRA58K,,chrome 51.0 for android,,mobile
SAMSUNG SM-G930P Build/NRD90M|Android 7.0|samsung browser 6.4|1920x1080,SAMSUNG SM-G930P Build/NRD90M,Android 7.0,samsung browser 6.4,1920x1080,mobile
rv:59.0|Mac OS X 10.12|firefox 59.0|2880x1800,rv:59.0,Mac OS X 10.12,firefox 59.0,2880x1800,desktop
MacOS|Mac OS X 10_13_4|chrome 65.0|3840x2160,MacOS,Mac OS X 10_13_4,chrome 65.0,3840x2160,desktop
TA-1038 Build/O00623||chrome 65.0 for android|,TA-1038 Build/O00623,,chrome 65.0 for android,,mobile
Windows|Windows 10|edge 16.0|2160x1439,Windows,Windows 10,edge 16.0,2160x1439,desktop
SAMSUNG-SM-N920A Build/NRD90M|Android 7.0|chrome 65.0 for android|1921x1081,SAMSUNG-SM-N920A Build/NRD90M,Android 7.0,chrome 65.0 for android,1921x1081,mobile
F8331||chrome 65.0 for android|,F8331,,chrome 65.0 for android,,mobile
MacOS|Mac OS X 10_13_4|chrome 65.0|3360x2100,MacOS,Mac OS X 10_13_4,chrome 65.0,3360x2100,desktop
Windows|Windows 7|firefox 59.0|1366x767,Windows,Windows 7,firefox 59.0,1366x767,desktop
MacOS|Mac OS X 10_13_4|chrome 65.0|3360x1890,MacOS,Mac OS X 10_13_4,chrome 65.0,3360x1890,desktop
Windows|Windows 10|chrome 65.0|1707x960,Windows,Windows 10,chrome 65.0,1707x960,desktop
D5316 Build/19.4.A.0.182||chrome 65.0 for android|,D5316 Build/19.4.A.0.182,,chrome 65.0 for android,,mobile
Windows|Windows 10|edge 16.0|1024x767,Windows,Windows 10,edge 16.0,1024x767,desktop
SAMSUNG-SM-J727AZ|Android 7.0|chrome 65.0 for android|1280x720,SAMSUNG-SM-J727AZ,Android 7.0,chrome 65.0 for android,1280x720,mobile
SAMSUNG SM-G935A Build/NRD90M|Android 7.0|samsung browser 6.4|1280x720,SAMSUNG SM-G935A Build/NRD90M,Android 7.0,samsung browser 6.4,1280x720,mobile
A574BL Build/NMF26F|Android 7.1.1|chrome 55.0 for android|855x480,A574BL Build/NMF26F,Android 7.1.1,chrome 55.0 for android,855x480,mobile
Windows|Windows 10|edge 16.0|3199x1800,Windows,Windows 10,edge 16.0,3199x1800,desktop
Windows|Windows 10|chrome 65.0|1280x800,Windows,Windows 10,chrome 65.0,1280x800,desktop
5085B Build/MRA58K||chrome 55.0 for android|,5085B Build/MRA58K,,chrome 55.0 for android,,mobile
Lenovo TB3-710I Build/LMY47I||chrome 65.0 for android|,Lenovo TB3-710I Build/LMY47I,,chrome 65.0 for android,,mobile
HTC_One_M8/4.28.502.2|||,HTC_One_M8/4.28.502.2,,,,mobile
SM-P355M Build/MMB29M||chrome 65.0 for android|,SM-P355M Build/MMB29M,,chrome 65.0 for android,,mobile
ASUS_X00ID||chrome 65.0 for android|,ASUS_X00ID,,chrome 65.0 for android,,mobile
VTR-L29||chrome 55.0 for android|,VTR-L29,,chrome 55.0 for android,,mobile
CHC-U03 Build/HuaweiCHC-U03||chrome 58.0 for android|,CHC-U03 Build/HuaweiCHC-U03,,chrome 58.0 for android,,mobile
iOS Device|iOS 10.3.3|chrome 65.0 for ios|2048x1536,iOS Device,iOS 10.3.3,chrome 65.0 for ios,2048x1536,mobile
rv:11.0|Windows 7|ie 11.0 for desktop|1680x1049,rv:11.0,Windows 7,ie 11.0 for desktop,1680x1049,desktop
Windows|Windows 10|chrome 65.0|2737x1825,Windows,Windows 10,chrome 65.0,2737x1825,desktop
SM-G935F Build/NRD90M|Android 7.0|chrome 65.0 for android|1920x1080,SM-G935F Build/NRD90M,Android 7.0,chrome 65.0 for android,1920x1080,mobile
8080 Build/LRX21M||chrome 65.0 for android|,8080 Build/LRX21M,,chrome 65.0 for android,,mobile
SM-G955F Build/R16NW||chrome generic for android|,SM-G955F Build/R16NW,,chrome generic for android,,mobile
|Linux|chrome generic|1366x768,,Linux,chrome generic,1366x768,desktop
Windows|Windows 10|edge 16.0|2736x1823,Windows,Windows 10,edge 16.0,2736x1823,desktop
Trident/7.0|Windows 10|ie 11.0 for desktop|1920x1079,Trident/7.0,Windows 10,ie 11.0 for desktop,1920x1079,desktop
SM-J700T1 Build/NMF26X|Android 7.1.1|chrome generic for android|1280x720,SM-J700T1 Build/NMF26X,Android 7.1.1,chrome generic for android,1280x720,mobile
SM-G900F Build/MMB29M||chrome generic for android|,SM-G900F Build/MMB29M,,chrome generic for android,,mobile
Redmi 4A Build/MMB29M||chrome 65.0 for android|,Redmi 4A Build/MMB29M,,chrome 65.0 for android,,mobile
SM-G925T Build/NRD90M|Android 7.0|chrome 65.0 for android|2560x1440,SM-G925T Build/NRD90M,Android 7.0,chrome 65.0 for android,2560x1440,mobile
SM-G950U Build/R16NW|Android 8.0.0|chrome 65.0 for android|2960x1440,SM-G950U Build/R16NW,Android 8.0.0,chrome 65.0 for android,2960x1440,mobile
Trident/7.0|Windows 10|ie 11.0 for desktop|1599x899,Trident/7.0,Windows 10,ie 11.0 for desktop,1599x899,desktop
Windows|Windows 10|chrome generic|1440x900,Windows,Windows 10,chrome generic,1440x900,desktop
VTR-L09 Build/HUAWEIVTR-L09||chrome 65.0 for android|,VTR-L09 Build/HUAWEIVTR-L09,,chrome 65.0 for android,,mobile
MacOS|Mac OS X 10_13_4|chrome 65.0|5120x2880,MacOS,Mac OS X 10_13_4,chrome 65.0,5120x2880,desktop
BND-L34||chrome generic for android|,BND-L34,,chrome generic for android,,mobile
LG-H872 Build/NRD90U|Android 7.0|chrome 65.0 for android|2672x1440,LG-H872 Build/NRD90U,Android 7.0,chrome 65.0 for android,2672x1440,mobile
LG-M200 Build/NRD90U||chrome 64.0 for android|,LG-M200 Build/NRD90U,,chrome 64.0 for android,,mobile
Hisense E51 Build/LMY47V||chrome 43.0 for android|,Hisense E51 Build/LMY47V,,chrome 43.0 for android,,mobile
ALP-L09 Build/HUAWEIALP-L09||chrome 62.0 for android|,ALP-L09 Build/HUAWEIALP-L09,,chrome 62.0 for android,,mobile
Moto G (5) Plus Build/NPNS25.137-92-8||chrome generic|,Moto G (5) Plus Build/NPNS25.137-92-8,,chrome generic,,desktop
rv:59.0|Mac OS X 10.10|firefox 59.0|2880x1800,rv:59.0,Mac OS X 10.10,firefox 59.0,2880x1800,desktop
MacOS|Mac OS X 10_12_2|chrome 65.0|1920x1080,MacOS,Mac OS X 10_12_2,chrome 65.0,1920x1080,desktop
Redmi 4A Build/MMB29M||chrome generic for android|,Redmi 4A Build/MMB29M,,chrome generic for android,,mobile
Windows|Windows 10|edge 15.0|1919x1080,Windows,Windows 10,edge 15.0,1919x1080,desktop
LG-LS993 Build/NRD90U||chrome generic for android|,LG-LS993 Build/NRD90U,,chrome generic for android,,mobile
Trident/7.0|Windows 10|ie 11.0 for tablet|1366x767,Trident/7.0,Windows 10,ie 11.0 for tablet,1366x767,desktop
SM-J700T1||chrome 65.0 for android|,SM-J700T1,,chrome 65.0 for android,,mobile
Windows|Windows 7|chrome 65.0|1916x901,Windows,Windows 7,chrome 65.0,1916x901,desktop
MacOS|Mac OS X 10_13_4|chrome 65.0|2048x1152,MacOS,Mac OS X 10_13_4,chrome 65.0,2048x1152,desktop
Windows|Windows 8.1|firefox 59.0|1440x900,Windows,Windows 8.1,firefox 59.0,1440x900,desktop
|Android|chrome 65.0|1281x721,,Android,chrome 65.0,1281x721,mobile
7048A Build/LRX22G||chrome 57.0 for android|,7048A Build/LRX22G,,chrome 57.0 for android,,mobile
SM-N910T Build/LMY47X||chrome 65.0 for android|,SM-N910T Build/LMY47X,,chrome 65.0 for android,,mobile
SM-N950U1 Build/R16NW|Android 8.0.0|chrome 65.0 for android|2220x1081,SM-N950U1 Build/R16NW,Android 8.0.0,chrome 65.0 for android,2220x1081,mobile
Windows|Windows 10|chrome generic|2160x1440,Windows,Windows 10,chrome generic,2160x1440,desktop
LG-LG870||chrome 64.0 for android|,LG-LG870,,chrome 64.0 for android,,mobile
Moto C Build/NRD90M.063||chrome generic for android|,Moto C Build/NRD90M.063,,chrome generic for android,,mobile
Alcatel|Android 7.0|chrome 65.0 for android|1280x720,Alcatel,Android 7.0,chrome 65.0 for android,1280x720,mobile
SM-G530H Build/LRX22G||chrome 65.0 for android|,SM-G530H Build/LRX22G,,chrome 65.0 for android,,mobile
SM-P600 Build/LMY47X||chrome 64.0 for android|,SM-P600 Build/LMY47X,,chrome 64.0 for android,,mobile
rv:59.0|Mac OS X 10.11|firefox 59.0|1600x900,rv:59.0,Mac OS X 10.11,firefox 59.0,1600x900,desktop
SAMSUNG SM-N950U1 Build/R16NW|Android 8.0.0|samsung browser 7.0|2220x1081,SAMSUNG SM-N950U1 Build/R16NW,Android 8.0.0,samsung browser 7.0,2220x1081,mobile
BV8000Pro||chrome 65.0 for android|,BV8000Pro,,chrome 65.0 for android,,mobile
M4 SS4457 Build/MRA58K||chrome 65.0 for android|,M4 SS4457 Build/MRA58K,,chrome 65.0 for android,,mobile
MYA-L03 Build/HUAWEIMYA-L03||chrome generic for android|,MYA-L03 Build/HUAWEIMYA-L03,,chrome generic for android,,mobile
BLADE A602 Build/MRA58K||chrome 53.0 for android|,BLADE A602 Build/MRA58K,,chrome 53.0 for android,,mobile
T08|Android 6.0|chrome 65.0 for android|1280x720,T08,Android 6.0,chrome 65.0 for android,1280x720,mobile
Windows|Windows 8.1|chrome 65.0|1280x768,Windows,Windows 8.1,chrome 65.0,1280x768,desktop
Windows|Windows 8.1|chrome 60.0|1600x900,Windows,Windows 8.1,chrome 60.0,1600x900,desktop
XT1032 Build/LPBS23.13-56-2||chrome 59.0 for android|,XT1032 Build/LPBS23.13-56-2,,chrome 59.0 for android,,mobile
rv:58.0|Windows 8.1|firefox 58.0|1600x900,rv:58.0,Windows 8.1,firefox 58.0,1600x900,desktop
SAMSUNG-SM-G925A Build/MMB29K|Android 6.0.1|chrome 65.0 for android|2560x1440,SAMSUNG-SM-G925A Build/MMB29K,Android 6.0.1,chrome 65.0 for android,2560x1440,mobile
Moto G Play Build/NPIS26.48-36-5||chrome generic for android|,Moto G Play Build/NPIS26.48-36-5,,chrome generic for android,,mobile
C6906 Build/14.6.A.1.236||chrome 62.0 for android|,C6906 Build/14.6.A.1.236,,chrome 62.0 for android,,mobile
SM-G960F Build/R16NW||chrome 65.0 for android|,SM-G960F Build/R16NW,,chrome 65.0 for android,,mobile
SM-A500M Build/LRX22G||chrome 65.0 for android|,SM-A500M Build/LRX22G,,chrome 65.0 for android,,mobile
MacOS|Mac OS X 10_13_4|chrome generic|2880x1800,MacOS,Mac OS X 10_13_4,chrome generic,2880x1800,desktop
SAMSUNG SM-G9650 Build/R16NW||samsung browser 7.0|,SAMSUNG SM-G9650 Build/R16NW,,samsung browser 7.0,,mobile
SM-N950U Build/R16NW|Android 8.0.0|chrome 65.0 for android|2961x1442,SM-N950U Build/R16NW,Android 8.0.0,chrome 65.0 for android,2961x1442,mobile
LG-K428 Build/MMB29M|Android 6.0.1|chrome 65.0 for android|1280x720,LG-K428 Build/MMB29M,Android 6.0.1,chrome 65.0 for android,1280x720,mobile
MacOS|Mac OS X 10_10_5|chrome 65.0|1366x768,MacOS,Mac OS X 10_10_5,chrome 65.0,1366x768,desktop
BLU||opera|,BLU,,opera,,mobile
E5506 Build/29.2.A.0.166||chrome generic for android|,E5506 Build/29.2.A.0.166,,chrome generic for android,,mobile
MacOS|Mac OS X 10_13_4|chrome 65.0|1366x768,MacOS,Mac OS X 10_13_4,chrome 65.0,1366x768,desktop
Windows|Windows 7|opera generic|3840x2160,Windows,Windows 7,opera generic,3840x2160,desktop
MacOS|Mac OS X 10_12_6|chrome 65.0|1680x1050,MacOS,Mac OS X 10_12_6,chrome 65.0,1680x1050,desktop
SM-J120M||chrome 64.0 for android|,SM-J120M,,chrome 64.0 for android,,mobile
F3311||chrome generic for android|,F3311,,chrome generic for android,,mobile
Trident/7.0|Windows 7|ie 11.0 for desktop|1279x1023,Trident/7.0,Windows 7,ie 11.0 for desktop,1279x1023,desktop
SM-N910T Build/LMY47X||chrome generic|,SM-N910T Build/LMY47X,,chrome generic,,desktop
SAMSUNG SM-A320Y Build/NRD90M||samsung browser 6.4|,SAMSUNG SM-A320Y Build/NRD90M,,samsung browser 6.4,,mobile
MacOS|Mac OS X 10_13_5|safari generic|2560x1440,MacOS,Mac OS X 10_13_5,safari generic,2560x1440,desktop
Windows|Windows 10|firefox 59.0|3840x2160,Windows,Windows 10,firefox 59.0,3840x2160,desktop
Windows|Windows 10|edge 15.0|1365x768,Windows,Windows 10,edge 15.0,1365x768,desktop
MacOS|Mac OS X 10_13_1|chrome 65.0|1366x768,MacOS,Mac OS X 10_13_1,chrome 65.0,1366x768,desktop
SAMSUNG SM-G892A Build/R16NW|Android 8.0.0|samsung browser 7.0|2220x1080,SAMSUNG SM-G892A Build/R16NW,Android 8.0.0,samsung browser 7.0,2220x1080,mobile
SM-G950U Build/R16NW|Android 8.0.0|chrome 65.0 for android|2961x1442,SM-G950U Build/R16NW,Android 8.0.0,chrome 65.0 for android,2961x1442,mobile
Windows|Windows 8.1||1440x900,Windows,Windows 8.1,,1440x900,desktop
Trident/7.0|Windows 10|ie 11.0 for desktop|3838x2158,Trident/7.0,Windows 10,ie 11.0 for desktop,3838x2158,desktop
Android 4.4.2||android|,Android 4.4.2,,android,,mobile
SM-G965U Build/R16NW|Android 8.0.0|chrome generic for android|2220x1081,SM-G965U Build/R16NW,Android 8.0.0,chrome generic for android,2220x1081,mobile
Windows|Windows 10|chrome 65.0|1600x1200,Windows,Windows 10,chrome 65.0,1600x1200,desktop
P5006A Build/NRD90M||chrome 65.0 for android|,P5006A Build/NRD90M,,chrome 65.0 for android,,mobile
iOS Device|iOS 11.0.1|chrome 65.0 for ios|2048x1536,iOS Device,iOS 11.0.1,chrome 65.0 for ios,2048x1536,mobile
Z982 Build/NMF26V|Android 7.1.1|chrome 65.0 for android|1920x1080,Z982 Build/NMF26V,Android 7.1.1,chrome 65.0 for android,1920x1080,mobile
SAMSUNG-SM-N910A|Android 5.1.1|chrome generic|2560x1440,SAMSUNG-SM-N910A,Android 5.1.1,chrome generic,2560x1440,mobile
Hisense F102 Build/NRD90M||chrome 54.0 for android|,Hisense F102 Build/NRD90M,,chrome 54.0 for android,,mobile
LG-H872 Build/NRD90U||chrome 65.0 for android|,LG-H872 Build/NRD90U,,chrome 65.0 for android,,mobile
Windows|Windows 8|chrome generic|1920x1080,Windows,Windows 8,chrome generic,1920x1080,desktop
Ilium X520 Build/NRD90M||Lanix/Ilium|,Ilium X520 Build/NRD90M,,Lanix/Ilium,,mobile
Windows|Windows 10|edge 16.0|2735x1823,Windows,Windows 10,edge 16.0,2735x1823,desktop
SM-A730F Build/NMF26X||chrome generic for android|,SM-A730F Build/NMF26X,,chrome generic for android,,mobile
G3123 Build/40.0.A.6.175||chrome generic for android|,G3123 Build/40.0.A.6.175,,chrome generic for android,,mobile
SM-G955U Build/R16NW|Android 8.0.0|chrome generic for android|2220x1081,SM-G955U Build/R16NW,Android 8.0.0,chrome generic for android,2220x1081,mobile
Pixel 2 XL Build/OPM2.171019.029|Android 8.1.0|chrome generic for android|2880x1442,Pixel 2 XL Build/OPM2.171019.029,Android 8.1.0,chrome generic for android,2880x1442,mobile
Trident/7.0|Windows 7|ie 11.0 for desktop|2559x1439,Trident/7.0,Windows 7,ie 11.0 for desktop,2559x1439,desktop
TA-1028 Build/NRD90M||chrome 65.0 for android|,TA-1028 Build/NRD90M,,chrome 65.0 for android,,mobile
5056N|Android 6.0.1|chrome generic for android|1280x720,5056N,Android 6.0.1,chrome generic for android,1280x720,mobile
Windows|Windows 10|chrome generic|1024x768,Windows,Windows 10,chrome generic,1024x768,desktop
rv:11.0|Windows 7|ie 11.0 for desktop|1599x899,rv:11.0,Windows 7,ie 11.0 for desktop,1599x899,desktop
Windows|Windows 7|chrome generic|2560x1440,Windows,Windows 7,chrome generic,2560x1440,desktop
LGLS992|Android 7.0|chrome 65.0 for android|2560x1440,LGLS992,Android 7.0,chrome 65.0 for android,2560x1440,mobile
Nexus||chrome 51.0 for android|,Nexus,,chrome 51.0 for android,,mobile
LG-M320 Build/NRD90U||chrome 55.0 for android|,LG-M320 Build/NRD90U,,chrome 55.0 for android,,mobile
Fusion5_u7||chrome generic for android|,Fusion5_u7,,chrome generic for android,,mobile
SAMSUNG-SM-J320AZ Build/MMB29K|Android 6.0.1|chrome 59.0 for android|1280x720,SAMSUNG-SM-J320AZ Build/MMB29K,Android 6.0.1,chrome 59.0 for android,1280x720,mobile
P5026A||chrome generic for android|,P5026A,,chrome generic for android,,mobile
SM-S727VL Build/MMB29M|Android 6.0.1|chrome 65.0 for android|1280x720,SM-S727VL Build/MMB29M,Android 6.0.1,chrome 65.0 for android,1280x720,mobile
Linux x86_64|Linux|chrome 65.0|1600x900,Linux x86_64,Linux,chrome 65.0,1600x900,desktop
MacOS|Mac OS X 10_13_4|safari generic|1366x768,MacOS,Mac OS X 10_13_4,safari generic,1366x768,desktop
SGH-I747M||chrome generic|,SGH-I747M,,chrome generic,,desktop
Moto G (5) Plus Build/NPNS25.137-93-8|Android 7.0|chrome generic|1920x1081,Moto G (5) Plus Build/NPNS25.137-93-8,Android 7.0,chrome generic,1920x1081,mobile
MacOS|Mac OS X 10_12_6|chrome 65.0|2560x1440,MacOS,Mac OS X 10_12_6,chrome 65.0,2560x1440,desktop
SAMSUNG SM-N950U Build/R16NW|Android 8.0.0|samsung browser 7.0|2961x1442,SAMSUNG SM-N950U Build/R16NW,Android 8.0.0,samsung browser 7.0,2961x1442,mobile
ZTE BLADE A6 Build/NMF26F||chrome generic for android|,ZTE BLADE A6 Build/NMF26F,,chrome generic for android,,mobile
SM-G570F||chrome 65.0 for android|,SM-G570F,,chrome 65.0 for android,,mobile
SM-G960U Build/R16NW|Android 8.0.0|chrome generic for android|2220x1080,SM-G960U Build/R16NW,Android 8.0.0,chrome generic for android,2220x1080,mobile
MacOS|Mac OS X 10_10_5|chrome generic|1280x800,MacOS,Mac OS X 10_10_5,chrome generic,1280x800,desktop
SM-G615F||android webview 4.0|,SM-G615F,,android webview 4.0,,mobile
VS988 Build/NRD90U|Android 7.0|chrome generic for android|2672x1440,VS988 Build/NRD90U,Android 7.0,chrome generic for android,2672x1440,mobile
rv:59.0|Mac OS X 10.13|firefox 59.0|3360x2100,rv:59.0,Mac OS X 10.13,firefox 59.0,3360x2100,desktop
SM-G920V Build/MMB29K|Android 6.0.1|chrome generic for android|2560x1440,SM-G920V Build/MMB29K,Android 6.0.1,chrome generic for android,2560x1440,mobile
SM-N950U Build/R16NW|Android 8.0.0|chrome generic for android|2220x1081,SM-N950U Build/R16NW,Android 8.0.0,chrome generic for android,2220x1081,mobile
SM-G920V Build/NRD90M||chrome generic for android|,SM-G920V Build/NRD90M,,chrome generic for android,,mobile
Windows|Windows 10|chrome generic|1920x1200,Windows,Windows 10,chrome generic,1920x1200,desktop
SAMSUNG SM-G925F Build/NRD90M||samsung browser 6.4|,SAMSUNG SM-G925F Build/NRD90M,,samsung browser 6.4,,mobile
SM-J327T1 Build/NRD90M|Android 7.0|chrome generic for android|1280x720,SM-J327T1 Build/NRD90M,Android 7.0,chrome generic for android,1280x720,mobile
SM-P607T|Android 5.1.1|chrome 54.0 for android|2560x1600,SM-P607T,Android 5.1.1,chrome 54.0 for android,2560x1600,mobile
MacOS|Mac OS X 10_13_4|chrome 65.0|1280x1024,MacOS,Mac OS X 10_13_4,chrome 65.0,1280x1024,desktop
moto x4 Build/OPW27.57-40||chrome generic for android|,moto x4 Build/OPW27.57-40,,chrome generic for android,,mobile
iOS Device|iOS 11.3.0|chrome|2048x1536,iOS Device,iOS 11.3.0,chrome,2048x1536,mobile
HUAWEI VNS-L31 Build/HUAWEIVNS-L31||chrome generic for android|,HUAWEI VNS-L31 Build/HUAWEIVNS-L31,,chrome generic for android,,mobile
SM-J120H Build/LMY47V||chrome 53.0 for android|,SM-J120H Build/LMY47V,,chrome 53.0 for android,,mobile
Lenovo||chrome generic|,Lenovo,,chrome generic,,desktop
XT1650||chrome generic for android|,XT1650,,chrome generic for android,,mobile
MacOS|Mac OS X 10_12_3|chrome generic|1680x1050,MacOS,Mac OS X 10_12_3,chrome generic,1680x1050,desktop
iOS Device|iOS 11.3.0|chrome|2224x1668,iOS Device,iOS 11.3.0,chrome,2224x1668,mobile
SM-T810||chrome 65.0 for android|,SM-T810,,chrome 65.0 for android,,mobile
HTC Desire 530 Build/MMB29M||chrome generic for android|,HTC Desire 530 Build/MMB29M,,chrome generic for android,,mobile
SM-G920T Build/NRD90M|Android 7.0|chrome generic for android|2560x1440,SM-G920T Build/NRD90M,Android 7.0,chrome generic for android,2560x1440,mobile
Windows|Windows 10|chrome generic|1729x973,Windows,Windows 10,chrome generic,1729x973,desktop
MacOS|Mac OS X 10_11_3|chrome 65.0|1920x1080,MacOS,Mac OS X 10_11_3,chrome 65.0,1920x1080,desktop
iOS Device|iOS 11.2.5|chrome|2048x1536,iOS Device,iOS 11.2.5,chrome,2048x1536,mobile
Windows|Windows 7|ie 11.0 for desktop|1600x1200,Windows,Windows 7,ie 11.0 for desktop,1600x1200,desktop
Windows|Windows 7|opera generic|1680x1050,Windows,Windows 7,opera generic,1680x1050,desktop
SM-G903F Build/MMB29K||chrome generic for android|,SM-G903F Build/MMB29K,,chrome generic for android,,mobile
iris 870 Build/MRA58K||chrome 65.0 for android|,iris 870 Build/MRA58K,,chrome 65.0 for android,,mobile
SM-J727T1 Build/NRD90M|Android 7.0|chrome generic for android|1280x720,SM-J727T1 Build/NRD90M,Android 7.0,chrome generic for android,1280x720,mobile
MTT||chrome generic for android|,MTT,,chrome generic for android,,mobile
MotoG3 Build/MPIS24.107-55-2-17||chrome generic for android|,MotoG3 Build/MPIS24.107-55-2-17,,chrome generic for android,,mobile
VS425|Android 6.0.1|chrome generic for android|855x480,VS425,Android 6.0.1,chrome generic for android,855x480,mobile
F5122||chrome generic for android|,F5122,,chrome generic for android,,mobile
iOS Device|iOS 11.4.0|mobile safari generic|2208x1242,iOS Device,iOS 11.4.0,mobile safari generic,2208x1242,mobile
SM-G935P Build/NRD90M|Android 7.0|chrome generic for android|1920x1080,SM-G935P Build/NRD90M,Android 7.0,chrome generic for android,1920x1080,mobile
ASUS_Z01BDC||chrome 65.0 for android|,ASUS_Z01BDC,,chrome 65.0 for android,,mobile
Lenovo TB3-710I Build/LMY47I||chrome generic|,Lenovo TB3-710I Build/LMY47I,,chrome generic,,desktop
rv:60.0|Mac OS X 10.13|firefox generic|3360x2100,rv:60.0,Mac OS X 10.13,firefox generic,3360x2100,desktop
MacOS|Mac OS X 10_13_4|chrome 62.0|2560x1440,MacOS,Mac OS X 10_13_4,chrome 62.0,2560x1440,desktop
REVVLPLUS|Android 7.1.1|chrome generic for android|1920x1080,REVVLPLUS,Android 7.1.1,chrome generic for android,1920x1080,mobile
|Android 8.0.0|android webview 4.0|2220x1080,,Android 8.0.0,android webview 4.0,2220x1080,mobile
Windows|Windows 7|chrome 65.0|2400x1500,Windows,Windows 7,chrome 65.0,2400x1500,desktop
SM-G955W||chrome generic for android|,SM-G955W,,chrome generic for android,,mobile
Trident/7.0|Windows 10|ie 11.0 for desktop|1680x1049,Trident/7.0,Windows 10,ie 11.0 for desktop,1680x1049,desktop
Windows|Windows 10|chrome generic|1600x1200,Windows,Windows 10,chrome generic,1600x1200,desktop
MacOS|Mac|chrome generic|2880x1800,MacOS,Mac,chrome generic,2880x1800,desktop
GT-P5210 Build/JDQ39||chrome 52.0 for android|,GT-P5210 Build/JDQ39,,chrome 52.0 for android,,mobile
SM-G950U Build/R16NW|Android 8.0.0|chrome generic for android|2220x1080,SM-G950U Build/R16NW,Android 8.0.0,chrome generic for android,2220x1080,mobile
PULP 4G Build/LMY47V||chrome generic|,PULP 4G Build/LMY47V,,chrome generic,,desktop
SAMSUNG SM-G965F Build/R16NW||samsung browser 7.0|,SAMSUNG SM-G965F Build/R16NW,,samsung browser 7.0,,mobile
MacOS|Mac|chrome 64.0|2560x1600,MacOS,Mac,chrome 64.0,2560x1600,desktop
Ilium L610 Build/MRA58K||chrome generic for android|,Ilium L610 Build/MRA58K,,chrome generic for android,,mobile
E5306||chrome 65.0 for android|,E5306,,chrome 65.0 for android,,mobile
Pixel Build/OPM2.171019.029|Android 8.1.0|chrome 64.0 for android|1921x1081,Pixel Build/OPM2.171019.029,Android 8.1.0,chrome 64.0 for android,1921x1081,mobile
SM-G930R4 Build/NRD90M||chrome 65.0 for android|,SM-G930R4 Build/NRD90M,,chrome 65.0 for android,,mobile
SM-A320Y Build/NRD90M||chrome generic for android|,SM-A320Y Build/NRD90M,,chrome generic for android,,mobile
G3223 Build/42.0.A.4.167||chrome generic for android|,G3223 Build/42.0.A.4.167,,chrome generic for android,,mobile
|Linux|chrome generic|2220x1081,,Linux,chrome generic,2220x1081,desktop
MacOS|Mac OS X 10_13_4|safari generic|1280x720,MacOS,Mac OS X 10_13_4,safari generic,1280x720,desktop
Windows|Windows 10|edge 16.0|1365x767,Windows,Windows 10,edge 16.0,1365x767,desktop
Pixel Build/OPM2.171019.029|Android 8.1.0|chrome generic for android|1921x1081,Pixel Build/OPM2.171019.029,Android 8.1.0,chrome generic for android,1921x1081,mobile
SAMSUNG-SM-G935A Build/NRD90M|Android 7.0|chrome generic for android|1920x1080,SAMSUNG-SM-G935A Build/NRD90M,Android 7.0,chrome generic for android,1920x1080,mobile
Pixel 2 XL Build/OPM2.171019.029|Android 8.1.0|chrome generic for android|2882x1442,Pixel 2 XL Build/OPM2.171019.029,Android 8.1.0,chrome generic for android,2882x1442,mobile
Trident/7.0|Windows 7|ie 11.0 for desktop|1364x768,Trident/7.0,Windows 7,ie 11.0 for desktop,1364x768,desktop
ASUS_X018D||chrome generic for android|,ASUS_X018D,,chrome generic for android,,mobile
SM-A530F Build/NMF26X||chrome generic for android|,SM-A530F Build/NMF26X,,chrome generic for android,,mobile
LG-K500 Build/MMB29M||chrome 54.0 for android|,LG-K500 Build/MMB29M,,chrome 54.0 for android,,mobile
LGL164VL Build/NRD90U|Android 7.0|chrome generic for android|1280x720,LGL164VL Build/NRD90U,Android 7.0,chrome generic for android,1280x720,mobile
Trident/7.0|Windows 7|ie 11.0 for desktop|1439x900,Trident/7.0,Windows 7,ie 11.0 for desktop,1439x900,desktop
SM-T350 Build/NMF26X|Android 7.1.1|chrome generic for android|1024x768,SM-T350 Build/NMF26X,Android 7.1.1,chrome generic for android,1024x768,mobile
LG-H933||chrome generic for android|,LG-H933,,chrome generic for android,,mobile
Moto C Build/NRD90M.070||chrome 58.0 for android|,Moto C Build/NRD90M.070,,chrome 58.0 for android,,mobile
SAMSUNG SM-G965U Build/R16NW|Android 8.0.0|other|2220x1081,SAMSUNG SM-G965U Build/R16NW,Android 8.0.0,other,2220x1081,mobile
X78||chrome generic|,X78,,chrome generic,,desktop
SM-T560NU Build/NMF26X|Android 7.1.1|chrome generic for android|1280x800,SM-T560NU Build/NMF26X,Android 7.1.1,chrome generic for android,1280x800,mobile
Techpad||chrome generic for android|,Techpad,,chrome generic for android,,mobile
SM-J110M Build/LMY48B||chrome 61.0 for android|,SM-J110M Build/LMY48B,,chrome 61.0 for android,,mobile
Build/OPM1.171019.011||chrome generic for android|,Build/OPM1.171019.011,,chrome generic for android,,mobile
MacOS|Mac OS X 10_13_4|chrome generic|1920x1080,MacOS,Mac OS X 10_13_4,chrome generic,1920x1080,desktop
SM-T825 Build/NRD90M||chrome generic for android|,SM-T825 Build/NRD90M,,chrome generic for android,,mobile
Android 4.4.2||other|,Android 4.4.2,,other,,mobile
Redmi 4A Build/N2G47H||chrome 65.0 for android|,Redmi 4A Build/N2G47H,,chrome 65.0 for android,,mobile
rv:56.0|Android 6.0.1|firefox|1200x720,rv:56.0,Android 6.0.1,firefox,1200x720,mobile
Trident/7.0|Windows 10|ie 11.0 for tablet|1599x900,Trident/7.0,Windows 10,ie 11.0 for tablet,1599x900,desktop
Windows|Windows 8.1|chrome 65.0|1920x1200,Windows,Windows 8.1,chrome 65.0,1920x1200,desktop
SAMSUNG-SM-G891A Build/NRD90M|Android 7.0|chrome generic for android|1920x1080,SAMSUNG-SM-G891A Build/NRD90M,Android 7.0,chrome generic for android,1920x1080,mobile
SAMSUNG SM-J500FN Build/MMB29M||samsung browser 6.4|,SAMSUNG SM-J500FN Build/MMB29M,,samsung browser 6.4,,mobile
Trident/7.0|Windows 7|ie 11.0 for desktop|1679x1049,Trident/7.0,Windows 7,ie 11.0 for desktop,1679x1049,desktop
SM-N920G Build/NRD90M||chrome generic for android|,SM-N920G Build/NRD90M,,chrome generic for android,,mobile
SM-G9650 Build/R16NW||chrome generic for android|,SM-G9650 Build/R16NW,,chrome generic for android,,mobile
Windows|Windows 10|chrome generic|1727x971,Windows,Windows 10,chrome generic,1727x971,desktop
ILIUM||chrome 57.0 for android|,ILIUM,,chrome 57.0 for android,,mobile
SM-G900M Build/KOT49H||chrome|,SM-G900M Build/KOT49H,,chrome,,mobile
Windows|Windows 10|chrome generic|2736x1824,Windows,Windows 10,chrome generic,2736x1824,desktop
Windows|Windows 7|chrome 65.0|1344x840,Windows,Windows 7,chrome 65.0,1344x840,desktop
SM-A520W Build/NRD90M||chrome generic for android|,SM-A520W Build/NRD90M,,chrome generic for android,,mobile
|Linux|chrome 65.0|2880x1620,,Linux,chrome 65.0,2880x1620,desktop
Moto G Play Build/NPI26.48-36||chrome 65.0 for android|,Moto G Play Build/NPI26.48-36,,chrome 65.0 for android,,mobile
SM-N920V Build/NRD90M|Android 7.0|chrome 61.0 for android|2562x1442,SM-N920V Build/NRD90M,Android 7.0,chrome 61.0 for android,2562x1442,mobile
Ilium L910 Build/MRA58K||chrome generic for android|,Ilium L910 Build/MRA58K,,chrome generic for android,,mobile
XT1225||chrome generic for android|,XT1225,,chrome generic for android,,mobile
Redmi Note 4 Build/NRD90M||chrome generic for android|,Redmi Note 4 Build/NRD90M,,chrome generic for android,,mobile
SM-T800 Build/MMB29K||chrome 50.0 for android|,SM-T800 Build/MMB29K,,chrome 50.0 for android,,mobile
MacOS|Mac OS X 10_13_4|safari generic|1920x1200,MacOS,Mac OS X 10_13_4,safari generic,1920x1200,desktop
R2||chrome 65.0 for android|,R2,,chrome 65.0 for android,,mobile
Windows|Windows 10|firefox 59.0|2160x1440,Windows,Windows 10,firefox 59.0,2160x1440,desktop
Blade A510 Build/MRA58K||chrome generic for android|,Blade A510 Build/MRA58K,,chrome generic for android,,mobile
Windows|Windows 7|chrome generic|1600x1200,Windows,Windows 7,chrome generic,1600x1200,desktop
G3313 Build/43.0.A.7.25||chrome generic for android|,G3313 Build/43.0.A.7.25,,chrome generic for android,,mobile
Lenovo TB3-710F Build/LRX21M||chrome generic|,Lenovo TB3-710F Build/LRX21M,,chrome generic,,desktop
SAMSUNG-SM-J327A Build/NRD90M|Android 7.0|chrome generic for android|1280x720,SAMSUNG-SM-J327A Build/NRD90M,Android 7.0,chrome generic for android,1280x720,mobile
SM-J500M Build/LMY48B||chrome 43.0 for android|,SM-J500M Build/LMY48B,,chrome 43.0 for android,,mobile
Mi A1 Build/N2G47H||chrome generic for android|,Mi A1 Build/N2G47H,,chrome generic for android,,mobile
Trident/7.0|Windows 10|ie 11.0 for tablet|2735x1825,Trident/7.0,Windows 10,ie 11.0 for tablet,2735x1825,desktop
Windows|Windows 10|edge 16.0|2999x2000,Windows,Windows 10,edge 16.0,2999x2000,desktop
SM-G955F Build/R16NW||other|,SM-G955F Build/R16NW,,other,,mobile
SM-J327P Build/MMB29M|Android 6.0.1|chrome generic for android|1280x720,SM-J327P Build/MMB29M,Android 6.0.1,chrome generic for android,1280x720,mobile
TA-1028 Build/NMF26O||chrome generic for android|,TA-1028 Build/NMF26O,,chrome generic for android,,mobile
MacOS|Mac OS X 10_11_3|chrome 62.0|1366x768,MacOS,Mac OS X 10_11_3,chrome 62.0,1366x768,desktop
Windows|Windows 10|firefox 59.0|1440x900,Windows,Windows 10,firefox 59.0,1440x900,desktop
Windows|other|opera|1280x720,Windows,other,opera,1280x720,desktop
Windows|other|chrome 61.0|1280x720,Windows,other,chrome 61.0,1280x720,desktop
HTC Desire 626s Build/LMY47O||chrome 65.0 for android|,HTC Desire 626s Build/LMY47O,,chrome 65.0 for android,,mobile
||firefox 48.0|,,,firefox 48.0,,desktop
Build/OPR6.170623.013|Android 8.0.0||1920x1080,Build/OPR6.170623.013,Android 8.0.0,,1920x1080,mobile
iOS Device|iOS 11.3.0|mobile safari uiwebview|1136x640,iOS Device,iOS 11.3.0,mobile safari uiwebview,1136x640,mobile
Windows|Windows 10|edge 16.0|1918x1080,Windows,Windows 10,edge 16.0,1918x1080,desktop
Windows|Windows 7|chrome|1024x768,Windows,Windows 7,chrome,1024x768,desktop
rv:47.0|Mac OS X 10.6|firefox 47.0|1920x1200,rv:47.0,Mac OS X 10.6,firefox 47.0,1920x1200,desktop
MYA-L03 Build/HUAWEIMYA-L03||chrome 52.0 for android|,MYA-L03 Build/HUAWEIMYA-L03,,chrome 52.0 for android,,mobile
EVA-L09 Build/HUAWEIEVA-L09||chrome generic for android|,EVA-L09 Build/HUAWEIEVA-L09,,chrome generic for android,,mobile
Windows|Windows 10|edge 16.0|4499x2999,Windows,Windows 10,edge 16.0,4499x2999,desktop
GT-I8190L Build/JZO54K||chrome generic|,GT-I8190L Build/JZO54K,,chrome generic,,desktop
rv:11.0|Windows 7|ie 11.0 for desktop|1366x767,rv:11.0,Windows 7,ie 11.0 for desktop,1366x767,desktop
SAMSUNG|Android 6.0.1|samsung browser 6.4|1024x768,SAMSUNG,Android 6.0.1,samsung browser 6.4,1024x768,mobile
SAMSUNG SM-J500M Build/MMB29M||samsung browser 6.4|,SAMSUNG SM-J500M Build/MMB29M,,samsung browser 6.4,,mobile
Windows|Windows 10|chrome generic|2048x1152,Windows,Windows 10,chrome generic,2048x1152,desktop
SM-A310F Build/MMB29K||chrome 65.0 for android|,SM-A310F Build/MMB29K,,chrome 65.0 for android,,mobile
SM-N920T Build/NRD90M||chrome generic for android|,SM-N920T Build/NRD90M,,chrome generic for android,,mobile
|Android|chrome|1920x1080,,Android,chrome,1920x1080,mobile
SM-T580 Build/NRD90M|Android 7.0|chrome generic for android|1920x1200,SM-T580 Build/NRD90M,Android 7.0,chrome generic for android,1920x1200,mobile
Windows|Windows 10|edge 16.0|2560x1600,Windows,Windows 10,edge 16.0,2560x1600,desktop
SM-G950U Build/R16NW|Android 8.0.0|chrome generic for android|1480x720,SM-G950U Build/R16NW,Android 8.0.0,chrome generic for android,1480x720,mobile
MacOS|Mac OS X 10_13_1|chrome 65.0|1920x1080,MacOS,Mac OS X 10_13_1,chrome 65.0,1920x1080,desktop
Windows|Windows 10|edge 14.0|1280x600,Windows,Windows 10,edge 14.0,1280x600,desktop
Trident/7.0|Windows 10|ie 11.0 for desktop|1919x1200,Trident/7.0,Windows 10,ie 11.0 for desktop,1919x1200,desktop
LG-X180g Build/LMY47I||chrome 53.0 for android|,LG-X180g Build/LMY47I,,chrome 53.0 for android,,mobile
MacOS|Mac OS X 10_11_4|chrome 65.0|1280x800,MacOS,Mac OS X 10_11_4,chrome 65.0,1280x800,desktop
rv:11.0|Windows 7|ie 11.0 for desktop|1023x767,rv:11.0,Windows 7,ie 11.0 for desktop,1023x767,desktop
Trident/7.0|Windows 8.1|ie 11.0 for desktop|1365x768,Trident/7.0,Windows 8.1,ie 11.0 for desktop,1365x768,desktop
|Android|chrome 58.0|801x480,,Android,chrome 58.0,801x480,mobile
Trident/7.0|Windows 7|ie 11.0 for desktop|1440x899,Trident/7.0,Windows 7,ie 11.0 for desktop,1440x899,desktop
XT1003||chrome generic|,XT1003,,chrome generic,,desktop
HUAWEI CUN-L03 Build/HUAWEICUN-L03||chrome generic|,HUAWEI CUN-L03 Build/HUAWEICUN-L03,,chrome generic,,desktop
SM-J700F||chrome generic for android|,SM-J700F,,chrome generic for android,,mobile
vivo||android webview 4.0|,vivo,,android webview 4.0,,mobile
rv:59.0|Mac OS X 10.12|firefox 59.0|4096x2304,rv:59.0,Mac OS X 10.12,firefox 59.0,4096x2304,desktop
Hisense F20 Build/MMB29M||chrome generic for android|,Hisense F20 Build/MMB29M,,chrome generic for android,,mobile
XT1585 Build/NCK25.118-10.5|Android 7.0|chrome generic for android|2560x1440,XT1585 Build/NCK25.118-10.5,Android 7.0,chrome generic for android,2560x1440,mobile
MacOS|Mac OS X 10_13_4|chrome generic|1440x900,MacOS,Mac OS X 10_13_4,chrome generic,1440x900,desktop
rv:48.0|Mac|firefox 48.0|1680x1050,rv:48.0,Mac,firefox 48.0,1680x1050,desktop
iOS Device|iOS 11.3.1|mobile safari generic|2048x1536,iOS Device,iOS 11.3.1,mobile safari generic,2048x1536,mobile
SM-G950F Build/R16NW||chrome generic for android|,SM-G950F Build/R16NW,,chrome generic for android,,mobile
|Linux|chrome generic|2220x1080,,Linux,chrome generic,2220x1080,desktop
SM-A300M Build/KTU84P||chrome generic|,SM-A300M Build/KTU84P,,chrome generic,,desktop
SM-G928T Build/NRD90M|Android 7.0|chrome generic for android|1921x1081,SM-G928T Build/NRD90M,Android 7.0,chrome generic for android,1921x1081,mobile
MacOS|Mac OS X 10_13_4|chrome 65.0|3200x1800,MacOS,Mac OS X 10_13_4,chrome 65.0,3200x1800,desktop
Pixel|Android 8.1.0|chrome 63.0 for android|2562x1442,Pixel,Android 8.1.0,chrome 63.0 for android,2562x1442,mobile
LG-K220 Build/MXB48T||chrome generic for android|,LG-K220 Build/MXB48T,,chrome generic for android,,mobile
ASUS_X00HD Build/NMF26F||chrome generic for android|,ASUS_X00HD Build/NMF26F,,chrome generic for android,,mobile
Windows|Windows 10|chrome generic|960x640,Windows,Windows 10,chrome generic,960x640,desktop
rv:59.0|Windows 10|firefox|1680x1050,rv:59.0,Windows 10,firefox,1680x1050,desktop
BLADE V8Q Build/N2G47H||chrome generic for android|,BLADE V8Q Build/N2G47H,,chrome generic for android,,mobile
SM-N950U Build/R16NW|Android 8.0.0|chrome 63.0 for android|2220x1081,SM-N950U Build/R16NW,Android 8.0.0,chrome 63.0 for android,2220x1081,mobile
Northwell|Windows 7|ie 11.0 for desktop|1280x720,Northwell,Windows 7,ie 11.0 for desktop,1280x720,desktop
Pixel 2 XL Build/OPM2.171019.029|Android 8.1.0|chrome generic for android|2880x1440,Pixel 2 XL Build/OPM2.171019.029,Android 8.1.0,chrome generic for android,2880x1440,mobile
Windows|Windows 10|firefox 59.0|1920x1200,Windows,Windows 10,firefox 59.0,1920x1200,desktop
Windows|Windows 10|edge 14.0|1919x1079,Windows,Windows 10,edge 14.0,1919x1079,desktop
E5506 Build/29.2.A.0.166||chrome 56.0 for android|,E5506 Build/29.2.A.0.166,,chrome 56.0 for android,,mobile
ALCATEL||chrome generic|,ALCATEL,,chrome generic,,desktop
SM-G9600 Build/R16NW||chrome generic for android|,SM-G9600 Build/R16NW,,chrome generic for android,,mobile
LG-D855||chrome generic|,LG-D855,,chrome generic,,desktop
Moto G Play Build/NPIS26.48-36-5||chrome 58.0 for android|,Moto G Play Build/NPIS26.48-36-5,,chrome 58.0 for android,,mobile
BLADE A602 Build/MRA58K||chrome generic for android|,BLADE A602 Build/MRA58K,,chrome generic for android,,mobile
GT-P5210 Build/KOT49H||chrome 53.0 for android|,GT-P5210 Build/KOT49H,,chrome 53.0 for android,,mobile
Windows|Windows 8.1|ie 11.0 for desktop|1919x1079,Windows,Windows 8.1,ie 11.0 for desktop,1919x1079,desktop
SM-G935F Build/NRD90M||opera|,SM-G935F Build/NRD90M,,opera,,mobile
rv:59.0|Mac OS X 10.9|firefox 59.0|1920x1080,rv:59.0,Mac OS X 10.9,firefox 59.0,1920x1080,desktop
SM-A710M Build/LMY47X||chrome generic|,SM-A710M Build/LMY47X,,chrome generic,,desktop
SM-G900F Build/KOT49H||chrome 63.0 for android|,SM-G900F Build/KOT49H,,chrome 63.0 for android,,mobile
RCT6203W46 Build/KOT49H|Android 4.4.2|other|1024x552,RCT6203W46 Build/KOT49H,Android 4.4.2,other,1024x552,mobile
rv:46.0|Windows 7|firefox|1920x1080,rv:46.0,Windows 7,firefox,1920x1080,desktop
rv:59.0|Mac OS X 10.13|firefox 59.0|1024x768,rv:59.0,Mac OS X 10.13,firefox 59.0,1024x768,desktop
AX821 Build/MRA58K||chrome generic for android|,AX821 Build/MRA58K,,chrome generic for android,,mobile
iOS Device|iOS 11.3.1|mobile safari generic|2208x1242,iOS Device,iOS 11.3.1,mobile safari generic,2208x1242,mobile
SAMSUNG SM-G965U1 Build/R16NW|Android 8.0.0|other|2220x1081,SAMSUNG SM-G965U1 Build/R16NW,Android 8.0.0,other,2220x1081,mobile
iOS Device|iOS 11.4.0|mobile safari generic|1136x640,iOS Device,iOS 11.4.0,mobile safari generic,1136x640,mobile
LG-M400 Build/NRD90U||chrome 60.0 for android|,LG-M400 Build/NRD90U,,chrome 60.0 for android,,mobile
Moto G (5) Build/NPPS25.137-93-8||chrome generic|,Moto G (5) Build/NPPS25.137-93-8,,chrome generic,,desktop
SAMSUNG SM-G890A Build/NRD90M|Android 7.0|samsung browser 6.4|2560x1440,SAMSUNG SM-G890A Build/NRD90M,Android 7.0,samsung browser 6.4,2560x1440,mobile
Windows|Windows 7|chrome generic|1025x768,Windows,Windows 7,chrome generic,1025x768,desktop
5051A Build/MMB29M||chrome 58.0 for android|,5051A Build/MMB29M,,chrome 58.0 for android,,mobile
RS988|Android 7.0|chrome generic for android|2560x1440,RS988,Android 7.0,chrome generic for android,2560x1440,mobile
LG-D855 Build/LRX21R||chrome 60.0 for android|,LG-D855 Build/LRX21R,,chrome 60.0 for android,,mobile
D5503||chrome generic|,D5503,,chrome generic,,desktop
Ilium X710 Build/MRA58K||chrome 61.0 for android|,Ilium X710 Build/MRA58K,,chrome 61.0 for android,,mobile
XT1040||chrome 63.0 for android|,XT1040,,chrome 63.0 for android,,mobile
iOS Device|iOS 11.3.1|mobile safari generic|2001x1125,iOS Device,iOS 11.3.1,mobile safari generic,2001x1125,mobile
LG-H815 Build/MRA58K||chrome 65.0 for android|,LG-H815 Build/MRA58K,,chrome 65.0 for android,,mobile
XT1254 Build/MCG24.251-5-5|Android 6.0.1|chrome generic for android|2560x1440,XT1254 Build/MCG24.251-5-5,Android 6.0.1,chrome generic for android,2560x1440,mobile
moto x4 Build/OPWS27.57-40-14||chrome generic for android|,moto x4 Build/OPWS27.57-40-14,,chrome generic for android,,mobile
MacOS|Mac OS X 10_9_5|chrome 56.0|2880x1800,MacOS,Mac OS X 10_9_5,chrome 56.0,2880x1800,desktop
E5823||chrome generic for android|,E5823,,chrome generic for android,,mobile
Hisense F23 Build/NRD90M||chrome generic for android|,Hisense F23 Build/NRD90M,,chrome generic for android,,mobile
ZTE BLADE V8 MINI Build/NRD90M||chrome 56.0 for android|,ZTE BLADE V8 MINI Build/NRD90M,,chrome 56.0 for android,,mobile
DOMOS||chrome 65.0 for android|,DOMOS,,chrome 65.0 for android,,mobile
LenovoA3300-GV Build/JDQ39||chrome generic|,LenovoA3300-GV Build/JDQ39,,chrome generic,,desktop
SAMSUNG SM-N920T Build/NRD90M|Android 7.0|samsung browser 6.4|1921x1081,SAMSUNG SM-N920T Build/NRD90M,Android 7.0,samsung browser 6.4,1921x1081,mobile
MacOS|Mac OS X 10_11_5|chrome 65.0|1440x900,MacOS,Mac OS X 10_11_5,chrome 65.0,1440x900,desktop
Aquaris X Build/NMF26F||chrome generic for android|,Aquaris X Build/NMF26F,,chrome generic for android,,mobile
rv:59.0|Mac OS X 10.11|firefox 59.0|2560x1440,rv:59.0,Mac OS X 10.11,firefox 59.0,2560x1440,desktop
P008 Build/NRD90M|Android 7.0|chrome generic for android|2049x1536,P008 Build/NRD90M,Android 7.0,chrome generic for android,2049x1536,mobile
Moto Z2 Play Build/NPSS26.118-19-11||chrome generic for android|,Moto Z2 Play Build/NPSS26.118-19-11,,chrome generic for android,,mobile
GT-I9505 Build/LRX22C||opera|,GT-I9505 Build/LRX22C,,opera,,mobile
Windows|Windows 8.1|chrome 65.0|2880x1620,Windows,Windows 8.1,chrome 65.0,2880x1620,desktop
BLADE V7 Build/MRA58K||chrome generic for android|,BLADE V7 Build/MRA58K,,chrome generic for android,,mobile
LG-V410/V41020c|Android 5.0.2|chrome generic|1280x740,LG-V410/V41020c,Android 5.0.2,chrome generic,1280x740,mobile
UL40|Android 7.1.1|chrome generic for android|801x480,UL40,Android 7.1.1,chrome generic for android,801x480,mobile
LG-K410 Build/LRX22G||chrome generic|,LG-K410 Build/LRX22G,,chrome generic,,desktop
MacOS|Mac OS X 10_12_6|chrome generic|1920x1080,MacOS,Mac OS X 10_12_6,chrome generic,1920x1080,desktop
EML-L29 Build/HUAWEIEML-L29||chrome generic for android|,EML-L29 Build/HUAWEIEML-L29,,chrome generic for android,,mobile
Windows|Windows 10|edge 15.0|2255x1503,Windows,Windows 10,edge 15.0,2255x1503,desktop
F8331||chrome generic for android|,F8331,,chrome generic for android,,mobile
LG-M710 Build/NRD90U||chrome generic for android|,LG-M710 Build/NRD90U,,chrome generic for android,,mobile
MacOS|Mac OS X 10_10_5|chrome generic|1366x768,MacOS,Mac OS X 10_10_5,chrome generic,1366x768,desktop
Blade L5 Build/LMY47I||chrome generic|,Blade L5 Build/LMY47I,,chrome generic,,desktop
SM-G935F Build/MMB29K||chrome generic for android|,SM-G935F Build/MMB29K,,chrome generic for android,,mobile
MacOS|Mac OS X 10_10_5|chrome generic|2560x1600,MacOS,Mac OS X 10_10_5,chrome generic,2560x1600,desktop
SM-G925I Build/MMB29K|Android 6.0.1|chrome 65.0 for android|2560x1440,SM-G925I Build/MMB29K,Android 6.0.1,chrome 65.0 for android,2560x1440,mobile
MacOS|Mac OS X 10_10_5|chrome generic|1440x900,MacOS,Mac OS X 10_10_5,chrome generic,1440x900,desktop
Energy X 2 Build/E050L||chrome 50.0 for android|,Energy X 2 Build/E050L,,chrome 50.0 for android,,mobile
LG-TP260 Build/NRD90U|Android 7.0|chrome generic for android|1280x720,LG-TP260 Build/NRD90U,Android 7.0,chrome generic for android,1280x720,mobile
SAMSUNG SM-A730F Build/NMF26X||samsung browser 6.4|,SAMSUNG SM-A730F Build/NMF26X,,samsung browser 6.4,,mobile
ONE TOUCH 4016A Build/JDQ39||chrome generic|,ONE TOUCH 4016A Build/JDQ39,,chrome generic,,desktop
SM-A520F Build/MMB29K||chrome generic for android|,SM-A520F Build/MMB29K,,chrome generic for android,,mobile
Ilium X710 Build/MRA58K||chrome generic for android|,Ilium X710 Build/MRA58K,,chrome generic for android,,mobile
LG-K530 Build/MMB29M||chrome 60.0 for android|,LG-K530 Build/MMB29M,,chrome 60.0 for android,,mobile
SM-N950U Build/R16NW||chrome generic for android|,SM-N950U Build/R16NW,,chrome generic for android,,mobile
Lenovo A2016b30 Build/MRA58K||chrome 56.0 for android|,Lenovo A2016b30 Build/MRA58K,,chrome 56.0 for android,,mobile
Blade L2 Plus Build/KOT49H||chrome 62.0 for android|,Blade L2 Plus Build/KOT49H,,chrome 62.0 for android,,mobile
LG-K371||chrome 65.0 for android|,LG-K371,,chrome 65.0 for android,,mobile
RNE-L21 Build/HUAWEIRNE-L21||chrome generic for android|,RNE-L21 Build/HUAWEIRNE-L21,,chrome generic for android,,mobile
LG-H840 Build/MMB29M||chrome generic for android|,LG-H840 Build/MMB29M,,chrome generic for android,,mobile
SM-J700M Build/LMY48B||chrome 53.0 for android|,SM-J700M Build/LMY48B,,chrome 53.0 for android,,mobile
Windows||chrome 66.0|,Windows,,chrome 66.0,,desktop
LGLS676 Build/MXB48T|Android 6.0.1|chrome generic for android|1280x720,LGLS676 Build/MXB48T,Android 6.0.1,chrome generic for android,1280x720,mobile
BLN-L21 Build/HONORBLN-L21||chrome generic for android|,BLN-L21 Build/HONORBLN-L21,,chrome generic for android,,mobile
Windows|Windows 10|chrome 66.0|1366x768,Windows,Windows 10,chrome 66.0,1366x768,desktop
iOS Device|iOS 11.3.0|mobile safari 11.0|1334x750,iOS Device,iOS 11.3.0,mobile safari 11.0,1334x750,mobile
MacOS|Mac OS X 10_13_1|chrome 66.0|1440x900,MacOS,Mac OS X 10_13_1,chrome 66.0,1440x900,desktop
Windows|Windows 8.1|chrome 66.0|1600x900,Windows,Windows 8.1,chrome 66.0,1600x900,desktop
Windows|Windows 10|chrome generic|3200x1800,Windows,Windows 10,chrome generic,3200x1800,desktop
VKY-L09 Build/HUAWEIVKY-L09||chrome generic for android|,VKY-L09 Build/HUAWEIVKY-L09,,chrome generic for android,,mobile
Windows|Windows 10|chrome 66.0|3840x2162,Windows,Windows 10,chrome 66.0,3840x2162,desktop
Windows|Windows 10|chrome 66.0|1920x1080,Windows,Windows 10,chrome 66.0,1920x1080,desktop
Hisense U963 Build/MRA58K||chrome generic for android|,Hisense U963 Build/MRA58K,,chrome generic for android,,mobile
||safari 11.0|,,,safari 11.0,,desktop
Windows|Windows 7|chrome 66.0|1920x1080,Windows,Windows 7,chrome 66.0,1920x1080,desktop
iOS Device|iOS 11.2.6|google|2048x1536,iOS Device,iOS 11.2.6,google,2048x1536,mobile
MacOS|Mac OS X 10_13_4|safari 11.0|1920x1080,MacOS,Mac OS X 10_13_4,safari 11.0,1920x1080,desktop
rv:52.0|Linux|firefox 52.0|2560x1440,rv:52.0,Linux,firefox 52.0,2560x1440,desktop
MacOS|Mac OS X 10_13_4|chrome generic|2560x1600,MacOS,Mac OS X 10_13_4,chrome generic,2560x1600,desktop
MacOS|Mac OS X 10_13_2|chrome 66.0|2560x1600,MacOS,Mac OS X 10_13_2,chrome 66.0,2560x1600,desktop
SM-G610M Build/MMB29K||chrome 66.0 for android|,SM-G610M Build/MMB29K,,chrome 66.0 for android,,mobile
iOS Device|iOS 11.3.0|mobile safari 11.0|2436x1125,iOS Device,iOS 11.3.0,mobile safari 11.0,2436x1125,mobile
MacOS|Mac OS X 10_13_4|chrome 66.0|1920x1080,MacOS,Mac OS X 10_13_4,chrome 66.0,1920x1080,desktop
SM-T810 Build/NRD90M||chrome generic for android|,SM-T810 Build/NRD90M,,chrome generic for android,,mobile
R831L||chrome generic|,R831L,,chrome generic,,desktop
MacOS|Mac OS X 10_13_4|chrome 66.0|2560x1440,MacOS,Mac OS X 10_13_4,chrome 66.0,2560x1440,desktop
S57 Build/KTU84P||chrome generic|,S57 Build/KTU84P,,chrome generic,,desktop
Windows|Windows 7|chrome 66.0|1680x1050,Windows,Windows 7,chrome 66.0,1680x1050,desktop
MacOS|Mac OS X 10_10_5|chrome 66.0|1280x800,MacOS,Mac OS X 10_10_5,chrome 66.0,1280x800,desktop
MacOS|Mac OS X 10_13_4|safari 11.0|2560x1440,MacOS,Mac OS X 10_13_4,safari 11.0,2560x1440,desktop
LGMS631||chrome generic|,LGMS631,,chrome generic,,desktop
MacOS|Mac OS X 10_12_6|chrome 65.0|4096x2304,MacOS,Mac OS X 10_12_6,chrome 65.0,4096x2304,desktop
|Linux|chrome 66.0|1920x1080,,Linux,chrome 66.0,1920x1080,desktop
MacOS|Mac OS X 10_12_5|chrome 66.0|1280x800,MacOS,Mac OS X 10_12_5,chrome 66.0,1280x800,desktop
MacOS|Mac OS X 10_12_6|chrome generic|2304x1440,MacOS,Mac OS X 10_12_6,chrome generic,2304x1440,desktop
MacOS|Mac OS X 10_11_6|chrome generic|1366x768,MacOS,Mac OS X 10_11_6,chrome generic,1366x768,desktop
MacOS|Mac OS X 10_11_6|chrome 65.0|3360x2100,MacOS,Mac OS X 10_11_6,chrome 65.0,3360x2100,desktop
Windows|Windows 10|edge 17.0|1600x900,Windows,Windows 10,edge 17.0,1600x900,desktop
SM-G950U1 Build/R16NW||chrome 66.0 for android|,SM-G950U1 Build/R16NW,,chrome 66.0 for android,,mobile
SM-G532M Build/MMB29T||chrome 56.0 for android|,SM-G532M Build/MMB29T,,chrome 56.0 for android,,mobile
G3313 Build/43.0.A.5.79||chrome generic for android|,G3313 Build/43.0.A.5.79,,chrome generic for android,,mobile
rv:59.0|Windows 7|firefox 59.0|1280x1024,rv:59.0,Windows 7,firefox 59.0,1280x1024,desktop
ASUS_A001||chrome 66.0 for android|,ASUS_A001,,chrome 66.0 for android,,mobile
F8332||chrome generic for android|,F8332,,chrome generic for android,,mobile
SM-G930U Build/NRD90M||chrome 66.0 for android|,SM-G930U Build/NRD90M,,chrome 66.0 for android,,mobile
||chrome 66.0|,,,chrome 66.0,,desktop
SM-N950F Build/NMF26X||chrome 66.0 for android|,SM-N950F Build/NMF26X,,chrome 66.0 for android,,mobile
Windows|Windows 10|chrome generic|2737x1825,Windows,Windows 10,chrome generic,2737x1825,desktop
MacOS|Mac OS X 10_12_6|chrome 66.0|2880x1800,MacOS,Mac OS X 10_12_6,chrome 66.0,2880x1800,desktop
MacOS|Mac OS X 10_11_6|chrome generic|1680x1050,MacOS,Mac OS X 10_11_6,chrome generic,1680x1050,desktop
Windows|Windows 10|chrome 65.0|3441x1440,Windows,Windows 10,chrome 65.0,3441x1440,desktop
MacOS|Mac OS X 10_11_6|chrome 66.0|1366x768,MacOS,Mac OS X 10_11_6,chrome 66.0,1366x768,desktop
XT1650 Build/NPLS26.118-20-5-3||chrome 66.0 for android|,XT1650 Build/NPLS26.118-20-5-3,,chrome 66.0 for android,,mobile
moto x4 Build/OPW27.57-40||chrome 66.0 for android|,moto x4 Build/OPW27.57-40,,chrome 66.0 for android,,mobile
Windows|Windows 10|chrome 66.0|1680x1050,Windows,Windows 10,chrome 66.0,1680x1050,desktop
F3113 Build/33.3.A.1.97||chrome generic for android|,F3113 Build/33.3.A.1.97,,chrome generic for android,,mobile
MacOS|Mac OS X 10_11_6|safari 11.0|2560x1440,MacOS,Mac OS X 10_11_6,safari 11.0,2560x1440,desktop
MacOS|Mac OS X 10_11_6|safari 11.0|2560x1600,MacOS,Mac OS X 10_11_6,safari 11.0,2560x1600,desktop
LG-H540||chrome 56.0 for android|,LG-H540,,chrome 56.0 for android,,mobile
SAMSUNG SM-G950F Build/R16NW||samsung browser 5.2|,SAMSUNG SM-G950F Build/R16NW,,samsung browser 5.2,,mobile
MacOS|Mac OS X 10_12_6|safari 11.0|2560x1600,MacOS,Mac OS X 10_12_6,safari 11.0,2560x1600,desktop
SM-G892A|Android 8.0.0|chrome generic for android|2220x1080,SM-G892A,Android 8.0.0,chrome generic for android,2220x1080,mobile
MacOS|Mac OS X 10_12_2|chrome 65.0|1440x900,MacOS,Mac OS X 10_12_2,chrome 65.0,1440x900,desktop
Trident/7.0|Windows 8.1|ie 11.0 for tablet|1366x768,Trident/7.0,Windows 8.1,ie 11.0 for tablet,1366x768,desktop
Windows|Windows 7|chrome 66.0|1440x900,Windows,Windows 7,chrome 66.0,1440x900,desktop
rv:59.0|Mac OS X 10.11|firefox 59.0|1920x1200,rv:59.0,Mac OS X 10.11,firefox 59.0,1920x1200,desktop
MacOS|Mac OS X 10_10_5|safari 10.0|2560x1600,MacOS,Mac OS X 10_10_5,safari 10.0,2560x1600,desktop
SM-G930V Build/NRD90M|Android 7.0|chrome 66.0 for android|1920x1080,SM-G930V Build/NRD90M,Android 7.0,chrome 66.0 for android,1920x1080,mobile
Windows|Windows 10|chrome 66.0|2560x1440,Windows,Windows 10,chrome 66.0,2560x1440,desktop
MacOS|Mac OS X 10_13_4|chrome generic|1920x1200,MacOS,Mac OS X 10_13_4,chrome generic,1920x1200,desktop
Moto Z (2|Android 8.0.0|android webview 4.0|2560x1440,Moto Z (2,Android 8.0.0,android webview 4.0,2560x1440,mobile
SM-J700M Build/LMY48B||chrome 43.0 for android|,SM-J700M Build/LMY48B,,chrome 43.0 for android,,mobile
Windows|Windows 10|chrome 66.0|1600x900,Windows,Windows 10,chrome 66.0,1600x900,desktop
Windows|Windows 7|firefox 59.0|1360x768,Windows,Windows 7,firefox 59.0,1360x768,desktop
SM-J701M Build/NRD90M||chrome 66.0 for android|,SM-J701M Build/NRD90M,,chrome 66.0 for android,,mobile
|Linux|chrome 66.0|2560x1440,,Linux,chrome 66.0,2560x1440,desktop
iOS Device|iOS 11.3.0|mobile safari 11.0|2048x1536,iOS Device,iOS 11.3.0,mobile safari 11.0,2048x1536,mobile
rv:59.0|Windows 10|firefox|1366x768,rv:59.0,Windows 10,firefox,1366x768,desktop
Windows|Windows 10|edge 16.0|3839x2159,Windows,Windows 10,edge 16.0,3839x2159,desktop
MacOS|Mac OS X 10_12_6|safari 11.0|1440x900,MacOS,Mac OS X 10_12_6,safari 11.0,1440x900,desktop
Trident/7.0|Windows 8.1|ie|1920x1080,Trident/7.0,Windows 8.1,ie,1920x1080,mobile
MacOS|Mac OS X 10_13_4|safari 11.0|2560x1600,MacOS,Mac OS X 10_13_4,safari 11.0,2560x1600,desktop
rv:59.0|Mac OS X 10.9|firefox 59.0|1680x1050,rv:59.0,Mac OS X 10.9,firefox 59.0,1680x1050,desktop
Windows|Windows 8.1|chrome generic|1280x720,Windows,Windows 8.1,chrome generic,1280x720,desktop
Moto G (5) Build/NPP25.137-82||chrome 66.0 for android|,Moto G (5) Build/NPP25.137-82,,chrome 66.0 for android,,mobile
Windows|Windows 10|chrome 66.0|3440x1440,Windows,Windows 10,chrome 66.0,3440x1440,desktop
Windows|Windows 7|chrome 66.0|1280x1024,Windows,Windows 7,chrome 66.0,1280x1024,desktop
Hisense F23 Build/NRD90M||chrome 66.0 for android|,Hisense F23 Build/NRD90M,,chrome 66.0 for android,,mobile
5012G Build/MRA58K||chrome 66.0 for android|,5012G Build/MRA58K,,chrome 66.0 for android,,mobile
Windows|Windows 10|chrome 66.0|1920x1200,Windows,Windows 10,chrome 66.0,1920x1200,desktop
SM-J327VPP Build/NRD90M||chrome 64.0 for android|,SM-J327VPP Build/NRD90M,,chrome 64.0 for android,,mobile
iOS Device|iOS 11.2.6|google search application 48.0|1334x750,iOS Device,iOS 11.2.6,google search application 48.0,1334x750,mobile
SGH-M919V||chrome generic|,SGH-M919V,,chrome generic,,desktop
MacOS|Mac OS X 10_10_5|safari 10.0|2560x1440,MacOS,Mac OS X 10_10_5,safari 10.0,2560x1440,desktop
Moto|Android 7.1.1|chrome 66.0 for android|1280x720,Moto,Android 7.1.1,chrome 66.0 for android,1280x720,mobile
Lenovo YT3-850M Build/MMB29M||android webview 4.0|,Lenovo YT3-850M Build/MMB29M,,android webview 4.0,,mobile
MacOS|Mac OS X 10_12_4|chrome generic|2560x1440,MacOS,Mac OS X 10_12_4,chrome generic,2560x1440,desktop
SAMSUNG-SM-G928A Build/NRD90M|Android 7.0|chrome 66.0 for android|1920x1080,SAMSUNG-SM-G928A Build/NRD90M,Android 7.0,chrome 66.0 for android,1920x1080,mobile
SM-G930T Build/NRD90M|Android 7.0|chrome generic for android|1920x1080,SM-G930T Build/NRD90M,Android 7.0,chrome generic for android,1920x1080,mobile
MacOS|Mac OS X 10_11_6|chrome 66.0|1440x900,MacOS,Mac OS X 10_11_6,chrome 66.0,1440x900,desktop
MacOS|Mac OS X 10_13_4|chrome 66.0|1440x900,MacOS,Mac OS X 10_13_4,chrome 66.0,1440x900,desktop
rv:59.0|Mac OS X 10.13|firefox 59.0|1440x810,rv:59.0,Mac OS X 10.13,firefox 59.0,1440x810,desktop
iOS Device|iOS 11.3.1|mobile safari generic|2436x1125,iOS Device,iOS 11.3.1,mobile safari generic,2436x1125,mobile
||chrome 66.0 for ios|,,,chrome 66.0 for ios,,mobile
SM-G935F Build/NRD90M||chrome 66.0 for android|,SM-G935F Build/NRD90M,,chrome 66.0 for android,,mobile
SM-G960F Build/R16NW||chrome 66.0 for android|,SM-G960F Build/R16NW,,chrome 66.0 for android,,mobile
G8141||chrome 66.0 for android|,G8141,,chrome 66.0 for android,,mobile
iOS Device|iOS 9.3.5|google|2048x1536,iOS Device,iOS 9.3.5,google,2048x1536,mobile
CAM-L03 Build/HUAWEICAM-L03||chrome 66.0 for android|,CAM-L03 Build/HUAWEICAM-L03,,chrome 66.0 for android,,mobile
||safari 10.0|,,,safari 10.0,,desktop
WAS-LX3 Build/HUAWEIWAS-LX3||chrome 66.0 for android|,WAS-LX3 Build/HUAWEIWAS-LX3,,chrome 66.0 for android,,mobile
Moto E (4) Build/NMA26.42-19||chrome 66.0 for android|,Moto E (4) Build/NMA26.42-19,,chrome 66.0 for android,,mobile
TREKKER-X3 Build/MMB29M||chrome 66.0 for android|,TREKKER-X3 Build/MMB29M,,chrome 66.0 for android,,mobile
Hisense F24 Build/NRD90M||chrome generic for android|,Hisense F24 Build/NRD90M,,chrome generic for android,,mobile
6039A Build/LRX22G||chrome 66.0 for android|,6039A Build/LRX22G,,chrome 66.0 for android,,mobile
E2306 Build/26.1.A.3.111||chrome 66.0 for android|,E2306 Build/26.1.A.3.111,,chrome 66.0 for android,,mobile
SM-N910V Build/MMB29M|Android 6.0.1|chrome generic for android|2560x1440,SM-N910V Build/MMB29M,Android 6.0.1,chrome generic for android,2560x1440,mobile
ALE-L23 Build/HuaweiALE-L23||chrome 66.0 for android|,ALE-L23 Build/HuaweiALE-L23,,chrome 66.0 for android,,mobile
|Linux|chrome 66.0|1280x1024,,Linux,chrome 66.0,1280x1024,desktop
SM-A500M Build/KTU84P||chrome generic|,SM-A500M Build/KTU84P,,chrome generic,,desktop
Hisense F32 Build/NMF26F||chrome generic for android|,Hisense F32 Build/NMF26F,,chrome generic for android,,mobile
iOS Device|iOS 11.3.1|chrome 66.0 for ios|2048x1536,iOS Device,iOS 11.3.1,chrome 66.0 for ios,2048x1536,mobile
A0001||chrome 66.0 for android|,A0001,,chrome 66.0 for android,,mobile
Moto C Build/NRD90M.057||chrome generic for android|,Moto C Build/NRD90M.057,,chrome generic for android,,mobile
SM-G960F Build/R16NW||chrome generic for android|,SM-G960F Build/R16NW,,chrome generic for android,,mobile
SM-G955F Build/R16NW||chrome 66.0 for android|,SM-G955F Build/R16NW,,chrome 66.0 for android,,mobile
SAMSUNG SM-N950U Build/R16NW|Android 8.0.0|samsung browser 7.0|2220x1080,SAMSUNG SM-N950U Build/R16NW,Android 8.0.0,samsung browser 7.0,2220x1080,mobile
MacOS|Mac OS X 10_13_4|chrome 66.0|3696x2310,MacOS,Mac OS X 10_13_4,chrome 66.0,3696x2310,desktop
MacOS|Mac OS X 10_13_4|safari 11.0|2880x1800,MacOS,Mac OS X 10_13_4,safari 11.0,2880x1800,desktop
|Android|chrome generic|801x480,,Android,chrome generic,801x480,mobile
SM-T377P Build/NMF26X|Android 7.1.1|chrome 66.0 for android|1280x800,SM-T377P Build/NMF26X,Android 7.1.1,chrome 66.0 for android,1280x800,mobile
iOS Device|iOS 11.3.0|mobile safari 11.0|2001x1125,iOS Device,iOS 11.3.0,mobile safari 11.0,2001x1125,mobile
Windows|Windows 10|chrome 66.0|1280x1024,Windows,Windows 10,chrome 66.0,1280x1024,desktop
SM-G730W8 Build/KOT49H||chrome 66.0 for android|,SM-G730W8 Build/KOT49H,,chrome 66.0 for android,,mobile
8050G Build/LMY47I||chrome generic|,8050G Build/LMY47I,,chrome generic,,desktop
Trident/7.0|Windows 10|ie 11.0 for desktop|1279x1023,Trident/7.0,Windows 10,ie 11.0 for desktop,1279x1023,desktop
Alcatel_4060O Build/MMB29M|Android 6.0.1|chrome generic for android|855x480,Alcatel_4060O Build/MMB29M,Android 6.0.1,chrome generic for android,855x480,mobile
Windows|Windows 7|chrome 66.0|1366x768,Windows,Windows 7,chrome 66.0,1366x768,desktop
AX1060||chrome 65.0 for android|,AX1060,,chrome 65.0 for android,,mobile
SM-J727U Build/NRD90M||chrome 65.0 for android|,SM-J727U Build/NRD90M,,chrome 65.0 for android,,mobile
Trident/7.0|Windows 10|ie 11.0 for tablet|2159x1439,Trident/7.0,Windows 10,ie 11.0 for tablet,2159x1439,desktop
MacOS|Mac OS X 10_9_5|safari 9.0|1440x900,MacOS,Mac OS X 10_9_5,safari 9.0,1440x900,desktop
Windows|Windows 10|chrome 66.0|1024x768,Windows,Windows 10,chrome 66.0,1024x768,desktop
GT-N5110 Build/JDQ39||chrome 66.0 for android|,GT-N5110 Build/JDQ39,,chrome 66.0 for android,,mobile
MacOS|Mac OS X 10_12_6|safari 11.0|1920x1080,MacOS,Mac OS X 10_12_6,safari 11.0,1920x1080,desktop
Windows|Windows 8.1|chrome generic|1680x1050,Windows,Windows 8.1,chrome generic,1680x1050,desktop
Moto G (5) Plus Build/NPN25.137-92||chrome 66.0 for android|,Moto G (5) Plus Build/NPN25.137-92,,chrome 66.0 for android,,mobile
MacOS|Mac OS X 10_13_4|chrome generic|3840x2400,MacOS,Mac OS X 10_13_4,chrome generic,3840x2400,desktop
XT1032 Build/LPBS23.13-56-2||chrome 66.0 for android|,XT1032 Build/LPBS23.13-56-2,,chrome 66.0 for android,,mobile
MacOS|Mac OS X 10_11_6|chrome 65.0|1600x900,MacOS,Mac OS X 10_11_6,chrome 65.0,1600x900,desktop
ZTE BLADE V8 MINI Build/NRD90M||chrome generic for android|,ZTE BLADE V8 MINI Build/NRD90M,,chrome generic for android,,mobile
SM-G930F Build/NRD90M|Android 7.0|chrome generic for android|1281x721,SM-G930F Build/NRD90M,Android 7.0,chrome generic for android,1281x721,mobile
SM-A710M Build/NRD90M||chrome 66.0 for android|,SM-A710M Build/NRD90M,,chrome 66.0 for android,,mobile
MacOS|Mac OS X 10_13_3|safari 11.0|1440x900,MacOS,Mac OS X 10_13_3,safari 11.0,1440x900,desktop
MYA-L13 Build/HUAWEIMYA-L13||chrome 66.0 for android|,MYA-L13 Build/HUAWEIMYA-L13,,chrome 66.0 for android,,mobile
SM-P550||chrome 66.0 for android|,SM-P550,,chrome 66.0 for android,,mobile
MacOS|Mac OS X 10_13_3|chrome 66.0|1600x900,MacOS,Mac OS X 10_13_3,chrome 66.0,1600x900,desktop
SM-J105B Build/LMY47V||chrome generic|,SM-J105B Build/LMY47V,,chrome generic,,desktop
XT1635-02|Android 7.1.1|chrome generic for android|1920x1080,XT1635-02,Android 7.1.1,chrome generic for android,1920x1080,mobile
MacOS|Mac OS X 10_13_3|chrome 66.0|1440x900,MacOS,Mac OS X 10_13_3,chrome 66.0,1440x900,desktop
MacOS|Mac OS X 10_12_3|safari generic|3360x2100,MacOS,Mac OS X 10_12_3,safari generic,3360x2100,desktop
Windows|Windows 10|chrome 66.0|1760x990,Windows,Windows 10,chrome 66.0,1760x990,desktop
Moto E (4) Build/NMA26.42-69||chrome 66.0 for android|,Moto E (4) Build/NMA26.42-69,,chrome 66.0 for android,,mobile
MacOS|Mac OS X 10_11_6|safari 11.0|1280x800,MacOS,Mac OS X 10_11_6,safari 11.0,1280x800,desktop
MacOS|Mac OS X 10_12_6|safari 11.0|3360x2100,MacOS,Mac OS X 10_12_6,safari 11.0,3360x2100,desktop
Hisense L675 Build/MRA58K||chrome generic for android|,Hisense L675 Build/MRA58K,,chrome generic for android,,mobile
MacOS|Mac OS X 10_13_4|chrome 66.0|1536x864,MacOS,Mac OS X 10_13_4,chrome 66.0,1536x864,desktop
MacOS|Mac OS X 10_13_2|safari 11.0|1440x900,MacOS,Mac OS X 10_13_2,safari 11.0,1440x900,desktop
SM-J700M Build/MMB29K||chrome 66.0 for android|,SM-J700M Build/MMB29K,,chrome 66.0 for android,,mobile
|Android|chrome 66.0|1280x720,,Android,chrome 66.0,1280x720,mobile
iOS Device|iOS 11.2.6|mobile safari 11.0|2048x1536,iOS Device,iOS 11.2.6,mobile safari 11.0,2048x1536,mobile
MacOS|Mac OS X 10_10_5|chrome 66.0|2560x1440,MacOS,Mac OS X 10_10_5,chrome 66.0,2560x1440,desktop
SM-G930F Build/NRD90M||chrome 66.0 for android|,SM-G930F Build/NRD90M,,chrome 66.0 for android,,mobile
LG-H320 Build/LRX21Y||chrome 66.0 for android|,LG-H320 Build/LRX21Y,,chrome 66.0 for android,,mobile
MacOS|Mac OS X 10_12_6|chrome 66.0|1440x900,MacOS,Mac OS X 10_12_6,chrome 66.0,1440x900,desktop
SM-J700M Build/LMY48B||chrome 66.0 for android|,SM-J700M Build/LMY48B,,chrome 66.0 for android,,mobile
iOS Device|iOS 11.2.6|mobile safari 11.0|1334x750,iOS Device,iOS 11.2.6,mobile safari 11.0,1334x750,mobile
SM-G550T1 Build/MMB29K||chrome 65.0 for android|,SM-G550T1 Build/MMB29K,,chrome 65.0 for android,,mobile
MacOS|Mac OS X 10_13_4|safari 11.0|5120x2880,MacOS,Mac OS X 10_13_4,safari 11.0,5120x2880,desktop
MacOS|Mac OS X 10_13_3|safari 11.0|1920x1080,MacOS,Mac OS X 10_13_3,safari 11.0,1920x1080,desktop
Redmi 5 Plus Build/N2G47H||chrome generic for android|,Redmi 5 Plus Build/N2G47H,,chrome generic for android,,mobile
HUAWEI VNS-L53 Build/HUAWEIVNS-L53||chrome 66.0 for android|,HUAWEI VNS-L53 Build/HUAWEIVNS-L53,,chrome 66.0 for android,,mobile
SM-A510F Build/NRD90M||chrome 66.0 for android|,SM-A510F Build/NRD90M,,chrome 66.0 for android,,mobile
Ilium X510 Build/MRA58K||chrome 66.0 for android|,Ilium X510 Build/MRA58K,,chrome 66.0 for android,,mobile
iOS Device|iOS 11.3.1|mobile safari generic|1334x750,iOS Device,iOS 11.3.1,mobile safari generic,1334x750,mobile
Windows|Windows 7|chrome generic|1502x844,Windows,Windows 7,chrome generic,1502x844,desktop
SM-A720F Build/NRD90M||chrome 66.0 for android|,SM-A720F Build/NRD90M,,chrome 66.0 for android,,mobile
VKY-L09 Build/HUAWEIVKY-L09||chrome 66.0 for android|,VKY-L09 Build/HUAWEIVKY-L09,,chrome 66.0 for android,,mobile
SM-A730F Build/NMF26X||chrome 66.0 for android|,SM-A730F Build/NMF26X,,chrome 66.0 for android,,mobile
MacOS|Mac OS X 10_11_5|safari 9.0|2880x1800,MacOS,Mac OS X 10_11_5,safari 9.0,2880x1800,desktop
SM-N950U Build/NMF26X||chrome generic for android|,SM-N950U Build/NMF26X,,chrome generic for android,,mobile
||safari 9.0|,,,safari 9.0,,desktop
SM-A520F Build/NRD90M||chrome 66.0 for android|,SM-A520F Build/NRD90M,,chrome 66.0 for android,,mobile
F3111 Build/33.3.A.1.97||chrome generic for android|,F3111 Build/33.3.A.1.97,,chrome generic for android,,mobile
SAMSUNG-SM-G930A Build/NRD90M|Android 7.0|chrome 66.0 for android|1920x1080,SAMSUNG-SM-G930A Build/NRD90M,Android 7.0,chrome 66.0 for android,1920x1080,mobile
MacOS|Mac OS X 10_13_4|chrome 66.0|2880x1800,MacOS,Mac OS X 10_13_4,chrome 66.0,2880x1800,desktop
SM-G531H Build/LMY48B||chrome 66.0 for android|,SM-G531H Build/LMY48B,,chrome 66.0 for android,,mobile
HTC_Desire_820||android webview 4.0|,HTC_Desire_820,,android webview 4.0,,mobile
RCT6203W46 Build/KOT49H|Android 4.4.2|android browser 4.0|1024x552,RCT6203W46 Build/KOT49H,Android 4.4.2,android browser 4.0,1024x552,mobile
SM-G950U Build/R16NW|Android 8.0.0|chrome 66.0 for android|2960x1440,SM-G950U Build/R16NW,Android 8.0.0,chrome 66.0 for android,2960x1440,mobile
Moto G (4) Build/NPJS25.93-14-13||chrome 66.0 for android|,Moto G (4) Build/NPJS25.93-14-13,,chrome 66.0 for android,,mobile
SM-G960U Build/R16NW|Android 8.0.0|chrome 66.0 for android|2220x1080,SM-G960U Build/R16NW,Android 8.0.0,chrome 66.0 for android,2220x1080,mobile
Moto C Build/NRD90M.054||chrome generic for android|,Moto C Build/NRD90M.054,,chrome generic for android,,mobile
MacOS|Mac OS X 10_12_6|safari 11.0|2880x1800,MacOS,Mac OS X 10_12_6,safari 11.0,2880x1800,desktop
Trident/7.0|Windows 8.1|ie 11.0 for desktop|1024x767,Trident/7.0,Windows 8.1,ie 11.0 for desktop,1024x767,desktop
iOS Device|iOS 11.2.6|mobile safari 11.0|2208x1242,iOS Device,iOS 11.2.6,mobile safari 11.0,2208x1242,mobile
MacOS|Mac OS X 10_13_4|chrome 66.0|2560x1600,MacOS,Mac OS X 10_13_4,chrome 66.0,2560x1600,desktop
Windows|Windows 7|chrome 66.0|2560x1080,Windows,Windows 7,chrome 66.0,2560x1080,desktop
MacOS|Mac OS X 10_12_6|chrome 66.0|5120x2880,MacOS,Mac OS X 10_12_6,chrome 66.0,5120x2880,desktop
SM-J105B Build/LMY47V||chrome 66.0 for android|,SM-J105B Build/LMY47V,,chrome 66.0 for android,,mobile
Windows|Windows 7|chrome 66.0|1280x800,Windows,Windows 7,chrome 66.0,1280x800,desktop
MacOS|Mac OS X 10_12_6|chrome|1280x800,MacOS,Mac OS X 10_12_6,chrome,1280x800,desktop
TA-1032||chrome 56.0 for android|,TA-1032,,chrome 56.0 for android,,mobile
MOT-A6020l37 Build/LMY47V||chrome 43.0 for android|,MOT-A6020l37 Build/LMY47V,,chrome 43.0 for android,,mobile
iOS Device|iOS 11.2.5|chrome 66.0 for ios|2436x1125,iOS Device,iOS 11.2.5,chrome 66.0 for ios,2436x1125,mobile
SM-T280 Build/LMY47V|Android 5.1.1|chrome 66.0 for android|1280x800,SM-T280 Build/LMY47V,Android 5.1.1,chrome 66.0 for android,1280x800,mobile
MacOS|Mac OS X 10_11_6|safari 9.0|1440x900,MacOS,Mac OS X 10_11_6,safari 9.0,1440x900,desktop
Linux x86_64|Linux|firefox 59.0|1366x768,Linux x86_64,Linux,firefox 59.0,1366x768,desktop
SM-G800M Build/KOT49H||chrome 66.0 for android|,SM-G800M Build/KOT49H,,chrome 66.0 for android,,mobile
Windows|Windows 10|chrome 66.0|3840x2160,Windows,Windows 10,chrome 66.0,3840x2160,desktop
SM-G930V Build/NRD90M||chrome 66.0 for android|,SM-G930V Build/NRD90M,,chrome 66.0 for android,,mobile
Windows|Windows 7|chrome 66.0|1600x900,Windows,Windows 7,chrome 66.0,1600x900,desktop
ZTE BLADE V8 MINI Build/NRD90M||chrome 66.0 for android|,ZTE BLADE V8 MINI Build/NRD90M,,chrome 66.0 for android,,mobile
Redmi Note 4 Build/NRD90M||chrome 66.0 for android|,Redmi Note 4 Build/NRD90M,,chrome 66.0 for android,,mobile
LG-K200 Build/MXB48T||chrome 66.0 for android|,LG-K200 Build/MXB48T,,chrome 66.0 for android,,mobile
PRA-LX3 Build/HUAWEIPRA-LX3||chrome 66.0 for android|,PRA-LX3 Build/HUAWEIPRA-LX3,,chrome 66.0 for android,,mobile
SM-T670|Android 5.1.1|chrome 66.0 for android|1920x1080,SM-T670,Android 5.1.1,chrome 66.0 for android,1920x1080,mobile
SM-A530F Build/NMF26X||chrome 66.0 for android|,SM-A530F Build/NMF26X,,chrome 66.0 for android,,mobile
SM-J327P Build/MMB29M||chrome generic for android|,SM-J327P Build/MMB29M,,chrome generic for android,,mobile
SM-G925I Build/NRD90M||chrome 59.0 for android|,SM-G925I Build/NRD90M,,chrome 59.0 for android,,mobile
Windows|Windows 7|chrome 66.0|1024x768,Windows,Windows 7,chrome 66.0,1024x768,desktop
SM-T580 Build/NRD90M||chrome 66.0 for android|,SM-T580 Build/NRD90M,,chrome 66.0 for android,,mobile
Moto Z2 Play Build/NPSS26.118-19-14||chrome 66.0 for android|,Moto Z2 Play Build/NPSS26.118-19-14,,chrome 66.0 for android,,mobile
MacOS|Mac OS X 10_13_4|chrome 66.0|3360x2100,MacOS,Mac OS X 10_13_4,chrome 66.0,3360x2100,desktop
XT1650||chrome 66.0 for android|,XT1650,,chrome 66.0 for android,,mobile
iOS Device|iOS 11.3.1|google search application 48.0|2208x1242,iOS Device,iOS 11.3.1,google search application 48.0,2208x1242,mobile
Windows|Windows 10|edge 16.0|2256x1504,Windows,Windows 10,edge 16.0,2256x1504,desktop
Moto G (5) Build/NPPS25.137-93-4||chrome 65.0 for android|,Moto G (5) Build/NPPS25.137-93-4,,chrome 65.0 for android,,mobile
SM-G930VL Build/NRD90M|Android 7.0|chrome 66.0 for android|2560x1440,SM-G930VL Build/NRD90M,Android 7.0,chrome 66.0 for android,2560x1440,mobile
MacOS|Mac OS X 10_9_5|safari 9.0|1920x1080,MacOS,Mac OS X 10_9_5,safari 9.0,1920x1080,desktop
RNE-L03 Build/HUAWEIRNE-L03||chrome 66.0 for android|,RNE-L03 Build/HUAWEIRNE-L03,,chrome 66.0 for android,,mobile
MacOS|Mac OS X 10_13_4|chrome generic|2560x1440,MacOS,Mac OS X 10_13_4,chrome generic,2560x1440,desktop
SM-G965U Build/R16NW|Android 8.0.0|chrome 66.0 for android|2220x1081,SM-G965U Build/R16NW,Android 8.0.0,chrome 66.0 for android,2220x1081,mobile
SM-T310 Build/KOT49H||chrome generic|,SM-T310 Build/KOT49H,,chrome generic,,desktop
SM-J710MN Build/MMB29K||chrome 66.0 for android|,SM-J710MN Build/MMB29K,,chrome 66.0 for android,,mobile
Windows|Windows 8|chrome 66.0|1920x1080,Windows,Windows 8,chrome 66.0,1920x1080,desktop
Windows|Windows 8.1|chrome 66.0|1366x768,Windows,Windows 8.1,chrome 66.0,1366x768,desktop
Windows|Windows 10|edge 17.0|1919x1079,Windows,Windows 10,edge 17.0,1919x1079,desktop
Pixel||chrome 66.0 for android|,Pixel,,chrome 66.0 for android,,mobile
iOS Device|iOS 11.3.0|mobile safari 11.0|1136x640,iOS Device,iOS 11.3.0,mobile safari 11.0,1136x640,mobile
MacOS|Mac OS X 10_11_4|safari 9.0|1440x900,MacOS,Mac OS X 10_11_4,safari 9.0,1440x900,desktop
Ilium X210 Build/LMY47I||chrome 49.0 for android|,Ilium X210 Build/LMY47I,,chrome 49.0 for android,,mobile
G3123 Build/40.0.A.6.189||chrome generic for android|,G3123 Build/40.0.A.6.189,,chrome generic for android,,mobile
SM-N920P Build/NRD90M||chrome 66.0 for android|,SM-N920P Build/NRD90M,,chrome 66.0 for android,,mobile
MacOS|Mac OS X 10_10_5|chrome 66.0|2560x1600,MacOS,Mac OS X 10_10_5,chrome 66.0,2560x1600,desktop
iOS Device|iOS 11.3.0|mobile safari 11.0|2732x2048,iOS Device,iOS 11.3.0,mobile safari 11.0,2732x2048,mobile
STF-L09 Build/HUAWEISTF-L09||chrome 66.0 for android|,STF-L09 Build/HUAWEISTF-L09,,chrome 66.0 for android,,mobile
SM-G532M Build/MMB29T||chrome 55.0 for android|,SM-G532M Build/MMB29T,,chrome 55.0 for android,,mobile
MacOS|Mac OS X 10_11_6|chrome 66.0|1280x800,MacOS,Mac OS X 10_11_6,chrome 66.0,1280x800,desktop
Moto G Play Build/MPIS24.241-15.3-7||chrome 66.0 for android|,Moto G Play Build/MPIS24.241-15.3-7,,chrome 66.0 for android,,mobile
MacOS|Mac OS X 10_10_5|safari 9.0|1440x900,MacOS,Mac OS X 10_10_5,safari 9.0,1440x900,desktop
5010G Build/MRA58K||chrome 66.0 for android|,5010G Build/MRA58K,,chrome 66.0 for android,,mobile
BLL-L23 Build/HUAWEIBLL-L23||chrome 66.0 for android|,BLL-L23 Build/HUAWEIBLL-L23,,chrome 66.0 for android,,mobile
Moto E (4) Plus Build/NMA26.42-69||chrome 66.0 for android|,Moto E (4) Plus Build/NMA26.42-69,,chrome 66.0 for android,,mobile
verykoolS5005||chrome|,verykoolS5005,,chrome,,mobile
SM-G965F Build/R16NW||chrome generic for android|,SM-G965F Build/R16NW,,chrome generic for android,,mobile
MacOS|Mac OS X 10_13_4|chrome 66.0|1152x720,MacOS,Mac OS X 10_13_4,chrome 66.0,1152x720,desktop
SM-G925I Build/NRD90M||chrome 66.0 for android|,SM-G925I Build/NRD90M,,chrome 66.0 for android,,mobile
Moto G (4) Build/NPJ25.93-14.7||chrome 66.0 for android|,Moto G (4) Build/NPJ25.93-14.7,,chrome 66.0 for android,,mobile
SM-T700 Build/MMB29K||chrome 66.0 for android|,SM-T700 Build/MMB29K,,chrome 66.0 for android,,mobile
MacOS|Mac OS X 10_11_6|safari 11.0|1920x1080,MacOS,Mac OS X 10_11_6,safari 11.0,1920x1080,desktop
SM-T550 Build/NMF26X|Android 7.1.1|chrome 66.0 for android|1024x768,SM-T550 Build/NMF26X,Android 7.1.1,chrome 66.0 for android,1024x768,mobile
MacOS|Mac OS X 10_13_3|safari 11.0|2880x1800,MacOS,Mac OS X 10_13_3,safari 11.0,2880x1800,desktop
SM-G570M Build/NRD90M||chrome 66.0 for android|,SM-G570M Build/NRD90M,,chrome 66.0 for android,,mobile
SM-G920F Build/NRD90M||chrome 66.0 for android|,SM-G920F Build/NRD90M,,chrome 66.0 for android,,mobile
rv:59.0|Windows 7|firefox 59.0|1920x1080,rv:59.0,Windows 7,firefox 59.0,1920x1080,desktop
Moto G Play Build/NPIS26.48-36-5||chrome 66.0 for android|,Moto G Play Build/NPIS26.48-36-5,,chrome 66.0 for android,,mobile
MacOS|Mac OS X 10_13_2|chrome 66.0|5120x2880,MacOS,Mac OS X 10_13_2,chrome 66.0,5120x2880,desktop
SM-T713 Build/NRD90M||chrome generic for android|,SM-T713 Build/NRD90M,,chrome generic for android,,mobile
Windows|Windows 10|firefox 59.0|3000x2000,Windows,Windows 10,firefox 59.0,3000x2000,desktop
VTR-L09 Build/HUAWEIVTR-L09||chrome 66.0 for android|,VTR-L09 Build/HUAWEIVTR-L09,,chrome 66.0 for android,,mobile
SM-G610M Build/NRD90M||chrome 66.0 for android|,SM-G610M Build/NRD90M,,chrome 66.0 for android,,mobile
MacOS|Mac OS X 10_13_4|safari 11.0|1440x900,MacOS,Mac OS X 10_13_4,safari 11.0,1440x900,desktop
SM-G935V Build/NRD90M|Android 7.0|chrome 66.0 for android|1920x1080,SM-G935V Build/NRD90M,Android 7.0,chrome 66.0 for android,1920x1080,mobile
Trident/7.0|Windows 8.1|ie 11.0 for desktop|3840x2160,Trident/7.0,Windows 8.1,ie 11.0 for desktop,3840x2160,desktop
SM-G900V Build/MMB29M|Android 6.0.1|chrome 66.0 for android|1920x1080,SM-G900V Build/MMB29M,Android 6.0.1,chrome 66.0 for android,1920x1080,mobile
MacOS|Mac OS X 10_11_6|safari 11.0|5120x2880,MacOS,Mac OS X 10_11_6,safari 11.0,5120x2880,desktop
Windows|Windows 10|chrome 66.0|2400x1350,Windows,Windows 10,chrome 66.0,2400x1350,desktop
DLI-L22 Build/HONORDLI-L22||chrome 66.0 for android|,DLI-L22 Build/HONORDLI-L22,,chrome 66.0 for android,,mobile
F3111 Build/33.3.A.1.97||chrome 66.0 for android|,F3111 Build/33.3.A.1.97,,chrome 66.0 for android,,mobile
LG-K580 Build/MRA58K||chrome 66.0 for android|,LG-K580 Build/MRA58K,,chrome 66.0 for android,,mobile
Shift Build/LMY47I||chrome 46.0 for android|,Shift Build/LMY47I,,chrome 46.0 for android,,mobile
SM-G930V Build/NRD90M|Android 7.0|chrome generic for android|2560x1440,SM-G930V Build/NRD90M,Android 7.0,chrome generic for android,2560x1440,mobile
EVA-L09 Build/HUAWEIEVA-L09||chrome 66.0 for android|,EVA-L09 Build/HUAWEIEVA-L09,,chrome 66.0 for android,,mobile
SM-G800F Build/MMB29K||chrome 66.0 for android|,SM-G800F Build/MMB29K,,chrome 66.0 for android,,mobile
G3223 Build/42.0.A.4.167||chrome 66.0 for android|,G3223 Build/42.0.A.4.167,,chrome 66.0 for android,,mobile
EML-L29 Build/HUAWEIEML-L29||chrome 66.0 for android|,EML-L29 Build/HUAWEIEML-L29,,chrome 66.0 for android,,mobile
TRT-L53 Build/HUAWEITRT-L53||chrome 66.0 for android|,TRT-L53 Build/HUAWEITRT-L53,,chrome 66.0 for android,,mobile
Redmi 4A Build/MMB29M||chrome 66.0 for android|,Redmi 4A Build/MMB29M,,chrome 66.0 for android,,mobile
Android 4.4.2|Android 4.4.2|chrome generic|1280x732,Android 4.4.2,Android 4.4.2,chrome generic,1280x732,mobile
Windows|Windows 7|ie 11.0 for desktop|1400x1050,Windows,Windows 7,ie 11.0 for desktop,1400x1050,desktop
F5121 Build/34.4.A.2.19||chrome 66.0 for android|,F5121 Build/34.4.A.2.19,,chrome 66.0 for android,,mobile
Windows|Windows 7|chrome 66.0|1920x1200,Windows,Windows 7,chrome 66.0,1920x1200,desktop
Windows|Windows 10|chrome 66.0|1280x800,Windows,Windows 10,chrome 66.0,1280x800,desktop
Windows||firefox 60.0|,Windows,,firefox 60.0,,desktop
SM-G610F Build/NRD90M||chrome generic for android|,SM-G610F Build/NRD90M,,chrome generic for android,,mobile
SM-J320M Build/LMY47V||chrome 66.0 for android|,SM-J320M Build/LMY47V,,chrome 66.0 for android,,mobile
Nexus||chrome 66.0 for android|,Nexus,,chrome 66.0 for android,,mobile
Windows|Windows 10|edge 16.0|1439x899,Windows,Windows 10,edge 16.0,1439x899,desktop
iOS Device|iOS 10.2.0|google search application 48.0|2048x1536,iOS Device,iOS 10.2.0,google search application 48.0,2048x1536,mobile
PSPC550 Build/LMY47D||samsung browser 6.4|,PSPC550 Build/LMY47D,,samsung browser 6.4,,mobile
Moto Z2 Play Build/NPS26.118-19||chrome generic for android|,Moto Z2 Play Build/NPS26.118-19,,chrome generic for android,,mobile
Blade V6 Plus Build/MRA58K||chrome 66.0 for android|,Blade V6 Plus Build/MRA58K,,chrome 66.0 for android,,mobile
MacOS|Mac OS X 10_13_3|chrome 66.0|3360x2100,MacOS,Mac OS X 10_13_3,chrome 66.0,3360x2100,desktop
Moto G (5) Build/NPPS25.137-15-11||chrome 66.0 for android|,Moto G (5) Build/NPPS25.137-15-11,,chrome 66.0 for android,,mobile
SAMSUNG-SM-N920A Build/NRD90M||chrome 64.0 for android|,SAMSUNG-SM-N920A Build/NRD90M,,chrome 64.0 for android,,mobile
SM-J510MN Build/MMB29M||chrome 66.0 for android|,SM-J510MN Build/MMB29M,,chrome 66.0 for android,,mobile
GRANT||chrome 66.0 for android|,GRANT,,chrome 66.0 for android,,mobile
Moto Z (2||chrome 66.0 for android|,Moto Z (2,,chrome 66.0 for android,,mobile
LGMP260 Build/NRD90U|Android 7.0|chrome 66.0 for android|1280x720,LGMP260 Build/NRD90U,Android 7.0,chrome 66.0 for android,1280x720,mobile
HTC Desire 530 Build/MMB29M||chrome 66.0 for android|,HTC Desire 530 Build/MMB29M,,chrome 66.0 for android,,mobile
SM-G955F Build/NRD90M||android webview 4.0|,SM-G955F Build/NRD90M,,android webview 4.0,,mobile
Redmi 5 Plus Build/N2G47H||chrome 66.0 for android|,Redmi 5 Plus Build/N2G47H,,chrome 66.0 for android,,mobile
MotoG3-TE Build/MPDS24.65-33-1-30||chrome 54.0 for android|,MotoG3-TE Build/MPDS24.65-33-1-30,,chrome 54.0 for android,,mobile
SM-G950F Build/R16NW||chrome 66.0 for android|,SM-G950F Build/R16NW,,chrome 66.0 for android,,mobile
HUAWEI TAG-L13 Build/HUAWEITAG-L13||chrome 66.0 for android|,HUAWEI TAG-L13 Build/HUAWEITAG-L13,,chrome 66.0 for android,,mobile
SAMSUNG SM-G950U1 Build/R16NW|Android 8.0.0|samsung browser 7.0|2220x1080,SAMSUNG SM-G950U1 Build/R16NW,Android 8.0.0,samsung browser 7.0,2220x1080,mobile
moto g(6) play Build/OPP27.61-14-4||chrome generic|,moto g(6) play Build/OPP27.61-14-4,,chrome generic,,desktop
SM-G950U Build/R16NW||chrome 66.0 for android|,SM-G950U Build/R16NW,,chrome 66.0 for android,,mobile
LG-X180g Build/LMY47I||chrome 66.0 for android|,LG-X180g Build/LMY47I,,chrome 66.0 for android,,mobile
SM-G950F Build/NRD90M||chrome 66.0 for android|,SM-G950F Build/NRD90M,,chrome 66.0 for android,,mobile
SM-G955U Build/R16NW|Android 8.0.0|chrome 66.0 for android|2220x1080,SM-G955U Build/R16NW,Android 8.0.0,chrome 66.0 for android,2220x1080,mobile
HUAWEI RIO-L03 Build/HUAWEIRIO-L03||chrome 66.0 for android|,HUAWEI RIO-L03 Build/HUAWEIRIO-L03,,chrome 66.0 for android,,mobile
MotoG3 Build/MPIS24.65-33.1-2-16||chrome 66.0 for android|,MotoG3 Build/MPIS24.65-33.1-2-16,,chrome 66.0 for android,,mobile
LG-LS997 Build/NRD90M|Android 7.0|chrome 56.0 for android|2560x1440,LG-LS997 Build/NRD90M,Android 7.0,chrome 56.0 for android,2560x1440,mobile
|Linux|chrome 66.0|1280x800,,Linux,chrome 66.0,1280x800,desktop
MacOS|Mac OS X 10_13_4|chrome 66.0|1848x1155,MacOS,Mac OS X 10_13_4,chrome 66.0,1848x1155,desktop
Moto G (5) Plus Build/NPNS25.137-92-8||chrome 66.0 for android|,Moto G (5) Plus Build/NPNS25.137-92-8,,chrome 66.0 for android,,mobile
SAMSUNG-SM-G890A Build/MMB29K||chrome 66.0 for android|,SAMSUNG-SM-G890A Build/MMB29K,,chrome 66.0 for android,,mobile
7048A Build/LRX22G||chrome 66.0 for android|,7048A Build/LRX22G,,chrome 66.0 for android,,mobile
Windows|Windows 7|firefox 60.0|1366x768,Windows,Windows 7,firefox 60.0,1366x768,desktop
Windows|Windows 10|chrome 66.0|1920x1281,Windows,Windows 10,chrome 66.0,1920x1281,desktop
MacOS|Mac OS X 10_10_5|safari 10.0|1920x1080,MacOS,Mac OS X 10_10_5,safari 10.0,1920x1080,desktop
SAMSUNG SM-G930R4 Build/NRD90M|Android 7.0|samsung browser 6.4|1920x1080,SAMSUNG SM-G930R4 Build/NRD90M,Android 7.0,samsung browser 6.4,1920x1080,mobile
Moto G (5) Build/NPP25.137-93||chrome 66.0 for android|,Moto G (5) Build/NPP25.137-93,,chrome 66.0 for android,,mobile
MacOS|Mac OS X 10_11_6|safari 11.0|1024x640,MacOS,Mac OS X 10_11_6,safari 11.0,1024x640,desktop
iOS Device|iOS 11.3.0|chrome 66.0 for ios|2436x1125,iOS Device,iOS 11.3.0,chrome 66.0 for ios,2436x1125,mobile
Windows|Windows 10|chrome 66.0|1440x900,Windows,Windows 10,chrome 66.0,1440x900,desktop
iOS Device|iOS 11.2.6|mobile safari 11.0|1136x640,iOS Device,iOS 11.2.6,mobile safari 11.0,1136x640,mobile
Windows|Windows 7|chrome 66.0|1600x1200,Windows,Windows 7,chrome 66.0,1600x1200,desktop
iOS Device|iOS 11.1.2|google search application 48.0|2048x1536,iOS Device,iOS 11.1.2,google search application 48.0,2048x1536,mobile
SM-G955U Build/R16NW|Android 8.0.0|chrome 66.0 for android|2220x1081,SM-G955U Build/R16NW,Android 8.0.0,chrome 66.0 for android,2220x1081,mobile
iOS Device|iOS 11.3.1|google search application 48.0|2224x1668,iOS Device,iOS 11.3.1,google search application 48.0,2224x1668,mobile
MacOS|Mac OS X 10_13_4|safari 11.0|4096x2304,MacOS,Mac OS X 10_13_4,safari 11.0,4096x2304,desktop
MacOS|Mac OS X 10_13_3|chrome 66.0|1280x800,MacOS,Mac OS X 10_13_3,chrome 66.0,1280x800,desktop
MacOS|Mac OS X 10_13_4|safari 11.0|3360x2100,MacOS,Mac OS X 10_13_4,safari 11.0,3360x2100,desktop
Trident/7.0|Windows 8.1|ie 11.0 for desktop|1359x768,Trident/7.0,Windows 8.1,ie 11.0 for desktop,1359x768,desktop
CLT-L09||chrome 66.0 for android|,CLT-L09,,chrome 66.0 for android,,mobile
MacOS|Mac OS X 10_11_6|safari 11.0|1440x900,MacOS,Mac OS X 10_11_6,safari 11.0,1440x900,desktop
BLADE V8 SE Build/NRD90M||chrome 66.0 for android|,BLADE V8 SE Build/NRD90M,,chrome 66.0 for android,,mobile
SM-G570M Build/MMB29K||chrome 66.0 for android|,SM-G570M Build/MMB29K,,chrome 66.0 for android,,mobile
MacOS|Mac OS X 10_10_5|safari 10.0|1280x800,MacOS,Mac OS X 10_10_5,safari 10.0,1280x800,desktop
iOS Device|iOS 11.2.6|mobile safari 11.0|2001x1125,iOS Device,iOS 11.2.6,mobile safari 11.0,2001x1125,mobile
SAMSUNG SM-G532M Build/MMB29T||samsung browser 4.2|,SAMSUNG SM-G532M Build/MMB29T,,samsung browser 4.2,,mobile
SM-G965F Build/R16NW||chrome 66.0 for android|,SM-G965F Build/R16NW,,chrome 66.0 for android,,mobile
MacOS|Mac OS X 10_13_1|safari 11.0|2880x1800,MacOS,Mac OS X 10_13_1,safari 11.0,2880x1800,desktop
LG-H990 Build/NRD90M||chrome 66.0 for android|,LG-H990 Build/NRD90M,,chrome 66.0 for android,,mobile
MacOS|Mac OS X 10_12_6|safari 11.0|2048x1280,MacOS,Mac OS X 10_12_6,safari 11.0,2048x1280,desktop
MacOS|Mac OS X 10_12_6|safari 11.0|2560x1440,MacOS,Mac OS X 10_12_6,safari 11.0,2560x1440,desktop
Moto G (4) Build/NPJS25.93-14-15||chrome 56.0 for android|,Moto G (4) Build/NPJS25.93-14-15,,chrome 56.0 for android,,mobile
Windows|Windows 8.1|chrome 66.0|1920x1080,Windows,Windows 8.1,chrome 66.0,1920x1080,desktop
XT1710-02 Build/NDSS26.118-23-19-6|Android 7.1.1|chrome 66.0 for android|1920x1080,XT1710-02 Build/NDSS26.118-23-19-6,Android 7.1.1,chrome 66.0 for android,1920x1080,mobile
XT1710-02 Build/NDSS26.118-23-19-6||chrome 66.0 for android|,XT1710-02 Build/NDSS26.118-23-19-6,,chrome 66.0 for android,,mobile
|Linux|chrome 66.0|2961x1442,,Linux,chrome 66.0,2961x1442,desktop
HTC Desire 10 lifestyle Build/MMB29M||chrome 66.0 for android|,HTC Desire 10 lifestyle Build/MMB29M,,chrome 66.0 for android,,mobile
MacOS|Mac OS X 10_12_5|safari 10.0|2560x1600,MacOS,Mac OS X 10_12_5,safari 10.0,2560x1600,desktop
SAMSUNG-SM-G930A Build/NRD90M||chrome 66.0 for android|,SAMSUNG-SM-G930A Build/NRD90M,,chrome 66.0 for android,,mobile
TA-1028 Build/O00623||chrome 66.0 for android|,TA-1028 Build/O00623,,chrome 66.0 for android,,mobile
SM-G920V Build/NRD90M|Android 7.0|chrome 66.0 for android|2560x1440,SM-G920V Build/NRD90M,Android 7.0,chrome 66.0 for android,2560x1440,mobile
iOS Device|iOS 11.3.1|google|2208x1242,iOS Device,iOS 11.3.1,google,2208x1242,mobile
MacOS|Mac OS X 10_11_6|chrome 66.0|2560x1600,MacOS,Mac OS X 10_11_6,chrome 66.0,2560x1600,desktop
Alcatel_5044R Build/NRD90M|Android 7.0|chrome 66.0 for android|855x480,Alcatel_5044R Build/NRD90M,Android 7.0,chrome 66.0 for android,855x480,mobile
Windows|Windows 10|chrome 66.0|3200x1800,Windows,Windows 10,chrome 66.0,3200x1800,desktop
iOS Device|iOS 11.3.0|google search application 48.0|2048x1536,iOS Device,iOS 11.3.0,google search application 48.0,2048x1536,mobile
HTC One A9s Build/MRA58K||chrome 66.0 for android|,HTC One A9s Build/MRA58K,,chrome 66.0 for android,,mobile
MacOS|Mac OS X 10_11_6|safari 11.0|1920x1200,MacOS,Mac OS X 10_11_6,safari 11.0,1920x1200,desktop
LG-M250 Build/NRD90U||chrome 66.0 for android|,LG-M250 Build/NRD90U,,chrome 66.0 for android,,mobile
iOS Device|iOS 11.3.0|google search application 48.0|1136x640,iOS Device,iOS 11.3.0,google search application 48.0,1136x640,mobile
iOS Device|iOS 11.3.1|chrome 66.0 for ios|1334x750,iOS Device,iOS 11.3.1,chrome 66.0 for ios,1334x750,mobile
SM-T350 Build/NMF26X|Android 7.1.1|chrome 66.0 for android|1024x768,SM-T350 Build/NMF26X,Android 7.1.1,chrome 66.0 for android,1024x768,mobile
MotoG3 Build/MPI24.65-33.1-2||chrome 66.0 for android|,MotoG3 Build/MPI24.65-33.1-2,,chrome 66.0 for android,,mobile
SM-T813 Build/NRD90M|Android 7.0|chrome 66.0 for android|2048x1536,SM-T813 Build/NRD90M,Android 7.0,chrome 66.0 for android,2048x1536,mobile
Blade A510 Build/MRA58K||chrome 66.0 for android|,Blade A510 Build/MRA58K,,chrome 66.0 for android,,mobile
Moto G (4) Build/NPJS25.93-14-13||chrome 63.0 for android|,Moto G (4) Build/NPJS25.93-14-13,,chrome 63.0 for android,,mobile
LG-M700 Build/NMF26X||chrome 66.0 for android|,LG-M700 Build/NMF26X,,chrome 66.0 for android,,mobile
iOS Device|iOS 11.2.0|google search application 48.0|1334x750,iOS Device,iOS 11.2.0,google search application 48.0,1334x750,mobile
Moto G (5) Build/NPP25.137-93||chrome 63.0 for android|,Moto G (5) Build/NPP25.137-93,,chrome 63.0 for android,,mobile
MacOS|Mac OS X 10_10_5|chrome 66.0|1920x1080,MacOS,Mac OS X 10_10_5,chrome 66.0,1920x1080,desktop
MacOS|Mac OS X 10_12_6|chrome 66.0|2560x1440,MacOS,Mac OS X 10_12_6,chrome 66.0,2560x1440,desktop
MacOS|Mac OS X 10_12_6|chrome 66.0|1920x1080,MacOS,Mac OS X 10_12_6,chrome 66.0,1920x1080,desktop
iOS Device|iOS 11.3.1|google search application 48.0|1334x750,iOS Device,iOS 11.3.1,google search application 48.0,1334x750,mobile
SM-T820 Build/NRD90M||chrome 66.0 for android|,SM-T820 Build/NRD90M,,chrome 66.0 for android,,mobile
SAMSUNG||samsung|,SAMSUNG,,samsung,,mobile
HUAWEI||chrome 66.0 for android|,HUAWEI,,chrome 66.0 for android,,mobile
Windows||opera 52.0|,Windows,,opera 52.0,,desktop
LG-H500 Build/LRX21Y||chrome 66.0 for android|,LG-H500 Build/LRX21Y,,chrome 66.0 for android,,mobile
LG-X220 Build/LMY47I||chrome 66.0 for android|,LG-X220 Build/LMY47I,,chrome 66.0 for android,,mobile
LG-D693n Build/LRX22G||chrome 49.0 for android|,LG-D693n Build/LRX22G,,chrome 49.0 for android,,mobile
SM-G935P Build/NRD90M||chrome 66.0 for android|,SM-G935P Build/NRD90M,,chrome 66.0 for android,,mobile
SM-G935F Build/MMB29K||chrome 66.0 for android|,SM-G935F Build/MMB29K,,chrome 66.0 for android,,mobile
iOS Device|iOS 11.3.1|google search application 48.0|2436x1125,iOS Device,iOS 11.3.1,google search application 48.0,2436x1125,mobile
MotoG3-TE Build/MPD24.65-33||chrome 66.0 for android|,MotoG3-TE Build/MPD24.65-33,,chrome 66.0 for android,,mobile
Windows||edge 17.0|,Windows,,edge 17.0,,desktop
SAMSUNG|Android|samsung|1920x1080,SAMSUNG,Android,samsung,1920x1080,mobile
MacOS|Mac OS X 10_13_4|chrome 66.0|1280x800,MacOS,Mac OS X 10_13_4,chrome 66.0,1280x800,desktop
SM-G928G Build/NRD90M||chrome 66.0 for android|,SM-G928G Build/NRD90M,,chrome 66.0 for android,,mobile
LG-X230 Build/MRA58K||chrome 66.0 for android|,LG-X230 Build/MRA58K,,chrome 66.0 for android,,mobile
HUAWEI NXT-L09 Build/HUAWEINXT-L09||chrome 66.0 for android|,HUAWEI NXT-L09 Build/HUAWEINXT-L09,,chrome 66.0 for android,,mobile
MacOS|Mac OS X 10_12_3|chrome 66.0|2880x1800,MacOS,Mac OS X 10_12_3,chrome 66.0,2880x1800,desktop
KFSUWI Build/LVY48F|Android 5.1.1|chrome 66.0 for android|1920x1200,KFSUWI Build/LVY48F,Android 5.1.1,chrome 66.0 for android,1920x1200,mobile
SM-G950U Build/R16NW|Android 8.0.0|chrome 66.0 for android|2220x1080,SM-G950U Build/R16NW,Android 8.0.0,chrome 66.0 for android,2220x1080,mobile
SM-G955F Build/NRD90M||chrome 66.0 for android|,SM-G955F Build/NRD90M,,chrome 66.0 for android,,mobile
MacOS|Mac OS X 10_11_6|chrome 66.0|1920x1080,MacOS,Mac OS X 10_11_6,chrome 66.0,1920x1080,desktop
iOS Device|iOS 11.3.0|chrome 66.0 for ios|2048x1536,iOS Device,iOS 11.3.0,chrome 66.0 for ios,2048x1536,mobile
MacOS|Mac OS X 10_12_6|chrome 66.0|3360x2100,MacOS,Mac OS X 10_12_6,chrome 66.0,3360x2100,desktop
iOS Device|iOS 11.2.6|mobile safari 11.0|2436x1125,iOS Device,iOS 11.2.6,mobile safari 11.0,2436x1125,mobile
Windows|Windows 10|firefox 60.0|1920x1080,Windows,Windows 10,firefox 60.0,1920x1080,desktop
SM-N950U Build/R16NW|Android 8.0.0|chrome 66.0 for android|2220x1080,SM-N950U Build/R16NW,Android 8.0.0,chrome 66.0 for android,2220x1080,mobile
MacOS|Mac OS X 10_10_5|safari 10.0|1440x900,MacOS,Mac OS X 10_10_5,safari 10.0,1440x900,desktop
Windows|Windows 8.1|chrome 64.0|1680x1050,Windows,Windows 8.1,chrome 64.0,1680x1050,desktop
SM-G900M Build/LRX21T||chrome 66.0 for android|,SM-G900M Build/LRX21T,,chrome 66.0 for android,,mobile
iOS Device|iOS 11.3.1|chrome 66.0 for ios|2436x1125,iOS Device,iOS 11.3.1,chrome 66.0 for ios,2436x1125,mobile
SM-N950U Build/R16NW|Android 8.0.0|chrome 66.0 for android|2220x1081,SM-N950U Build/R16NW,Android 8.0.0,chrome 66.0 for android,2220x1081,mobile
Windows|Windows 8.1|chrome 66.0|1368x768,Windows,Windows 8.1,chrome 66.0,1368x768,desktop
||google search application 48.0|,,,google search application 48.0,,mobile
SM-G850M||chrome 66.0 for android|,SM-G850M,,chrome 66.0 for android,,mobile
SAMSUNG SM-A510F Build/NRD90M||samsung browser 6.4|,SAMSUNG SM-A510F Build/NRD90M,,samsung browser 6.4,,mobile
rv:59.0|Mac OS X 10.11|firefox 59.0|1440x900,rv:59.0,Mac OS X 10.11,firefox 59.0,1440x900,desktop
Lenovo TB3-710F Build/LRX21M||chrome 66.0 for android|,Lenovo TB3-710F Build/LRX21M,,chrome 66.0 for android,,mobile
Windows|Windows 10|chrome 66.0|1092x614,Windows,Windows 10,chrome 66.0,1092x614,desktop
SM-G950F Build/R16NW|Android 8.0.0|chrome 66.0 for android|2220x1080,SM-G950F Build/R16NW,Android 8.0.0,chrome 66.0 for android,2220x1080,mobile
SM-J730GM Build/NRD90M||chrome 66.0 for android|,SM-J730GM Build/NRD90M,,chrome 66.0 for android,,mobile
XT1032||chrome 65.0 for android|,XT1032,,chrome 65.0 for android,,mobile
MacOS|Mac OS X 10_13_2|chrome 66.0|1920x1080,MacOS,Mac OS X 10_13_2,chrome 66.0,1920x1080,desktop
TA-1028 Build/NMF26O||chrome 66.0 for android|,TA-1028 Build/NMF26O,,chrome 66.0 for android,,mobile
SAMSUNG SM-G531H Build/LMY48B||samsung browser 3.3|,SAMSUNG SM-G531H Build/LMY48B,,samsung browser 3.3,,mobile
MacOS|Mac OS X 10_13_3|chrome 66.0|2560x1600,MacOS,Mac OS X 10_13_3,chrome 66.0,2560x1600,desktop
SM-T555||chrome 66.0 for android|,SM-T555,,chrome 66.0 for android,,mobile
MacOS|Mac OS X 10_13_4|safari 11.0|1280x800,MacOS,Mac OS X 10_13_4,safari 11.0,1280x800,desktop
rv:59.0|Windows 7|firefox 59.0|1440x900,rv:59.0,Windows 7,firefox 59.0,1440x900,desktop
Moto G (4) Build/NPJ25.93-14||chrome 66.0 for android|,Moto G (4) Build/NPJ25.93-14,,chrome 66.0 for android,,mobile
HTC Desire 650 Build/MMB29M||chrome 66.0 for android|,HTC Desire 650 Build/MMB29M,,chrome 66.0 for android,,mobile
Moto C Plus Build/NRD90M.05.034||chrome 66.0 for android|,Moto C Plus Build/NRD90M.05.034,,chrome 66.0 for android,,mobile
MacOS|Mac OS X 10_9_5|chrome 65.0|1680x1050,MacOS,Mac OS X 10_9_5,chrome 65.0,1680x1050,desktop
Moto G (4) Build/NPJS25.93-14-10||chrome 66.0 for android|,Moto G (4) Build/NPJS25.93-14-10,,chrome 66.0 for android,,mobile
iOS Device|iOS 11.3.0|chrome 66.0 for ios|2224x1668,iOS Device,iOS 11.3.0,chrome 66.0 for ios,2224x1668,mobile
iOS Device|iOS 10.3.3|google|2001x1125,iOS Device,iOS 10.3.3,google,2001x1125,mobile
iOS Device|iOS 11.2.6|mobile safari 11.0|2224x1668,iOS Device,iOS 11.2.6,mobile safari 11.0,2224x1668,mobile
Windows|Windows 10|chrome 66.0|1502x844,Windows,Windows 10,chrome 66.0,1502x844,desktop
iOS Device|iOS 11.3.1|google|1136x640,iOS Device,iOS 11.3.1,google,1136x640,mobile
MacOS|Mac OS X 10_13_3|safari 11.0|2560x1440,MacOS,Mac OS X 10_13_3,safari 11.0,2560x1440,desktop
HUAWEI G7-L03 Build/HuaweiG7-L03||chrome 66.0 for android|,HUAWEI G7-L03 Build/HuaweiG7-L03,,chrome 66.0 for android,,mobile
Build/KOT49H||chrome 66.0 for android|,Build/KOT49H,,chrome 66.0 for android,,mobile
F3213 Build/36.1.A.1.86||chrome 66.0 for android|,F3213 Build/36.1.A.1.86,,chrome 66.0 for android,,mobile
SM-G920T||chrome 66.0 for android|,SM-G920T,,chrome 66.0 for android,,mobile
Windows|Windows 10|firefox 60.0|1366x768,Windows,Windows 10,firefox 60.0,1366x768,desktop
LG-H870 Build/NRD90U||chrome 66.0 for android|,LG-H870 Build/NRD90U,,chrome 66.0 for android,,mobile
Trident/7.0|Windows 10|ie 11.0 for tablet|2159x1440,Trident/7.0,Windows 10,ie 11.0 for tablet,2159x1440,desktop
ALCATEL ONE TOUCH 7047A Build/JDQ39||chrome 65.0 for android|,ALCATEL ONE TOUCH 7047A Build/JDQ39,,chrome 65.0 for android,,mobile
Moto G (4) Build/NPJS25.93-14-15||chrome 66.0 for android|,Moto G (4) Build/NPJS25.93-14-15,,chrome 66.0 for android,,mobile
ALP-L09 Build/HUAWEIALP-L09S||chrome 66.0 for android|,ALP-L09 Build/HUAWEIALP-L09S,,chrome 66.0 for android,,mobile
LGL163BL|Android 7.0|chrome 66.0 for android|1280x720,LGL163BL,Android 7.0,chrome 66.0 for android,1280x720,mobile
HUAWEI VNS-L23 Build/HUAWEIVNS-L23||chrome 66.0 for android|,HUAWEI VNS-L23 Build/HUAWEIVNS-L23,,chrome 66.0 for android,,mobile
iOS Device|iOS 11.2.6|chrome 66.0 for ios|2436x1125,iOS Device,iOS 11.2.6,chrome 66.0 for ios,2436x1125,mobile
Moto G (4) Build/NPJS25.93-14-8||chrome 65.0 for android|,Moto G (4) Build/NPJS25.93-14-8,,chrome 65.0 for android,,mobile
iOS Device|iOS 11.3.0|google search application 48.0|1334x750,iOS Device,iOS 11.3.0,google search application 48.0,1334x750,mobile
ALCATEL ONE TOUCH 7047A Build/JDQ39||chrome|,ALCATEL ONE TOUCH 7047A Build/JDQ39,,chrome,,mobile
Windows|Windows 8.1|ie 11.0 for tablet|1920x1080,Windows,Windows 8.1,ie 11.0 for tablet,1920x1080,desktop
iOS Device|iOS 10.3.3|google|1136x640,iOS Device,iOS 10.3.3,google,1136x640,mobile
iOS Device|iOS 11.2.6|google search application 48.0|2048x1536,iOS Device,iOS 11.2.6,google search application 48.0,2048x1536,mobile
LG-D373||chrome 64.0 for android|,LG-D373,,chrome 64.0 for android,,mobile
SAMSUNG SM-A710M Build/NRD90M||samsung browser 6.4|,SAMSUNG SM-A710M Build/NRD90M,,samsung browser 6.4,,mobile
Ilium L1120 Build/NRD90M||chrome 66.0 for android|,Ilium L1120 Build/NRD90M,,chrome 66.0 for android,,mobile
SM-G892A|Android 8.0.0|chrome 66.0 for android|2220x1080,SM-G892A,Android 8.0.0,chrome 66.0 for android,2220x1080,mobile
Windows|Windows 7|chrome 66.0|2560x1440,Windows,Windows 7,chrome 66.0,2560x1440,desktop
MacOS|Mac OS X 10_12_6|safari 10.0|3360x2100,MacOS,Mac OS X 10_12_6,safari 10.0,3360x2100,desktop
MacOS|Mac OS X 10_12_6|chrome 66.0|1366x768,MacOS,Mac OS X 10_12_6,chrome 66.0,1366x768,desktop
M4 SS4456 Build/LMY47V||chrome 66.0 for android|,M4 SS4456 Build/LMY47V,,chrome 66.0 for android,,mobile
SLA-L03 Build/HUAWEISLA-L03||chrome 66.0 for android|,SLA-L03 Build/HUAWEISLA-L03,,chrome 66.0 for android,,mobile
MotoE2(4G-LTE||chrome 63.0 for android|,MotoE2(4G-LTE,,chrome 63.0 for android,,mobile
MacOS|Mac OS X 10_13_4|chrome 66.0|5120x2880,MacOS,Mac OS X 10_13_4,chrome 66.0,5120x2880,desktop
iOS Device|iOS 11.3.1|chrome 66.0 for ios|2208x1242,iOS Device,iOS 11.3.1,chrome 66.0 for ios,2208x1242,mobile
MacOS|Mac OS X 10_12_6|chrome 66.0|4200x2625,MacOS,Mac OS X 10_12_6,chrome 66.0,4200x2625,desktop
MacOS|Mac OS X 10_12_4|safari 10.0|2560x1600,MacOS,Mac OS X 10_12_4,safari 10.0,2560x1600,desktop
6037B||chrome 66.0 for android|,6037B,,chrome 66.0 for android,,mobile
|Android|chrome 66.0|2560x1440,,Android,chrome 66.0,2560x1440,mobile
MacOS|Mac OS X 10_12|safari 10.0|1440x900,MacOS,Mac OS X 10_12,safari 10.0,1440x900,desktop
MacOS|Mac OS X 10_12_5|safari 10.0|1440x900,MacOS,Mac OS X 10_12_5,safari 10.0,1440x900,desktop
rv:59.0|Mac OS X 10.10|firefox 59.0|2560x1600,rv:59.0,Mac OS X 10.10,firefox 59.0,2560x1600,desktop
Windows|Windows 10|chrome 66.0|3000x2000,Windows,Windows 10,chrome 66.0,3000x2000,desktop
XT1096||chrome 66.0 for android|,XT1096,,chrome 66.0 for android,,mobile
AKUS||chrome 66.0 for android|,AKUS,,chrome 66.0 for android,,mobile
SM-N950U Build/NMF26X|Android 7.1.1|chrome 66.0 for android|2220x1081,SM-N950U Build/NMF26X,Android 7.1.1,chrome 66.0 for android,2220x1081,mobile
LG-H830|Android 6.0.1|chrome 66.0 for android|2560x1440,LG-H830,Android 6.0.1,chrome 66.0 for android,2560x1440,mobile
iOS Device|iOS 11.3.1|google search application 48.0|1136x640,iOS Device,iOS 11.3.1,google search application 48.0,1136x640,mobile
VS988 Build/NRD90U|Android 7.0|chrome 66.0 for android|2672x1440,VS988 Build/NRD90U,Android 7.0,chrome 66.0 for android,2672x1440,mobile
SM-A320FL Build/NRD90M||chrome 66.0 for android|,SM-A320FL Build/NRD90M,,chrome 66.0 for android,,mobile
MacOS|Mac OS X 10_12_6|safari 10.0|1280x800,MacOS,Mac OS X 10_12_6,safari 10.0,1280x800,desktop
iOS Device|iOS 11.4.0|mobile safari 11.0|1334x750,iOS Device,iOS 11.4.0,mobile safari 11.0,1334x750,mobile
Moto G (5) Plus Build/NPNS25.137-92-8||chrome 65.0 for android|,Moto G (5) Plus Build/NPNS25.137-92-8,,chrome 65.0 for android,,mobile
LGMS550 Build/MXB48T||chrome 55.0 for android|,LGMS550 Build/MXB48T,,chrome 55.0 for android,,mobile
E6603 Build/32.4.A.1.54||chrome 66.0 for android|,E6603 Build/32.4.A.1.54,,chrome 66.0 for android,,mobile
MacOS|Mac OS X 10_11_6|safari 9.0|1920x1080,MacOS,Mac OS X 10_11_6,safari 9.0,1920x1080,desktop
Windows|Windows 10|edge 17.0|1920x1080,Windows,Windows 10,edge 17.0,1920x1080,desktop
iOS Device|iOS 11.3.0|google search application 48.0|2001x1125,iOS Device,iOS 11.3.0,google search application 48.0,2001x1125,mobile
Windows|Windows 10|chrome 66.0|1512x945,Windows,Windows 10,chrome 66.0,1512x945,desktop
MacOS|Mac|chrome 66.0|1920x1080,MacOS,Mac,chrome 66.0,1920x1080,desktop
LG-TP450 Build/NRD90U|Android 7.0|chrome 66.0 for android|1920x1080,LG-TP450 Build/NRD90U,Android 7.0,chrome 66.0 for android,1920x1080,mobile
LG-H840 Build/NRD90U||chrome 66.0 for android|,LG-H840 Build/NRD90U,,chrome 66.0 for android,,mobile
Lenovo A2016b30 Build/MRA58K||chrome 66.0 for android|,Lenovo A2016b30 Build/MRA58K,,chrome 66.0 for android,,mobile
TA-1044 Build/OPR1.170623.026||chrome 66.0 for android|,TA-1044 Build/OPR1.170623.026,,chrome 66.0 for android,,mobile
Windows|Windows 10|chrome 66.0|3441x1440,Windows,Windows 10,chrome 66.0,3441x1440,desktop
E6553||chrome 66.0 for android|,E6553,,chrome 66.0 for android,,mobile
Windows|Windows 7|chrome 66.0|1280x768,Windows,Windows 7,chrome 66.0,1280x768,desktop
Windows|Windows 8|firefox 59.0|1920x1080,Windows,Windows 8,firefox 59.0,1920x1080,desktop
Pixel 2 XL Build/OPM2.171019.029.B1|Android 8.1.0|chrome 66.0 for android|2880x1442,Pixel 2 XL Build/OPM2.171019.029.B1,Android 8.1.0,chrome 66.0 for android,2880x1442,mobile
SM-G920P Build/NRD90M|Android 7.0|chrome 66.0 for android|2560x1440,SM-G920P Build/NRD90M,Android 7.0,chrome 66.0 for android,2560x1440,mobile
SM-J727T1 Build/NRD90M||chrome 60.0 for android|,SM-J727T1 Build/NRD90M,,chrome 60.0 for android,,mobile
MacOS|Mac OS X 10_11_6|safari 11.0|2880x1800,MacOS,Mac OS X 10_11_6,safari 11.0,2880x1800,desktop
ONEPLUS A5010 Build/OPM1.171019.011||android webview 4.0|,ONEPLUS A5010 Build/OPM1.171019.011,,android webview 4.0,,mobile
Moto E (4) Build/NDQS26.69-23-2-3|Android 7.1.1|chrome 56.0 for android|1280x720,Moto E (4) Build/NDQS26.69-23-2-3,Android 7.1.1,chrome 56.0 for android,1280x720,mobile
SAMSUNG SM-J327A Build/NRD90M|Android 7.0|samsung browser 6.4|1280x720,SAMSUNG SM-J327A Build/NRD90M,Android 7.0,samsung browser 6.4,1280x720,mobile
Lenovo TB3-710I Build/LMY47I||chrome 62.0 for android|,Lenovo TB3-710I Build/LMY47I,,chrome 62.0 for android,,mobile
HTC||chrome 66.0 for android|,HTC,,chrome 66.0 for android,,mobile
SAMSUNG-SM-G890A Build/NRD90M|Android 7.0|chrome 65.0 for android|2560x1440,SAMSUNG-SM-G890A Build/NRD90M,Android 7.0,chrome 65.0 for android,2560x1440,mobile
Pixel|Android 8.1.0|chrome 66.0 for android|1921x1081,Pixel,Android 8.1.0,chrome 66.0 for android,1921x1081,mobile
LG-X240 Build/MRA58K||chrome 66.0 for android|,LG-X240 Build/MRA58K,,chrome 66.0 for android,,mobile
XT1021 Build/KXC21.5-40||chrome|,XT1021 Build/KXC21.5-40,,chrome,,mobile
Android 4.4.2||android browser 4.0|,Android 4.4.2,,android browser 4.0,,mobile
Ilium||chrome 66.0 for android|,Ilium,,chrome 66.0 for android,,mobile
Redmi||chrome 66.0 for android|,Redmi,,chrome 66.0 for android,,mobile
MacOS|Mac OS X 10_12_6|safari 10.0|2880x1800,MacOS,Mac OS X 10_12_6,safari 10.0,2880x1800,desktop
SM-E700M||chrome 66.0 for android|,SM-E700M,,chrome 66.0 for android,,mobile
MacOS|Mac OS X 10_10_5|chrome 65.0|3360x2100,MacOS,Mac OS X 10_10_5,chrome 65.0,3360x2100,desktop
LG-K410 Build/LRX22G||chrome 66.0 for android|,LG-K410 Build/LRX22G,,chrome 66.0 for android,,mobile
SM-T713 Build/NRD90M||chrome 66.0 for android|,SM-T713 Build/NRD90M,,chrome 66.0 for android,,mobile
SM-G9600 Build/R16NW||chrome 66.0 for android|,SM-G9600 Build/R16NW,,chrome 66.0 for android,,mobile
rv:59.0|Android 8.1.0|firefox|2710x1440,rv:59.0,Android 8.1.0,firefox,2710x1440,mobile
moto x4 Build/OPWS27.57-40-14||chrome 66.0 for android|,moto x4 Build/OPWS27.57-40-14,,chrome 66.0 for android,,mobile
SM-G920P Build/NRD90M||chrome 66.0 for android|,SM-G920P Build/NRD90M,,chrome 66.0 for android,,mobile
verykoolS5524||chrome 64.0 for android|,verykoolS5524,,chrome 64.0 for android,,mobile
LGLS676 Build/MXB48T||chrome 66.0 for android|,LGLS676 Build/MXB48T,,chrome 66.0 for android,,mobile
HTC|Android 8.0.0|chrome 66.0 for android|1920x1080,HTC,Android 8.0.0,chrome 66.0 for android,1920x1080,mobile
MacOS|Mac OS X 10_12|safari 10.0|1366x768,MacOS,Mac OS X 10_12,safari 10.0,1366x768,desktop
M4 SS4451 Build/LMY47D||chrome 66.0 for android|,M4 SS4451 Build/LMY47D,,chrome 66.0 for android,,mobile
SAMSUNG SM-G965U Build/R16NW|Android 8.0.0|samsung browser 7.0|2961x1442,SAMSUNG SM-G965U Build/R16NW,Android 8.0.0,samsung browser 7.0,2961x1442,mobile
Lenovo PB2-650Y Build/MRA58K||chrome 66.0 for android|,Lenovo PB2-650Y Build/MRA58K,,chrome 66.0 for android,,mobile
iOS Device|iOS 11.3.0|chrome 63.0 for ios|1334x750,iOS Device,iOS 11.3.0,chrome 63.0 for ios,1334x750,mobile
iOS Device|iOS 11.0.2|chrome 66.0 for ios|1334x750,iOS Device,iOS 11.0.2,chrome 66.0 for ios,1334x750,mobile
SM-G935V Build/NRD90M|Android 7.0|chrome 66.0 for android|2560x1440,SM-G935V Build/NRD90M,Android 7.0,chrome 66.0 for android,2560x1440,mobile
SM-J710MN Build/NRD90M||chrome 66.0 for android|,SM-J710MN Build/NRD90M,,chrome 66.0 for android,,mobile
G3223 Build/42.0.A.4.101||chrome 66.0 for android|,G3223 Build/42.0.A.4.101,,chrome 66.0 for android,,mobile
MacOS|Mac OS X 10_13_3|safari 11.0|1280x800,MacOS,Mac OS X 10_13_3,safari 11.0,1280x800,desktop
|Android|chrome 66.0|1024x600,,Android,chrome 66.0,1024x600,mobile
A3-A20||chrome 66.0 for android|,A3-A20,,chrome 66.0 for android,,mobile
Windows|Windows 10|chrome 66.0|2736x1824,Windows,Windows 10,chrome 66.0,2736x1824,desktop
MacOS|Mac OS X 10_12_1|chrome 64.0|2048x1278,MacOS,Mac OS X 10_12_1,chrome 64.0,2048x1278,desktop
LG-H840 Build/MMB29M||chrome 66.0 for android|,LG-H840 Build/MMB29M,,chrome 66.0 for android,,mobile
Pixel Build/OPM4.171019.016.B1|Android 8.1.0|chrome 66.0 for android|1921x1081,Pixel Build/OPM4.171019.016.B1,Android 8.1.0,chrome 66.0 for android,1921x1081,mobile
Windows|Windows 10|firefox 60.0|1680x1050,Windows,Windows 10,firefox 60.0,1680x1050,desktop
MacOS|Mac OS X 10_13_2|safari 11.0|2880x1800,MacOS,Mac OS X 10_13_2,safari 11.0,2880x1800,desktop
SM-G930V Build/MMB29M|Android 6.0.1|chrome 65.0 for android|2560x1440,SM-G930V Build/MMB29M,Android 6.0.1,chrome 65.0 for android,2560x1440,mobile
Z833|Android 6.0.1|chrome 66.0 for android|855x480,Z833,Android 6.0.1,chrome 66.0 for android,855x480,mobile
iOS Device|iOS 11.3.0|firefox|2001x1125,iOS Device,iOS 11.3.0,firefox,2001x1125,mobile
Windows|Windows 10|chrome 66.0|2048x1152,Windows,Windows 10,chrome 66.0,2048x1152,desktop
SM-J727V Build/NRD90M|Android 7.0|chrome 66.0 for android|1280x720,SM-J727V Build/NRD90M,Android 7.0,chrome 66.0 for android,1280x720,mobile
Blade A465 Build/LMY47D||chrome 66.0 for android|,Blade A465 Build/LMY47D,,chrome 66.0 for android,,mobile
MacOS|Mac|chrome 66.0|2560x1440,MacOS,Mac,chrome 66.0,2560x1440,desktop
AX921 Build/MRA58K||chrome 66.0 for android|,AX921 Build/MRA58K,,chrome 66.0 for android,,mobile
SM-T530NU Build/LRX22G|Android 5.0.2|chrome 66.0 for android|1280x800,SM-T530NU Build/LRX22G,Android 5.0.2,chrome 66.0 for android,1280x800,mobile
Windows|Windows 8.1|chrome 66.0|1024x768,Windows,Windows 8.1,chrome 66.0,1024x768,desktop
Lenovo-A6020l36 Build/LMY47V||chrome 43.0 for android|,Lenovo-A6020l36 Build/LMY47V,,chrome 43.0 for android,,mobile
Windows|Windows 10|chrome 66.0|1280x1025,Windows,Windows 10,chrome 66.0,1280x1025,desktop
MacOS|Mac OS X 10_9_5|safari 9.0|2880x1800,MacOS,Mac OS X 10_9_5,safari 9.0,2880x1800,desktop
MacOS|Mac OS X 10_10_5|chrome 66.0|1440x900,MacOS,Mac OS X 10_10_5,chrome 66.0,1440x900,desktop
SM-G930T Build/NRD90M|Android 7.0|chrome 66.0 for android|1920x1080,SM-G930T Build/NRD90M,Android 7.0,chrome 66.0 for android,1920x1080,mobile
F3113 Build/33.3.A.1.97||chrome 66.0 for android|,F3113 Build/33.3.A.1.97,,chrome 66.0 for android,,mobile
moto x4 Build/NPW26.83-42||chrome 65.0 for android|,moto x4 Build/NPW26.83-42,,chrome 65.0 for android,,mobile
rv:59.0|Android 8.0.0|firefox|2220x1080,rv:59.0,Android 8.0.0,firefox,2220x1080,mobile
Moto C Build/NRD90M.057||chrome 65.0 for android|,Moto C Build/NRD90M.057,,chrome 65.0 for android,,mobile
Windows|Windows 10|chrome 66.0|1920x1081,Windows,Windows 10,chrome 66.0,1920x1081,desktop
LGLS770||chrome 60.0 for android|,LGLS770,,chrome 60.0 for android,,mobile
CRO-L03 Build/HUAWEICRO-L03||chrome 66.0 for android|,CRO-L03 Build/HUAWEICRO-L03,,chrome 66.0 for android,,mobile
rv:60.0||firefox|,rv:60.0,,firefox,,mobile
Blade L5 Build/LMY47I||chrome 66.0 for android|,Blade L5 Build/LMY47I,,chrome 66.0 for android,,mobile
iOS Device|iOS 11.2.6|chrome 66.0 for ios|2208x1242,iOS Device,iOS 11.2.6,chrome 66.0 for ios,2208x1242,mobile
SM-G920P|Android 6.0.1|chrome 66.0 for android|2560x1440,SM-G920P,Android 6.0.1,chrome 66.0 for android,2560x1440,mobile
verykoolS5530 Build/LMY47I||chrome 64.0 for android|,verykoolS5530 Build/LMY47I,,chrome 64.0 for android,,mobile
Windows|Windows 7|chrome 66.0|1272x960,Windows,Windows 7,chrome 66.0,1272x960,desktop
|Linux|chrome 66.0|1366x768,,Linux,chrome 66.0,1366x768,desktop
MacOS|Mac OS X 10_11_6|safari 10.0|1440x900,MacOS,Mac OS X 10_11_6,safari 10.0,1440x900,desktop
Linux x86_64|Linux|firefox 60.0|1366x768,Linux x86_64,Linux,firefox 60.0,1366x768,desktop
MacOS|Mac OS X 10_11_6|chrome 55.0|2880x1800,MacOS,Mac OS X 10_11_6,chrome 55.0,2880x1800,desktop
HTC6545LVW|Android 8.0.0|chrome 66.0 for android|2560x1440,HTC6545LVW,Android 8.0.0,chrome 66.0 for android,2560x1440,mobile
Ilium X710 Build/MRA58K||chrome 66.0 for android|,Ilium X710 Build/MRA58K,,chrome 66.0 for android,,mobile
MacOS|Mac OS X 10_13_2|chrome 66.0|3600x2250,MacOS,Mac OS X 10_13_2,chrome 66.0,3600x2250,desktop
Windows|Windows 10|firefox 60.0|1366x767,Windows,Windows 10,firefox 60.0,1366x767,desktop
MacOS|Mac OS X 10_12_6|safari 10.0|1440x900,MacOS,Mac OS X 10_12_6,safari 10.0,1440x900,desktop
SM-T560NU Build/NMF26X||chrome 66.0 for android|,SM-T560NU Build/NMF26X,,chrome 66.0 for android,,mobile
SM-J327P Build/MMB29M||chrome 66.0 for android|,SM-J327P Build/MMB29M,,chrome 66.0 for android,,mobile
SM-T530 Build/LRX22G||chrome 66.0 for android|,SM-T530 Build/LRX22G,,chrome 66.0 for android,,mobile
SM-A500M Build/KTU84P||chrome 66.0 for android|,SM-A500M Build/KTU84P,,chrome 66.0 for android,,mobile
Windows|Windows 7|chrome 60.0|2112x1188,Windows,Windows 7,chrome 60.0,2112x1188,desktop
Android 5.1.1||android browser 4.0|,Android 5.1.1,,android browser 4.0,,mobile
GT-I8190L Build/JZO54K||chrome 66.0 for android|,GT-I8190L Build/JZO54K,,chrome 66.0 for android,,mobile
SM-G920W8||chrome 66.0 for android|,SM-G920W8,,chrome 66.0 for android,,mobile
SAMSUNG-SM-N900A Build/LRX21V||chrome 66.0 for android|,SAMSUNG-SM-N900A Build/LRX21V,,chrome 66.0 for android,,mobile
G3423||chrome 66.0 for android|,G3423,,chrome 66.0 for android,,mobile
SM-G965U Build/R16NW|Android 8.0.0|chrome 66.0 for android|2961x1442,SM-G965U Build/R16NW,Android 8.0.0,chrome 66.0 for android,2961x1442,mobile
MacOS|Mac OS X 10_13_5|safari 11.0|2560x1600,MacOS,Mac OS X 10_13_5,safari 11.0,2560x1600,desktop
MacOS|Mac OS X 10_11_6|safari 9.0|1152x720,MacOS,Mac OS X 10_11_6,safari 9.0,1152x720,desktop
MacOS|Mac OS X 10_13_4|chrome 66.0|2048x1152,MacOS,Mac OS X 10_13_4,chrome 66.0,2048x1152,desktop
SAMSUNG|Android 6.0.1|samsung browser 6.4|2562x1442,SAMSUNG,Android 6.0.1,samsung browser 6.4,2562x1442,mobile
SAMSUNG SM-G935T Build/NRD90M|Android 7.0|samsung browser 6.4|1920x1080,SAMSUNG SM-G935T Build/NRD90M,Android 7.0,samsung browser 6.4,1920x1080,mobile
SM-J500M Build/LMY48B||chrome 66.0 for android|,SM-J500M Build/LMY48B,,chrome 66.0 for android,,mobile
MacOS|Mac OS X 10_13_3|chrome 66.0|2880x1800,MacOS,Mac OS X 10_13_3,chrome 66.0,2880x1800,desktop
LG-D722||chrome 66.0 for android|,LG-D722,,chrome 66.0 for android,,mobile
MacOS|Mac OS X 10_11_6|safari 9.0|1280x800,MacOS,Mac OS X 10_11_6,safari 9.0,1280x800,desktop
Hisense L675 PRO Build/NRD90M||chrome 66.0 for android|,Hisense L675 PRO Build/NRD90M,,chrome 66.0 for android,,mobile
SAMSUNG SM-G965U Build/R16NW|Android 8.0.0|samsung browser 7.0|2220x1081,SAMSUNG SM-G965U Build/R16NW,Android 8.0.0,samsung browser 7.0,2220x1081,mobile
Moto G (5) Build/NPPS25.137-15-11||chrome 65.0 for android|,Moto G (5) Build/NPPS25.137-15-11,,chrome 65.0 for android,,mobile
SM-E500M Build/KTU84P||chrome 66.0 for android|,SM-E500M Build/KTU84P,,chrome 66.0 for android,,mobile
rv:59.0|Windows 10|firefox 59.0|1366x767,rv:59.0,Windows 10,firefox 59.0,1366x767,desktop
Windows|Windows 7|chrome 66.0|1920x1081,Windows,Windows 7,chrome 66.0,1920x1081,desktop
8050G Build/LMY47I||chrome 66.0 for android|,8050G Build/LMY47I,,chrome 66.0 for android,,mobile
SM-P350 Build/MMB29M||chrome 66.0 for android|,SM-P350 Build/MMB29M,,chrome 66.0 for android,,mobile
N9560 Build/NMF26F|Android 7.1.1|chrome 65.0 for android|1920x1080,N9560 Build/NMF26F,Android 7.1.1,chrome 65.0 for android,1920x1080,mobile
XT1650 Build/NCLS26.118-23-13-6-5|Android 7.1.1|chrome 66.0 for android|2560x1440,XT1650 Build/NCLS26.118-23-13-6-5,Android 7.1.1,chrome 66.0 for android,2560x1440,mobile
Windows|Windows 7|chrome 66.0|1025x768,Windows,Windows 7,chrome 66.0,1025x768,desktop
Moto G (5) Build/NPP25.137-72||chrome 66.0 for android|,Moto G (5) Build/NPP25.137-72,,chrome 66.0 for android,,mobile
LGL83BL||chrome 66.0 for android|,LGL83BL,,chrome 66.0 for android,,mobile
Windows|Windows 10|edge 14.0|1280x1023,Windows,Windows 10,edge 14.0,1280x1023,desktop
iOS Device|iOS 10.3.3|google search application 48.0|2048x1536,iOS Device,iOS 10.3.3,google search application 48.0,2048x1536,mobile
Windows|Windows 8.1|chrome 66.0|1280x1024,Windows,Windows 8.1,chrome 66.0,1280x1024,desktop
SAMSUNG-SM-G920A Build/NRD90M|Android 7.0|chrome 66.0 for android|2560x1440,SAMSUNG-SM-G920A Build/NRD90M,Android 7.0,chrome 66.0 for android,2560x1440,mobile
SAMSUNG SM-G960U Build/R16NW||samsung browser 7.0|,SAMSUNG SM-G960U Build/R16NW,,samsung browser 7.0,,mobile
|Linux|chrome 66.0|2220x1081,,Linux,chrome 66.0,2220x1081,desktop
Moto Z (2|Android 8.0.0|chrome 65.0 for android|2560x1440,Moto Z (2,Android 8.0.0,chrome 65.0 for android,2560x1440,mobile
Linux x86_64||firefox 47.0|,Linux x86_64,,firefox 47.0,,desktop
MacOS|Mac OS X 10_10_5|chrome 66.0|1280x1024,MacOS,Mac OS X 10_10_5,chrome 66.0,1280x1024,desktop
SM-G950U Build/NRD90M|Android 7.0|chrome 66.0 for android|2220x1080,SM-G950U Build/NRD90M,Android 7.0,chrome 66.0 for android,2220x1080,mobile
SM-J700T Build/MMB29K||chrome 66.0 for android|,SM-J700T Build/MMB29K,,chrome 66.0 for android,,mobile
Windows|Windows 10|chrome 66.0|3360x1890,Windows,Windows 10,chrome 66.0,3360x1890,desktop
MacOS|Mac OS X 10_11_6|safari 9.0|2560x1600,MacOS,Mac OS X 10_11_6,safari 9.0,2560x1600,desktop
||opera 52.0|,,,opera 52.0,,desktop
||firefox 60.0|,,,firefox 60.0,,desktop
iOS Device|iOS 11.3.0|google|2048x1536,iOS Device,iOS 11.3.0,google,2048x1536,mobile
rv:60.0|Mac OS X 10.13|firefox 60.0|2880x1800,rv:60.0,Mac OS X 10.13,firefox 60.0,2880x1800,desktop
Trident/7.0|Windows 7|ie 11.0 for desktop|1023x768,Trident/7.0,Windows 7,ie 11.0 for desktop,1023x768,desktop
iOS Device|iOS 11.4.1|mobile safari 11.0|2208x1242,iOS Device,iOS 11.4.1,mobile safari 11.0,2208x1242,mobile
MacOS|Mac OS X 10_10_5|safari 10.0|1600x900,MacOS,Mac OS X 10_10_5,safari 10.0,1600x900,desktop
MacOS|Mac OS X 10_13_3|safari 11.0|3840x2160,MacOS,Mac OS X 10_13_3,safari 11.0,3840x2160,desktop
MacOS|Mac OS X 10_12_6|chrome 66.0|4096x2304,MacOS,Mac OS X 10_12_6,chrome 66.0,4096x2304,desktop
E6790TM|Android 5.1.1|chrome 66.0 for android|1281x720,E6790TM,Android 5.1.1,chrome 66.0 for android,1281x720,mobile
MacOS|Mac OS X 10_11_6|chrome 66.0|2560x1080,MacOS,Mac OS X 10_11_6,chrome 66.0,2560x1080,desktop
iris 870 Build/MRA58K||chrome 49.0 for android|,iris 870 Build/MRA58K,,chrome 49.0 for android,,mobile
iOS Device|iOS 11.2.6|chrome 66.0 for ios|2048x1536,iOS Device,iOS 11.2.6,chrome 66.0 for ios,2048x1536,mobile
MacOS|Mac OS X 10_13_4|chrome 66.0|2591x1619,MacOS,Mac OS X 10_13_4,chrome 66.0,2591x1619,desktop
E501||chrome 64.0 for android|,E501,,chrome 64.0 for android,,mobile
LG-K530 Build/MMB29M||chrome 55.0 for android|,LG-K530 Build/MMB29M,,chrome 55.0 for android,,mobile
SM-G532M Build/MMB29T||chrome 66.0 for android|,SM-G532M Build/MMB29T,,chrome 66.0 for android,,mobile
Lenovo A2016b30 Build/MRA58K||chrome 59.0 for android|,Lenovo A2016b30 Build/MRA58K,,chrome 59.0 for android,,mobile
SM-N950U Build/NMF26X||chrome 66.0 for android|,SM-N950U Build/NMF26X,,chrome 66.0 for android,,mobile
Bolt||chrome 66.0 for android|,Bolt,,chrome 66.0 for android,,mobile
iOS Device|iOS 11.3.0|mobile safari 11.0|2224x1668,iOS Device,iOS 11.3.0,mobile safari 11.0,2224x1668,mobile
Windows||opera 53.0|,Windows,,opera 53.0,,desktop
ZA509||android browser 4.0|,ZA509,,android browser 4.0,,mobile
SM-T827V Build/NRD90M|Android 7.0|chrome 65.0 for android|2048x1536,SM-T827V Build/NRD90M,Android 7.0,chrome 65.0 for android,2048x1536,mobile
SM-G930P Build/NRD90M|Android 7.0|chrome 66.0 for android|1920x1080,SM-G930P Build/NRD90M,Android 7.0,chrome 66.0 for android,1920x1080,mobile
SM-G955U Build/R16NW||chrome 66.0 for android|,SM-G955U Build/R16NW,,chrome 66.0 for android,,mobile
LG-X180g Build/LMY47I||android browser 4.0|,LG-X180g Build/LMY47I,,android browser 4.0,,mobile
Redmi 4X Build/N2G47H||chrome 66.0 for android|,Redmi 4X Build/N2G47H,,chrome 66.0 for android,,mobile
GT-S7582||chrome 66.0 for android|,GT-S7582,,chrome 66.0 for android,,mobile
Moto||chrome 66.0 for android|,Moto,,chrome 66.0 for android,,mobile
FEVER||chrome 63.0 for android|,FEVER,,chrome 63.0 for android,,mobile
G3313 Build/43.0.A.7.25||android webview 4.0|,G3313 Build/43.0.A.7.25,,android webview 4.0,,mobile
Windows|Windows 10|edge 16.0|5760x1080,Windows,Windows 10,edge 16.0,5760x1080,desktop
SM-G530H Build/LRX22G||chrome 66.0 for android|,SM-G530H Build/LRX22G,,chrome 66.0 for android,,mobile
LG-D320 Build/KOT49I.V10a||chrome|,LG-D320 Build/KOT49I.V10a,,chrome,,mobile
SAMSUNG SM-G965F Build/R16NW|Android 8.0.0|samsung browser 7.0|2220x1081,SAMSUNG SM-G965F Build/R16NW,Android 8.0.0,samsung browser 7.0,2220x1081,mobile
5080A Build/MRA58K||chrome 66.0 for android|,5080A Build/MRA58K,,chrome 66.0 for android,,mobile
MacOS|Mac OS X 10_10_5|safari 10.0|2880x1800,MacOS,Mac OS X 10_10_5,safari 10.0,2880x1800,desktop
SAMSUNG SM-G890A Build/NRD90M||samsung browser 6.4|,SAMSUNG SM-G890A Build/NRD90M,,samsung browser 6.4,,mobile
Windows|Windows 10|firefox 60.0|1600x900,Windows,Windows 10,firefox 60.0,1600x900,desktop
Windows|Windows 10||1366x768,Windows,Windows 10,,1366x768,desktop
SM-J727T1 Build/NRD90M|Android 7.0|chrome 66.0 for android|1280x720,SM-J727T1 Build/NRD90M,Android 7.0,chrome 66.0 for android,1280x720,mobile
SM-G935P Build/NRD90M|Android 7.0|chrome 66.0 for android|1920x1080,SM-G935P Build/NRD90M,Android 7.0,chrome 66.0 for android,1920x1080,mobile
MacOS|Mac OS X 10_12_6|chrome 66.0|1280x800,MacOS,Mac OS X 10_12_6,chrome 66.0,1280x800,desktop
SAMSUNG-SM-G935A Build/NRD90M|Android 7.0|chrome 66.0 for android|1920x1080,SAMSUNG-SM-G935A Build/NRD90M,Android 7.0,chrome 66.0 for android,1920x1080,mobile
SAMSUNG-SM-G920AZ||chrome 66.0 for android|,SAMSUNG-SM-G920AZ,,chrome 66.0 for android,,mobile
SAMSUNG-SM-J320A Build/NMF26X||chrome 66.0 for android|,SAMSUNG-SM-J320A Build/NMF26X,,chrome 66.0 for android,,mobile
rv:59.0|Windows 7|firefox 59.0|0x0,rv:59.0,Windows 7,firefox 59.0,0x0,desktop
Y635-L03 Build/HuaweiY635-L03||chrome 66.0 for android|,Y635-L03 Build/HuaweiY635-L03,,chrome 66.0 for android,,mobile
rv:50.0|Windows 10|firefox|1366x768,rv:50.0,Windows 10,firefox,1366x768,desktop
LGMS550 Build/MXB48T|Android 6.0.1|chrome 66.0 for android|1280x720,LGMS550 Build/MXB48T,Android 6.0.1,chrome 66.0 for android,1280x720,mobile
Windows|Windows 10|chrome 66.0|2112x1188,Windows,Windows 10,chrome 66.0,2112x1188,desktop
Windows|Windows 10|opera 52.0|3200x1800,Windows,Windows 10,opera 52.0,3200x1800,desktop
Windows|Windows 10||1366x767,Windows,Windows 10,,1366x767,desktop
Windows|Windows 10|chrome 64.0|1727x971,Windows,Windows 10,chrome 64.0,1727x971,desktop
Pixel Build/OPM4.171019.016.B1|Android 8.1.0|android webview 4.0|1921x1081,Pixel Build/OPM4.171019.016.B1,Android 8.1.0,android webview 4.0,1921x1081,mobile
Moto G (5S||chrome 66.0 for android|,Moto G (5S,,chrome 66.0 for android,,mobile
BLU LIFE XL Build/L050U||chrome 66.0 for android|,BLU LIFE XL Build/L050U,,chrome 66.0 for android,,mobile
MacOS|Mac OS X 10_13_4|safari 11.0|1366x768,MacOS,Mac OS X 10_13_4,safari 11.0,1366x768,desktop
G3123 Build/40.0.A.6.189||chrome 66.0 for android|,G3123 Build/40.0.A.6.189,,chrome 66.0 for android,,mobile
iOS Device|iOS 11.3.1|google search application 49.0|2048x1536,iOS Device,iOS 11.3.1,google search application 49.0,2048x1536,mobile
rv:60.0|Android 7.0|firefox|1920x1080,rv:60.0,Android 7.0,firefox,1920x1080,mobile
SM-G955U Build/NRD90M|Android 7.0|chrome 66.0 for android|2220x1081,SM-G955U Build/NRD90M,Android 7.0,chrome 66.0 for android,2220x1081,mobile
FIG-LX3 Build/HUAWEIFIG-LX3||chrome 66.0 for android|,FIG-LX3 Build/HUAWEIFIG-LX3,,chrome 66.0 for android,,mobile
SM-T280 Build/LMY47V||chrome 66.0 for android|,SM-T280 Build/LMY47V,,chrome 66.0 for android,,mobile
CPH1607||chrome 66.0 for android|,CPH1607,,chrome 66.0 for android,,mobile
Hisense F32 Build/NMF26F||chrome 66.0 for android|,Hisense F32 Build/NMF26F,,chrome 66.0 for android,,mobile
iOS Device|iOS 10.2.0|chrome 63.0 for ios|2208x1242,iOS Device,iOS 10.2.0,chrome 63.0 for ios,2208x1242,mobile
MacOS|Mac OS X 10_10_5|chrome 66.0|1920x1200,MacOS,Mac OS X 10_10_5,chrome 66.0,1920x1200,desktop
AX820 Build/MRA58K||chrome 54.0 for android|,AX820 Build/MRA58K,,chrome 54.0 for android,,mobile
Windows|Windows 10|edge 17.0|1366x768,Windows,Windows 10,edge 17.0,1366x768,desktop
Trident/7.0|Windows 10|ie 11.0 for desktop|1600x899,Trident/7.0,Windows 10,ie 11.0 for desktop,1600x899,desktop
VS986 Build/MRA58K|Android 6.0|chrome 66.0 for android|2560x1440,VS986 Build/MRA58K,Android 6.0,chrome 66.0 for android,2560x1440,mobile
SM-J327T1 Build/NRD90M||chrome 66.0 for android|,SM-J327T1 Build/NRD90M,,chrome 66.0 for android,,mobile
F3313 Build/37.0.A.2.248||chrome 66.0 for android|,F3313 Build/37.0.A.2.248,,chrome 66.0 for android,,mobile
MacOS|Mac OS X 10_12_6|safari 11.0|5120x2880,MacOS,Mac OS X 10_12_6,safari 11.0,5120x2880,desktop
iOS Device|iOS 10.3.3|google search application 49.0|1334x750,iOS Device,iOS 10.3.3,google search application 49.0,1334x750,mobile
SM-J250M Build/NMF26X||chrome 66.0 for android|,SM-J250M Build/NMF26X,,chrome 66.0 for android,,mobile
GT-I9060M Build/KTU84P||chrome 66.0 for android|,GT-I9060M Build/KTU84P,,chrome 66.0 for android,,mobile
SAMSUNG SM-G930F/XXU2DRC1 Build/NRD90M||samsung browser 6.4|,SAMSUNG SM-G930F/XXU2DRC1 Build/NRD90M,,samsung browser 6.4,,mobile
SAMSUNG SM-G955U Build/R16NW|Android 8.0.0|samsung browser 7.0|2220x1080,SAMSUNG SM-G955U Build/R16NW,Android 8.0.0,samsung browser 7.0,2220x1080,mobile
SM-G530T1||chrome 66.0 for android|,SM-G530T1,,chrome 66.0 for android,,mobile
LG-K350||chrome 66.0 for android|,LG-K350,,chrome 66.0 for android,,mobile
TA-1025 Build/OPR1.170623.026||chrome 66.0 for android|,TA-1025 Build/OPR1.170623.026,,chrome 66.0 for android,,mobile
Windows|Windows 10|chrome 66.0|2160x1440,Windows,Windows 10,chrome 66.0,2160x1440,desktop
SM-T560 Build/KTU84P||chrome|,SM-T560 Build/KTU84P,,chrome,,mobile
LG-M200 Build/NRD90U||chrome 66.0 for android|,LG-M200 Build/NRD90U,,chrome 66.0 for android,,mobile
Windows|Windows 7|firefox 59.0|2560x1440,Windows,Windows 7,firefox 59.0,2560x1440,desktop
Linux x86_64||chrome|,Linux x86_64,,chrome,,desktop
KFGIWI Build/LVY48F|Android 5.1.1|chrome 66.0 for android|1280x800,KFGIWI Build/LVY48F,Android 5.1.1,chrome 66.0 for android,1280x800,mobile
MacOS|Mac OS X 10_10_5|chrome 66.0|2880x1800,MacOS,Mac OS X 10_10_5,chrome 66.0,2880x1800,desktop
MacOS|Mac OS X 10_12_1|safari 10.0|1280x800,MacOS,Mac OS X 10_12_1,safari 10.0,1280x800,desktop
SM-A300H Build/LRX22G||chrome 66.0 for android|,SM-A300H Build/LRX22G,,chrome 66.0 for android,,mobile
SM-N920G Build/NRD90M||chrome 66.0 for android|,SM-N920G Build/NRD90M,,chrome 66.0 for android,,mobile
SM-N920V Build/NRD90M|Android 7.0|chrome 66.0 for android|2562x1442,SM-N920V Build/NRD90M,Android 7.0,chrome 66.0 for android,2562x1442,mobile
Windows|Windows 10|chrome 63.0|3360x2100,Windows,Windows 10,chrome 63.0,3360x2100,desktop
Pixel 2 XL Build/OPM2.171019.029|Android 8.1.0|chrome 66.0 for android|2880x1442,Pixel 2 XL Build/OPM2.171019.029,Android 8.1.0,chrome 66.0 for android,2880x1442,mobile
MHA-L29 Build/HUAWEIMHA-L29|Android 8.0.0|chrome 66.0 for android|1920x1080,MHA-L29 Build/HUAWEIMHA-L29,Android 8.0.0,chrome 66.0 for android,1920x1080,mobile
G3123 Build/40.0.A.6.175||chrome 66.0 for android|,G3123 Build/40.0.A.6.175,,chrome 66.0 for android,,mobile
SM-G900P Build/MMB29M|Android 6.0.1|chrome 66.0 for android|1920x1080,SM-G900P Build/MMB29M,Android 6.0.1,chrome 66.0 for android,1920x1080,mobile
rv:56.0|Mac OS X 10.11|firefox 56.0|1152x720,rv:56.0,Mac OS X 10.11,firefox 56.0,1152x720,desktop
QTAQZ3 Build/LMY47V|Android 5.1.1|chrome 66.0 for android|1280x800,QTAQZ3 Build/LMY47V,Android 5.1.1,chrome 66.0 for android,1280x800,mobile
MacOS|Mac OS X 10_10_5|safari 10.0|1366x768,MacOS,Mac OS X 10_10_5,safari 10.0,1366x768,desktop
iOS Device|iOS 11.3.0|firefox|1136x640,iOS Device,iOS 11.3.0,firefox,1136x640,mobile
MacOS|Mac|chrome 66.0|1280x800,MacOS,Mac,chrome 66.0,1280x800,desktop
SM-A710M Build/LMY47X||chrome 66.0 for android|,SM-A710M Build/LMY47X,,chrome 66.0 for android,,mobile
5049W Build/NRD90M|Android 7.0|chrome 66.0 for android|1280x720,5049W Build/NRD90M,Android 7.0,chrome 66.0 for android,1280x720,mobile
Aquaris X5 Plus Build/NMF26F||chrome 66.0 for android|,Aquaris X5 Plus Build/NMF26F,,chrome 66.0 for android,,mobile
MacOS|Mac OS X 10_11_6|chrome 66.0|2880x1800,MacOS,Mac OS X 10_11_6,chrome 66.0,2880x1800,desktop
Gravity Build/NRD90M||chrome 66.0 for android|,Gravity Build/NRD90M,,chrome 66.0 for android,,mobile
Linux x86_64||chrome 66.0|,Linux x86_64,,chrome 66.0,,desktop
MacOS|Mac OS X 10_11_6|chrome 66.0|2560x1440,MacOS,Mac OS X 10_11_6,chrome 66.0,2560x1440,desktop
MacOS|Mac OS X 10_13_3|safari 11.0|2560x1600,MacOS,Mac OS X 10_13_3,safari 11.0,2560x1600,desktop
Trident/7.0|Windows 8.1|ie 11.0 for tablet|1600x899,Trident/7.0,Windows 8.1,ie 11.0 for tablet,1600x899,desktop
rv:59.0|Mac OS X 10.13|firefox 59.0|1600x900,rv:59.0,Mac OS X 10.13,firefox 59.0,1600x900,desktop
SAMSUNG SM-G531H Build/LMY48B||samsung browser 6.4|,SAMSUNG SM-G531H Build/LMY48B,,samsung browser 6.4,,mobile
Moto G (5) Build/NPP25.137-38||chrome 66.0 for android|,Moto G (5) Build/NPP25.137-38,,chrome 66.0 for android,,mobile
Moto G Play Build/NPIS26.48-36-2||chrome 66.0 for android|,Moto G Play Build/NPIS26.48-36-2,,chrome 66.0 for android,,mobile
SM-G930V Build/NRD90M|Android 7.0|chrome 66.0 for android|2560x1440,SM-G930V Build/NRD90M,Android 7.0,chrome 66.0 for android,2560x1440,mobile
Windows|Windows 10|edge 14.0|1920x1200,Windows,Windows 10,edge 14.0,1920x1200,desktop
iOS Device|iOS 10.3.3|chrome 66.0 for ios|2001x1125,iOS Device,iOS 10.3.3,chrome 66.0 for ios,2001x1125,mobile
XT1064 Build/MPB24.65-34-3||chrome 66.0 for android|,XT1064 Build/MPB24.65-34-3,,chrome 66.0 for android,,mobile
SM-T113 Build/KTU84P||chrome 66.0 for android|,SM-T113 Build/KTU84P,,chrome 66.0 for android,,mobile
SM-N950F Build/R16NW||chrome 66.0 for android|,SM-N950F Build/R16NW,,chrome 66.0 for android,,mobile
MacOS|Mac OS X 10_13_5|safari 11.0|1920x1080,MacOS,Mac OS X 10_13_5,safari 11.0,1920x1080,desktop
Windows|Windows 10|chrome 65.0|2304x1440,Windows,Windows 10,chrome 65.0,2304x1440,desktop
MacOS|Mac OS X 10_12_6|safari 11.0|4096x2304,MacOS,Mac OS X 10_12_6,safari 11.0,4096x2304,desktop
SAMSUNG SM-G550T1 Build/MMB29K||samsung browser 6.4|,SAMSUNG SM-G550T1 Build/MMB29K,,samsung browser 6.4,,mobile
Windows|Windows 10|chrome 66.0|3841x2161,Windows,Windows 10,chrome 66.0,3841x2161,desktop
MacOS|Mac OS X 10_11_6|safari 11.0|1366x768,MacOS,Mac OS X 10_11_6,safari 11.0,1366x768,desktop
SGH-M919 Build/KTU84P|Android|chrome 66.0 for android|1920x1080,SGH-M919 Build/KTU84P,Android,chrome 66.0 for android,1920x1080,mobile
ZTE BLADE A6 Build/NMF26F||chrome 58.0 for android|,ZTE BLADE A6 Build/NMF26F,,chrome 58.0 for android,,mobile
Windows|Windows 8|chrome 66.0|1366x768,Windows,Windows 8,chrome 66.0,1366x768,desktop
Moto G (5) Plus Build/NPNS25.137-92-10||chrome 66.0 for android|,Moto G (5) Plus Build/NPNS25.137-92-10,,chrome 66.0 for android,,mobile
Z983 Build/NMF26F|Android 7.1.1|chrome 55.0 for android|1920x1080,Z983 Build/NMF26F,Android 7.1.1,chrome 55.0 for android,1920x1080,mobile
Windows|Windows 8.1|chrome 66.0|1280x720,Windows,Windows 8.1,chrome 66.0,1280x720,desktop
Windows|Windows 10|edge 16.0|3838x2160,Windows,Windows 10,edge 16.0,3838x2160,desktop
Trident/7.0|Windows 8.1|ie 11.0 for tablet|1366x767,Trident/7.0,Windows 8.1,ie 11.0 for tablet,1366x767,desktop
rv:60.0||firefox 60.0|,rv:60.0,,firefox 60.0,,desktop
SM-J710F Build/NRD90M||chrome 66.0 for android|,SM-J710F Build/NRD90M,,chrome 66.0 for android,,mobile
BLN-L21 Build/HONORBLN-L21||chrome 66.0 for android|,BLN-L21 Build/HONORBLN-L21,,chrome 66.0 for android,,mobile
Lenovo YT3-850F Build/MMB29M||chrome 66.0 for android|,Lenovo YT3-850F Build/MMB29M,,chrome 66.0 for android,,mobile
Windows|Windows 10|firefox 60.0|1440x900,Windows,Windows 10,firefox 60.0,1440x900,desktop
MacOS|Mac OS X 10_13_2|safari 11.0|2560x1600,MacOS,Mac OS X 10_13_2,safari 11.0,2560x1600,desktop
iOS Device|iOS 11.3.0|google search application 48.0|2436x1125,iOS Device,iOS 11.3.0,google search application 48.0,2436x1125,mobile
|Android|chrome 66.0|801x480,,Android,chrome 66.0,801x480,mobile
Blade V6 Build/LRX22G||chrome 66.0 for android|,Blade V6 Build/LRX22G,,chrome 66.0 for android,,mobile
LG-H542 Build/MRA58K||chrome 66.0 for android|,LG-H542 Build/MRA58K,,chrome 66.0 for android,,mobile
iOS Device|iOS 11.3.1|google search application 49.0|1334x750,iOS Device,iOS 11.3.1,google search application 49.0,1334x750,mobile
Moto E (4) Plus Build/NMA26.42-142||chrome 66.0 for android|,Moto E (4) Plus Build/NMA26.42-142,,chrome 66.0 for android,,mobile
Pixel|Android 8.1.0|chrome 66.0 for android|2562x1442,Pixel,Android 8.1.0,chrome 66.0 for android,2562x1442,mobile
Hisense F20 Build/MMB29M||chrome 66.0 for android|,Hisense F20 Build/MMB29M,,chrome 66.0 for android,,mobile
LG-D850|Android|chrome 66.0 for android|2560x1440,LG-D850,Android,chrome 66.0 for android,2560x1440,mobile
5044A||chrome 64.0 for android|,5044A,,chrome 64.0 for android,,mobile
Mi A1 Build/OPR1.170623.026||chrome 66.0 for android|,Mi A1 Build/OPR1.170623.026,,chrome 66.0 for android,,mobile
MacOS|Mac|safari|1366x768,MacOS,Mac,safari,1366x768,desktop
M4 SS4458 Build/MMB29M||chrome 66.0 for android|,M4 SS4458 Build/MMB29M,,chrome 66.0 for android,,mobile
Build/OPM1.171019.011||chrome 66.0 for android|,Build/OPM1.171019.011,,chrome 66.0 for android,,mobile
S471||android webview 4.0|,S471,,android webview 4.0,,mobile
MacOS|Mac OS X 10_12_1|safari 10.0|2560x1600,MacOS,Mac OS X 10_12_1,safari 10.0,2560x1600,desktop
E5506 Build/29.2.A.0.166||chrome 66.0 for android|,E5506 Build/29.2.A.0.166,,chrome 66.0 for android,,mobile
KFDOWI Build/LVY48F|Android 5.1.1|chrome 66.0 for android|1280x800,KFDOWI Build/LVY48F,Android 5.1.1,chrome 66.0 for android,1280x800,mobile
iOS Device|iOS 11.2.5|google search application 48.0|1136x640,iOS Device,iOS 11.2.5,google search application 48.0,1136x640,mobile
LG-H910 Build/NRD90M|Android 7.0|chrome 66.0 for android|2560x1440,LG-H910 Build/NRD90M,Android 7.0,chrome 66.0 for android,2560x1440,mobile
Windows|Windows 7|ie 11.0 for desktop|1919x1080,Windows,Windows 7,ie 11.0 for desktop,1919x1080,desktop
Windows|Windows 7|chrome 66.0|1727x971,Windows,Windows 7,chrome 66.0,1727x971,desktop
Build/OPR1.170623.032||chrome 66.0 for android|,Build/OPR1.170623.032,,chrome 66.0 for android,,mobile
Windows|Windows 7|firefox 60.0|1920x1080,Windows,Windows 7,firefox 60.0,1920x1080,desktop
MacOS|Mac OS X 10_11_6|safari 11.0|1600x900,MacOS,Mac OS X 10_11_6,safari 11.0,1600x900,desktop
Windows|Windows 10|firefox 60.0|1280x1024,Windows,Windows 10,firefox 60.0,1280x1024,desktop
MacOS|Mac OS X 10_11_6|chrome 66.0|1680x1050,MacOS,Mac OS X 10_11_6,chrome 66.0,1680x1050,desktop
HUAWEI Y560-L03 Build/HUAWEIY560-L03||chrome 66.0 for android|,HUAWEI Y560-L03 Build/HUAWEIY560-L03,,chrome 66.0 for android,,mobile
|Linux|chrome 66.0|2220x1080,,Linux,chrome 66.0,2220x1080,desktop
XT1609 Build/NPIS26.48-38-3||chrome 57.0 for android|,XT1609 Build/NPIS26.48-38-3,,chrome 57.0 for android,,mobile
FEVER||chrome 66.0 for android|,FEVER,,chrome 66.0 for android,,mobile
PRA-LX1 Build/HUAWEIPRA-LX1||chrome 66.0 for android|,PRA-LX1 Build/HUAWEIPRA-LX1,,chrome 66.0 for android,,mobile
Windows|Windows 10||1502x844,Windows,Windows 10,,1502x844,desktop
SM-A320Y Build/NRD90M||chrome 66.0 for android|,SM-A320Y Build/NRD90M,,chrome 66.0 for android,,mobile
Windows|Windows 10|chrome 66.0|2880x1800,Windows,Windows 10,chrome 66.0,2880x1800,desktop
MacOS|Mac OS X 10_13_4|chrome 66.0|3840x2400,MacOS,Mac OS X 10_13_4,chrome 66.0,3840x2400,desktop
5011A Build/NRD90M||chrome 66.0 for android|,5011A Build/NRD90M,,chrome 66.0 for android,,mobile
MacOS|Mac OS X 10_13_1|safari 11.0|1440x900,MacOS,Mac OS X 10_13_1,safari 11.0,1440x900,desktop
Windows|Windows 7|firefox 60.0|1280x1024,Windows,Windows 7,firefox 60.0,1280x1024,desktop
STUDIO_G_HD||chrome 52.0 for android|,STUDIO_G_HD,,chrome 52.0 for android,,mobile
MacOS|Mac OS X 10_10_5|chrome 65.0|1280x1024,MacOS,Mac OS X 10_10_5,chrome 65.0,1280x1024,desktop
Windows|Windows 7|firefox 60.0|2048x1152,Windows,Windows 7,firefox 60.0,2048x1152,desktop
rv:60.0|Mac OS X 10.13|firefox 60.0|1440x900,rv:60.0,Mac OS X 10.13,firefox 60.0,1440x900,desktop
MacOS|Mac OS X 10_13_1|chrome 66.0|1280x800,MacOS,Mac OS X 10_13_1,chrome 66.0,1280x800,desktop
BLADE V8Q Build/N2G47H||chrome 58.0 for android|,BLADE V8Q Build/N2G47H,,chrome 58.0 for android,,mobile
iOS Device|iOS 11.3.1|google search application 49.0|1136x640,iOS Device,iOS 11.3.1,google search application 49.0,1136x640,mobile
SAMSUNG SM-G950F Build/R16NW||samsung browser 6.4|,SAMSUNG SM-G950F Build/R16NW,,samsung browser 6.4,,mobile
Moto G (5) Build/NPPS25.137-93-8||chrome 66.0 for android|,Moto G (5) Build/NPPS25.137-93-8,,chrome 66.0 for android,,mobile
SM-G935V Build/NRD90M||chrome 66.0 for android|,SM-G935V Build/NRD90M,,chrome 66.0 for android,,mobile
B1-750||chrome 60.0 for android|,B1-750,,chrome 60.0 for android,,mobile
MYA-L03 Build/HUAWEIMYA-L03||chrome 66.0 for android|,MYA-L03 Build/HUAWEIMYA-L03,,chrome 66.0 for android,,mobile
BBB100-1||chrome 66.0 for android|,BBB100-1,,chrome 66.0 for android,,mobile
iOS Device|iOS 11.3.1|google|2048x1536,iOS Device,iOS 11.3.1,google,2048x1536,mobile
Windows|Windows 10||1600x900,Windows,Windows 10,,1600x900,desktop
LG-D693n Build/LRX22G||chrome 66.0 for android|,LG-D693n Build/LRX22G,,chrome 66.0 for android,,mobile
Moto G (4) Build/NPJS25.93-14-18||chrome 66.0 for android|,Moto G (4) Build/NPJS25.93-14-18,,chrome 66.0 for android,,mobile
SM-A510M Build/MMB29K||chrome 66.0 for android|,SM-A510M Build/MMB29K,,chrome 66.0 for android,,mobile
LGLS990|Android|chrome 66.0 for android|2560x1440,LGLS990,Android,chrome 66.0 for android,2560x1440,mobile
TA-1044 Build/OPR1.170623.026||chrome 64.0 for android|,TA-1044 Build/OPR1.170623.026,,chrome 64.0 for android,,mobile
Hisense F8 MINI Build/NRD90M||chrome 66.0 for android|,Hisense F8 MINI Build/NRD90M,,chrome 66.0 for android,,mobile
Lenovo K33b36 Build/MMB29M||chrome 66.0 for android|,Lenovo K33b36 Build/MMB29M,,chrome 66.0 for android,,mobile
gxq6580_weg_l Build/LMY47I||chrome 59.0 for android|,gxq6580_weg_l Build/LMY47I,,chrome 59.0 for android,,mobile
MacOS|Mac OS X 10_11_6|safari 9.0|1366x768,MacOS,Mac OS X 10_11_6,safari 9.0,1366x768,desktop
rv:59.0|Mac OS X 10.11|firefox 59.0|1280x800,rv:59.0,Mac OS X 10.11,firefox 59.0,1280x800,desktop
Windows|Windows 10|firefox 57.0|3360x2100,Windows,Windows 10,firefox 57.0,3360x2100,desktop
|Android|chrome 66.0|855x480,,Android,chrome 66.0,855x480,mobile
MacOS|Mac|safari|1440x900,MacOS,Mac,safari,1440x900,desktop
5010S Build/MRA58K||chrome 65.0 for android|,5010S Build/MRA58K,,chrome 65.0 for android,,mobile
Windows|Windows 8.1|chrome 66.0|1680x1050,Windows,Windows 8.1,chrome 66.0,1680x1050,desktop
LGLS676 Build/MXB48T||chrome 65.0 for android|,LGLS676 Build/MXB48T,,chrome 65.0 for android,,mobile
Moto X Play Build/NPD26.48-24-1||chrome 66.0 for android|,Moto X Play Build/NPD26.48-24-1,,chrome 66.0 for android,,mobile
X78||chrome 66.0 for android|,X78,,chrome 66.0 for android,,mobile
MacOS|Mac OS X 10_13_4|chrome 65.0|1680x1050,MacOS,Mac OS X 10_13_4,chrome 65.0,1680x1050,desktop
HUAWEI CAN-L11 Build/HUAWEICAN-L11||chrome 66.0 for android|,HUAWEI CAN-L11 Build/HUAWEICAN-L11,,chrome 66.0 for android,,mobile
LGLS676 Build/MXB48T|Android 6.0.1|chrome 66.0 for android|1280x720,LGLS676 Build/MXB48T,Android 6.0.1,chrome 66.0 for android,1280x720,mobile
SM-J7108||chrome 66.0 for android|,SM-J7108,,chrome 66.0 for android,,mobile
SAMSUNG-SM-G890A Build/NRD90M|Android 7.0|chrome 66.0 for android|2560x1440,SAMSUNG-SM-G890A Build/NRD90M,Android 7.0,chrome 66.0 for android,2560x1440,mobile
MacOS|Mac OS X 10_12_6|chrome 66.0|1920x1200,MacOS,Mac OS X 10_12_6,chrome 66.0,1920x1200,desktop
Ilium L1000 Build/LRX22G||chrome 66.0 for android|,Ilium L1000 Build/LRX22G,,chrome 66.0 for android,,mobile
XT1635-02 Build/NPN26.118-22-2||chrome 66.0 for android|,XT1635-02 Build/NPN26.118-22-2,,chrome 66.0 for android,,mobile
MacOS|Mac OS X 10_11_6|chrome 66.0|1920x1200,MacOS,Mac OS X 10_11_6,chrome 66.0,1920x1200,desktop
iOS Device|iOS 11.3.1|google search application 49.0|2732x2048,iOS Device,iOS 11.3.1,google search application 49.0,2732x2048,mobile
XT1563 Build/MPD24.65-25||chrome 66.0 for android|,XT1563 Build/MPD24.65-25,,chrome 66.0 for android,,mobile
BLADE A602 Build/MRA58K||chrome 66.0 for android|,BLADE A602 Build/MRA58K,,chrome 66.0 for android,,mobile
SAMSUNG SM-N950U Build/R16NW||samsung browser 7.0|,SAMSUNG SM-N950U Build/R16NW,,samsung browser 7.0,,mobile
Android 7.1.2||android webview 4.0|,Android 7.1.2,,android webview 4.0,,mobile
||google search application 49.0|,,,google search application 49.0,,mobile
TOMMY2||chrome 65.0 for android|,TOMMY2,,chrome 65.0 for android,,mobile
SAMSUNG SM-N910V Build/MMB29M|Android 6.0.1|samsung browser 6.4|2560x1440,SAMSUNG SM-N910V Build/MMB29M,Android 6.0.1,samsung browser 6.4,2560x1440,mobile
SM-T110 Build/JDQ39||chrome 66.0 for android|,SM-T110 Build/JDQ39,,chrome 66.0 for android,,mobile
iOS Device|iOS 11.3.0|google search application 49.0|2208x1242,iOS Device,iOS 11.3.0,google search application 49.0,2208x1242,mobile
Moto C Build/NRD90M.063||chrome 66.0 for android|,Moto C Build/NRD90M.063,,chrome 66.0 for android,,mobile
LG-LS777 Build/NRD90U|Android 7.0|chrome 66.0 for android|1280x720,LG-LS777 Build/NRD90U,Android 7.0,chrome 66.0 for android,1280x720,mobile
Windows|Windows 8.1|firefox 60.0|1440x900,Windows,Windows 8.1,firefox 60.0,1440x900,desktop
LG-X165g Build/LRX21M||chrome 66.0 for android|,LG-X165g Build/LRX21M,,chrome 66.0 for android,,mobile
F8331||chrome 66.0 for android|,F8331,,chrome 66.0 for android,,mobile
moto g(6) play Build/OPP27.61-14-4||chrome 66.0 for android|,moto g(6) play Build/OPP27.61-14-4,,chrome 66.0 for android,,mobile
HTC U11 Build/NMF26X||chrome 66.0 for android|,HTC U11 Build/NMF26X,,chrome 66.0 for android,,mobile
SM-J120H Build/LMY47V||chrome 66.0 for android|,SM-J120H Build/LMY47V,,chrome 66.0 for android,,mobile
ANE-LX3 Build/HUAWEIANE-LX3||chrome 66.0 for android|,ANE-LX3 Build/HUAWEIANE-LX3,,chrome 66.0 for android,,mobile
Redmi Note 4X Build/MRA58K||chrome 66.0 for android|,Redmi Note 4X Build/MRA58K,,chrome 66.0 for android,,mobile
Archos||chrome 66.0 for android|,Archos,,chrome 66.0 for android,,mobile
iOS Device|iOS 11.3.1|google search application 49.0|2436x1125,iOS Device,iOS 11.3.1,google search application 49.0,2436x1125,mobile
SM-J120W||chrome 66.0 for android|,SM-J120W,,chrome 66.0 for android,,mobile
G3123|Android 8.0.0|chrome 66.0 for android|1280x720,G3123,Android 8.0.0,chrome 66.0 for android,1280x720,mobile
Trident/7.0|Windows 7|ie 11.0 for desktop|1365x767,Trident/7.0,Windows 7,ie 11.0 for desktop,1365x767,desktop
Windows|Windows 10|chrome 66.0|1707x960,Windows,Windows 10,chrome 66.0,1707x960,desktop
SM-J700T Build/MMB29K||chrome 55.0 for android|,SM-J700T Build/MMB29K,,chrome 55.0 for android,,mobile
SM-N9005 Build/LRX21V||chrome 66.0 for android|,SM-N9005 Build/LRX21V,,chrome 66.0 for android,,mobile
Windows|Windows 10|edge 17.0|1920x1079,Windows,Windows 10,edge 17.0,1920x1079,desktop
SAMSUNG SM-G930T Build/NRD90M||samsung browser 6.4|,SAMSUNG SM-G930T Build/NRD90M,,samsung browser 6.4,,mobile
SM-G900FD||chrome 63.0 for android|,SM-G900FD,,chrome 63.0 for android,,mobile
MacOS|Mac OS X 10_13_1|safari 11.0|2560x1600,MacOS,Mac OS X 10_13_1,safari 11.0,2560x1600,desktop
LG-K530 Build/MMB29M||chrome 66.0 for android|,LG-K530 Build/MMB29M,,chrome 66.0 for android,,mobile
7_Plus||android webview 4.0|,7_Plus,,android webview 4.0,,mobile
SM-G930F Build/MMB29K||chrome 66.0 for android|,SM-G930F Build/MMB29K,,chrome 66.0 for android,,mobile
Windows|Windows 10|edge 17.0|1599x900,Windows,Windows 10,edge 17.0,1599x900,desktop
SAMSUNG SM-G900M Build/LRX21T||samsung|,SAMSUNG SM-G900M Build/LRX21T,,samsung,,mobile
Moto G (5) Build/NPP25.137-33||chrome 66.0 for android|,Moto G (5) Build/NPP25.137-33,,chrome 66.0 for android,,mobile
Windows|Windows 10|edge 14.0|1279x1023,Windows,Windows 10,edge 14.0,1279x1023,desktop
LG-X180g Build/LMY47I||chrome 51.0 for android|,LG-X180g Build/LMY47I,,chrome 51.0 for android,,mobile
||google|,,,google,,mobile
rv:55.0|Mac OS X 10.13|firefox 55.0|1920x1080,rv:55.0,Mac OS X 10.13,firefox 55.0,1920x1080,desktop
E6853 Build/32.4.A.1.54||chrome 66.0 for android|,E6853 Build/32.4.A.1.54,,chrome 66.0 for android,,mobile
SM-P550 Build/NMF26X||chrome 66.0 for android|,SM-P550 Build/NMF26X,,chrome 66.0 for android,,mobile
Trident/7.0|Windows 8.1|ie 11.0 for tablet|2160x1440,Trident/7.0,Windows 8.1,ie 11.0 for tablet,2160x1440,desktop
SAMSUNG SM-G900A Build/MMB29M|Android 6.0.1|samsung browser 6.4|1920x1080,SAMSUNG SM-G900A Build/MMB29M,Android 6.0.1,samsung browser 6.4,1920x1080,mobile
|Android|chrome 58.0|960x540,,Android,chrome 58.0,960x540,mobile
LG-X210 Build/LMY47I||chrome 66.0 for android|,LG-X210 Build/LMY47I,,chrome 66.0 for android,,mobile
Windows|Windows 10|chrome 66.0|2256x1504,Windows,Windows 10,chrome 66.0,2256x1504,desktop
LIMIT||chrome 66.0 for android|,LIMIT,,chrome 66.0 for android,,mobile
iris50||chrome 66.0 for android|,iris50,,chrome 66.0 for android,,mobile
Lenovo K33b36 Build/NRD90N||chrome 66.0 for android|,Lenovo K33b36 Build/NRD90N,,chrome 66.0 for android,,mobile
M4||chrome 66.0 for android|,M4,,chrome 66.0 for android,,mobile
LG-D680 Build/KOT49I||chrome 63.0 for android|,LG-D680 Build/KOT49I,,chrome 63.0 for android,,mobile
Windows|Windows 7|firefox 60.0|1600x900,Windows,Windows 7,firefox 60.0,1600x900,desktop
SM-J320FN Build/LMY47V||chrome 66.0 for android|,SM-J320FN Build/LMY47V,,chrome 66.0 for android,,mobile
XT1003||chrome 65.0 for android|,XT1003,,chrome 65.0 for android,,mobile
HUAWEI CUN-L03 Build/HUAWEICUN-L03||chrome 66.0 for android|,HUAWEI CUN-L03 Build/HUAWEICUN-L03,,chrome 66.0 for android,,mobile
SAMSUNG-SM-N920A Build/NRD90M|Android 7.0|chrome 66.0 for android|1921x1081,SAMSUNG-SM-N920A Build/NRD90M,Android 7.0,chrome 66.0 for android,1921x1081,mobile
RNE-L21 Build/HUAWEIRNE-L21||chrome 66.0 for android|,RNE-L21 Build/HUAWEIRNE-L21,,chrome 66.0 for android,,mobile
MacOS|Mac OS X 10_9_5|safari 9.0|1280x1024,MacOS,Mac OS X 10_9_5,safari 9.0,1280x1024,desktop
MacOS|Mac OS X 10_9_5|chrome 66.0|1280x800,MacOS,Mac OS X 10_9_5,chrome 66.0,1280x800,desktop
VS425|Android 6.0.1|chrome 66.0 for android|855x480,VS425,Android 6.0.1,chrome 66.0 for android,855x480,mobile
||facebook|,,,facebook,,mobile
SM-G570M Build/NRD90M||android webview 4.0|,SM-G570M Build/NRD90M,,android webview 4.0,,mobile
LG-K500 Build/MMB29M||chrome 66.0 for android|,LG-K500 Build/MMB29M,,chrome 66.0 for android,,mobile
LG-H650 Build/LMY47V||chrome 51.0 for android|,LG-H650 Build/LMY47V,,chrome 51.0 for android,,mobile
HTC6535LVW|Android 7.0|chrome 66.0 for android|1920x1080,HTC6535LVW,Android 7.0,chrome 66.0 for android,1920x1080,mobile
SAMSUNG SM-G900M Build/LRX21T||samsung browser 6.4|,SAMSUNG SM-G900M Build/LRX21T,,samsung browser 6.4,,mobile
Blade A510 Build/MRA58K||chrome 58.0 for android|,Blade A510 Build/MRA58K,,chrome 58.0 for android,,mobile
Alumini3Plus||chrome 66.0 for android|,Alumini3Plus,,chrome 66.0 for android,,mobile
MacOS|Mac OS X 10_12_6|safari 11.0|1600x900,MacOS,Mac OS X 10_12_6,safari 11.0,1600x900,desktop
LGMP450 Build/NRD90U|Android 7.0|chrome 66.0 for android|1920x1080,LGMP450 Build/NRD90U,Android 7.0,chrome 66.0 for android,1920x1080,mobile
BAC-L03 Build/HUAWEIBAC-L03||chrome 66.0 for android|,BAC-L03 Build/HUAWEIBAC-L03,,chrome 66.0 for android,,mobile
Moto E (4) Plus Build/NMA26.42-142||chrome 56.0 for android|,Moto E (4) Plus Build/NMA26.42-142,,chrome 56.0 for android,,mobile
H3321||chrome 66.0 for android|,H3321,,chrome 66.0 for android,,mobile
Moto|Android 7.0|chrome 66.0 for android|1920x1080,Moto,Android 7.0,chrome 66.0 for android,1920x1080,mobile
Alumini3Plus||android webview 4.0|,Alumini3Plus,,android webview 4.0,,mobile
SM-G920W8||chrome 65.0 for android|,SM-G920W8,,chrome 65.0 for android,,mobile
SM-T330||chrome 65.0 for android|,SM-T330,,chrome 65.0 for android,,mobile
AX821 Build/MRA58K||chrome 66.0 for android|,AX821 Build/MRA58K,,chrome 66.0 for android,,mobile
EVA-L19 Build/HUAWEIEVA-L19||chrome 66.0 for android|,EVA-L19 Build/HUAWEIEVA-L19,,chrome 66.0 for android,,mobile
SM-N920T Build/NRD90M||chrome 66.0 for android|,SM-N920T Build/NRD90M,,chrome 66.0 for android,,mobile
E5823 Build/32.4.A.1.54||chrome 66.0 for android|,E5823 Build/32.4.A.1.54,,chrome 66.0 for android,,mobile
Blade V580 Build/LMY47D||chrome 66.0 for android|,Blade V580 Build/LMY47D,,chrome 66.0 for android,,mobile
Azumi_KINZO_A5_QL||chrome 65.0 for android|,Azumi_KINZO_A5_QL,,chrome 65.0 for android,,mobile
SAMSUNG SM-G900I Build/MMB29M||samsung browser 6.4|,SAMSUNG SM-G900I Build/MMB29M,,samsung browser 6.4,,mobile
Moto G (4) Build/NPJS25.93-14-10||chrome 63.0 for android|,Moto G (4) Build/NPJS25.93-14-10,,chrome 63.0 for android,,mobile
G3123||chrome 66.0 for android|,G3123,,chrome 66.0 for android,,mobile
LG-H420 Build/LRX21Y||chrome 65.0 for android|,LG-H420 Build/LRX21Y,,chrome 65.0 for android,,mobile
SAMSUNG-SM-T377A Build/MMB29K|Android 6.0.1|chrome 66.0 for android|1280x800,SAMSUNG-SM-T377A Build/MMB29K,Android 6.0.1,chrome 66.0 for android,1280x800,mobile
LG-TP450 Build/NRD90U||chrome 66.0 for android|,LG-TP450 Build/NRD90U,,chrome 66.0 for android,,mobile
B1-750||chrome 66.0 for android|,B1-750,,chrome 66.0 for android,,mobile
LG-H420 Build/LRX21Y||android browser 4.0|,LG-H420 Build/LRX21Y,,android browser 4.0,,mobile
Windows|Windows 10|opera 52.0|1920x1080,Windows,Windows 10,opera 52.0,1920x1080,desktop
SM-N950U Build/R16NW||chrome 66.0 for android|,SM-N950U Build/R16NW,,chrome 66.0 for android,,mobile
SM-G955U Build/R16NW|Android 8.0.0|chrome 66.0 for android|2961x1442,SM-G955U Build/R16NW,Android 8.0.0,chrome 66.0 for android,2961x1442,mobile
Windows|Windows 8.1|chrome 66.0|1360x768,Windows,Windows 8.1,chrome 66.0,1360x768,desktop
Z9 PLUS Build/NRD90M||chrome 66.0 for android|,Z9 PLUS Build/NRD90M,,chrome 66.0 for android,,mobile
QTASUN1 Build/NRD90M|Android 7.0|chrome 66.0 for android|1920x1200,QTASUN1 Build/NRD90M,Android 7.0,chrome 66.0 for android,1920x1200,mobile
D2306 Build/18.6.A.0.182||chrome 66.0 for android|,D2306 Build/18.6.A.0.182,,chrome 66.0 for android,,mobile
MacOS|Mac OS X 10_9_5|safari 9.0|1366x768,MacOS,Mac OS X 10_9_5,safari 9.0,1366x768,desktop
rv:52.0|Windows XP|firefox 52.0|1920x1080,rv:52.0,Windows XP,firefox 52.0,1920x1080,desktop
MacOS|Mac OS X 10_13_4|chrome 66.0|1366x768,MacOS,Mac OS X 10_13_4,chrome 66.0,1366x768,desktop
Windows|Windows 7|firefox 60.0|1680x1050,Windows,Windows 7,firefox 60.0,1680x1050,desktop
WAS-LX1 Build/HUAWEIWAS-LX1||chrome 66.0 for android|,WAS-LX1 Build/HUAWEIWAS-LX1,,chrome 66.0 for android,,mobile
Moto G (5) Plus Build/NPNS25.137-92-4||chrome 66.0 for android|,Moto G (5) Plus Build/NPNS25.137-92-4,,chrome 66.0 for android,,mobile
Windows|Windows 8|firefox 59.0|1366x768,Windows,Windows 8,firefox 59.0,1366x768,desktop
SM-G9650 Build/R16NW||chrome 66.0 for android|,SM-G9650 Build/R16NW,,chrome 66.0 for android,,mobile
HUAWEI Y520-U03 Build/HUAWEIY520-U03||chrome 65.0 for android|,HUAWEI Y520-U03 Build/HUAWEIY520-U03,,chrome 65.0 for android,,mobile
MacOS|Mac OS X 10_13_4|chrome 66.0|4096x2304,MacOS,Mac OS X 10_13_4,chrome 66.0,4096x2304,desktop
Z965 Build/NMF26V|Android 7.1.1|chrome 58.0 for android|1280x720,Z965 Build/NMF26V,Android 7.1.1,chrome 58.0 for android,1280x720,mobile
MacOS|Mac OS X 10_12_5|safari 10.0|2880x1800,MacOS,Mac OS X 10_12_5,safari 10.0,2880x1800,desktop
iOS Device|iOS 11.2.2|google search application 49.0|2732x2048,iOS Device,iOS 11.2.2,google search application 49.0,2732x2048,mobile
5010S Build/MRA58K||chrome 66.0 for android|,5010S Build/MRA58K,,chrome 66.0 for android,,mobile
Ilium X510 Build/MRA58K||chrome 55.0 for android|,Ilium X510 Build/MRA58K,,chrome 55.0 for android,,mobile
5015A Build/LMY47I||chrome 66.0 for android|,5015A Build/LMY47I,,chrome 66.0 for android,,mobile
SM-J530GM Build/NRD90M||chrome 66.0 for android|,SM-J530GM Build/NRD90M,,chrome 66.0 for android,,mobile
GT-N8010||chrome 65.0 for android|,GT-N8010,,chrome 65.0 for android,,mobile
LGLS775 Build/NRD90U||chrome 66.0 for android|,LGLS775 Build/NRD90U,,chrome 66.0 for android,,mobile
Windows|Windows 10|edge 17.0|1360x768,Windows,Windows 10,edge 17.0,1360x768,desktop
Moto G (4) Build/NPJS25.93-14-15||chrome 63.0 for android|,Moto G (4) Build/NPJS25.93-14-15,,chrome 63.0 for android,,mobile
LGMS550 Build/NRD90U||chrome 66.0 for android|,LGMS550 Build/NRD90U,,chrome 66.0 for android,,mobile
VS995 Build/NRD90M||chrome 66.0 for android|,VS995 Build/NRD90M,,chrome 66.0 for android,,mobile
LS5||chrome 65.0 for android|,LS5,,chrome 65.0 for android,,mobile
LG-H420 Build/LRX21Y||chrome 66.0 for android|,LG-H420 Build/LRX21Y,,chrome 66.0 for android,,mobile
LG-M400 Build/NRD90U||chrome 66.0 for android|,LG-M400 Build/NRD90U,,chrome 66.0 for android,,mobile
Windows|Windows 10|edge 17.0|1280x1024,Windows,Windows 10,edge 17.0,1280x1024,desktop
rv:58.0|Mac OS X 10.13|firefox 58.0|5120x2880,rv:58.0,Mac OS X 10.13,firefox 58.0,5120x2880,desktop
Windows|Windows 7|chrome 66.0|1024x819,Windows,Windows 7,chrome 66.0,1024x819,desktop
LGMS631 Build/MRA58K|Android 6.0|chrome 66.0 for android|1280x720,LGMS631 Build/MRA58K,Android 6.0,chrome 66.0 for android,1280x720,mobile
SM-T560 Build/KTU84P||chrome 66.0 for android|,SM-T560 Build/KTU84P,,chrome 66.0 for android,,mobile
Windows|Windows 10|chrome 66.0|1360x768,Windows,Windows 10,chrome 66.0,1360x768,desktop
MacOS|Mac OS X 10_13_4|chrome 66.0|3440x1440,MacOS,Mac OS X 10_13_4,chrome 66.0,3440x1440,desktop
||android browser 4.0|,,,android browser 4.0,,mobile
|Android|chrome 56.0|1920x1080,,Android,chrome 56.0,1920x1080,mobile
SM-J111M Build/LMY47V||chrome 66.0 for android|,SM-J111M Build/LMY47V,,chrome 66.0 for android,,mobile
MacOS|Mac OS X 10_11_4|safari 9.0|1920x1080,MacOS,Mac OS X 10_11_4,safari 9.0,1920x1080,desktop
M4 SS4457 Build/MRA58K||chrome 66.0 for android|,M4 SS4457 Build/MRA58K,,chrome 66.0 for android,,mobile
Z981 Build/MMB29M||chrome 66.0 for android|,Z981 Build/MMB29M,,chrome 66.0 for android,,mobile
Aquaris||chrome 66.0 for android|,Aquaris,,chrome 66.0 for android,,mobile
Trident/7.0|Windows 10|ie 11.0 for tablet|2735x1823,Trident/7.0,Windows 10,ie 11.0 for tablet,2735x1823,desktop
Windows|Windows 8.1|chrome 66.0|2049x1152,Windows,Windows 8.1,chrome 66.0,2049x1152,desktop
iOS Device|iOS 11.2.5|google search application 49.0|1334x750,iOS Device,iOS 11.2.5,google search application 49.0,1334x750,mobile
Windows|Windows 10|chrome 66.0|2049x1152,Windows,Windows 10,chrome 66.0,2049x1152,desktop
MacOS|Mac OS X 10_13_2|chrome 66.0|1440x900,MacOS,Mac OS X 10_13_2,chrome 66.0,1440x900,desktop
SM-G935T Build/NRD90M|Android 7.0|chrome 66.0 for android|1921x1081,SM-G935T Build/NRD90M,Android 7.0,chrome 66.0 for android,1921x1081,mobile
MacOS|Mac OS X 10_9_5|safari 9.0|1280x800,MacOS,Mac OS X 10_9_5,safari 9.0,1280x800,desktop
SM-G530H Build/LRX22G||chrome 56.0 for android|,SM-G530H Build/LRX22G,,chrome 56.0 for android,,mobile
Windows|Windows 7|chrome 66.0|1280x960,Windows,Windows 7,chrome 66.0,1280x960,desktop
Y550-L02||chrome 66.0 for android|,Y550-L02,,chrome 66.0 for android,,mobile
SAMSUNG SM-P580 Build/NRD90M||samsung browser 5.2|,SAMSUNG SM-P580 Build/NRD90M,,samsung browser 5.2,,mobile
iOS Device|iOS 11.3.0|firefox|1334x750,iOS Device,iOS 11.3.0,firefox,1334x750,mobile
Windows|Windows 10|edge 17.0|1680x1050,Windows,Windows 10,edge 17.0,1680x1050,desktop
LG-M710 Build/NRD90U||chrome 63.0 for android|,LG-M710 Build/NRD90U,,chrome 63.0 for android,,mobile
Linux x86_64|Linux|firefox 60.0|1920x1080,Linux x86_64,Linux,firefox 60.0,1920x1080,desktop
Techpad||chrome 64.0 for android|,Techpad,,chrome 64.0 for android,,mobile
SM-G900T Build/MMB29M||chrome 66.0 for android|,SM-G900T Build/MMB29M,,chrome 66.0 for android,,mobile
iOS Device|iOS 11.3.1|chrome 66.0 for ios|2001x1125,iOS Device,iOS 11.3.1,chrome 66.0 for ios,2001x1125,mobile
Trident/7.0|Windows 10|ie 11.0 for tablet|2100x1312,Trident/7.0,Windows 10,ie 11.0 for tablet,2100x1312,desktop
FRD-L09 Build/HUAWEIFRD-L09|Android 7.0|chrome 66.0 for android|1920x1080,FRD-L09 Build/HUAWEIFRD-L09,Android 7.0,chrome 66.0 for android,1920x1080,mobile
iOS Device|iOS 11.2.6|mobile safari 11.0|2732x2048,iOS Device,iOS 11.2.6,mobile safari 11.0,2732x2048,mobile
iOS Device|iOS 11.3.1|chrome 66.0 for ios|1136x640,iOS Device,iOS 11.3.1,chrome 66.0 for ios,1136x640,mobile
GT-I9506||chrome 66.0 for android|,GT-I9506,,chrome 66.0 for android,,mobile
|Android|chrome 66.0|1280x800,,Android,chrome 66.0,1280x800,mobile
F3313 Build/37.0.A.2.108||chrome 65.0 for android|,F3313 Build/37.0.A.2.108,,chrome 65.0 for android,,mobile
SAMSUNG SM-G955F Build/R16NW||samsung browser 7.0|,SAMSUNG SM-G955F Build/R16NW,,samsung browser 7.0,,mobile
Moto G Play Build/MPIS24.241-15.3-26||chrome 59.0 for android|,Moto G Play Build/MPIS24.241-15.3-26,,chrome 59.0 for android,,mobile
MotoE2(4G-LTE||chrome 66.0 for android|,MotoE2(4G-LTE,,chrome 66.0 for android,,mobile
Windows|Windows 10|edge 17.0|2736x1824,Windows,Windows 10,edge 17.0,2736x1824,desktop
SM-N920V Build/NRD90M||chrome 66.0 for android|,SM-N920V Build/NRD90M,,chrome 66.0 for android,,mobile
Windows|Windows 10|firefox 60.0|1360x767,Windows,Windows 10,firefox 60.0,1360x767,desktop
P008 Build/NRD90M|Android 7.0|chrome 66.0 for android|2049x1536,P008 Build/NRD90M,Android 7.0,chrome 66.0 for android,2049x1536,mobile
LG-H650 Build/MRA58K||chrome 66.0 for android|,LG-H650 Build/MRA58K,,chrome 66.0 for android,,mobile
4047A Build/NRD90M||chrome 66.0 for android|,4047A Build/NRD90M,,chrome 66.0 for android,,mobile
MacOS|Mac OS X 10_13_4|chrome 66.0|1680x1050,MacOS,Mac OS X 10_13_4,chrome 66.0,1680x1050,desktop
Windows|Windows 7|chrome 66.0|1280x1025,Windows,Windows 7,chrome 66.0,1280x1025,desktop
iOS Device|iOS 11.4.0|mobile safari 11.0|2208x1242,iOS Device,iOS 11.4.0,mobile safari 11.0,2208x1242,mobile
MacOS|Mac OS X 10_10_5|chrome 67.0|1920x1200,MacOS,Mac OS X 10_10_5,chrome 67.0,1920x1200,desktop
SAMSUNG SM-G9600 Build/R16NW||samsung browser 7.0|,SAMSUNG SM-G9600 Build/R16NW,,samsung browser 7.0,,mobile
VS501 Build/NRD90U|Android 7.0|chrome 66.0 for android|1280x720,VS501 Build/NRD90U,Android 7.0,chrome 66.0 for android,1280x720,mobile
Moto C Build/NRD90M.070||chrome 66.0 for android|,Moto C Build/NRD90M.070,,chrome 66.0 for android,,mobile
6039A Build/LRX22G||chrome 43.0 for android|,6039A Build/LRX22G,,chrome 43.0 for android,,mobile
BLADE V8Q Build/N2G47H||chrome 66.0 for android|,BLADE V8Q Build/N2G47H,,chrome 66.0 for android,,mobile
MacOS|Mac OS X 10_13_2|safari 11.0|3360x2100,MacOS,Mac OS X 10_13_2,safari 11.0,3360x2100,desktop
Windows|Windows 10|edge 16.0|1599x899,Windows,Windows 10,edge 16.0,1599x899,desktop
SGP611||chrome 54.0 for android|,SGP611,,chrome 54.0 for android,,mobile
||safari|,,,safari,,desktop
MacOS|Mac OS X 10_12_6|safari 11.0|1280x800,MacOS,Mac OS X 10_12_6,safari 11.0,1280x800,desktop
Pixel XL Build/OPM4.171019.016.B1|Android 8.1.0|chrome 66.0 for android|2561x1442,Pixel XL Build/OPM4.171019.016.B1,Android 8.1.0,chrome 66.0 for android,2561x1442,mobile
MacOS|Mac OS X 10_12_6|chrome 66.0|2560x1600,MacOS,Mac OS X 10_12_6,chrome 66.0,2560x1600,desktop
RNE-L23 Build/HUAWEIRNE-L23||chrome 66.0 for android|,RNE-L23 Build/HUAWEIRNE-L23,,chrome 66.0 for android,,mobile
Nexus||chrome|,Nexus,,chrome,,mobile
iOS Device|iOS 11.1.1|mobile safari 9.0|1334x750,iOS Device,iOS 11.1.1,mobile safari 9.0,1334x750,mobile
Moto G Play Build/MPIS24.241-15.3-26||chrome 66.0 for android|,Moto G Play Build/MPIS24.241-15.3-26,,chrome 66.0 for android,,mobile
SM-G935T Build/NRD90M||chrome 66.0 for android|,SM-G935T Build/NRD90M,,chrome 66.0 for android,,mobile
SAMSUNG SM-A300H Build/LRX22G||samsung browser 3.3|,SAMSUNG SM-A300H Build/LRX22G,,samsung browser 3.3,,mobile
LG-M210 Build/NRD90U|Android 7.0|chrome 66.0 for android|1280x720,LG-M210 Build/NRD90U,Android 7.0,chrome 66.0 for android,1280x720,mobile
MacOS|Mac OS X 10_13_4|safari 11.0|1360x768,MacOS,Mac OS X 10_13_4,safari 11.0,1360x768,desktop
MacOS|Mac OS X 10_12_6|safari 10.0|1920x1080,MacOS,Mac OS X 10_12_6,safari 10.0,1920x1080,desktop
SM-G930F Build/NRD90M||android webview 4.0|,SM-G930F Build/NRD90M,,android webview 4.0,,mobile
rv:60.0|Mac OS X 10.10|firefox 60.0|1280x800,rv:60.0,Mac OS X 10.10,firefox 60.0,1280x800,desktop
iOS Device|iOS 11.3.1|google search application 49.0|2208x1242,iOS Device,iOS 11.3.1,google search application 49.0,2208x1242,mobile
MacOS|Mac OS X 10_13_4|safari 11.0|1680x1050,MacOS,Mac OS X 10_13_4,safari 11.0,1680x1050,desktop
Trident/7.0|Windows 7|ie 11.0 for desktop|1599x899,Trident/7.0,Windows 7,ie 11.0 for desktop,1599x899,desktop
Windows|Windows 7|ie 11.0 for desktop|1279x1023,Windows,Windows 7,ie 11.0 for desktop,1279x1023,desktop
SM-G920I Build/NRD90M||chrome 66.0 for android|,SM-G920I Build/NRD90M,,chrome 66.0 for android,,mobile
Windows|Windows 8.1|firefox 60.0|1920x1080,Windows,Windows 8.1,firefox 60.0,1920x1080,desktop
HUAWEI||chrome 61.0 for android|,HUAWEI,,chrome 61.0 for android,,mobile
Techpad||chrome 66.0 for android|,Techpad,,chrome 66.0 for android,,mobile
Windows|Windows 7|firefox 60.0|1920x1200,Windows,Windows 7,firefox 60.0,1920x1200,desktop
SAMSUNG SM-G955F Build/R16NW||samsung browser 6.4|,SAMSUNG SM-G955F Build/R16NW,,samsung browser 6.4,,mobile
Windows||firefox 55.0|,Windows,,firefox 55.0,,desktop
Linux x86_64||firefox 60.0|,Linux x86_64,,firefox 60.0,,desktop
D6503||chrome 66.0 for android|,D6503,,chrome 66.0 for android,,mobile
iOS Device|iOS 11.2.6|google search application 49.0|2048x1536,iOS Device,iOS 11.2.6,google search application 49.0,2048x1536,mobile
iOS Device|iOS 11.3.1|google|2436x1125,iOS Device,iOS 11.3.1,google,2436x1125,mobile
MacOS|Mac OS X 10_11_6|safari 9.0|4096x2304,MacOS,Mac OS X 10_11_6,safari 9.0,4096x2304,desktop
iOS Device|iOS 11.3.0|chrome 66.0 for ios|2208x1242,iOS Device,iOS 11.3.0,chrome 66.0 for ios,2208x1242,mobile
SAMSUNG SM-G935A Build/NRD90M||samsung browser 6.4|,SAMSUNG SM-G935A Build/NRD90M,,samsung browser 6.4,,mobile
Z982 Build/NMF26V||chrome 66.0 for android|,Z982 Build/NMF26V,,chrome 66.0 for android,,mobile
Windows|Windows 7|chrome 66.0|2112x1188,Windows,Windows 7,chrome 66.0,2112x1188,desktop
SAMSUNG-SM-G891A Build/NRD90M||chrome 66.0 for android|,SAMSUNG-SM-G891A Build/NRD90M,,chrome 66.0 for android,,mobile
Redmi Note 3 Build/MMB29M||chrome 66.0 for android|,Redmi Note 3 Build/MMB29M,,chrome 66.0 for android,,mobile
XT1063 Build/MPB24.65-34-3||chrome 66.0 for android|,XT1063 Build/MPB24.65-34-3,,chrome 66.0 for android,,mobile
iOS Device|iOS 11.2.5|google|1334x750,iOS Device,iOS 11.2.5,google,1334x750,mobile
Windows|Windows 10|edge 15.0|1280x1023,Windows,Windows 10,edge 15.0,1280x1023,desktop
Moto E (4) Plus Build/NMA26.42-142||chrome 65.0 for android|,Moto E (4) Plus Build/NMA26.42-142,,chrome 65.0 for android,,mobile
Z812||chrome 65.0 for android|,Z812,,chrome 65.0 for android,,mobile
BLU ENERGY X PLUS Build/LRX21M||chrome 66.0 for android|,BLU ENERGY X PLUS Build/LRX21M,,chrome 66.0 for android,,mobile
SAMSUNG SM-G935P Build/NRD90M||samsung browser 6.4|,SAMSUNG SM-G935P Build/NRD90M,,samsung browser 6.4,,mobile
Windows NT 6.2|Windows 8|ie|1600x900,Windows NT 6.2,Windows 8,ie,1600x900,desktop
Windows|Windows 10|firefox 60.0|1360x768,Windows,Windows 10,firefox 60.0,1360x768,desktop
BLADE A520 Build/NRD90M||chrome 66.0 for android|,BLADE A520 Build/NRD90M,,chrome 66.0 for android,,mobile
Moto E (4) Build/NDQS26.69-64-2||chrome 66.0 for android|,Moto E (4) Build/NDQS26.69-64-2,,chrome 66.0 for android,,mobile
M4 SS4457-R Build/NRD90M||chrome 66.0 for android|,M4 SS4457-R Build/NRD90M,,chrome 66.0 for android,,mobile
TA-1027 Build/OPR1.170623.026||chrome 66.0 for android|,TA-1027 Build/OPR1.170623.026,,chrome 66.0 for android,,mobile
Lenovo PB1-750M Build/S100||chrome 66.0 for android|,Lenovo PB1-750M Build/S100,,chrome 66.0 for android,,mobile
IO||chrome 65.0 for android|,IO,,chrome 65.0 for android,,mobile
SM-G928G Build/MMB29K||chrome 66.0 for android|,SM-G928G Build/MMB29K,,chrome 66.0 for android,,mobile
|Linux|chrome 66.0|2400x1600,,Linux,chrome 66.0,2400x1600,desktop
YOLO||android browser 4.0|,YOLO,,android browser 4.0,,mobile
Windows|Windows 7|chrome 66.0|1280x720,Windows,Windows 7,chrome 66.0,1280x720,desktop
SAMSUNG-SM-J327A Build/NRD90M|Android 7.0|chrome 66.0 for android|1280x720,SAMSUNG-SM-J327A Build/NRD90M,Android 7.0,chrome 66.0 for android,1280x720,mobile
||opera 53.0|,,,opera 53.0,,desktop
ALP-L09 Build/HUAWEIALP-L09||chrome 66.0 for android|,ALP-L09 Build/HUAWEIALP-L09,,chrome 66.0 for android,,mobile
SM-J530F Build/NRD90M||chrome 66.0 for android|,SM-J530F Build/NRD90M,,chrome 66.0 for android,,mobile
Windows|Windows 10|edge 17.0|1366x767,Windows,Windows 10,edge 17.0,1366x767,desktop
G3313 Build/43.0.A.7.25||chrome 66.0 for android|,G3313 Build/43.0.A.7.25,,chrome 66.0 for android,,mobile
Pixel XL Build/OPM4.171019.016.B1|Android 8.1.0|chrome 66.0 for android|2562x1442,Pixel XL Build/OPM4.171019.016.B1,Android 8.1.0,chrome 66.0 for android,2562x1442,mobile
Trident/7.0|Windows 10|ie 11.0 for desktop|1679x1049,Trident/7.0,Windows 10,ie 11.0 for desktop,1679x1049,desktop
HUAWEI VNS-L31 Build/HUAWEIVNS-L31||chrome 66.0 for android|,HUAWEI VNS-L31 Build/HUAWEIVNS-L31,,chrome 66.0 for android,,mobile
VK700 Build/LRX22G|Android 5.0.2|chrome 66.0 for android|1280x800,VK700 Build/LRX22G,Android 5.0.2,chrome 66.0 for android,1280x800,mobile
Windows|Windows 7|opera 52.0|1280x1024,Windows,Windows 7,opera 52.0,1280x1024,desktop
Lenovo|Android 6.0|chrome 66.0 for android|1920x1200,Lenovo,Android 6.0,chrome 66.0 for android,1920x1200,mobile
MacOS|Mac OS X 10_11_5|chrome 66.0|1280x800,MacOS,Mac OS X 10_11_5,chrome 66.0,1280x800,desktop
rv:60.0|Windows 8.1|firefox 60.0|1600x900,rv:60.0,Windows 8.1,firefox 60.0,1600x900,desktop
Windows|Windows 10|edge 16.0|1920x1279,Windows,Windows 10,edge 16.0,1920x1279,desktop
SAMSUNG SM-T810 Build/NRD90M||samsung browser 6.4|,SAMSUNG SM-T810 Build/NRD90M,,samsung browser 6.4,,mobile
XT1053 Build/LPAS23.12-21.7-1||chrome 66.0 for android|,XT1053 Build/LPAS23.12-21.7-1,,chrome 66.0 for android,,mobile
SAMSUNG-SM-J320A Build/MMB29K||chrome 66.0 for android|,SAMSUNG-SM-J320A Build/MMB29K,,chrome 66.0 for android,,mobile
SAMSUNG SM-G930T Build/NRD90M|Android 7.0|samsung browser 6.4|1920x1080,SAMSUNG SM-G930T Build/NRD90M,Android 7.0,samsung browser 6.4,1920x1080,mobile
HUAWEI VNS-L23 Build/HUAWEIVNS-L23||facebook|,HUAWEI VNS-L23 Build/HUAWEIVNS-L23,,facebook,,mobile
XT1080 Build/SU6-7.7||chrome 66.0 for android|,XT1080 Build/SU6-7.7,,chrome 66.0 for android,,mobile
rv:11.0|Windows 7|ie 11.0 for desktop|1024x767,rv:11.0,Windows 7,ie 11.0 for desktop,1024x767,desktop
9008A Build/NRD90M||chrome 66.0 for android|,9008A Build/NRD90M,,chrome 66.0 for android,,mobile
D6603 Build/23.5.A.1.291||chrome 66.0 for android|,D6603 Build/23.5.A.1.291,,chrome 66.0 for android,,mobile
SM-P580 Build/NRD90M|Android 7.0|chrome 66.0 for android|1920x1200,SM-P580 Build/NRD90M,Android 7.0,chrome 66.0 for android,1920x1200,mobile
SM-J320V Build/NMF26X|Android 7.1.1|chrome 66.0 for android|1280x720,SM-J320V Build/NMF26X,Android 7.1.1,chrome 66.0 for android,1280x720,mobile
Trident/7.0|Windows 8.1|ie 11.0 for tablet|1919x1079,Trident/7.0,Windows 8.1,ie 11.0 for tablet,1919x1079,desktop
rv:11.0|Windows 7|ie 11.0 for desktop|1279x1023,rv:11.0,Windows 7,ie 11.0 for desktop,1279x1023,desktop
MacOS|Mac OS X 10_9_5|safari 9.0|1680x1050,MacOS,Mac OS X 10_9_5,safari 9.0,1680x1050,desktop
HUAWEI Y360-U23 Build/HUAWEIY360-U23||chrome|,HUAWEI Y360-U23 Build/HUAWEIY360-U23,,chrome,,mobile
iOS Device|iOS 11.2.6|google|1334x750,iOS Device,iOS 11.2.6,google,1334x750,mobile
SM-T310 Build/KOT49H||chrome 66.0 for android|,SM-T310 Build/KOT49H,,chrome 66.0 for android,,mobile
rv:52.0|Windows 10|firefox 52.0|1920x1080,rv:52.0,Windows 10,firefox 52.0,1920x1080,desktop
SAMSUNG||samsung browser 3.3|,SAMSUNG,,samsung browser 3.3,,mobile
iOS Device|iOS 11.3.1|chrome 63.0 for ios|1334x750,iOS Device,iOS 11.3.1,chrome 63.0 for ios,1334x750,mobile
MacOS|Mac OS X 10_13_3|chrome 66.0|5120x2880,MacOS,Mac OS X 10_13_3,chrome 66.0,5120x2880,desktop
XT1635-02 Build/OPN27.76-12-22||chrome 66.0 for android|,XT1635-02 Build/OPN27.76-12-22,,chrome 66.0 for android,,mobile
Hisense F20 Build/MMB29M||chrome 46.0 for android|,Hisense F20 Build/MMB29M,,chrome 46.0 for android,,mobile
|Linux|chrome 56.0|2220x1081,,Linux,chrome 56.0,2220x1081,desktop
iOS Device|iOS 11.3.0|chrome 66.0 for ios|1334x750,iOS Device,iOS 11.3.0,chrome 66.0 for ios,1334x750,mobile
RNE-L22 Build/HUAWEIRNE-L22||chrome 66.0 for android|,RNE-L22 Build/HUAWEIRNE-L22,,chrome 66.0 for android,,mobile
Trident/7.0|Windows 8.1|ie 11.0 for tablet|1920x1080,Trident/7.0,Windows 8.1,ie 11.0 for tablet,1920x1080,desktop
ASUS_Z017D||chrome 66.0 for android|,ASUS_Z017D,,chrome 66.0 for android,,mobile
Build/OPM1.171019.011|Android 8.1.0|chrome 66.0 for android|2160x1081,Build/OPM1.171019.011,Android 8.1.0,chrome 66.0 for android,2160x1081,mobile
MacOS|Mac|chrome 58.0|2880x1800,MacOS,Mac,chrome 58.0,2880x1800,desktop
SM-J700T Build/NMF26X|Android 7.1.1|chrome 66.0 for android|1280x720,SM-J700T Build/NMF26X,Android 7.1.1,chrome 66.0 for android,1280x720,mobile
MacOS|Mac OS X 10_13_3|safari 11.0|3360x2100,MacOS,Mac OS X 10_13_3,safari 11.0,3360x2100,desktop
Redmi Note 3 Build/MMB29M||chrome 54.0 for android|,Redmi Note 3 Build/MMB29M,,chrome 54.0 for android,,mobile
2PYB2||chrome 66.0 for android|,2PYB2,,chrome 66.0 for android,,mobile
rv:47.0|Windows 8.1|firefox 47.0|1366x768,rv:47.0,Windows 8.1,firefox 47.0,1366x768,desktop
Windows|Windows 7|firefox 60.0|1440x900,Windows,Windows 7,firefox 60.0,1440x900,desktop
MacOS|Mac OS X 10_9_5|chrome 66.0|2560x1600,MacOS,Mac OS X 10_9_5,chrome 66.0,2560x1600,desktop
MacOS|Mac OS X 10_13_4|chrome 66.0|1584x990,MacOS,Mac OS X 10_13_4,chrome 66.0,1584x990,desktop
Windows|Windows 10|firefox 60.0|3840x2160,Windows,Windows 10,firefox 60.0,3840x2160,desktop
SM-P600 Build/LMY47X|Android 5.1.1|chrome 61.0 for android|2560x1600,SM-P600 Build/LMY47X,Android 5.1.1,chrome 61.0 for android,2560x1600,mobile
Pixel XL Build/OPM4.171019.016.B1|Android 8.1.0|chrome 64.0 for android|2562x1442,Pixel XL Build/OPM4.171019.016.B1,Android 8.1.0,chrome 64.0 for android,2562x1442,mobile
iOS Device|iOS 11.3.1|google|1334x750,iOS Device,iOS 11.3.1,google,1334x750,mobile
SAMSUNG SM-J327AZ Build/NRD90M||samsung browser 6.4|,SAMSUNG SM-J327AZ Build/NRD90M,,samsung browser 6.4,,mobile
Windows|Windows 10|chrome 66.0|1727x971,Windows,Windows 10,chrome 66.0,1727x971,desktop
SM-G930V Build/NRD90M|Android 7.0|chrome 65.0 for android|2560x1440,SM-G930V Build/NRD90M,Android 7.0,chrome 65.0 for android,2560x1440,mobile
Windows|Windows 7|firefox 60.0|1600x1200,Windows,Windows 7,firefox 60.0,1600x1200,desktop
Hisense U963 Build/MRA58K||chrome 66.0 for android|,Hisense U963 Build/MRA58K,,chrome 66.0 for android,,mobile
rv:60.0|Mac OS X 10.11|firefox 60.0|1366x768,rv:60.0,Mac OS X 10.11,firefox 60.0,1366x768,desktop
TA-1038 Build/NMF26O||chrome 66.0 for android|,TA-1038 Build/NMF26O,,chrome 66.0 for android,,mobile
SM-G955U1 Build/R16NW||chrome 66.0 for android|,SM-G955U1 Build/R16NW,,chrome 66.0 for android,,mobile
SM-G930T Build/NRD90M|Android 7.0|chrome 66.0 for android|2560x1440,SM-G930T Build/NRD90M,Android 7.0,chrome 66.0 for android,2560x1440,mobile
Moto E (4) Plus Build/NMA26.42-152||chrome 66.0 for android|,Moto E (4) Plus Build/NMA26.42-152,,chrome 66.0 for android,,mobile
HTC Desire 626s Build/LMY47O||chrome 66.0 for android|,HTC Desire 626s Build/LMY47O,,chrome 66.0 for android,,mobile
Lenovo||chrome 66.0 for android|,Lenovo,,chrome 66.0 for android,,mobile
moto||chrome 62.0 for android|,moto,,chrome 62.0 for android,,mobile
SM-T560NU Build/MMB29M|Android 6.0.1|chrome 65.0 for android|1280x800,SM-T560NU Build/MMB29M,Android 6.0.1,chrome 65.0 for android,1280x800,mobile
Trident/7.0|Windows 10|ie 11.0 for tablet|2559x1440,Trident/7.0,Windows 10,ie 11.0 for tablet,2559x1440,desktop
KFSAWI|Android 5.1.1|chrome 65.0 for android|2560x1600,KFSAWI,Android 5.1.1,chrome 65.0 for android,2560x1600,mobile
rv:60.0|Mac OS X 10.13|firefox 60.0|2560x1600,rv:60.0,Mac OS X 10.13,firefox 60.0,2560x1600,desktop
Windows|Windows 7|firefox 60.0|1280x1023,Windows,Windows 7,firefox 60.0,1280x1023,desktop
D2406||chrome 43.0 for android|,D2406,,chrome 43.0 for android,,mobile
|Android|chrome 66.0|1920x1080,,Android,chrome 66.0,1920x1080,mobile
LG-H811 Build/MRA58K|Android 6.0|chrome 66.0 for android|2560x1440,LG-H811 Build/MRA58K,Android 6.0,chrome 66.0 for android,2560x1440,mobile
gxq6580_weg_l Build/LMY47I||chrome 66.0 for android|,gxq6580_weg_l Build/LMY47I,,chrome 66.0 for android,,mobile
Windows|Windows 10|edge 17.0|1920x1200,Windows,Windows 10,edge 17.0,1920x1200,desktop
iOS Device|iOS 11.3.1|google|2224x1668,iOS Device,iOS 11.3.1,google,2224x1668,mobile
rv:60.0|Mac OS X 10.9|firefox 60.0|1280x800,rv:60.0,Mac OS X 10.9,firefox 60.0,1280x800,desktop
MHA-L09 Build/HUAWEIMHA-L09||chrome 66.0 for android|,MHA-L09 Build/HUAWEIMHA-L09,,chrome 66.0 for android,,mobile
MALC|Windows 7|ie 11.0 for desktop|1366x768,MALC,Windows 7,ie 11.0 for desktop,1366x768,desktop
LG-D680 Build/KOT49I||chrome 66.0 for android|,LG-D680 Build/KOT49I,,chrome 66.0 for android,,mobile
Windows|Windows 7|chrome 67.0|1680x945,Windows,Windows 7,chrome 67.0,1680x945,desktop
RCT6303W87M7 Build/MRA58K|Android 6.0|chrome 56.0 for android|1280x800,RCT6303W87M7 Build/MRA58K,Android 6.0,chrome 56.0 for android,1280x800,mobile
ORION||chrome 66.0 for android|,ORION,,chrome 66.0 for android,,mobile
rv:61.0||firefox mobile 61.0|,rv:61.0,,firefox mobile 61.0,,mobile
Windows|Windows 10|chrome 66.0|1502x845,Windows,Windows 10,chrome 66.0,1502x845,desktop
Windows||chrome 67.0|,Windows,,chrome 67.0,,desktop
SM-G610M Build/MMB29K||chrome 56.0 for android|,SM-G610M Build/MMB29K,,chrome 56.0 for android,,mobile
F5121 Build/34.3.A.0.252||chrome 66.0 for android|,F5121 Build/34.3.A.0.252,,chrome 66.0 for android,,mobile
Ilium X220 Build/MRA58K||chrome 56.0 for android|,Ilium X220 Build/MRA58K,,chrome 56.0 for android,,mobile
CPH1723|Android 7.1.1|chrome 66.0 for android|2160x1080,CPH1723,Android 7.1.1,chrome 66.0 for android,2160x1080,mobile
Windows|Windows 7|chrome 66.0|1596x710,Windows,Windows 7,chrome 66.0,1596x710,desktop
G630-U251||chrome|,G630-U251,,chrome,,mobile
Windows|Windows 10|chrome 67.0|1920x1080,Windows,Windows 10,chrome 67.0,1920x1080,desktop
Windows|Windows 10|chrome 67.0|1366x768,Windows,Windows 10,chrome 67.0,1366x768,desktop
MacOS|Mac OS X 10_10_5|safari 10.0|1680x1050,MacOS,Mac OS X 10_10_5,safari 10.0,1680x1050,desktop
Windows|Windows 10|chrome 67.0|1024x768,Windows,Windows 10,chrome 67.0,1024x768,desktop
iOS Device|iOS 11.3.1|google|2001x1125,iOS Device,iOS 11.3.1,google,2001x1125,mobile
iOS Device|iOS 11.2.6|chrome 65.0 for ios|2001x1125,iOS Device,iOS 11.2.6,chrome 65.0 for ios,2001x1125,mobile
Windows|Windows 10|edge 17.0|2880x1620,Windows,Windows 10,edge 17.0,2880x1620,desktop
ASUS_X008D Build/NRD90M||android webview 4.0|,ASUS_X008D Build/NRD90M,,android webview 4.0,,mobile
MacOS|Mac OS X 10_12_4|chrome 66.0|1366x768,MacOS,Mac OS X 10_12_4,chrome 66.0,1366x768,desktop
Z839|Android 7.1.1|chrome 66.0 for android|855x480,Z839,Android 7.1.1,chrome 66.0 for android,855x480,mobile
Windows|Windows 10|edge 17.0|1365x768,Windows,Windows 10,edge 17.0,1365x768,desktop
MacOS|Mac OS X 10_12_6|safari 11.0|3840x2400,MacOS,Mac OS X 10_12_6,safari 11.0,3840x2400,desktop
MacOS|Mac OS X 10_11_6|safari 10.0|1920x1080,MacOS,Mac OS X 10_11_6,safari 10.0,1920x1080,desktop
TA-1025 Build/OPR1.170623.026|Android 8.1.0|chrome 66.0 for android|1920x1080,TA-1025 Build/OPR1.170623.026,Android 8.1.0,chrome 66.0 for android,1920x1080,mobile
SM-T550 Build/NMF26X||chrome 60.0 for android|,SM-T550 Build/NMF26X,,chrome 60.0 for android,,mobile
AERIAL||chrome 60.0 for android|,AERIAL,,chrome 60.0 for android,,mobile
SM-G610F Build/NRD90M||chrome 66.0 for android|,SM-G610F Build/NRD90M,,chrome 66.0 for android,,mobile
MacOS|Mac OS X 10_12|safari 10.0|1280x800,MacOS,Mac OS X 10_12,safari 10.0,1280x800,desktop
iOS Device|iOS 11.2.1|google search application 49.0|2436x1125,iOS Device,iOS 11.2.1,google search application 49.0,2436x1125,mobile
Windows|Windows 10|chrome 66.0|3201x1800,Windows,Windows 10,chrome 66.0,3201x1800,desktop
Blade V6 Plus Build/MRA58K||chrome 50.0 for android|,Blade V6 Plus Build/MRA58K,,chrome 50.0 for android,,mobile
Nexus 5X Build/OPR4.170623.006||chrome 66.0 for android|,Nexus 5X Build/OPR4.170623.006,,chrome 66.0 for android,,mobile
LDN-LX3 Build/HUAWEILDN-LX3||chrome 66.0 for android|,LDN-LX3 Build/HUAWEILDN-LX3,,chrome 66.0 for android,,mobile
G8142||chrome 66.0 for android|,G8142,,chrome 66.0 for android,,mobile
rv:60.0|Mac OS X 10.12|firefox 60.0|1600x900,rv:60.0,Mac OS X 10.12,firefox 60.0,1600x900,desktop
5010G Build/MRA58K||chrome 50.0 for android|,5010G Build/MRA58K,,chrome 50.0 for android,,mobile
rv:60.0|Android 8.0.0|firefox|2076x1080,rv:60.0,Android 8.0.0,firefox,2076x1080,mobile
Lenovo|Android 6.0.1|chrome 66.0 for android|2560x1600,Lenovo,Android 6.0.1,chrome 66.0 for android,2560x1600,mobile
MacOS|Mac OS X 10_13_2|safari 11.0|1280x800,MacOS,Mac OS X 10_13_2,safari 11.0,1280x800,desktop
Moto G (5) Plus Build/NPN25.137-92||android webview 4.0|,Moto G (5) Plus Build/NPN25.137-92,,android webview 4.0,,mobile
Windows|Windows 10|chrome 51.0|1680x1050,Windows,Windows 10,chrome 51.0,1680x1050,desktop
WAS-LX1A Build/HUAWEIWAS-LX1A||chrome 66.0 for android|,WAS-LX1A Build/HUAWEIWAS-LX1A,,chrome 66.0 for android,,mobile
rv:60.0|Mac OS X 10.12|firefox 60.0|2560x1440,rv:60.0,Mac OS X 10.12,firefox 60.0,2560x1440,desktop
MacOS|Mac OS X 10_11_4|chrome|1440x900,MacOS,Mac OS X 10_11_4,chrome,1440x900,desktop
SM-J110M Build/LMY48B||chrome 66.0 for android|,SM-J110M Build/LMY48B,,chrome 66.0 for android,,mobile
Windows|Windows 7|chrome 69.0|1600x900,Windows,Windows 7,chrome 69.0,1600x900,desktop
rv:60.0|Mac OS X 10.10|firefox 60.0|1920x1080,rv:60.0,Mac OS X 10.10,firefox 60.0,1920x1080,desktop
MacOS|Mac OS X 10_13_4|safari 11.0|3840x2160,MacOS,Mac OS X 10_13_4,safari 11.0,3840x2160,desktop
Lenovo YT3-850F Build/MMB29M||chrome 54.0 for android|,Lenovo YT3-850F Build/MMB29M,,chrome 54.0 for android,,mobile
moto||chrome 66.0 for android|,moto,,chrome 66.0 for android,,mobile
rv:52.0|Windows XP|firefox 52.0|1600x900,rv:52.0,Windows XP,firefox 52.0,1600x900,desktop
Windows|Windows 7|firefox 60.0|1280x900,Windows,Windows 7,firefox 60.0,1280x900,desktop
LGMS330 Build/LMY47V|Android 5.1.1|chrome 51.0 for android|855x480,LGMS330 Build/LMY47V,Android 5.1.1,chrome 51.0 for android,855x480,mobile
SM-J700T Build/NMF26X||chrome 66.0 for android|,SM-J700T Build/NMF26X,,chrome 66.0 for android,,mobile
Ilium Pad T7X Build/LMY47I||chrome 66.0 for android|,Ilium Pad T7X Build/LMY47I,,chrome 66.0 for android,,mobile
RCT6513W87 Build/MRA58K||chrome 66.0 for android|,RCT6513W87 Build/MRA58K,,chrome 66.0 for android,,mobile
iOS Device|iOS 11.3.0|google|2001x1125,iOS Device,iOS 11.3.0,google,2001x1125,mobile
SM-G960U Build/R16NW|Android 8.0.0|chrome 66.0 for android|2960x1440,SM-G960U Build/R16NW,Android 8.0.0,chrome 66.0 for android,2960x1440,mobile
SM-G950F Build/R16NW||chrome 67.0 for android|,SM-G950F Build/R16NW,,chrome 67.0 for android,,mobile
LG-M700 Build/NMF26X||android webview 4.0|,LG-M700 Build/NMF26X,,android webview 4.0,,mobile
SM-T800 Build/MMB29K||chrome 66.0 for android|,SM-T800 Build/MMB29K,,chrome 66.0 for android,,mobile
AERIAL||chrome 66.0 for android|,AERIAL,,chrome 66.0 for android,,mobile
rv:60.0|Mac OS X 10.12|firefox 60.0|1280x800,rv:60.0,Mac OS X 10.12,firefox 60.0,1280x800,desktop
D5316 Build/19.4.A.0.182||chrome 55.0 for android|,D5316 Build/19.4.A.0.182,,chrome 55.0 for android,,mobile
MacOS|Mac OS X 10_12_5|chrome 66.0|2560x1600,MacOS,Mac OS X 10_12_5,chrome 66.0,2560x1600,desktop
rv:60.0|Windows 10|firefox 60.0|1366x768,rv:60.0,Windows 10,firefox 60.0,1366x768,desktop
F5321||chrome 66.0 for android|,F5321,,chrome 66.0 for android,,mobile
MacOS|Mac OS X 10_9_5|chrome 66.0|1440x900,MacOS,Mac OS X 10_9_5,chrome 66.0,1440x900,desktop
Windows|Windows 10|chrome 66.0|2000x1125,Windows,Windows 10,chrome 66.0,2000x1125,desktop
SAMSUNG-SM-G900A Build/KOT49H||chrome 66.0 for android|,SAMSUNG-SM-G900A Build/KOT49H,,chrome 66.0 for android,,mobile
LG-K212|Android 6.0.1|chrome 66.0 for android|1280x720,LG-K212,Android 6.0.1,chrome 66.0 for android,1280x720,mobile
Windows|Windows 7|chrome 67.0|1496x844,Windows,Windows 7,chrome 67.0,1496x844,desktop
SM-G935V Build/NRD90M|Android 7.0|chrome 66.0 for android|1280x720,SM-G935V Build/NRD90M,Android 7.0,chrome 66.0 for android,1280x720,mobile
MacOS|Mac OS X 10_9_5|chrome 64.0|2048x1152,MacOS,Mac OS X 10_9_5,chrome 64.0,2048x1152,desktop
Windows|Windows 10|edge 17.0|2735x1823,Windows,Windows 10,edge 17.0,2735x1823,desktop
MacOS|Mac OS X 10_13_4|chrome 67.0|3360x2100,MacOS,Mac OS X 10_13_4,chrome 67.0,3360x2100,desktop
||chrome 67.0|,,,chrome 67.0,,desktop
iOS Device|iOS 10.3.3|google search application 49.0|2048x1536,iOS Device,iOS 10.3.3,google search application 49.0,2048x1536,mobile
|Linux|chrome 66.0|1280x720,,Linux,chrome 66.0,1280x720,desktop
Windows|Windows 7|chrome 66.0|1728x972,Windows,Windows 7,chrome 66.0,1728x972,desktop
Windows|Windows 10|chrome 66.0|1280x720,Windows,Windows 10,chrome 66.0,1280x720,desktop
LG-M257||chrome 66.0 for android|,LG-M257,,chrome 66.0 for android,,mobile
iOS Device|iOS 11.4.0|mobile safari 11.0|1136x640,iOS Device,iOS 11.4.0,mobile safari 11.0,1136x640,mobile
SM-S902L|Android 4.4.2|chrome 66.0 for android|1920x1080,SM-S902L,Android 4.4.2,chrome 66.0 for android,1920x1080,mobile
SM-G930T Build/NRD90M||chrome 66.0 for android|,SM-G930T Build/NRD90M,,chrome 66.0 for android,,mobile
Windows|Windows 7|firefox 60.0|2560x1440,Windows,Windows 7,firefox 60.0,2560x1440,desktop
iOS Device|iOS 11.2.6|google|2001x1125,iOS Device,iOS 11.2.6,google,2001x1125,mobile
SM-T113NU Build/KTU84P||chrome 66.0 for android|,SM-T113NU Build/KTU84P,,chrome 66.0 for android,,mobile
LG-SP320|Android 7.1.1|chrome 66.0 for android|1280x720,LG-SP320,Android 7.1.1,chrome 66.0 for android,1280x720,mobile
rv:60.0|Mac OS X 10.11|firefox 60.0|1920x1080,rv:60.0,Mac OS X 10.11,firefox 60.0,1920x1080,desktop
Windows|Windows 7|chrome 67.0|1366x768,Windows,Windows 7,chrome 67.0,1366x768,desktop
Windows|Windows 10|edge 17.0|3440x1440,Windows,Windows 10,edge 17.0,3440x1440,desktop
SM-A520F Build/R16NW||chrome 66.0 for android|,SM-A520F Build/R16NW,,chrome 66.0 for android,,mobile
Windows|Windows 10|chrome 67.0|2560x1600,Windows,Windows 10,chrome 67.0,2560x1600,desktop
SM-G900F Build/KOT49H||android browser 4.0|,SM-G900F Build/KOT49H,,android browser 4.0,,mobile
Z955A||chrome 66.0 for android|,Z955A,,chrome 66.0 for android,,mobile
LG-M150||chrome 66.0 for android|,LG-M150,,chrome 66.0 for android,,mobile
iOS Device|iOS 11.2.6|google|2208x1242,iOS Device,iOS 11.2.6,google,2208x1242,mobile
MacOS|Mac OS X 10_12_5|chrome 66.0|1440x900,MacOS,Mac OS X 10_12_5,chrome 66.0,1440x900,desktop
Windows|Windows 7|chrome 66.0|1400x1050,Windows,Windows 7,chrome 66.0,1400x1050,desktop
E2104 Build/24.0.A.5.14||chrome 66.0 for android|,E2104 Build/24.0.A.5.14,,chrome 66.0 for android,,mobile
SM-N950U Build/NMF26X|Android 7.1.1|chrome 66.0 for android|2961x1442,SM-N950U Build/NMF26X,Android 7.1.1,chrome 66.0 for android,2961x1442,mobile
rv:60.0|Mac OS X 10.13|firefox 60.0|1920x1080,rv:60.0,Mac OS X 10.13,firefox 60.0,1920x1080,desktop
SM-G900T1|Android 6.0.1|chrome 66.0 for android|1920x1080,SM-G900T1,Android 6.0.1,chrome 66.0 for android,1920x1080,mobile
SM-N910F Build/MMB29M||chrome 66.0 for android|,SM-N910F Build/MMB29M,,chrome 66.0 for android,,mobile
XT1058 Build/LPAS23.12-21.7-1||chrome 66.0 for android|,XT1058 Build/LPAS23.12-21.7-1,,chrome 66.0 for android,,mobile
SM-A510M Build/NRD90M||chrome 66.0 for android|,SM-A510M Build/NRD90M,,chrome 66.0 for android,,mobile
LG-E975||chrome 57.0 for android|,LG-E975,,chrome 57.0 for android,,mobile
Moto G (4) Build/NPJ25.93-14.7||chrome 63.0 for android|,Moto G (4) Build/NPJ25.93-14.7,,chrome 63.0 for android,,mobile
FP2||chrome 66.0 for android|,FP2,,chrome 66.0 for android,,mobile
Moto E (4) Plus Build/NMA26.42-152||chrome 65.0 for android|,Moto E (4) Plus Build/NMA26.42-152,,chrome 65.0 for android,,mobile
